ISO-10303-21;
HEADER;
FILE_DESCRIPTION (( 'STEP AP203' ),
    '1' );
FILE_NAME ('REV-21-2360.STEP',
    '2024-12-12T20:58:58',
    ( '' ),
    ( '' ),
    'SwSTEP 2.0',
    'SolidWorks 2022',
    '' );
FILE_SCHEMA (( 'CONFIG_CONTROL_DESIGN' ));
ENDSEC;

DATA;
#1 = CARTESIAN_POINT ( 'NONE',  ( 0.09842519685039370636, -1.000000000000000000, 0.05905511811023622659 ) ) ;
#2 = ORIENTED_EDGE ( 'NONE', *, *, #801, .F. ) ;
#3 = DIRECTION ( 'NONE',  ( 1.000000000000000000, 0.000000000000000000, 0.000000000000000000 ) ) ;
#4 = DIRECTION ( 'NONE',  ( 1.000000000000000000, 0.000000000000000000, 0.000000000000000000 ) ) ;
#5 = CIRCLE ( 'NONE', #1684, 0.5629921259842519676 ) ;
#6 = CARTESIAN_POINT ( 'NONE',  ( 0.2650640646776499798, -1.360078740157480315, 0.05905511811023622659 ) ) ;
#7 = ORIENTED_EDGE ( 'NONE', *, *, #490, .F. ) ;
#8 = CIRCLE ( 'NONE', #1361, 0.09842519685039365085 ) ;
#9 = DIRECTION ( 'NONE',  ( 0.000000000000000000, 0.000000000000000000, 1.000000000000000000 ) ) ;
#10 = CALENDAR_DATE ( 2024, 12, 12 ) ;
#11 = CARTESIAN_POINT ( 'NONE',  ( -0.5217683341175440859, -0.2114661661648748192, -0.05905511811023622659 ) ) ;
#12 = DIRECTION ( 'NONE',  ( 0.000000000000000000, 0.000000000000000000, 1.000000000000000000 ) ) ;
#13 = EDGE_CURVE ( 'NONE', #1308, #1261, #2624, .T. ) ;
#14 = CARTESIAN_POINT ( 'NONE',  ( -0.2747713718113629633, -0.6387845607170276052, -0.05905511811023622659 ) ) ;
#15 = ORIENTED_EDGE ( 'NONE', *, *, #2138, .T. ) ;
#16 = DIRECTION ( 'NONE',  ( 1.000000000000000000, 0.000000000000000000, 0.000000000000000000 ) ) ;
#17 = CARTESIAN_POINT ( 'NONE',  ( 0.000000000000000000, 0.000000000000000000, 0.05905511811023622659 ) ) ;
#18 = VERTEX_POINT ( 'NONE', #2253 ) ;
#19 = ADVANCED_FACE ( 'NONE', ( #2216 ), #2409, .F. ) ;
#20 = CARTESIAN_POINT ( 'NONE',  ( -0.2394419572107263638, 0.5566512422520126790, 0.05905511811023622659 ) ) ;
#21 = VERTEX_POINT ( 'NONE', #1758 ) ;
#22 = CARTESIAN_POINT ( 'NONE',  ( 1.000000000000000000, -1.500000000000000222, 0.05905511811023622659 ) ) ;
#23 = FACE_OUTER_BOUND ( 'NONE', #2788, .T. ) ;
#24 = VERTEX_POINT ( 'NONE', #1995 ) ;
#25 = EDGE_CURVE ( 'NONE', #345, #1883, #1296, .T. ) ;
#26 = AXIS2_PLACEMENT_3D ( 'NONE', #922, #2716, #1828 ) ;
#27 = CARTESIAN_POINT ( 'NONE',  ( 0.4386878818172479932, 0.4391367851256834376, 0.05905511811023622659 ) ) ;
#28 = AXIS2_PLACEMENT_3D ( 'NONE', #2873, #135, #840 ) ;
#29 = DIRECTION ( 'NONE',  ( 1.000000000000000000, 0.000000000000000000, 0.000000000000000000 ) ) ;
#30 = ADVANCED_FACE ( 'NONE', ( #1547 ), #2451, .F. ) ;
#31 = ADVANCED_FACE ( 'NONE', ( #2286 ), #2744, .F. ) ;
#32 = CARTESIAN_POINT ( 'NONE',  ( 0.4386878818172417205, -0.4391367851256898214, -0.05905511811023622659 ) ) ;
#33 = ORIENTED_EDGE ( 'NONE', *, *, #1268, .F. ) ;
#34 = FACE_OUTER_BOUND ( 'NONE', #2219, .T. ) ;
#35 = AXIS2_PLACEMENT_3D ( 'NONE', #2235, #177, #1123 ) ;
#36 = AXIS2_PLACEMENT_3D ( 'NONE', #1693, #554, #1472 ) ;
#37 = ORIENTED_EDGE ( 'NONE', *, *, #2896, .T. ) ;
#38 = DIRECTION ( 'NONE',  ( 1.000000000000000000, 0.000000000000000000, 0.000000000000000000 ) ) ;
#39 = ORGANIZATION ( 'UNSPECIFIED', 'UNSPECIFIED', '' ) ;
#40 = CARTESIAN_POINT ( 'NONE',  ( -2.731847993664263711E-16, 1.000000000000000000, -0.05905511811023622659 ) ) ;
#41 = VECTOR ( 'NONE', #1683, 39.37007874015748143 ) ;
#42 = DIRECTION ( 'NONE',  ( 1.000000000000000000, 0.000000000000000000, 0.000000000000000000 ) ) ;
#43 = EDGE_CURVE ( 'NONE', #1980, #2442, #2729, .T. ) ;
#44 = ORIENTED_EDGE ( 'NONE', *, *, #621, .T. ) ;
#45 = LINE ( 'NONE', #2557, #1053 ) ;
#46 = CIRCLE ( 'NONE', #418, 0.08190944881889759832 ) ;
#47 = CARTESIAN_POINT ( 'NONE',  ( -0.3623531382330433814, -0.4856884388023637866, 0.05905511811023622659 ) ) ;
#48 = ADVANCED_FACE ( 'NONE', ( #920 ), #1881, .F. ) ;
#49 = EDGE_LOOP ( 'NONE', ( #1443, #220, #2401, #2699 ) ) ;
#50 = ORIENTED_EDGE ( 'NONE', *, *, #587, .F. ) ;
#51 = CYLINDRICAL_SURFACE ( 'NONE', #1780, 0.09842519685039372024 ) ;
#52 = ORIENTED_EDGE ( 'NONE', *, *, #2743, .F. ) ;
#53 = CIRCLE ( 'NONE', #444, 0.09842519685039365085 ) ;
#54 = DIRECTION ( 'NONE',  ( 1.000000000000000000, 0.000000000000000000, 0.000000000000000000 ) ) ;
#55 = DIRECTION ( 'NONE',  ( 0.000000000000000000, 0.000000000000000000, 1.000000000000000000 ) ) ;
#56 = CYLINDRICAL_SURFACE ( 'NONE', #2322, 0.09842519685039370636 ) ;
#57 = VERTEX_POINT ( 'NONE', #2299 ) ;
#58 = CARTESIAN_POINT ( 'NONE',  ( 0.000000000000000000, 0.000000000000000000, -0.05905511811023622659 ) ) ;
#59 = DIRECTION ( 'NONE',  ( 1.000000000000000000, 0.000000000000000000, 0.000000000000000000 ) ) ;
#60 = FACE_OUTER_BOUND ( 'NONE', #728, .T. ) ;
#61 = ORIENTED_EDGE ( 'NONE', *, *, #2736, .F. ) ;
#62 = ORIENTED_EDGE ( 'NONE', *, *, #441, .T. ) ;
#63 = EDGE_CURVE ( 'NONE', #2432, #2072, #133, .T. ) ;
#64 = CARTESIAN_POINT ( 'NONE',  ( 0.7071067811865472397, 0.7071067811865492381, 0.05905511811023622659 ) ) ;
#65 = CARTESIAN_POINT ( 'NONE',  ( -0.8055319780369409877, 0.7071067811865472397, 0.05905511811023622659 ) ) ;
#66 = ORIENTED_EDGE ( 'NONE', *, *, #755, .T. ) ;
#67 = CARTESIAN_POINT ( 'NONE',  ( 0.000000000000000000, 1.240000000000000213, 0.05905511811023622659 ) ) ;
#68 = CARTESIAN_POINT ( 'NONE',  ( -1.000000000000000000, -4.097771990496393842E-16, 0.05905511811023622659 ) ) ;
#69 = ORIENTED_EDGE ( 'NONE', *, *, #524, .T. ) ;
#70 = CARTESIAN_POINT ( 'NONE',  ( -1.739999999999999991, -1.750000000000000222, 0.05905511811023622659 ) ) ;
#71 = CIRCLE ( 'NONE', #1471, 0.08190944881889763995 ) ;
#72 = DIRECTION ( 'NONE',  ( -0.000000000000000000, 1.000000000000000000, 0.000000000000000000 ) ) ;
#73 = CARTESIAN_POINT ( 'NONE',  ( -0.6017950954437736311, -0.07096280344964527032, -0.05905511811023622659 ) ) ;
#74 = CIRCLE ( 'NONE', #274, 0.09842519685039365085 ) ;
#75 = EDGE_CURVE ( 'NONE', #86, #2536, #687, .T. ) ;
#76 = ORIENTED_EDGE ( 'NONE', *, *, #1814, .F. ) ;
#77 = ORIENTED_EDGE ( 'NONE', *, *, #1064, .F. ) ;
#78 = DIRECTION ( 'NONE',  ( 0.000000000000000000, 0.000000000000000000, 1.000000000000000000 ) ) ;
#79 = ORIENTED_EDGE ( 'NONE', *, *, #1865, .F. ) ;
#80 = CARTESIAN_POINT ( 'NONE',  ( -0.4158179712205519740, -0.5573512685798496236, 0.05905511811023622659 ) ) ;
#81 = AXIS2_PLACEMENT_3D ( 'NONE', #1877, #2782, #541 ) ;
#82 = DIRECTION ( 'NONE',  ( 0.000000000000000000, 0.000000000000000000, 1.000000000000000000 ) ) ;
#83 = EDGE_CURVE ( 'NONE', #2913, #1465, #1769, .T. ) ;
#84 = AXIS2_PLACEMENT_3D ( 'NONE', #2485, #2544, #2711 ) ;
#85 = AXIS2_PLACEMENT_3D ( 'NONE', #344, #2363, #1040 ) ;
#86 = VERTEX_POINT ( 'NONE', #2100 ) ;
#87 = DIRECTION ( 'NONE',  ( 0.000000000000000000, 0.000000000000000000, 1.000000000000000000 ) ) ;
#88 = AXIS2_PLACEMENT_3D ( 'NONE', #935, #1647, #2771 ) ;
#89 = CARTESIAN_POINT ( 'NONE',  ( -0.08906077290896161069, 0.6387223339702795544, -0.05905511811023622659 ) ) ;
#90 = ORIENTED_EDGE ( 'NONE', *, *, #1718, .F. ) ;
#91 = VERTEX_POINT ( 'NONE', #1367 ) ;
#92 = DIRECTION ( 'NONE',  ( -0.7071067811865520136, 0.7071067811865430208, 0.000000000000000000 ) ) ;
#93 = ORIENTED_EDGE ( 'NONE', *, *, #98, .T. ) ;
#94 = DIRECTION ( 'NONE',  ( 1.000000000000000000, 0.000000000000000000, 0.000000000000000000 ) ) ;
#95 = DIRECTION ( 'NONE',  ( -0.4325896965350610746, 0.9015909019348540276, 0.000000000000000000 ) ) ;
#96 = ORIENTED_EDGE ( 'NONE', *, *, #250, .T. ) ;
#97 = LINE ( 'NONE', #2126, #2531 ) ;
#98 = EDGE_CURVE ( 'NONE', #996, #2076, #46, .T. ) ;
#99 = FACE_OUTER_BOUND ( 'NONE', #2438, .T. ) ;
#100 = CARTESIAN_POINT ( 'NONE',  ( 0.9015748031496063630, -1.500000000000000222, -0.05905511811023622659 ) ) ;
#101 = VERTEX_POINT ( 'NONE', #459 ) ;
#102 = ORIENTED_EDGE ( 'NONE', *, *, #505, .F. ) ;
#103 = DIRECTION ( 'NONE',  ( -0.7071067811865430208, -0.7071067811865520136, 0.000000000000000000 ) ) ;
#104 = ORIENTED_EDGE ( 'NONE', *, *, #2349, .T. ) ;
#105 = CARTESIAN_POINT ( 'NONE',  ( 1.500000000000000222, -1.500000000000000222, 0.05905511811023622659 ) ) ;
#106 = DIRECTION ( 'NONE',  ( 0.000000000000000000, 0.000000000000000000, 1.000000000000000000 ) ) ;
#107 = DIRECTION ( 'NONE',  ( 0.000000000000000000, 0.000000000000000000, 1.000000000000000000 ) ) ;
#108 = ORIENTED_EDGE ( 'NONE', *, *, #2576, .F. ) ;
#109 = FACE_OUTER_BOUND ( 'NONE', #1456, .T. ) ;
#110 = EDGE_CURVE ( 'NONE', #2385, #923, #1721, .T. ) ;
#111 = DIMENSIONAL_EXPONENTS ( 1.000000000000000000, 0.000000000000000000, 0.000000000000000000, 0.000000000000000000, 0.000000000000000000, 0.000000000000000000, 0.000000000000000000 ) ;
#112 = CARTESIAN_POINT ( 'NONE',  ( 0.7071067811865472397, -0.7071067811865472397, 0.05905511811023622659 ) ) ;
#113 = CARTESIAN_POINT ( 'NONE',  ( 0.000000000000000000, 0.000000000000000000, -0.05905511811023622659 ) ) ;
#114 = CIRCLE ( 'NONE', #1801, 0.5629921259842519676 ) ;
#115 = EDGE_CURVE ( 'NONE', #2536, #1789, #2093, .T. ) ;
#116 = EDGE_CURVE ( 'NONE', #911, #121, #1349, .T. ) ;
#117 = ORIENTED_EDGE ( 'NONE', *, *, #2071, .F. ) ;
#118 = VERTEX_POINT ( 'NONE', #702 ) ;
#119 = FACE_OUTER_BOUND ( 'NONE', #2283, .T. ) ;
#120 = AXIS2_PLACEMENT_3D ( 'NONE', #1326, #1517, #2449 ) ;
#121 = VERTEX_POINT ( 'NONE', #1843 ) ;
#122 = AXIS2_PLACEMENT_3D ( 'NONE', #2445, #2226, #2480 ) ;
#123 = DIRECTION ( 'NONE',  ( 0.000000000000000000, 0.000000000000000000, 1.000000000000000000 ) ) ;
#124 = ORIENTED_EDGE ( 'NONE', *, *, #208, .T. ) ;
#125 = DIRECTION ( 'NONE',  ( 1.000000000000000000, 0.000000000000000000, 0.000000000000000000 ) ) ;
#126 = VECTOR ( 'NONE', #531, 39.37007874015748143 ) ;
#127 = EDGE_CURVE ( 'NONE', #2943, #963, #2195, .T. ) ;
#128 = CIRCLE ( 'NONE', #365, 0.09842519685039365085 ) ;
#129 = DIRECTION ( 'NONE',  ( 1.000000000000000000, 0.000000000000000000, 0.000000000000000000 ) ) ;
#130 = VERTEX_POINT ( 'NONE', #245 ) ;
#131 = VERTEX_POINT ( 'NONE', #2075 ) ;
#132 = EDGE_CURVE ( 'NONE', #1824, #1127, #2473, .T. ) ;
#133 = CIRCLE ( 'NONE', #529, 0.09842519685039365085 ) ;
#134 = CARTESIAN_POINT ( 'NONE',  ( 0.5217683341175440859, -0.2114661661648752078, -0.05905511811023622659 ) ) ;
#135 = DIRECTION ( 'NONE',  ( 0.000000000000000000, 0.000000000000000000, 1.000000000000000000 ) ) ;
#136 = EDGE_LOOP ( 'NONE', ( #1860, #2259 ) ) ;
#137 = DIRECTION ( 'NONE',  ( 0.000000000000000000, 0.000000000000000000, 1.000000000000000000 ) ) ;
#138 = ORIENTED_EDGE ( 'NONE', *, *, #1090, .T. ) ;
#139 = DIRECTION ( 'NONE',  ( 0.000000000000000000, 0.000000000000000000, 1.000000000000000000 ) ) ;
#140 = AXIS2_PLACEMENT_3D ( 'NONE', #1115, #913, #1576 ) ;
#141 = DIRECTION ( 'NONE',  ( 0.4325896965350614631, 0.9015909019348540276, 0.000000000000000000 ) ) ;
#142 = CARTESIAN_POINT ( 'NONE',  ( -2.731847993664263711E-16, 1.000000000000000000, -0.05905511811023622659 ) ) ;
#143 = AXIS2_PLACEMENT_3D ( 'NONE', #2596, #1967, #2429 ) ;
#144 = EDGE_CURVE ( 'NONE', #567, #501, #1198, .T. ) ;
#145 = CARTESIAN_POINT ( 'NONE',  ( 0.5996475525636968396, 0.1603464574232736084, 0.05905511811023622659 ) ) ;
#146 = VERTEX_POINT ( 'NONE', #2321 ) ;
#147 = ORIENTED_EDGE ( 'NONE', *, *, #353, .F. ) ;
#148 = CARTESIAN_POINT ( 'NONE',  ( 0.8768124086713130483, 0.8768124086713248166, 0.05905511811023622659 ) ) ;
#149 = CARTESIAN_POINT ( 'NONE',  ( -0.1609596707464563126, -0.5994832425489625694, -0.05905511811023622659 ) ) ;
#150 = EDGE_CURVE ( 'NONE', #146, #714, #1575, .T. ) ;
#151 = ORIENTED_EDGE ( 'NONE', *, *, #1654, .F. ) ;
#152 = FACE_OUTER_BOUND ( 'NONE', #377, .T. ) ;
#153 = ADVANCED_FACE ( 'NONE', ( #2310 ), #1182, .F. ) ;
#154 = ORIENTED_EDGE ( 'NONE', *, *, #1533, .T. ) ;
#155 = DIRECTION ( 'NONE',  ( 0.000000000000000000, 0.000000000000000000, 1.000000000000000000 ) ) ;
#156 = CARTESIAN_POINT ( 'NONE',  ( -0.8055319780369409877, -0.7071067811865472397, 0.05905511811023622659 ) ) ;
#157 = CARTESIAN_POINT ( 'NONE',  ( 0.6017950954437736311, -0.07096280344964527032, 0.05905511811023622659 ) ) ;
#158 = DIRECTION ( 'NONE',  ( 0.000000000000000000, 0.000000000000000000, 1.000000000000000000 ) ) ;
#159 = CARTESIAN_POINT ( 'NONE',  ( -0.9015748031496063630, -1.500000000000000222, 0.05905511811023622659 ) ) ;
#160 = VERTEX_POINT ( 'NONE', #731 ) ;
#161 = ORIENTED_EDGE ( 'NONE', *, *, #1572, .T. ) ;
#162 = CYLINDRICAL_SURFACE ( 'NONE', #903, 0.1200787401574803376 ) ;
#163 = EDGE_CURVE ( 'NONE', #501, #1796, #2855, .T. ) ;
#164 = CIRCLE ( 'NONE', #465, 0.08940944881889766049 ) ;
#165 = ORIENTED_EDGE ( 'NONE', *, *, #2790, .T. ) ;
#166 = ORIENTED_EDGE ( 'NONE', *, *, #1193, .T. ) ;
#167 = CARTESIAN_POINT ( 'NONE',  ( 0.7071067811865472397, 0.7071067811865492381, 0.05905511811023622659 ) ) ;
#168 = CIRCLE ( 'NONE', #1664, 0.08940944881889766049 ) ;
#169 = ORIENTED_EDGE ( 'NONE', *, *, #1537, .F. ) ;
#170 = VECTOR ( 'NONE', #1882, 39.37007874015748143 ) ;
#171 = DIRECTION ( 'NONE',  ( 1.000000000000000000, 0.000000000000000000, 0.000000000000000000 ) ) ;
#172 = ADVANCED_FACE ( 'NONE', ( #1934 ), #2398, .F. ) ;
#173 = DIRECTION ( 'NONE',  ( 0.000000000000000000, 0.000000000000000000, 1.000000000000000000 ) ) ;
#174 = CARTESIAN_POINT ( 'NONE',  ( 0.2747713718113677372, 0.6387845607170254958, -0.05905511811023622659 ) ) ;
#175 = DIRECTION ( 'NONE',  ( 0.000000000000000000, 0.000000000000000000, 1.000000000000000000 ) ) ;
#176 = CIRCLE ( 'NONE', #81, 0.6953740157480315931 ) ;
#177 = DIRECTION ( 'NONE',  ( 0.000000000000000000, 0.000000000000000000, 1.000000000000000000 ) ) ;
#178 = DIRECTION ( 'NONE',  ( 0.000000000000000000, 0.000000000000000000, 1.000000000000000000 ) ) ;
#179 = AXIS2_PLACEMENT_3D ( 'NONE', #58, #743, #2112 ) ;
#180 = DIRECTION ( 'NONE',  ( 0.000000000000000000, 0.000000000000000000, 1.000000000000000000 ) ) ;
#181 = ORIENTED_EDGE ( 'NONE', *, *, #2071, .T. ) ;
#182 = ORIENTED_EDGE ( 'NONE', *, *, #1098, .T. ) ;
#183 = AXIS2_PLACEMENT_3D ( 'NONE', #1633, #2535, #1136 ) ;
#184 = EDGE_CURVE ( 'NONE', #2913, #1711, #2379, .T. ) ;
#185 = DIRECTION ( 'NONE',  ( 0.000000000000000000, 0.000000000000000000, 1.000000000000000000 ) ) ;
#186 = COORDINATED_UNIVERSAL_TIME_OFFSET ( 6, 0, .BEHIND. ) ;
#187 = EDGE_LOOP ( 'NONE', ( #61, #2203 ) ) ;
#188 = CYLINDRICAL_SURFACE ( 'NONE', #2585, 0.09842519685039365085 ) ;
#189 = DIRECTION ( 'NONE',  ( 0.000000000000000000, 0.000000000000000000, -1.000000000000000000 ) ) ;
#190 = CARTESIAN_POINT ( 'NONE',  ( -1.098425196850393748, -3.977235888218109713E-16, 0.05905511811023622659 ) ) ;
#191 = ORIENTED_EDGE ( 'NONE', *, *, #1135, .F. ) ;
#192 = AXIS2_PLACEMENT_3D ( 'NONE', #968, #739, #2569 ) ;
#193 = EDGE_CURVE ( 'NONE', #2117, #2345, #1269, .T. ) ;
#194 = CARTESIAN_POINT ( 'NONE',  ( 1.000000000000000000, -1.500000000000000222, 0.05905511811023622659 ) ) ;
#195 = LINE ( 'NONE', #1071, #2951 ) ;
#196 = CARTESIAN_POINT ( 'NONE',  ( 0.2394419572107303329, -0.5566512422520119019, 0.05905511811023622659 ) ) ;
#197 = CIRCLE ( 'NONE', #2589, 0.09842519685039378963 ) ;
#198 = CARTESIAN_POINT ( 'NONE',  ( 0.3623531382330401618, -0.4856884388023661736, 0.05905511811023622659 ) ) ;
#199 = CARTESIAN_POINT ( 'NONE',  ( -0.5086193807282677337, -0.3964900588049795616, 0.05905511811023622659 ) ) ;
#200 = DIRECTION ( 'NONE',  ( 0.000000000000000000, 0.000000000000000000, 1.000000000000000000 ) ) ;
#201 = ORIENTED_EDGE ( 'NONE', *, *, #2419, .F. ) ;
#202 = ORIENTED_EDGE ( 'NONE', *, *, #2567, .F. ) ;
#203 = PERSON_AND_ORGANIZATION_ROLE ( 'creator' ) ;
#204 = ORIENTED_EDGE ( 'NONE', *, *, #2626, .F. ) ;
#205 = CARTESIAN_POINT ( 'NONE',  ( 1.401574803149606252, -1.500000000000000222, -0.05905511811023622659 ) ) ;
#206 = CARTESIAN_POINT ( 'NONE',  ( 0.3499725561193417489, -1.275170248715787436, 0.05905511811023622659 ) ) ;
#207 = CARTESIAN_POINT ( 'NONE',  ( 0.5996475525636968396, 0.1603464574232736084, -0.05905511811023622659 ) ) ;
#208 = EDGE_CURVE ( 'NONE', #121, #911, #2717, .T. ) ;
#209 = ORIENTED_EDGE ( 'NONE', *, *, #409, .F. ) ;
#210 = DIRECTION ( 'NONE',  ( 1.000000000000000000, 0.000000000000000000, 0.000000000000000000 ) ) ;
#211 = CARTESIAN_POINT ( 'NONE',  ( 0.000000000000000000, 0.000000000000000000, -0.05905511811023622659 ) ) ;
#212 = ADVANCED_FACE ( 'NONE', ( #1660 ), #1257, .F. ) ;
#213 = DIRECTION ( 'NONE',  ( 0.000000000000000000, 0.000000000000000000, 1.000000000000000000 ) ) ;
#214 = DIRECTION ( 'NONE',  ( 0.000000000000000000, 0.000000000000000000, 1.000000000000000000 ) ) ;
#215 = EDGE_CURVE ( 'NONE', #2546, #643, #2798, .T. ) ;
#216 = VERTEX_POINT ( 'NONE', #301 ) ;
#217 = ORIENTED_EDGE ( 'NONE', *, *, #2602, .F. ) ;
#218 = PERSON_AND_ORGANIZATION_ROLE ( 'design_supplier' ) ;
#219 = AXIS2_PLACEMENT_3D ( 'NONE', #414, #679, #2949 ) ;
#220 = ORIENTED_EDGE ( 'NONE', *, *, #2244, .F. ) ;
#221 = DIRECTION ( 'NONE',  ( 1.000000000000000000, 0.000000000000000000, 0.000000000000000000 ) ) ;
#222 = DIRECTION ( 'NONE',  ( 1.000000000000000000, 0.000000000000000000, 0.000000000000000000 ) ) ;
#223 = VECTOR ( 'NONE', #2317, 39.37007874015748143 ) ;
#224 = DIRECTION ( 'NONE',  ( 1.000000000000000000, 0.000000000000000000, 0.000000000000000000 ) ) ;
#225 = CYLINDRICAL_SURFACE ( 'NONE', #2948, 0.08190944881889759832 ) ;
#226 = AXIS2_PLACEMENT_3D ( 'NONE', #2799, #158, #383 ) ;
#227 = CARTESIAN_POINT ( 'NONE',  ( 0.07774909511909548765, 0.5575977153185165403, -0.05905511811023622659 ) ) ;
#228 = CARTESIAN_POINT ( 'NONE',  ( -0.4267099319093700660, -0.3964900588049795616, 0.05905511811023622659 ) ) ;
#229 = CARTESIAN_POINT ( 'NONE',  ( 0.000000000000000000, 0.000000000000000000, -0.05905511811023622659 ) ) ;
#230 = CARTESIAN_POINT ( 'NONE',  ( -1.500000000000000222, -1.500000000000000222, -0.05905511811023622659 ) ) ;
#231 = CARTESIAN_POINT ( 'NONE',  ( 1.117972718399218524, 0.5364112237034756037, 0.05905511811023622659 ) ) ;
#232 = AXIS2_PLACEMENT_3D ( 'NONE', #89, #2633, #590 ) ;
#233 = VERTEX_POINT ( 'NONE', #1452 ) ;
#234 = EDGE_LOOP ( 'NONE', ( #1362, #1779, #1469, #2507 ) ) ;
#235 = EDGE_CURVE ( 'NONE', #1322, #1499, #2911, .T. ) ;
#236 = AXIS2_PLACEMENT_3D ( 'NONE', #1599, #1582, #210 ) ;
#237 = CARTESIAN_POINT ( 'NONE',  ( -0.6086815843361536027, -0.7071067811865472397, 0.05905511811023622659 ) ) ;
#238 = PERSON_AND_ORGANIZATION_ROLE ( 'design_owner' ) ;
#239 = CARTESIAN_POINT ( 'NONE',  ( -0.2747713718113629633, -0.6387845607170276052, 0.05905511811023622659 ) ) ;
#240 = FACE_OUTER_BOUND ( 'NONE', #1953, .T. ) ;
#241 = FACE_BOUND ( 'NONE', #187, .T. ) ;
#242 = CARTESIAN_POINT ( 'NONE',  ( -0.2650640646776492027, -1.240000000000000213, -0.05905511811023622659 ) ) ;
#243 = ORIENTED_EDGE ( 'NONE', *, *, #1989, .T. ) ;
#244 = DIRECTION ( 'NONE',  ( 1.000000000000000000, 0.000000000000000000, 0.000000000000000000 ) ) ;
#245 = CARTESIAN_POINT ( 'NONE',  ( -0.2650640646776492027, -1.240000000000000213, 0.05905511811023622659 ) ) ;
#246 = AXIS2_PLACEMENT_3D ( 'NONE', #2528, #895, #2079 ) ;
#247 = ORIENTED_EDGE ( 'NONE', *, *, #656, .F. ) ;
#248 = DIRECTION ( 'NONE',  ( 0.000000000000000000, 0.000000000000000000, 1.000000000000000000 ) ) ;
#249 = APPROVAL_DATE_TIME ( #2778, #1731 ) ;
#250 = EDGE_CURVE ( 'NONE', #724, #837, #1105, .T. ) ;
#251 = ORIENTED_EDGE ( 'NONE', *, *, #2640, .F. ) ;
#252 = DIRECTION ( 'NONE',  ( 1.000000000000000000, 0.000000000000000000, 0.000000000000000000 ) ) ;
#253 = DIRECTION ( 'NONE',  ( 0.000000000000000000, 0.000000000000000000, 1.000000000000000000 ) ) ;
#254 = DIRECTION ( 'NONE',  ( 0.000000000000000000, 0.000000000000000000, 1.000000000000000000 ) ) ;
#255 = ADVANCED_FACE ( 'NONE', ( #2832 ), #776, .F. ) ;
#256 = EDGE_LOOP ( 'NONE', ( #2821, #977, #2787, #1106 ) ) ;
#257 = CARTESIAN_POINT ( 'NONE',  ( -0.07774909511908385806, 0.5575977153185180946, 0.05905511811023622659 ) ) ;
#258 = CYLINDRICAL_SURFACE ( 'NONE', #1042, 0.5629921259842519676 ) ;
#259 = FACE_OUTER_BOUND ( 'NONE', #2361, .T. ) ;
#260 = DIRECTION ( 'NONE',  ( 1.000000000000000000, 0.000000000000000000, 0.000000000000000000 ) ) ;
#261 = ORIENTED_EDGE ( 'NONE', *, *, #2555, .T. ) ;
#262 = CARTESIAN_POINT ( 'NONE',  ( 1.000000000000000000, 0.000000000000000000, -0.05905511811023622659 ) ) ;
#263 = ADVANCED_FACE ( 'NONE', ( #762 ), #2340, .F. ) ;
#264 = ORIENTED_EDGE ( 'NONE', *, *, #749, .F. ) ;
#265 = CARTESIAN_POINT ( 'NONE',  ( -1.745000000000000107, -1.745000000000000107, 0.05905511811023622659 ) ) ;
#266 = AXIS2_PLACEMENT_3D ( 'NONE', #2885, #1289, #2190 ) ;
#267 = CARTESIAN_POINT ( 'NONE',  ( -0.3499725561193409162, -1.275170248715787436, 0.05905511811023622659 ) ) ;
#268 = FACE_OUTER_BOUND ( 'NONE', #1701, .T. ) ;
#269 = VECTOR ( 'NONE', #180, 39.37007874015748143 ) ;
#270 = DIRECTION ( 'NONE',  ( 1.000000000000000000, 0.000000000000000000, 0.000000000000000000 ) ) ;
#271 = EDGE_CURVE ( 'NONE', #427, #2117, #2381, .T. ) ;
#272 = CIRCLE ( 'NONE', #2758, 0.6953740157480315931 ) ;
#273 = DIRECTION ( 'NONE',  ( 0.000000000000000000, 0.000000000000000000, 1.000000000000000000 ) ) ;
#274 = AXIS2_PLACEMENT_3D ( 'NONE', #64, #535, #2547 ) ;
#275 = VERTEX_POINT ( 'NONE', #2812 ) ;
#276 = ORIENTED_EDGE ( 'NONE', *, *, #1697, .T. ) ;
#277 = DIRECTION ( 'NONE',  ( 0.000000000000000000, 0.000000000000000000, 1.000000000000000000 ) ) ;
#278 = AXIS2_PLACEMENT_3D ( 'NONE', #1424, #273, #1585 ) ;
#279 = VECTOR ( 'NONE', #507, 39.37007874015748143 ) ;
#280 = FACE_OUTER_BOUND ( 'NONE', #256, .T. ) ;
#281 = ORIENTED_EDGE ( 'NONE', *, *, #2922, .F. ) ;
#282 = CARTESIAN_POINT ( 'NONE',  ( 0.000000000000000000, 0.000000000000000000, -0.05905511811023622659 ) ) ;
#283 = LINE ( 'NONE', #1222, #420 ) ;
#284 = VECTOR ( 'NONE', #2674, 39.37007874015748143 ) ;
#285 = DIRECTION ( 'NONE',  ( 0.000000000000000000, 0.000000000000000000, -1.000000000000000000 ) ) ;
#286 = EDGE_LOOP ( 'NONE', ( #2134, #1966, #247, #2858 ) ) ;
#287 = DIRECTION ( 'NONE',  ( 1.000000000000000000, 0.000000000000000000, 0.000000000000000000 ) ) ;
#288 = CARTESIAN_POINT ( 'NONE',  ( 0.3623531382330401618, -0.4856884388023661736, -0.05905511811023622659 ) ) ;
#289 = DIRECTION ( 'NONE',  ( 0.000000000000000000, 0.000000000000000000, 1.000000000000000000 ) ) ;
#290 = EDGE_LOOP ( 'NONE', ( #574, #2909 ) ) ;
#291 = EDGE_LOOP ( 'NONE', ( #746, #1554, #182, #1898 ) ) ;
#292 = CIRCLE ( 'NONE', #1167, 0.08190944881889763995 ) ;
#293 = CARTESIAN_POINT ( 'NONE',  ( 0.000000000000000000, 0.000000000000000000, -0.05905511811023622659 ) ) ;
#294 = ORIENTED_EDGE ( 'NONE', *, *, #827, .T. ) ;
#295 = CIRCLE ( 'NONE', #339, 0.08940944881889764662 ) ;
#296 = DIRECTION ( 'NONE',  ( 1.000000000000000000, 0.000000000000000000, 0.000000000000000000 ) ) ;
#297 = DIRECTION ( 'NONE',  ( 1.000000000000000000, 0.000000000000000000, 0.000000000000000000 ) ) ;
#298 = EDGE_LOOP ( 'NONE', ( #161, #2636, #1466, #2827 ) ) ;
#299 = DIRECTION ( 'NONE',  ( 0.000000000000000000, 0.000000000000000000, 1.000000000000000000 ) ) ;
#300 = ADVANCED_FACE ( 'NONE', ( #1030 ), #2171, .T. ) ;
#301 = CARTESIAN_POINT ( 'NONE',  ( -0.5996475525636968396, -0.1603464574232736084, -0.05905511811023622659 ) ) ;
#302 = ORIENTED_EDGE ( 'NONE', *, *, #1018, .F. ) ;
#303 = EDGE_LOOP ( 'NONE', ( #2622, #401, #2, #2718 ) ) ;
#304 = ADVANCED_FACE ( 'NONE', ( #2824 ), #1019, .F. ) ;
#305 = CARTESIAN_POINT ( 'NONE',  ( -0.4386878818172448291, -0.4391367851256866572, -0.05905511811023622659 ) ) ;
#306 = ORIENTED_EDGE ( 'NONE', *, *, #1436, .T. ) ;
#307 = LINE ( 'NONE', #1251, #2160 ) ;
#308 = DIRECTION ( 'NONE',  ( 0.000000000000000000, 0.000000000000000000, 1.000000000000000000 ) ) ;
#309 = ORIENTED_EDGE ( 'NONE', *, *, #435, .F. ) ;
#310 = DIRECTION ( 'NONE',  ( 0.000000000000000000, 0.000000000000000000, -1.000000000000000000 ) ) ;
#311 = CIRCLE ( 'NONE', #2753, 0.08190944881889759832 ) ;
#312 = CARTESIAN_POINT ( 'NONE',  ( -0.2747713718113543591, 0.6387845607170314910, -0.05905511811023622659 ) ) ;
#313 = VECTOR ( 'NONE', #863, 39.37007874015748143 ) ;
#314 = CIRCLE ( 'NONE', #609, 0.09842519685039365085 ) ;
#315 = ORIENTED_EDGE ( 'NONE', *, *, #1614, .T. ) ;
#316 = ORIENTED_EDGE ( 'NONE', *, *, #1785, .F. ) ;
#317 = CARTESIAN_POINT ( 'NONE',  ( 0.5217683341175440859, -0.2114661661648752078, 0.05905511811023622659 ) ) ;
#318 = APPROVAL ( #1160, 'UNSPECIFIED' ) ;
#319 = EDGE_CURVE ( 'NONE', #1676, #1059, #2143, .T. ) ;
#320 = ORIENTED_EDGE ( 'NONE', *, *, #2593, .T. ) ;
#321 = DIRECTION ( 'NONE',  ( 1.000000000000000000, 0.000000000000000000, 0.000000000000000000 ) ) ;
#322 = VECTOR ( 'NONE', #1154, 39.37007874015748143 ) ;
#323 = CARTESIAN_POINT ( 'NONE',  ( -0.6905893430319095527, -0.08143329213717696857, -0.05905511811023622659 ) ) ;
#324 = CIRCLE ( 'NONE', #1630, 0.08940944881889766049 ) ;
#325 = CARTESIAN_POINT ( 'NONE',  ( 0.5976801536372322587, 0.2422322751652960793, 0.05905511811023622659 ) ) ;
#326 = CIRCLE ( 'NONE', #1959, 0.09842519685039372024 ) ;
#327 = AXIS2_PLACEMENT_3D ( 'NONE', #1476, #2559, #577 ) ;
#328 = DIRECTION ( 'NONE',  ( 1.000000000000000000, 0.000000000000000000, 0.000000000000000000 ) ) ;
#329 = CARTESIAN_POINT ( 'NONE',  ( 0.9015748031496063630, 1.205361022782826802E-17, 0.05905511811023622659 ) ) ;
#330 = ORIENTED_EDGE ( 'NONE', *, *, #2349, .F. ) ;
#331 = ORIENTED_EDGE ( 'NONE', *, *, #1989, .F. ) ;
#332 = DIRECTION ( 'NONE',  ( 0.000000000000000000, 0.000000000000000000, 1.000000000000000000 ) ) ;
#333 = VECTOR ( 'NONE', #1431, 39.37007874015748143 ) ;
#334 = ORIENTED_EDGE ( 'NONE', *, *, #1152, .F. ) ;
#335 = ORIENTED_EDGE ( 'NONE', *, *, #2483, .F. ) ;
#336 = CARTESIAN_POINT ( 'NONE',  ( 1.739999999999999991, -0.7600000000000001199, -0.05905511811023622659 ) ) ;
#337 = ADVANCED_FACE ( 'NONE', ( #99 ), #1464, .F. ) ;
#338 = CARTESIAN_POINT ( 'NONE',  ( -0.5086193807282677337, -0.3964900588049795616, -0.05905511811023622659 ) ) ;
#339 = AXIS2_PLACEMENT_3D ( 'NONE', #2839, #2652, #839 ) ;
#340 = ORIENTED_EDGE ( 'NONE', *, *, #1916, .T. ) ;
#341 = DIRECTION ( 'NONE',  ( 0.000000000000000000, 0.000000000000000000, 1.000000000000000000 ) ) ;
#342 = ADVANCED_FACE ( 'NONE', ( #2785 ), #1240, .T. ) ;
#343 = EDGE_CURVE ( 'NONE', #1914, #130, #2425, .T. ) ;
#344 = CARTESIAN_POINT ( 'NONE',  ( -1.500000000000000222, -1.500000000000000222, 0.05905511811023622659 ) ) ;
#345 = VERTEX_POINT ( 'NONE', #2183 ) ;
#346 = ORIENTED_EDGE ( 'NONE', *, *, #1467, .T. ) ;
#347 = CARTESIAN_POINT ( 'NONE',  ( 1.739999999999999991, -0.7600000000000001199, 0.05905511811023622659 ) ) ;
#348 = ORIENTED_EDGE ( 'NONE', *, *, #1122, .F. ) ;
#349 = EDGE_CURVE ( 'NONE', #533, #2300, #324, .T. ) ;
#350 = DIRECTION ( 'NONE',  ( 1.000000000000000000, 0.000000000000000000, 0.000000000000000000 ) ) ;
#351 = ORIENTED_EDGE ( 'NONE', *, *, #633, .F. ) ;
#352 = CARTESIAN_POINT ( 'NONE',  ( 0.3499725561193417489, -1.275170248715787436, -0.05905511811023622659 ) ) ;
#353 = EDGE_CURVE ( 'NONE', #2543, #2479, #1503, .T. ) ;
#354 = LINE ( 'NONE', #1281, #2292 ) ;
#355 = DIRECTION ( 'NONE',  ( 1.000000000000000000, 0.000000000000000000, 0.000000000000000000 ) ) ;
#356 = CIRCLE ( 'NONE', #706, 0.08940944881889766049 ) ;
#357 = ORIENTED_EDGE ( 'NONE', *, *, #1377, .T. ) ;
#358 = ORIENTED_EDGE ( 'NONE', *, *, #707, .T. ) ;
#359 = VECTOR ( 'NONE', #661, 39.37007874015748143 ) ;
#360 = DIRECTION ( 'NONE',  ( 0.000000000000000000, 0.000000000000000000, 1.000000000000000000 ) ) ;
#361 = ORIENTED_EDGE ( 'NONE', *, *, #889, .F. ) ;
#362 = DIRECTION ( 'NONE',  ( 1.000000000000000000, 0.000000000000000000, 0.000000000000000000 ) ) ;
#363 = ORIENTED_EDGE ( 'NONE', *, *, #1916, .F. ) ;
#364 = FACE_OUTER_BOUND ( 'NONE', #2193, .T. ) ;
#365 = AXIS2_PLACEMENT_3D ( 'NONE', #1275, #2179, #859 ) ;
#366 = DIRECTION ( 'NONE',  ( 1.000000000000000000, 0.000000000000000000, 0.000000000000000000 ) ) ;
#367 = DIRECTION ( 'NONE',  ( 0.000000000000000000, 0.000000000000000000, 1.000000000000000000 ) ) ;
#368 = SECURITY_CLASSIFICATION ( '', '', #2702 ) ;
#369 = CARTESIAN_POINT ( 'NONE',  ( -0.9015748031496063630, -1.500000000000000222, -0.05905511811023622659 ) ) ;
#370 = EDGE_CURVE ( 'NONE', #1007, #673, #820, .T. ) ;
#371 = ORIENTED_EDGE ( 'NONE', *, *, #442, .F. ) ;
#372 = ORIENTED_EDGE ( 'NONE', *, *, #1714, .F. ) ;
#373 = DIRECTION ( 'NONE',  ( 1.000000000000000000, 0.000000000000000000, 0.000000000000000000 ) ) ;
#374 = CARTESIAN_POINT ( 'NONE',  ( -1.000000000000000000, -1.500000000000000222, -0.05905511811023622659 ) ) ;
#375 = ORIENTED_EDGE ( 'NONE', *, *, #1634, .F. ) ;
#376 = DIRECTION ( 'NONE',  ( 1.000000000000000000, 0.000000000000000000, 0.000000000000000000 ) ) ;
#377 = EDGE_LOOP ( 'NONE', ( #876, #1291, #527, #747 ) ) ;
#378 = CARTESIAN_POINT ( 'NONE',  ( -0.2650640646776492027, -1.240000000000000213, -0.05905511811023622659 ) ) ;
#379 = CIRCLE ( 'NONE', #1923, 0.09842519685039365085 ) ;
#380 = EDGE_CURVE ( 'NONE', #643, #2734, #1399, .T. ) ;
#381 = DIRECTION ( 'NONE',  ( 0.000000000000000000, 0.000000000000000000, 1.000000000000000000 ) ) ;
#382 = LINE ( 'NONE', #883, #2958 ) ;
#383 = DIRECTION ( 'NONE',  ( 1.000000000000000000, 0.000000000000000000, 0.000000000000000000 ) ) ;
#384 = CIRCLE ( 'NONE', #1454, 0.08190944881889765383 ) ;
#385 = DIRECTION ( 'NONE',  ( 1.000000000000000000, 0.000000000000000000, 0.000000000000000000 ) ) ;
#386 = ORIENTED_EDGE ( 'NONE', *, *, #2334, .F. ) ;
#387 = ORIENTED_EDGE ( 'NONE', *, *, #841, .T. ) ;
#388 = CARTESIAN_POINT ( 'NONE',  ( 0.000000000000000000, 0.000000000000000000, 0.05905511811023622659 ) ) ;
#389 = DIRECTION ( 'NONE',  ( 1.000000000000000000, 0.000000000000000000, 0.000000000000000000 ) ) ;
#390 = ORIENTED_EDGE ( 'NONE', *, *, #2701, .T. ) ;
#391 = ORIENTED_EDGE ( 'NONE', *, *, #2419, .T. ) ;
#392 = ADVANCED_FACE ( 'NONE', ( #1544 ), #2898, .F. ) ;
#393 = DIRECTION ( 'NONE',  ( 1.000000000000000000, 0.000000000000000000, 0.000000000000000000 ) ) ;
#394 = CARTESIAN_POINT ( 'NONE',  ( 0.9015748031496063630, -1.500000000000000222, 0.05905511811023622659 ) ) ;
#395 = ORIENTED_EDGE ( 'NONE', *, *, #2561, .T. ) ;
#396 = CARTESIAN_POINT ( 'NONE',  ( -0.2394419572107342464, -0.5566512422520094594, -0.05905511811023622659 ) ) ;
#397 = CARTESIAN_POINT ( 'NONE',  ( -0.6086815843361536027, 0.7071067811865472397, 0.05905511811023622659 ) ) ;
#398 = CARTESIAN_POINT ( 'NONE',  ( -0.9015748031496063630, -1.500000000000000222, 0.05905511811023622659 ) ) ;
#399 = DIRECTION ( 'NONE',  ( 1.000000000000000000, 0.000000000000000000, 0.000000000000000000 ) ) ;
#400 = FACE_OUTER_BOUND ( 'NONE', #1550, .T. ) ;
#401 = ORIENTED_EDGE ( 'NONE', *, *, #1937, .F. ) ;
#402 = CARTESIAN_POINT ( 'NONE',  ( -0.7071067811865472397, -0.7071067811865472397, 0.05905511811023622659 ) ) ;
#403 = CARTESIAN_POINT ( 'NONE',  ( -0.7071067811865472397, 0.7071067811865472397, -0.05905511811023622659 ) ) ;
#404 = CIRCLE ( 'NONE', #1138, 0.09842519685039372024 ) ;
#405 = ORIENTED_EDGE ( 'NONE', *, *, #1501, .F. ) ;
#406 = ORIENTED_EDGE ( 'NONE', *, *, #2026, .T. ) ;
#407 = AXIS2_PLACEMENT_3D ( 'NONE', #756, #1409, #42 ) ;
#408 = DIRECTION ( 'NONE',  ( 1.000000000000000000, 0.000000000000000000, 0.000000000000000000 ) ) ;
#409 = EDGE_CURVE ( 'NONE', #2130, #1711, #1674, .T. ) ;
#410 = ORIENTED_EDGE ( 'NONE', *, *, #2823, .T. ) ;
#411 = LINE ( 'NONE', #1337, #912 ) ;
#412 = VECTOR ( 'NONE', #2694, 39.37007874015748143 ) ;
#413 = CYLINDRICAL_SURFACE ( 'NONE', #826, 0.09842519685039372024 ) ;
#414 = CARTESIAN_POINT ( 'NONE',  ( 0.3623531382330401618, -0.4856884388023661736, -0.05905511811023622659 ) ) ;
#415 = CARTESIAN_POINT ( 'NONE',  ( -0.4440192389984566890, -0.3461315491536405831, -0.05905511811023622659 ) ) ;
#416 = ORIENTED_EDGE ( 'NONE', *, *, #184, .T. ) ;
#417 = DIRECTION ( 'NONE',  ( 0.000000000000000000, 0.000000000000000000, 1.000000000000000000 ) ) ;
#418 = AXIS2_PLACEMENT_3D ( 'NONE', #473, #2504, #960 ) ;
#419 = CYLINDRICAL_SURFACE ( 'NONE', #954, 0.6953740157480315931 ) ;
#420 = VECTOR ( 'NONE', #2809, 39.37007874015748854 ) ;
#421 = CIRCLE ( 'NONE', #236, 0.08940944881889766049 ) ;
#422 = EDGE_LOOP ( 'NONE', ( #1908, #243 ) ) ;
#423 = APPROVAL_PERSON_ORGANIZATION ( #675, #2838, #2928 ) ;
#424 = CARTESIAN_POINT ( 'NONE',  ( 0.000000000000000000, -1.240000000000000213, 0.05905511811023622659 ) ) ;
#425 = CIRCLE ( 'NONE', #964, 0.09842519685039365085 ) ;
#426 = DIRECTION ( 'NONE',  ( 1.000000000000000000, 0.000000000000000000, 0.000000000000000000 ) ) ;
#427 = VERTEX_POINT ( 'NONE', #1531 ) ;
#428 = ORIENTED_EDGE ( 'NONE', *, *, #568, .F. ) ;
#429 = AXIS2_PLACEMENT_3D ( 'NONE', #47, #946, #1854 ) ;
#430 = CARTESIAN_POINT ( 'NONE',  ( 0.000000000000000000, 0.000000000000000000, 0.05905511811023622659 ) ) ;
#431 = DIRECTION ( 'NONE',  ( 0.000000000000000000, 0.000000000000000000, 1.000000000000000000 ) ) ;
#432 = VERTEX_POINT ( 'NONE', #1963 ) ;
#433 = DIRECTION ( 'NONE',  ( -0.7071067811865480168, -0.7071067811865470176, 0.000000000000000000 ) ) ;
#434 = DIRECTION ( 'NONE',  ( 0.000000000000000000, 0.000000000000000000, 1.000000000000000000 ) ) ;
#435 = EDGE_CURVE ( 'NONE', #521, #653, #354, .T. ) ;
#436 = FACE_BOUND ( 'NONE', #2355, .T. ) ;
#437 = DIRECTION ( 'NONE',  ( 0.000000000000000000, 0.000000000000000000, 1.000000000000000000 ) ) ;
#438 = CARTESIAN_POINT ( 'NONE',  ( 0.000000000000000000, -2.000000000000000000, 0.05905511811023622659 ) ) ;
#439 = AXIS2_PLACEMENT_3D ( 'NONE', #484, #659, #2511 ) ;
#440 = CARTESIAN_POINT ( 'NONE',  ( -0.5136248173426338770, 1.240000000000000213, -0.05905511811023622659 ) ) ;
#441 = EDGE_CURVE ( 'NONE', #627, #2500, #2186, .T. ) ;
#442 = EDGE_CURVE ( 'NONE', #837, #2783, #2214, .T. ) ;
#443 = DIRECTION ( 'NONE',  ( 0.000000000000000000, 0.000000000000000000, -1.000000000000000000 ) ) ;
#444 = AXIS2_PLACEMENT_3D ( 'NONE', #262, #2565, #2344 ) ;
#445 = CARTESIAN_POINT ( 'NONE',  ( 0.7071067811865472397, -0.7071067811865472397, -0.05905511811023622659 ) ) ;
#446 = DIRECTION ( 'NONE',  ( 0.000000000000000000, 0.000000000000000000, 1.000000000000000000 ) ) ;
#447 = VERTEX_POINT ( 'NONE', #2866 ) ;
#448 = ORIENTED_EDGE ( 'NONE', *, *, #2031, .F. ) ;
#449 = APPLICATION_PROTOCOL_DEFINITION ( 'international standard', 'config_control_design', 1994, #1402 ) ;
#450 = ORIENTED_EDGE ( 'NONE', *, *, #1090, .F. ) ;
#451 = ADVANCED_FACE ( 'NONE', ( #833 ), #1516, .F. ) ;
#452 = LINE ( 'NONE', #1819, #2632 ) ;
#453 = DIRECTION ( 'NONE',  ( 0.000000000000000000, 0.000000000000000000, -1.000000000000000000 ) ) ;
#454 = CARTESIAN_POINT ( 'NONE',  ( -0.5086193807282614054, 0.3964900588049866115, -0.05905511811023622659 ) ) ;
#455 = ORIENTED_EDGE ( 'NONE', *, *, #701, .T. ) ;
#456 = DIRECTION ( 'NONE',  ( 1.000000000000000000, 0.000000000000000000, 0.000000000000000000 ) ) ;
#457 = DIRECTION ( 'NONE',  ( 0.000000000000000000, 0.000000000000000000, 1.000000000000000000 ) ) ;
#458 = EDGE_CURVE ( 'NONE', #2615, #604, #2009, .T. ) ;
#459 = CARTESIAN_POINT ( 'NONE',  ( 1.489999999999999991, -2.000000000000000000, 0.05905511811023622659 ) ) ;
#460 = DIRECTION ( 'NONE',  ( 0.000000000000000000, 0.000000000000000000, -1.000000000000000000 ) ) ;
#461 = CYLINDRICAL_SURFACE ( 'NONE', #2834, 0.08940944881889766049 ) ;
#462 = EDGE_LOOP ( 'NONE', ( #2078, #1528, #2313, #902 ) ) ;
#463 = VERTEX_POINT ( 'NONE', #2231 ) ;
#464 = APPROVAL_STATUS ( 'not_yet_approved' ) ;
#465 = AXIS2_PLACEMENT_3D ( 'NONE', #1848, #710, #393 ) ;
#466 = ORIENTED_EDGE ( 'NONE', *, *, #530, .F. ) ;
#467 = DIRECTION ( 'NONE',  ( 0.000000000000000000, 0.000000000000000000, 1.000000000000000000 ) ) ;
#468 = CARTESIAN_POINT ( 'NONE',  ( -0.3623531382330366646, 0.4856884388023684496, -0.05905511811023622659 ) ) ;
#469 = CARTESIAN_POINT ( 'NONE',  ( -0.3623531382330433814, -0.4856884388023637866, -0.05905511811023622659 ) ) ;
#470 = CIRCLE ( 'NONE', #2709, 0.08940944881889766049 ) ;
#471 = ORIENTED_EDGE ( 'NONE', *, *, #775, .T. ) ;
#472 = CARTESIAN_POINT ( 'NONE',  ( -1.026436535528801208, 0.7271882818138385440, -0.05905511811023622659 ) ) ;
#473 = CARTESIAN_POINT ( 'NONE',  ( -0.5086193807282677337, -0.3964900588049795616, -0.05905511811023622659 ) ) ;
#474 = ADVANCED_FACE ( 'NONE', ( #2198 ), #619, .F. ) ;
#475 = AXIS2_PLACEMENT_3D ( 'NONE', #2073, #2728, #16 ) ;
#476 = VECTOR ( 'NONE', #868, 39.37007874015748143 ) ;
#477 = ORIENTED_EDGE ( 'NONE', *, *, #621, .F. ) ;
#478 = VECTOR ( 'NONE', #1449, 39.37007874015748143 ) ;
#479 = EDGE_CURVE ( 'NONE', #91, #676, #2676, .T. ) ;
#480 = DIRECTION ( 'NONE',  ( 0.000000000000000000, 0.000000000000000000, 1.000000000000000000 ) ) ;
#481 = PERSON_AND_ORGANIZATION ( #2397, #39 ) ;
#482 = AXIS2_PLACEMENT_3D ( 'NONE', #2870, #2679, #851 ) ;
#483 = VERTEX_POINT ( 'NONE', #1101 ) ;
#484 = CARTESIAN_POINT ( 'NONE',  ( -1.000000000000000000, -4.097771990496393842E-16, 0.05905511811023622659 ) ) ;
#485 = LINE ( 'NONE', #2021, #948 ) ;
#486 = DIRECTION ( 'NONE',  ( 0.000000000000000000, 0.000000000000000000, 1.000000000000000000 ) ) ;
#487 = VERTEX_POINT ( 'NONE', #2435 ) ;
#488 = CARTESIAN_POINT ( 'NONE',  ( 0.5136248173426338770, 1.240000000000000213, -0.05905511811023622659 ) ) ;
#489 = DIRECTION ( 'NONE',  ( 0.000000000000000000, 0.000000000000000000, 1.000000000000000000 ) ) ;
#490 = EDGE_CURVE ( 'NONE', #1604, #2155, #382, .T. ) ;
#491 = AXIS2_PLACEMENT_3D ( 'NONE', #293, #1229, #2087 ) ;
#492 = ORIENTED_EDGE ( 'NONE', *, *, #1018, .T. ) ;
#493 = DIRECTION ( 'NONE',  ( 0.000000000000000000, 0.000000000000000000, 1.000000000000000000 ) ) ;
#494 = EDGE_CURVE ( 'NONE', #1226, #1322, #2692, .T. ) ;
#495 = VERTEX_POINT ( 'NONE', #1346 ) ;
#496 = LINE ( 'NONE', #1918, #534 ) ;
#497 = DIRECTION ( 'NONE',  ( 0.000000000000000000, 0.000000000000000000, 1.000000000000000000 ) ) ;
#498 = ORIENTED_EDGE ( 'NONE', *, *, #1545, .F. ) ;
#499 = DIRECTION ( 'NONE',  ( 0.000000000000000000, 0.000000000000000000, 1.000000000000000000 ) ) ;
#500 = DIRECTION ( 'NONE',  ( 1.000000000000000000, 0.000000000000000000, 0.000000000000000000 ) ) ;
#501 = VERTEX_POINT ( 'NONE', #27 ) ;
#502 = LINE ( 'NONE', #305, #2540 ) ;
#503 = ORIENTED_EDGE ( 'NONE', *, *, #2869, .F. ) ;
#504 = DIRECTION ( 'NONE',  ( 0.000000000000000000, 0.000000000000000000, 1.000000000000000000 ) ) ;
#505 = EDGE_CURVE ( 'NONE', #653, #101, #2935, .T. ) ;
#506 = CIRCLE ( 'NONE', #2131, 0.08190944881889763995 ) ;
#507 = DIRECTION ( 'NONE',  ( 0.000000000000000000, 0.000000000000000000, 1.000000000000000000 ) ) ;
#508 = DIRECTION ( 'NONE',  ( 0.000000000000000000, 0.000000000000000000, -1.000000000000000000 ) ) ;
#509 = EDGE_LOOP ( 'NONE', ( #1691, #33, #348, #1504 ) ) ;
#510 = VECTOR ( 'NONE', #1596, 39.37007874015748143 ) ;
#511 = PLANE ( 'NONE',  #2621 ) ;
#512 = CIRCLE ( 'NONE', #1191, 0.09842519685039365085 ) ;
#513 = DIRECTION ( 'NONE',  ( 0.000000000000000000, 0.000000000000000000, 1.000000000000000000 ) ) ;
#514 = AXIS2_PLACEMENT_3D ( 'NONE', #602, #2200, #1574 ) ;
#515 = ORIENTED_EDGE ( 'NONE', *, *, #1907, .T. ) ;
#516 = ORIENTED_EDGE ( 'NONE', *, *, #1386, .F. ) ;
#517 = DIRECTION ( 'NONE',  ( 0.000000000000000000, 0.000000000000000000, 1.000000000000000000 ) ) ;
#518 = DIRECTION ( 'NONE',  ( 1.000000000000000000, 0.000000000000000000, 0.000000000000000000 ) ) ;
#519 = AXIS2_PLACEMENT_3D ( 'NONE', #1070, #848, #644 ) ;
#520 = AXIS2_PLACEMENT_3D ( 'NONE', #338, #123, #2672 ) ;
#521 = VERTEX_POINT ( 'NONE', #1868 ) ;
#522 = CIRCLE ( 'NONE', #2191, 0.08190944881889759832 ) ;
#523 = LINE ( 'NONE', #1875, #1304 ) ;
#524 = EDGE_CURVE ( 'NONE', #1192, #2641, #1411, .T. ) ;
#525 = DIRECTION ( 'NONE',  ( 1.000000000000000000, 0.000000000000000000, 0.000000000000000000 ) ) ;
#526 = DIRECTION ( 'NONE',  ( 1.000000000000000000, 0.000000000000000000, 0.000000000000000000 ) ) ;
#527 = ORIENTED_EDGE ( 'NONE', *, *, #1552, .T. ) ;
#528 = CARTESIAN_POINT ( 'NONE',  ( 1.489999999999999991, -2.000000000000000000, -0.05905511811023622659 ) ) ;
#529 = AXIS2_PLACEMENT_3D ( 'NONE', #445, #1827, #2488 ) ;
#530 = EDGE_CURVE ( 'NONE', #2086, #1322, #2619, .T. ) ;
#531 = DIRECTION ( 'NONE',  ( 0.000000000000000000, 0.000000000000000000, 1.000000000000000000 ) ) ;
#532 = VERTEX_POINT ( 'NONE', #257 ) ;
#533 = VERTEX_POINT ( 'NONE', #2269 ) ;
#534 = VECTOR ( 'NONE', #1418, 39.37007874015748143 ) ;
#535 = DIRECTION ( 'NONE',  ( 0.000000000000000000, 0.000000000000000000, 1.000000000000000000 ) ) ;
#536 = DIRECTION ( 'NONE',  ( 0.000000000000000000, 0.000000000000000000, 1.000000000000000000 ) ) ;
#537 = VERTEX_POINT ( 'NONE', #472 ) ;
#538 = VECTOR ( 'NONE', #1468, 39.37007874015748143 ) ;
#539 = LINE ( 'NONE', #2107, #1491 ) ;
#540 = PRODUCT_DEFINITION_SHAPE ( 'NONE', 'NONE',  #546 ) ;
#541 = DIRECTION ( 'NONE',  ( 1.000000000000000000, 0.000000000000000000, 0.000000000000000000 ) ) ;
#542 = CARTESIAN_POINT ( 'NONE',  ( 0.1609596707464521770, -0.5994832425489625694, -0.05905511811023622659 ) ) ;
#543 = ORIENTED_EDGE ( 'NONE', *, *, #1853, .F. ) ;
#544 = FACE_BOUND ( 'NONE', #943, .T. ) ;
#545 = CARTESIAN_POINT ( 'NONE',  ( -0.4440192389984519705, 0.3461315491536468558, -0.05905511811023622659 ) ) ;
#546 = PRODUCT_DEFINITION ( 'UNKNOWN', '', #2145, #1938 ) ;
#547 = ADVANCED_FACE ( 'NONE', ( #699 ), #1852, .F. ) ;
#548 = ORIENTED_EDGE ( 'NONE', *, *, #2833, .T. ) ;
#549 = ORIENTED_EDGE ( 'NONE', *, *, #701, .F. ) ;
#550 = LINE ( 'NONE', #566, #538 ) ;
#551 = EDGE_CURVE ( 'NONE', #1999, #1037, #522, .T. ) ;
#552 = VERTEX_POINT ( 'NONE', #1825 ) ;
#553 = CARTESIAN_POINT ( 'NONE',  ( 0.000000000000000000, 0.000000000000000000, -0.05905511811023622659 ) ) ;
#554 = DIRECTION ( 'NONE',  ( 0.000000000000000000, 0.000000000000000000, 1.000000000000000000 ) ) ;
#555 = ORIENTED_EDGE ( 'NONE', *, *, #2393, .F. ) ;
#556 = CYLINDRICAL_SURFACE ( 'NONE', #722, 0.08190944881889759832 ) ;
#557 = VECTOR ( 'NONE', #1159, 39.37007874015748143 ) ;
#558 = CARTESIAN_POINT ( 'NONE',  ( 0.000000000000000000, 0.000000000000000000, -0.05905511811023622659 ) ) ;
#559 = CARTESIAN_POINT ( 'NONE',  ( 0.2650640646776499798, -1.360078740157480315, -0.05905511811023622659 ) ) ;
#560 = CIRCLE ( 'NONE', #853, 0.09842519685039370636 ) ;
#561 = AXIS2_PLACEMENT_3D ( 'NONE', #2010, #620, #631 ) ;
#562 = ORIENTED_EDGE ( 'NONE', *, *, #271, .F. ) ;
#563 = VERTEX_POINT ( 'NONE', #440 ) ;
#564 = PRODUCT ( 'REV-21-2360', 'REV-21-2360', '', ( #1335 ) ) ;
#565 = EDGE_CURVE ( 'NONE', #2162, #637, #2770, .T. ) ;
#566 = CARTESIAN_POINT ( 'NONE',  ( -1.117972718399218524, 0.5364112237034763808, 0.05905511811023622659 ) ) ;
#567 = VERTEX_POINT ( 'NONE', #729 ) ;
#568 = EDGE_CURVE ( 'NONE', #2089, #1706, #2577, .T. ) ;
#569 = EDGE_CURVE ( 'NONE', #2783, #1833, #421, .T. ) ;
#570 = DIRECTION ( 'NONE',  ( 1.000000000000000000, 0.000000000000000000, 0.000000000000000000 ) ) ;
#571 = CIRCLE ( 'NONE', #812, 0.08940944881889766049 ) ;
#572 = DIRECTION ( 'NONE',  ( 1.000000000000000000, 0.000000000000000000, 0.000000000000000000 ) ) ;
#573 = CC_DESIGN_APPROVAL ( #2838, ( #2145 ) ) ;
#574 = ORIENTED_EDGE ( 'NONE', *, *, #13, .F. ) ;
#575 = FACE_BOUND ( 'NONE', #136, .T. ) ;
#576 = CIRCLE ( 'NONE', #2146, 0.08940944881889766049 ) ;
#577 = DIRECTION ( 'NONE',  ( 1.000000000000000000, 0.000000000000000000, 0.000000000000000000 ) ) ;
#578 = MANIFOLD_SOLID_BREP ( 'NONE', #811 ) ;
#579 = EDGE_CURVE ( 'NONE', #432, #1092, #2297, .T. ) ;
#580 = ORIENTED_EDGE ( 'NONE', *, *, #613, .T. ) ;
#581 = EDGE_LOOP ( 'NONE', ( #1925, #907, #410, #793 ) ) ;
#582 = CARTESIAN_POINT ( 'NONE',  ( 0.08906077290896613485, -0.6387223339702775560, 0.05905511811023622659 ) ) ;
#583 = CIRCLE ( 'NONE', #683, 0.09842519685039378963 ) ;
#584 = VERTEX_POINT ( 'NONE', #1645 ) ;
#585 = CARTESIAN_POINT ( 'NONE',  ( 0.000000000000000000, -2.000000000000000000, -0.05905511811023622659 ) ) ;
#586 = CARTESIAN_POINT ( 'NONE',  ( 0.000000000000000000, 0.000000000000000000, -0.05905511811023622659 ) ) ;
#587 = EDGE_CURVE ( 'NONE', #1255, #21, #1397, .T. ) ;
#588 = ORIENTED_EDGE ( 'NONE', *, *, #1341, .T. ) ;
#589 = DIRECTION ( 'NONE',  ( 1.000000000000000000, 0.000000000000000000, 0.000000000000000000 ) ) ;
#590 = DIRECTION ( 'NONE',  ( 1.000000000000000000, 0.000000000000000000, 0.000000000000000000 ) ) ;
#591 = ORIENTED_EDGE ( 'NONE', *, *, #215, .F. ) ;
#592 = EDGE_LOOP ( 'NONE', ( #2826, #2106 ) ) ;
#593 = CARTESIAN_POINT ( 'NONE',  ( -0.08906077290897067289, -0.6387223339702775560, 0.05905511811023622659 ) ) ;
#594 = FACE_OUTER_BOUND ( 'NONE', #2533, .T. ) ;
#595 = ORIENTED_EDGE ( 'NONE', *, *, #2170, .F. ) ;
#596 = CARTESIAN_POINT ( 'NONE',  ( 0.7071067811865472397, -0.7071067811865472397, 0.05905511811023622659 ) ) ;
#597 = ADVANCED_FACE ( 'NONE', ( #1133 ), #1120, .T. ) ;
#598 = ORIENTED_EDGE ( 'NONE', *, *, #2407, .T. ) ;
#599 = DIRECTION ( 'NONE',  ( 0.000000000000000000, 0.000000000000000000, -1.000000000000000000 ) ) ;
#600 = EDGE_CURVE ( 'NONE', #1796, #584, #2097, .T. ) ;
#601 = DIRECTION ( 'NONE',  ( 0.000000000000000000, 0.000000000000000000, 1.000000000000000000 ) ) ;
#602 = CARTESIAN_POINT ( 'NONE',  ( 0.7071067811865472397, 0.7071067811865492381, -0.05905511811023622659 ) ) ;
#603 = VECTOR ( 'NONE', #1566, 39.37007874015748143 ) ;
#604 = VERTEX_POINT ( 'NONE', #488 ) ;
#605 = EDGE_LOOP ( 'NONE', ( #2278, #151, #1812, #1391 ) ) ;
#606 = VECTOR ( 'NONE', #1433, 39.37007874015748143 ) ;
#607 = PLANE ( 'NONE',  #830 ) ;
#608 = FACE_OUTER_BOUND ( 'NONE', #2410, .T. ) ;
#609 = AXIS2_PLACEMENT_3D ( 'NONE', #2172, #2604, #1453 ) ;
#610 = ORIENTED_EDGE ( 'NONE', *, *, #568, .T. ) ;
#611 = CARTESIAN_POINT ( 'NONE',  ( 0.08906077290896613485, -0.6387223339702775560, -0.05905511811023622659 ) ) ;
#612 = ORIENTED_EDGE ( 'NONE', *, *, #1137, .F. ) ;
#613 = EDGE_CURVE ( 'NONE', #1255, #495, #1200, .T. ) ;
#614 = CARTESIAN_POINT ( 'NONE',  ( 0.3499725561193417489, -1.275170248715787436, -0.05905511811023622659 ) ) ;
#615 = AXIS2_PLACEMENT_3D ( 'NONE', #68, #55, #1681 ) ;
#616 = DIRECTION ( 'NONE',  ( 0.000000000000000000, 0.000000000000000000, 1.000000000000000000 ) ) ;
#617 = VECTOR ( 'NONE', #1771, 39.37007874015748143 ) ;
#618 = VECTOR ( 'NONE', #1364, 39.37007874015748143 ) ;
#619 = CYLINDRICAL_SURFACE ( 'NONE', #519, 0.09842519685039378963 ) ;
#620 = DIRECTION ( 'NONE',  ( 0.000000000000000000, 0.000000000000000000, 1.000000000000000000 ) ) ;
#621 = EDGE_CURVE ( 'NONE', #463, #91, #2041, .T. ) ;
#622 = EDGE_LOOP ( 'NONE', ( #62, #165 ) ) ;
#623 = ORIENTED_EDGE ( 'NONE', *, *, #2776, .T. ) ;
#624 = DIRECTION ( 'NONE',  ( -0.7071067811865510144, -0.7071067811865440200, 0.000000000000000000 ) ) ;
#625 = EDGE_LOOP ( 'NONE', ( #2225, #1650, #1493, #2733, #2691, #2769, #2568, #1034, #2431, #1570, #799, #1636, #1766, #1058, #2129, #1223 ) ) ;
#626 = CARTESIAN_POINT ( 'NONE',  ( -0.2394419572107342464, -0.5566512422520094594, 0.05905511811023622659 ) ) ;
#627 = VERTEX_POINT ( 'NONE', #663 ) ;
#628 = DIRECTION ( 'NONE',  ( 0.000000000000000000, 0.000000000000000000, -1.000000000000000000 ) ) ;
#629 = CARTESIAN_POINT ( 'NONE',  ( -1.117972718399218524, 0.5364112237034763808, -0.05905511811023622659 ) ) ;
#630 = DIRECTION ( 'NONE',  ( 0.000000000000000000, 0.000000000000000000, -1.000000000000000000 ) ) ;
#631 = DIRECTION ( 'NONE',  ( 1.000000000000000000, 0.000000000000000000, 0.000000000000000000 ) ) ;
#632 = EDGE_LOOP ( 'NONE', ( #1352, #2389 ) ) ;
#633 = EDGE_CURVE ( 'NONE', #130, #118, #2953, .T. ) ;
#634 = DIRECTION ( 'NONE',  ( -0.9015909019348541387, -0.4325896965350611301, 0.000000000000000000 ) ) ;
#635 = CARTESIAN_POINT ( 'NONE',  ( -0.8055319780369409877, 0.7071067811865472397, -0.05905511811023622659 ) ) ;
#636 = ORIENTED_EDGE ( 'NONE', *, *, #2199, .F. ) ;
#637 = VERTEX_POINT ( 'NONE', #933 ) ;
#638 = DIRECTION ( 'NONE',  ( 1.000000000000000000, 0.000000000000000000, 0.000000000000000000 ) ) ;
#639 = CALENDAR_DATE ( 2024, 12, 12 ) ;
#640 = EDGE_LOOP ( 'NONE', ( #697, #471, #1917, #2803 ) ) ;
#641 = DIRECTION ( 'NONE',  ( 1.000000000000000000, 0.000000000000000000, 0.000000000000000000 ) ) ;
#642 = CARTESIAN_POINT ( 'NONE',  ( 1.098425196850393748, 0.000000000000000000, 0.05905511811023622659 ) ) ;
#643 = VERTEX_POINT ( 'NONE', #1839 ) ;
#644 = DIRECTION ( 'NONE',  ( 1.000000000000000000, 0.000000000000000000, 0.000000000000000000 ) ) ;
#645 = CARTESIAN_POINT ( 'NONE',  ( 0.8055319780369409877, 0.7071067811865492381, -0.05905511811023622659 ) ) ;
#646 = ORIENTED_EDGE ( 'NONE', *, *, #1210, .T. ) ;
#647 = AXIS2_PLACEMENT_3D ( 'NONE', #199, #2957, #1776 ) ;
#648 = CARTESIAN_POINT ( 'NONE',  ( -0.4440192389984566890, -0.3461315491536405831, -0.05905511811023622659 ) ) ;
#649 = DIRECTION ( 'NONE',  ( 0.000000000000000000, 0.000000000000000000, -1.000000000000000000 ) ) ;
#650 = EDGE_CURVE ( 'NONE', #2307, #1127, #1610, .T. ) ;
#651 = VECTOR ( 'NONE', #1061, 39.37007874015748143 ) ;
#652 = VERTEX_POINT ( 'NONE', #1475 ) ;
#653 = VERTEX_POINT ( 'NONE', #528 ) ;
#654 = AXIS2_PLACEMENT_3D ( 'NONE', #113, #1725, #2592 ) ;
#655 = PERSON_AND_ORGANIZATION ( #2397, #39 ) ;
#656 = EDGE_CURVE ( 'NONE', #18, #2874, #2722, .T. ) ;
#657 = ORIENTED_EDGE ( 'NONE', *, *, #116, .T. ) ;
#658 = AXIS2_PLACEMENT_3D ( 'NONE', #677, #433, #2893 ) ;
#659 = DIRECTION ( 'NONE',  ( 0.000000000000000000, 0.000000000000000000, 1.000000000000000000 ) ) ;
#660 = CARTESIAN_POINT ( 'NONE',  ( 0.5086193807282646251, -0.3964900588049826702, -0.05905511811023622659 ) ) ;
#661 = DIRECTION ( 'NONE',  ( 0.000000000000000000, 0.000000000000000000, 1.000000000000000000 ) ) ;
#662 = ORIENTED_EDGE ( 'NONE', *, *, #442, .T. ) ;
#663 = CARTESIAN_POINT ( 'NONE',  ( 0.09842519685039370636, 1.000000000000000000, -0.05905511811023622659 ) ) ;
#664 = AXIS2_PLACEMENT_3D ( 'NONE', #1710, #1894, #790 ) ;
#665 = CARTESIAN_POINT ( 'NONE',  ( 0.000000000000000000, -2.000000000000000000, -0.05905511811023622659 ) ) ;
#666 = AXIS2_PLACEMENT_3D ( 'NONE', #2091, #1432, #786 ) ;
#667 = LINE ( 'NONE', #1382, #322 ) ;
#668 = AXIS2_PLACEMENT_3D ( 'NONE', #1423, #1150, #2082 ) ;
#669 = DIRECTION ( 'NONE',  ( 0.000000000000000000, 0.000000000000000000, 1.000000000000000000 ) ) ;
#670 = CARTESIAN_POINT ( 'NONE',  ( 0.4517625870519378362, -0.4856884388023661736, -0.05905511811023622659 ) ) ;
#671 = CIRCLE ( 'NONE', #2337, 0.08190944881889759832 ) ;
#672 = EDGE_CURVE ( 'NONE', #1439, #2479, #1100, .T. ) ;
#673 = VERTEX_POINT ( 'NONE', #1659 ) ;
#674 = ORIENTED_EDGE ( 'NONE', *, *, #2453, .T. ) ;
#675 = PERSON_AND_ORGANIZATION ( #2397, #39 ) ;
#676 = VERTEX_POINT ( 'NONE', #1672 ) ;
#677 = CARTESIAN_POINT ( 'NONE',  ( -1.489999999999999991, -2.000000000000000000, 0.05905511811023622659 ) ) ;
#678 = LINE ( 'NONE', #940, #2730 ) ;
#679 = DIRECTION ( 'NONE',  ( 0.000000000000000000, 0.000000000000000000, 1.000000000000000000 ) ) ;
#680 = ADVANCED_FACE ( 'NONE', ( #1194 ), #1462, .F. ) ;
#681 = LINE ( 'NONE', #1083, #313 ) ;
#682 = ORIENTED_EDGE ( 'NONE', *, *, #343, .F. ) ;
#683 = AXIS2_PLACEMENT_3D ( 'NONE', #2749, #2036, #222 ) ;
#684 = DIRECTION ( 'NONE',  ( -0.4325896965350610746, 0.9015909019348540276, 0.000000000000000000 ) ) ;
#685 = CARTESIAN_POINT ( 'NONE',  ( 0.1609596707464521770, -0.5994832425489625694, -0.05905511811023622659 ) ) ;
#686 = CIRCLE ( 'NONE', #2205, 0.08190944881889759832 ) ;
#687 = LINE ( 'NONE', #2060, #2387 ) ;
#688 = CARTESIAN_POINT ( 'NONE',  ( -0.09842519685039370636, -1.000000000000000000, 0.05905511811023622659 ) ) ;
#689 = VERTEX_POINT ( 'NONE', #2096 ) ;
#690 = ORIENTED_EDGE ( 'NONE', *, *, #1937, .T. ) ;
#691 = LINE ( 'NONE', #237, #557 ) ;
#692 = APPROVAL_STATUS ( 'not_yet_approved' ) ;
#693 = ORIENTED_EDGE ( 'NONE', *, *, #349, .F. ) ;
#694 = CYLINDRICAL_SURFACE ( 'NONE', #1866, 0.08190944881889759832 ) ;
#695 = CARTESIAN_POINT ( 'NONE',  ( -0.7071067811865472397, -0.7071067811865472397, 0.05905511811023622659 ) ) ;
#696 = CARTESIAN_POINT ( 'NONE',  ( -0.5996475525636968396, -0.1603464574232736084, 0.05905511811023622659 ) ) ;
#697 = ORIENTED_EDGE ( 'NONE', *, *, #2424, .F. ) ;
#698 = EDGE_CURVE ( 'NONE', #2155, #463, #2350, .T. ) ;
#699 = FACE_OUTER_BOUND ( 'NONE', #2405, .T. ) ;
#700 = CARTESIAN_POINT ( 'NONE',  ( 1.739999999999999991, -0.7600000000000001199, 0.05905511811023622659 ) ) ;
#701 = EDGE_CURVE ( 'NONE', #1314, #1789, #2601, .T. ) ;
#702 = CARTESIAN_POINT ( 'NONE',  ( 0.2650640646776499798, -1.240000000000000213, 0.05905511811023622659 ) ) ;
#703 = DIRECTION ( 'NONE',  ( 1.000000000000000000, 0.000000000000000000, 0.000000000000000000 ) ) ;
#704 = ORIENTED_EDGE ( 'NONE', *, *, #2561, .F. ) ;
#705 = PERSON_AND_ORGANIZATION ( #2397, #39 ) ;
#706 = AXIS2_PLACEMENT_3D ( 'NONE', #469, #253, #1557 ) ;
#707 = EDGE_CURVE ( 'NONE', #552, #1914, #45, .T. ) ;
#708 = ORIENTED_EDGE ( 'NONE', *, *, #1415, .T. ) ;
#709 = FACE_OUTER_BOUND ( 'NONE', #1051, .T. ) ;
#710 = DIRECTION ( 'NONE',  ( 0.000000000000000000, 0.000000000000000000, 1.000000000000000000 ) ) ;
#711 = CARTESIAN_POINT ( 'NONE',  ( -1.489999999999999991, -2.000000000000000000, -0.05905511811023622659 ) ) ;
#712 = AXIS2_PLACEMENT_3D ( 'NONE', #73, #289, #2128 ) ;
#713 = ADVANCED_FACE ( 'NONE', ( #971 ), #556, .T. ) ;
#714 = VERTEX_POINT ( 'NONE', #2140 ) ;
#715 = CARTESIAN_POINT ( 'NONE',  ( 0.6953740157480315931, 0.000000000000000000, -0.05905511811023622659 ) ) ;
#716 = DIRECTION ( 'NONE',  ( 0.000000000000000000, 0.000000000000000000, 1.000000000000000000 ) ) ;
#717 = VECTOR ( 'NONE', #2124, 39.37007874015748854 ) ;
#718 = ADVANCED_FACE ( 'NONE', ( #1224 ), #511, .T. ) ;
#719 = AXIS2_PLACEMENT_3D ( 'NONE', #1225, #513, #1924 ) ;
#720 = LOCAL_TIME ( 14, 58, 58.00000000000000000, #2261 ) ;
#721 = ORIENTED_EDGE ( 'NONE', *, *, #2367, .T. ) ;
#722 = AXIS2_PLACEMENT_3D ( 'NONE', #2831, #299, #1909 ) ;
#723 = CARTESIAN_POINT ( 'NONE',  ( 0.1609596707464604204, 0.5994832425489606820, -0.05905511811023622659 ) ) ;
#724 = VERTEX_POINT ( 'NONE', #1435 ) ;
#725 = CARTESIAN_POINT ( 'NONE',  ( 0.08906077290897500276, 0.6387223339702775560, -0.05905511811023622659 ) ) ;
#726 = DIRECTION ( 'NONE',  ( 1.000000000000000000, 0.000000000000000000, 0.000000000000000000 ) ) ;
#727 = FACE_OUTER_BOUND ( 'NONE', #2964, .T. ) ;
#728 = EDGE_LOOP ( 'NONE', ( #1816, #704, #204, #548 ) ) ;
#729 = CARTESIAN_POINT ( 'NONE',  ( 0.4440192389984590760, 0.3461315491536374189, 0.05905511811023622659 ) ) ;
#730 = CIRCLE ( 'NONE', #780, 0.08190944881889766771 ) ;
#731 = CARTESIAN_POINT ( 'NONE',  ( 0.6086815843361536027, 0.7071067811865492381, 0.05905511811023622659 ) ) ;
#732 = AXIS2_PLACEMENT_3D ( 'NONE', #2373, #2806, #321 ) ;
#733 = EDGE_CURVE ( 'NONE', #2477, #1271, #2099, .T. ) ;
#734 = ORIENTED_EDGE ( 'NONE', *, *, #656, .T. ) ;
#735 = ADVANCED_FACE ( 'NONE', ( #774 ), #1017, .F. ) ;
#736 = CARTESIAN_POINT ( 'NONE',  ( 0.5976801536372322587, 0.2422322751652960793, -0.05905511811023622659 ) ) ;
#737 = DIRECTION ( 'NONE',  ( 0.000000000000000000, 0.000000000000000000, 1.000000000000000000 ) ) ;
#738 = ORIENTED_EDGE ( 'NONE', *, *, #927, .F. ) ;
#739 = DIRECTION ( 'NONE',  ( 0.000000000000000000, 0.000000000000000000, 1.000000000000000000 ) ) ;
#740 = CARTESIAN_POINT ( 'NONE',  ( -0.5217683341175440859, 0.2114661661648752078, -0.05905511811023622659 ) ) ;
#741 = DIRECTION ( 'NONE',  ( 0.000000000000000000, 1.000000000000000000, 0.000000000000000000 ) ) ;
#742 = ORIENTED_EDGE ( 'NONE', *, *, #83, .T. ) ;
#743 = DIRECTION ( 'NONE',  ( 0.000000000000000000, 0.000000000000000000, 1.000000000000000000 ) ) ;
#744 = DIRECTION ( 'NONE',  ( 0.000000000000000000, 0.000000000000000000, 1.000000000000000000 ) ) ;
#745 = CARTESIAN_POINT ( 'NONE',  ( 0.5976801536372322587, -0.2422322751652960793, -0.05905511811023622659 ) ) ;
#746 = ORIENTED_EDGE ( 'NONE', *, *, #1156, .F. ) ;
#747 = ORIENTED_EDGE ( 'NONE', *, *, #1501, .T. ) ;
#748 = CYLINDRICAL_SURFACE ( 'NONE', #1968, 0.09842519685039378963 ) ;
#749 = EDGE_CURVE ( 'NONE', #2177, #1422, #326, .T. ) ;
#750 = DIRECTION ( 'NONE',  ( 1.000000000000000000, 0.000000000000000000, 0.000000000000000000 ) ) ;
#751 = ORIENTED_EDGE ( 'NONE', *, *, #2743, .T. ) ;
#752 = DIRECTION ( 'NONE',  ( 1.000000000000000000, 0.000000000000000000, 0.000000000000000000 ) ) ;
#753 = AXIS2_PLACEMENT_3D ( 'NONE', #2204, #1494, #1273 ) ;
#754 = DIRECTION ( 'NONE',  ( 1.000000000000000000, 0.000000000000000000, 0.000000000000000000 ) ) ;
#755 = EDGE_CURVE ( 'NONE', #447, #1884, #425, .T. ) ;
#756 = CARTESIAN_POINT ( 'NONE',  ( 0.5086193807282646251, -0.3964900588049826702, 0.05905511811023622659 ) ) ;
#757 = EDGE_CURVE ( 'NONE', #2081, #2615, #97, .T. ) ;
#758 = ORIENTED_EDGE ( 'NONE', *, *, #1228, .T. ) ;
#759 = VECTOR ( 'NONE', #616, 39.37007874015748143 ) ;
#760 = DIRECTION ( 'NONE',  ( 0.000000000000000000, 0.000000000000000000, 1.000000000000000000 ) ) ;
#761 = VECTOR ( 'NONE', #1151, 39.37007874015748143 ) ;
#762 = FACE_OUTER_BOUND ( 'NONE', #992, .T. ) ;
#763 = CYLINDRICAL_SURFACE ( 'NONE', #712, 0.08940944881889766049 ) ;
#764 = ORIENTED_EDGE ( 'NONE', *, *, #2567, .T. ) ;
#765 = VECTOR ( 'NONE', #106, 39.37007874015748143 ) ;
#766 = ORIENTED_EDGE ( 'NONE', *, *, #2208, .T. ) ;
#767 = LINE ( 'NONE', #2301, #1495 ) ;
#768 = AXIS2_PLACEMENT_3D ( 'NONE', #288, #2158, #2591 ) ;
#769 = CIRCLE ( 'NONE', #2427, 0.09842519685039365085 ) ;
#770 = EDGE_LOOP ( 'NONE', ( #2258, #1095, #2028, #852 ) ) ;
#771 = CARTESIAN_POINT ( 'NONE',  ( 0.9015748031496063630, 1.205361022782826802E-17, 0.05905511811023622659 ) ) ;
#772 = LINE ( 'NONE', #1015, #717 ) ;
#773 = ORIENTED_EDGE ( 'NONE', *, *, #2549, .T. ) ;
#774 = FACE_OUTER_BOUND ( 'NONE', #2961, .T. ) ;
#775 = EDGE_CURVE ( 'NONE', #2072, #1902, #1002, .T. ) ;
#776 = CYLINDRICAL_SURFACE ( 'NONE', #719, 0.08940944881889766049 ) ;
#777 = DIRECTION ( 'NONE',  ( -0.7071067811865520136, 0.7071067811865430208, 0.000000000000000000 ) ) ;
#778 = ORIENTED_EDGE ( 'NONE', *, *, #1427, .T. ) ;
#779 = ORIENTED_EDGE ( 'NONE', *, *, #1114, .F. ) ;
#780 = AXIS2_PLACEMENT_3D ( 'NONE', #2090, #2135, #38 ) ;
#781 = DIRECTION ( 'NONE',  ( 1.000000000000000000, 0.000000000000000000, 0.000000000000000000 ) ) ;
#782 = EDGE_LOOP ( 'NONE', ( #987, #209 ) ) ;
#783 = AXIS2_PLACEMENT_3D ( 'NONE', #1405, #1886, #1677 ) ;
#784 = ADVANCED_FACE ( 'NONE', ( #544, #2822, #2616, #1028, #1932, #575, #1277, #2169, #2181, #1529, #1987, #1962, #1267, #2631 ), #1723, .F. ) ;
#785 = DIRECTION ( 'NONE',  ( 0.7071067811865469066, -0.7071067811865479058, 0.000000000000000000 ) ) ;
#786 = DIRECTION ( 'NONE',  ( 1.000000000000000000, 0.000000000000000000, 0.000000000000000000 ) ) ;
#787 = ORIENTED_EDGE ( 'NONE', *, *, #2956, .F. ) ;
#788 = DIRECTION ( 'NONE',  ( -0.7071067811865520136, 0.7071067811865430208, 0.000000000000000000 ) ) ;
#789 = ADVANCED_FACE ( 'NONE', ( #109 ), #1038, .T. ) ;
#790 = DIRECTION ( 'NONE',  ( 1.000000000000000000, 0.000000000000000000, 0.000000000000000000 ) ) ;
#791 = ADVANCED_FACE ( 'NONE', ( #364 ), #2864, .F. ) ;
#792 = EDGE_LOOP ( 'NONE', ( #2884, #2934, #1086, #2710 ) ) ;
#793 = ORIENTED_EDGE ( 'NONE', *, *, #836, .F. ) ;
#794 = CYLINDRICAL_SURFACE ( 'NONE', #1216, 0.09842519685039365085 ) ;
#795 = VERTEX_POINT ( 'NONE', #614 ) ;
#796 = CARTESIAN_POINT ( 'NONE',  ( 1.000000000000000000, 0.000000000000000000, 0.05905511811023622659 ) ) ;
#797 = CARTESIAN_POINT ( 'NONE',  ( 0.5217683341175440859, -0.2114661661648752078, -0.05905511811023622659 ) ) ;
#798 = CYLINDRICAL_SURFACE ( 'NONE', #2610, 0.6953740157480315931 ) ;
#799 = ORIENTED_EDGE ( 'NONE', *, *, #1983, .T. ) ;
#800 = CARTESIAN_POINT ( 'NONE',  ( 0.07774909511908779935, -0.5575977153185173174, -0.05905511811023622659 ) ) ;
#801 = EDGE_CURVE ( 'NONE', #2791, #2606, #576, .T. ) ;
#802 = CIRCLE ( 'NONE', #2944, 0.5629921259842519676 ) ;
#803 = CARTESIAN_POINT ( 'NONE',  ( -0.2394419572107342464, -0.5566512422520094594, -0.05905511811023622659 ) ) ;
#804 = FACE_OUTER_BOUND ( 'NONE', #234, .T. ) ;
#805 = AXIS2_PLACEMENT_3D ( 'NONE', #1951, #2850, #821 ) ;
#806 = ORIENTED_EDGE ( 'NONE', *, *, #1363, .F. ) ;
#807 = VERTEX_POINT ( 'NONE', #378 ) ;
#808 = EDGE_CURVE ( 'NONE', #2637, #1063, #1717, .T. ) ;
#809 = FACE_OUTER_BOUND ( 'NONE', #2437, .T. ) ;
#810 = EDGE_LOOP ( 'NONE', ( #281, #1369, #1274, #1288 ) ) ;
#811 = CLOSED_SHELL ( 'NONE', ( #153, #1637, #2590, #1463, #48, #979, #1215, #474, #1404, #2693, #2937, #2732, #735, #959, #31, #212, #713, #1648, #2083, #255, #1303, #1043, #597, #885, #2859, #451, #1162, #791, #342, #878, #2077, #900, #1956, #2647, #2066, #547, #2501, #2302, #2642, #2439, #2900, #2166, #2264, #858, #2474, #1285, #2854, #172, #2339, #19, #1851, #1885, #2681, #2133, #1509, #1970, #263, #789, #300, #1719, #718, #1321, #1594, #680, #784, #1750, #304, #1195, #2357, #1497, #1444, #2876, #1103, #2338, #945, #1316, #2042, #1790, #1178, #2514, #337, #392, #30 ) ) ;
#812 = AXIS2_PLACEMENT_3D ( 'NONE', #2137, #82, #1919 ) ;
#813 = CARTESIAN_POINT ( 'NONE',  ( 1.026436535528801208, 0.7271882818138385440, 0.05905511811023622659 ) ) ;
#814 = AXIS2_PLACEMENT_3D ( 'NONE', #1629, #499, #2534 ) ;
#815 = APPROVAL_PERSON_ORGANIZATION ( #705, #1731, #1846 ) ;
#816 = EDGE_LOOP ( 'NONE', ( #742, #2892 ) ) ;
#817 = CARTESIAN_POINT ( 'NONE',  ( 0.000000000000000000, 0.000000000000000000, -0.05905511811023622659 ) ) ;
#818 = AXIS2_PLACEMENT_3D ( 'NONE', #325, #310, #2335 ) ;
#819 = AXIS2_PLACEMENT_3D ( 'NONE', #2545, #1412, #2955 ) ;
#820 = LINE ( 'NONE', #1084, #1526 ) ;
#821 = DIRECTION ( 'NONE',  ( 1.000000000000000000, 0.000000000000000000, 0.000000000000000000 ) ) ;
#822 = ORIENTED_EDGE ( 'NONE', *, *, #441, .F. ) ;
#823 = ORIENTED_EDGE ( 'NONE', *, *, #1300, .T. ) ;
#824 = FACE_OUTER_BOUND ( 'NONE', #2111, .T. ) ;
#825 = LINE ( 'NONE', #2256, #651 ) ;
#826 = AXIS2_PLACEMENT_3D ( 'NONE', #695, #2020, #2293 ) ;
#827 = EDGE_CURVE ( 'NONE', #1461, #724, #2851, .T. ) ;
#828 = EDGE_LOOP ( 'NONE', ( #1211, #2814, #562, #406 ) ) ;
#829 = DIRECTION ( 'NONE',  ( 0.000000000000000000, 0.000000000000000000, 1.000000000000000000 ) ) ;
#830 = AXIS2_PLACEMENT_3D ( 'NONE', #148, #103, #92 ) ;
#831 = ORIENTED_EDGE ( 'NONE', *, *, #1029, .T. ) ;
#832 = CARTESIAN_POINT ( 'NONE',  ( 1.000000000000000000, -1.500000000000000222, 0.05905511811023622659 ) ) ;
#833 = FACE_OUTER_BOUND ( 'NONE', #1734, .T. ) ;
#834 = FACE_OUTER_BOUND ( 'NONE', #1080, .T. ) ;
#835 = DIRECTION ( 'NONE',  ( 0.000000000000000000, 0.000000000000000000, 1.000000000000000000 ) ) ;
#836 = EDGE_CURVE ( 'NONE', #1671, #1961, #1947, .T. ) ;
#837 = VERTEX_POINT ( 'NONE', #2005 ) ;
#838 = ORIENTED_EDGE ( 'NONE', *, *, #1685, .T. ) ;
#839 = DIRECTION ( 'NONE',  ( 1.000000000000000000, 0.000000000000000000, 0.000000000000000000 ) ) ;
#840 = DIRECTION ( 'NONE',  ( 1.000000000000000000, 0.000000000000000000, 0.000000000000000000 ) ) ;
#841 = EDGE_CURVE ( 'NONE', #57, #1226, #671, .T. ) ;
#842 = ORIENTED_EDGE ( 'NONE', *, *, #1114, .T. ) ;
#843 = DIRECTION ( 'NONE',  ( 0.000000000000000000, 0.000000000000000000, 1.000000000000000000 ) ) ;
#844 = ORIENTED_EDGE ( 'NONE', *, *, #319, .F. ) ;
#845 = CARTESIAN_POINT ( 'NONE',  ( 0.3623531382330468231, 0.4856884388023613996, -0.05905511811023622659 ) ) ;
#846 = EDGE_CURVE ( 'NONE', #86, #1314, #1864, .T. ) ;
#847 = DIRECTION ( 'NONE',  ( 0.000000000000000000, 0.000000000000000000, 1.000000000000000000 ) ) ;
#848 = DIRECTION ( 'NONE',  ( 0.000000000000000000, 0.000000000000000000, 1.000000000000000000 ) ) ;
#849 = CARTESIAN_POINT ( 'NONE',  ( -0.08906077290897067289, -0.6387223339702775560, -0.05905511811023622659 ) ) ;
#850 = CIRCLE ( 'NONE', #266, 0.08940944881889766049 ) ;
#851 = DIRECTION ( 'NONE',  ( 1.000000000000000000, 0.000000000000000000, 0.000000000000000000 ) ) ;
#852 = ORIENTED_EDGE ( 'NONE', *, *, #2116, .T. ) ;
#853 = AXIS2_PLACEMENT_3D ( 'NONE', #2950, #2498, #2229 ) ;
#854 = FACE_OUTER_BOUND ( 'NONE', #1743, .T. ) ;
#855 = LINE ( 'NONE', #2441, #2374 ) ;
#856 = AXIS2_PLACEMENT_3D ( 'NONE', #849, #1994, #1741 ) ;
#857 = ORIENTED_EDGE ( 'NONE', *, *, #250, .F. ) ;
#858 = ADVANCED_FACE ( 'NONE', ( #1500 ), #1738, .F. ) ;
#859 = DIRECTION ( 'NONE',  ( 1.000000000000000000, 0.000000000000000000, 0.000000000000000000 ) ) ;
#860 = ORIENTED_EDGE ( 'NONE', *, *, #132, .T. ) ;
#861 = CARTESIAN_POINT ( 'NONE',  ( 0.6017950954437736311, 0.07096280344964527032, -0.05905511811023622659 ) ) ;
#862 = AXIS2_PLACEMENT_3D ( 'NONE', #626, #1527, #1540 ) ;
#863 = DIRECTION ( 'NONE',  ( 0.000000000000000000, 0.000000000000000000, 1.000000000000000000 ) ) ;
#864 = AXIS2_PLACEMENT_3D ( 'NONE', #2249, #2648, #366 ) ;
#865 = EDGE_CURVE ( 'NONE', #2737, #2945, #1525, .T. ) ;
#866 = EDGE_CURVE ( 'NONE', #1665, #795, #2406, .T. ) ;
#867 = AXIS2_PLACEMENT_3D ( 'NONE', #1695, #1237, #760 ) ;
#868 = DIRECTION ( 'NONE',  ( 0.000000000000000000, 0.000000000000000000, 1.000000000000000000 ) ) ;
#869 = LINE ( 'NONE', #1964, #1904 ) ;
#870 = CARTESIAN_POINT ( 'NONE',  ( 0.000000000000000000, 0.000000000000000000, 0.05905511811023622659 ) ) ;
#871 = VECTOR ( 'NONE', #2579, 39.37007874015748143 ) ;
#872 = DIRECTION ( 'NONE',  ( 1.000000000000000000, 0.000000000000000000, 0.000000000000000000 ) ) ;
#873 = DIRECTION ( 'NONE',  ( 0.000000000000000000, 0.000000000000000000, 1.000000000000000000 ) ) ;
#874 = DIRECTION ( 'NONE',  ( 1.000000000000000000, 0.000000000000000000, 0.000000000000000000 ) ) ;
#875 = ORIENTED_EDGE ( 'NONE', *, *, #600, .F. ) ;
#876 = ORIENTED_EDGE ( 'NONE', *, *, #1533, .F. ) ;
#877 = DATE_AND_TIME ( #639, #2578 ) ;
#878 = ADVANCED_FACE ( 'NONE', ( #1782 ), #1295, .F. ) ;
#879 = ORIENTED_EDGE ( 'NONE', *, *, #939, .T. ) ;
#880 = DIRECTION ( 'NONE',  ( 1.000000000000000000, 0.000000000000000000, 0.000000000000000000 ) ) ;
#881 = CARTESIAN_POINT ( 'NONE',  ( 0.5996475525636968396, -0.1603464574232736084, -0.05905511811023622659 ) ) ;
#882 = CARTESIAN_POINT ( 'NONE',  ( 0.8055319780369409877, -0.7071067811865472397, 0.05905511811023622659 ) ) ;
#883 = CARTESIAN_POINT ( 'NONE',  ( -1.489999999999999991, -2.000000000000000000, -0.05905511811023622659 ) ) ;
#884 = LINE ( 'NONE', #1584, #412 ) ;
#885 = ADVANCED_FACE ( 'NONE', ( #1974 ), #2878, .F. ) ;
#886 = ORIENTED_EDGE ( 'NONE', *, *, #1102, .F. ) ;
#887 = CARTESIAN_POINT ( 'NONE',  ( 1.401574803149606252, -1.500000000000000222, 0.05905511811023622659 ) ) ;
#888 = EDGE_CURVE ( 'NONE', #923, #2300, #452, .T. ) ;
#889 = EDGE_CURVE ( 'NONE', #2606, #2723, #973, .T. ) ;
#890 = DIRECTION ( 'NONE',  ( 0.000000000000000000, 0.000000000000000000, 1.000000000000000000 ) ) ;
#891 = ORIENTED_EDGE ( 'NONE', *, *, #757, .T. ) ;
#892 = ORIENTED_EDGE ( 'NONE', *, *, #846, .F. ) ;
#893 = ORIENTED_EDGE ( 'NONE', *, *, #2860, .F. ) ;
#894 = CARTESIAN_POINT ( 'NONE',  ( 0.2650640646776499798, -1.360078740157480315, 0.05905511811023622659 ) ) ;
#895 = DIRECTION ( 'NONE',  ( 0.000000000000000000, 0.000000000000000000, -1.000000000000000000 ) ) ;
#896 = DIRECTION ( 'NONE',  ( 1.000000000000000000, 0.000000000000000000, 0.000000000000000000 ) ) ;
#897 = DIRECTION ( 'NONE',  ( 1.000000000000000000, 0.000000000000000000, 0.000000000000000000 ) ) ;
#898 = VERTEX_POINT ( 'NONE', #2724 ) ;
#899 = CARTESIAN_POINT ( 'NONE',  ( -0.5976801536372322587, -0.2422322751652960793, 0.05905511811023622659 ) ) ;
#900 = ADVANCED_FACE ( 'NONE', ( #240 ), #1861, .F. ) ;
#901 = DIRECTION ( 'NONE',  ( 1.000000000000000000, 0.000000000000000000, 0.000000000000000000 ) ) ;
#902 = ORIENTED_EDGE ( 'NONE', *, *, #1268, .T. ) ;
#903 = AXIS2_PLACEMENT_3D ( 'NONE', #6, #2745, #703 ) ;
#904 = PLANE ( 'NONE',  #2887 ) ;
#905 = LINE ( 'NONE', #2032, #2755 ) ;
#906 = AXIS2_PLACEMENT_3D ( 'NONE', #586, #2862, #2644 ) ;
#907 = ORIENTED_EDGE ( 'NONE', *, *, #1545, .T. ) ;
#908 = ORIENTED_EDGE ( 'NONE', *, *, #2424, .T. ) ;
#909 = EDGE_CURVE ( 'NONE', #1606, #563, #1358, .T. ) ;
#910 = APPROVAL_DATE_TIME ( #1795, #2838 ) ;
#911 = VERTEX_POINT ( 'NONE', #205 ) ;
#912 = VECTOR ( 'NONE', #1817, 39.37007874015748143 ) ;
#913 = DIRECTION ( 'NONE',  ( 0.000000000000000000, 0.000000000000000000, 1.000000000000000000 ) ) ;
#914 = CARTESIAN_POINT ( 'NONE',  ( -0.4440192389984519705, 0.3461315491536468558, -0.05905511811023622659 ) ) ;
#915 = CARTESIAN_POINT ( 'NONE',  ( -0.6905893430319095527, -0.08143329213717696857, -0.05905511811023622659 ) ) ;
#916 = ORIENTED_EDGE ( 'NONE', *, *, #1064, .T. ) ;
#917 = DIRECTION ( 'NONE',  ( 0.000000000000000000, 0.000000000000000000, 1.000000000000000000 ) ) ;
#918 = AXIS2_PLACEMENT_3D ( 'NONE', #142, #601, #2849 ) ;
#919 = CIRCLE ( 'NONE', #2238, 0.09842519685039365085 ) ;
#920 = FACE_OUTER_BOUND ( 'NONE', #1175, .T. ) ;
#921 = DIRECTION ( 'NONE',  ( 1.000000000000000000, 0.000000000000000000, 0.000000000000000000 ) ) ;
#922 = CARTESIAN_POINT ( 'NONE',  ( 0.7071067811865472397, -0.7071067811865472397, 0.05905511811023622659 ) ) ;
#923 = VERTEX_POINT ( 'NONE', #2304 ) ;
#924 = EDGE_LOOP ( 'NONE', ( #201, #822, #104, #1074 ) ) ;
#925 = DIRECTION ( 'NONE',  ( 0.000000000000000000, 0.000000000000000000, 1.000000000000000000 ) ) ;
#926 = COORDINATED_UNIVERSAL_TIME_OFFSET ( 6, 0, .BEHIND. ) ;
#927 = EDGE_CURVE ( 'NONE', #1483, #483, #2243, .T. ) ;
#928 = ORIENTED_EDGE ( 'NONE', *, *, #1098, .F. ) ;
#929 = LINE ( 'NONE', #2541, #1876 ) ;
#930 = CARTESIAN_POINT ( 'NONE',  ( 0.09842519685039370636, -1.000000000000000000, -0.05905511811023622659 ) ) ;
#931 = ORIENTED_EDGE ( 'NONE', *, *, #479, .T. ) ;
#932 = AXIS2_PLACEMENT_3D ( 'NONE', #845, #1749, #2658 ) ;
#933 = CARTESIAN_POINT ( 'NONE',  ( -0.4267099319093637932, 0.3964900588049866115, 0.05905511811023622659 ) ) ;
#934 = DIRECTION ( 'NONE',  ( 1.000000000000000000, 0.000000000000000000, 0.000000000000000000 ) ) ;
#935 = CARTESIAN_POINT ( 'NONE',  ( 1.500000000000000222, -1.500000000000000222, -0.05905511811023622659 ) ) ;
#936 = CARTESIAN_POINT ( 'NONE',  ( 0.6017950954437736311, -0.07096280344964527032, -0.05905511811023622659 ) ) ;
#937 = VERTEX_POINT ( 'NONE', #11 ) ;
#938 = FACE_OUTER_BOUND ( 'NONE', #2400, .T. ) ;
#939 = EDGE_CURVE ( 'NONE', #1883, #2442, #2919, .T. ) ;
#940 = CARTESIAN_POINT ( 'NONE',  ( 0.4517625870519448861, 0.4856884388023613996, -0.05905511811023622659 ) ) ;
#941 = DIRECTION ( 'NONE',  ( 1.000000000000000000, 0.000000000000000000, 0.000000000000000000 ) ) ;
#942 = LINE ( 'NONE', #2513, #2178 ) ;
#943 = EDGE_LOOP ( 'NONE', ( #1388, #734, #766, #2491, #598, #2426, #1534, #2779, #955, #1077, #1926, #294, #96, #2239, #1294, #580, #276, #708, #1183, #2927, #2888, #1287, #1587, #387, #346, #1109, #1943, #1406, #1142, #773, #93, #838, #1350, #2121, #1986, #1971, #2296, #610, #2813, #2651, #1372 ) ) ;
#944 = DIRECTION ( 'NONE',  ( 0.000000000000000000, 0.000000000000000000, 1.000000000000000000 ) ) ;
#945 = ADVANCED_FACE ( 'NONE', ( #709 ), #1176, .F. ) ;
#946 = DIRECTION ( 'NONE',  ( 0.000000000000000000, 0.000000000000000000, 1.000000000000000000 ) ) ;
#947 = ORIENTED_EDGE ( 'NONE', *, *, #551, .T. ) ;
#948 = VECTOR ( 'NONE', #1595, 39.37007874015748143 ) ;
#949 = ORIENTED_EDGE ( 'NONE', *, *, #1697, .F. ) ;
#950 = CARTESIAN_POINT ( 'NONE',  ( -0.4267099319093700660, -0.3964900588049795616, -0.05905511811023622659 ) ) ;
#951 = CIRCLE ( 'NONE', #407, 0.08190944881889759832 ) ;
#952 = DIRECTION ( 'NONE',  ( 0.000000000000000000, 0.000000000000000000, 1.000000000000000000 ) ) ;
#953 = DIRECTION ( 'NONE',  ( 1.000000000000000000, 0.000000000000000000, 0.000000000000000000 ) ) ;
#954 = AXIS2_PLACEMENT_3D ( 'NONE', #211, #835, #2436 ) ;
#955 = ORIENTED_EDGE ( 'NONE', *, *, #1122, .T. ) ;
#956 = CARTESIAN_POINT ( 'NONE',  ( 1.489999999999999991, -2.000000000000000000, 0.05905511811023622659 ) ) ;
#957 = CARTESIAN_POINT ( 'NONE',  ( 0.000000000000000000, 0.000000000000000000, -0.05905511811023622659 ) ) ;
#958 = EDGE_CURVE ( 'NONE', #1711, #2130, #583, .T. ) ;
#959 = ADVANCED_FACE ( 'NONE', ( #1847 ), #413, .F. ) ;
#960 = DIRECTION ( 'NONE',  ( 1.000000000000000000, 0.000000000000000000, 0.000000000000000000 ) ) ;
#961 = AXIS2_PLACEMENT_3D ( 'NONE', #438, #2618, #1653 ) ;
#962 = AXIS2_PLACEMENT_3D ( 'NONE', #1181, #917, #456 ) ;
#963 = VERTEX_POINT ( 'NONE', #2947 ) ;
#964 = AXIS2_PLACEMENT_3D ( 'NONE', #1921, #1893, #2796 ) ;
#965 = DIRECTION ( 'NONE',  ( 1.000000000000000000, 0.000000000000000000, 0.000000000000000000 ) ) ;
#966 = VECTOR ( 'NONE', #669, 39.37007874015748143 ) ;
#967 = ORIENTED_EDGE ( 'NONE', *, *, #2608, .T. ) ;
#968 = CARTESIAN_POINT ( 'NONE',  ( 5.463695987328527423E-16, -1.000000000000000000, 0.05905511811023622659 ) ) ;
#969 = CARTESIAN_POINT ( 'NONE',  ( 5.463695987328527423E-16, -1.000000000000000000, 0.05905511811023622659 ) ) ;
#970 = ORIENTED_EDGE ( 'NONE', *, *, #1767, .F. ) ;
#971 = FACE_OUTER_BOUND ( 'NONE', #605, .T. ) ;
#972 = DIRECTION ( 'NONE',  ( 1.000000000000000000, 0.000000000000000000, 0.000000000000000000 ) ) ;
#973 = CIRCLE ( 'NONE', #2396, 0.08190944881889759832 ) ;
#974 = DIRECTION ( 'NONE',  ( 0.000000000000000000, 0.000000000000000000, 1.000000000000000000 ) ) ;
#975 = EDGE_CURVE ( 'NONE', #1461, #1796, #678, .T. ) ;
#976 = AXIS2_PLACEMENT_3D ( 'NONE', #1414, #248, #1174 ) ;
#977 = ORIENTED_EDGE ( 'NONE', *, *, #505, .T. ) ;
#978 = ORIENTED_EDGE ( 'NONE', *, *, #530, .T. ) ;
#979 = ADVANCED_FACE ( 'NONE', ( #1607 ), #188, .F. ) ;
#980 = EDGE_CURVE ( 'NONE', #1425, #533, #2774, .T. ) ;
#981 = DIRECTION ( 'NONE',  ( 1.000000000000000000, 0.000000000000000000, 0.000000000000000000 ) ) ;
#982 = CARTESIAN_POINT ( 'NONE',  ( -0.7071067811865472397, 0.7071067811865472397, 0.05905511811023622659 ) ) ;
#983 = ORIENTED_EDGE ( 'NONE', *, *, #672, .T. ) ;
#984 = DIRECTION ( 'NONE',  ( 0.7071067811865460184, 0.7071067811865490160, 0.000000000000000000 ) ) ;
#985 = DIRECTION ( 'NONE',  ( 1.000000000000000000, 0.000000000000000000, 0.000000000000000000 ) ) ;
#986 = CARTESIAN_POINT ( 'NONE',  ( -2.731847993664263711E-16, 1.000000000000000000, 0.05905511811023622659 ) ) ;
#987 = ORIENTED_EDGE ( 'NONE', *, *, #958, .F. ) ;
#988 = DIRECTION ( 'NONE',  ( 0.000000000000000000, 0.000000000000000000, 1.000000000000000000 ) ) ;
#989 = DIRECTION ( 'NONE',  ( -0.9015909019348540276, 0.4325896965350614631, 0.000000000000000000 ) ) ;
#990 = CARTESIAN_POINT ( 'NONE',  ( -0.4158179712205519740, -0.5573512685798496236, -0.05905511811023622659 ) ) ;
#991 = EDGE_CURVE ( 'NONE', #714, #146, #2012, .T. ) ;
#992 = EDGE_LOOP ( 'NONE', ( #1021, #2763, #2187, #2752 ) ) ;
#993 = ORIENTED_EDGE ( 'NONE', *, *, #1415, .F. ) ;
#994 = CARTESIAN_POINT ( 'NONE',  ( -0.5976801536372322587, -0.2422322751652960793, -0.05905511811023622659 ) ) ;
#995 = EDGE_CURVE ( 'NONE', #2174, #1897, #2489, .T. ) ;
#996 = VERTEX_POINT ( 'NONE', #950 ) ;
#997 = DIRECTION ( 'NONE',  ( 1.000000000000000000, 0.000000000000000000, 0.000000000000000000 ) ) ;
#998 = VECTOR ( 'NONE', #2689, 39.37007874015748143 ) ;
#999 = CARTESIAN_POINT ( 'NONE',  ( -0.5086193807282614054, 0.3964900588049866115, 0.05905511811023622659 ) ) ;
#1000 = EDGE_LOOP ( 'NONE', ( #2863, #1430 ) ) ;
#1001 = CIRCLE ( 'NONE', #2655, 0.6953740157480315931 ) ;
#1002 = LINE ( 'NONE', #2811, #41 ) ;
#1003 = VECTOR ( 'NONE', #2518, 39.37007874015748143 ) ;
#1004 = DIRECTION ( 'NONE',  ( 1.000000000000000000, 0.000000000000000000, 0.000000000000000000 ) ) ;
#1005 = ORIENTED_EDGE ( 'NONE', *, *, #2250, .F. ) ;
#1006 = AXIS2_PLACEMENT_3D ( 'NONE', #1417, #308, #525 ) ;
#1007 = VERTEX_POINT ( 'NONE', #2481 ) ;
#1008 = CYLINDRICAL_SURFACE ( 'NONE', #2780, 0.08190944881889759832 ) ;
#1009 = AXIS2_PLACEMENT_3D ( 'NONE', #817, #1096, #589 ) ;
#1010 = AXIS2_PLACEMENT_3D ( 'NONE', #803, #1910, #59 ) ;
#1011 = CC_DESIGN_APPROVAL ( #1731, ( #368 ) ) ;
#1012 = ORIENTED_EDGE ( 'NONE', *, *, #633, .T. ) ;
#1013 = CARTESIAN_POINT ( 'NONE',  ( -0.4440192389984519705, 0.3461315491536468558, 0.05905511811023622659 ) ) ;
#1014 = EDGE_CURVE ( 'NONE', #487, #1439, #1556, .T. ) ;
#1015 = CARTESIAN_POINT ( 'NONE',  ( -0.4625988462982228433, -0.4625988462982212335, -0.05905511811023622659 ) ) ;
#1016 = ORIENTED_EDGE ( 'NONE', *, *, #2119, .T. ) ;
#1017 = CYLINDRICAL_SURFACE ( 'NONE', #2478, 0.09842519685039365085 ) ;
#1018 = EDGE_CURVE ( 'NONE', #1520, #1883, #2460, .T. ) ;
#1019 = CYLINDRICAL_SURFACE ( 'NONE', #768, 0.08940944881889766049 ) ;
#1020 = ORIENTED_EDGE ( 'NONE', *, *, #1253, .F. ) ;
#1021 = ORIENTED_EDGE ( 'NONE', *, *, #1969, .F. ) ;
#1022 = DIRECTION ( 'NONE',  ( 1.000000000000000000, 0.000000000000000000, 0.000000000000000000 ) ) ;
#1023 = ORIENTED_EDGE ( 'NONE', *, *, #1196, .T. ) ;
#1024 = FACE_OUTER_BOUND ( 'NONE', #1716, .T. ) ;
#1025 = EDGE_CURVE ( 'NONE', #1829, #118, #929, .T. ) ;
#1026 = DIRECTION ( 'NONE',  ( 0.000000000000000000, 0.000000000000000000, 1.000000000000000000 ) ) ;
#1027 = ORIENTED_EDGE ( 'NONE', *, *, #698, .F. ) ;
#1028 = FACE_BOUND ( 'NONE', #422, .T. ) ;
#1029 = EDGE_CURVE ( 'NONE', #233, #1678, #539, .T. ) ;
#1030 = FACE_OUTER_BOUND ( 'NONE', #2852, .T. ) ;
#1031 = ORIENTED_EDGE ( 'NONE', *, *, #132, .F. ) ;
#1032 = ORIENTED_EDGE ( 'NONE', *, *, #43, .T. ) ;
#1033 = DIRECTION ( 'NONE',  ( 1.000000000000000000, 0.000000000000000000, 0.000000000000000000 ) ) ;
#1034 = ORIENTED_EDGE ( 'NONE', *, *, #1029, .F. ) ;
#1035 = FACE_OUTER_BOUND ( 'NONE', #2288, .T. ) ;
#1036 = LINE ( 'NONE', #1944, #1823 ) ;
#1037 = VERTEX_POINT ( 'NONE', #2584 ) ;
#1038 = PLANE ( 'NONE',  #1869 ) ;
#1039 = VECTOR ( 'NONE', #741, 39.37007874015748143 ) ;
#1040 = DIRECTION ( 'NONE',  ( 1.000000000000000000, 0.000000000000000000, 0.000000000000000000 ) ) ;
#1041 = CARTESIAN_POINT ( 'NONE',  ( 0.000000000000000000, 0.000000000000000000, 0.05905511811023622659 ) ) ;
#1042 = AXIS2_PLACEMENT_3D ( 'NONE', #957, #517, #981 ) ;
#1043 = ADVANCED_FACE ( 'NONE', ( #1207 ), #1640, .F. ) ;
#1044 = AXIS2_PLACEMENT_3D ( 'NONE', #894, #2279, #221 ) ;
#1045 = VERTEX_POINT ( 'NONE', #1232 ) ;
#1046 = ORIENTED_EDGE ( 'NONE', *, *, #1241, .T. ) ;
#1047 = DIRECTION ( 'NONE',  ( 0.000000000000000000, 0.000000000000000000, 1.000000000000000000 ) ) ;
#1048 = ORIENTED_EDGE ( 'NONE', *, *, #2138, .F. ) ;
#1049 = AXIS2_PLACEMENT_3D ( 'NONE', #1704, #2404, #350 ) ;
#1050 = FACE_OUTER_BOUND ( 'NONE', #924, .T. ) ;
#1051 = EDGE_LOOP ( 'NONE', ( #2686, #1202, #2773, #217 ) ) ;
#1052 = CARTESIAN_POINT ( 'NONE',  ( 0.3623531382330468231, 0.4856884388023613996, -0.05905511811023622659 ) ) ;
#1053 = VECTOR ( 'NONE', #2156, 39.37007874015748143 ) ;
#1054 = EDGE_CURVE ( 'NONE', #2923, #1884, #496, .T. ) ;
#1055 = AXIS2_PLACEMENT_3D ( 'NONE', #230, #1170, #1602 ) ;
#1056 = CARTESIAN_POINT ( 'NONE',  ( -1.500000000000000222, -1.500000000000000222, 0.05905511811023622659 ) ) ;
#1057 = EDGE_CURVE ( 'NONE', #2307, #427, #1832, .T. ) ;
#1058 = ORIENTED_EDGE ( 'NONE', *, *, #1156, .T. ) ;
#1059 = VERTEX_POINT ( 'NONE', #1013 ) ;
#1060 = CARTESIAN_POINT ( 'NONE',  ( -0.6086815843361536027, 0.7071067811865472397, -0.05905511811023622659 ) ) ;
#1061 = DIRECTION ( 'NONE',  ( 1.000000000000000000, 0.000000000000000000, 0.000000000000000000 ) ) ;
#1062 = VECTOR ( 'NONE', #2738, 39.37007874015748143 ) ;
#1063 = VERTEX_POINT ( 'NONE', #1187 ) ;
#1064 = EDGE_CURVE ( 'NONE', #463, #1045, #2314, .T. ) ;
#1065 = CARTESIAN_POINT ( 'NONE',  ( 1.000000000000000000, -1.500000000000000222, -0.05905511811023622659 ) ) ;
#1066 = CIRCLE ( 'NONE', #783, 0.09842519685039365085 ) ;
#1067 = ORIENTED_EDGE ( 'NONE', *, *, #1969, .T. ) ;
#1068 = DIRECTION ( 'NONE',  ( 1.000000000000000000, 0.000000000000000000, 0.000000000000000000 ) ) ;
#1069 = CARTESIAN_POINT ( 'NONE',  ( 0.1609596707464604204, 0.5994832425489606820, 0.05905511811023622659 ) ) ;
#1070 = CARTESIAN_POINT ( 'NONE',  ( 1.500000000000000222, -1.500000000000000222, 0.05905511811023622659 ) ) ;
#1071 = CARTESIAN_POINT ( 'NONE',  ( 0.09842519685039370636, 1.000000000000000000, 0.05905511811023622659 ) ) ;
#1072 = FACE_OUTER_BOUND ( 'NONE', #2715, .T. ) ;
#1073 = ORIENTED_EDGE ( 'NONE', *, *, #25, .T. ) ;
#1074 = ORIENTED_EDGE ( 'NONE', *, *, #13, .T. ) ;
#1075 = DIRECTION ( 'NONE',  ( -0.7071067811865470176, 0.7071067811865480168, 0.000000000000000000 ) ) ;
#1076 = DIRECTION ( 'NONE',  ( 0.000000000000000000, 0.000000000000000000, -1.000000000000000000 ) ) ;
#1077 = ORIENTED_EDGE ( 'NONE', *, *, #1079, .T. ) ;
#1078 = DIRECTION ( 'NONE',  ( 1.000000000000000000, 0.000000000000000000, 0.000000000000000000 ) ) ;
#1079 = EDGE_CURVE ( 'NONE', #1511, #2062, #730, .T. ) ;
#1080 = EDGE_LOOP ( 'NONE', ( #1551, #2217, #1410, #844 ) ) ;
#1081 = FACE_OUTER_BOUND ( 'NONE', #1145, .T. ) ;
#1082 = CARTESIAN_POINT ( 'NONE',  ( 0.000000000000000000, 0.000000000000000000, -0.05905511811023622659 ) ) ;
#1083 = CARTESIAN_POINT ( 'NONE',  ( 0.9015748031496063630, -1.500000000000000222, 0.05905511811023622659 ) ) ;
#1084 = CARTESIAN_POINT ( 'NONE',  ( 1.074802307403551094, -2.000000000000000000, 0.05905511811023622659 ) ) ;
#1085 = VECTOR ( 'NONE', #624, 39.37007874015748143 ) ;
#1086 = ORIENTED_EDGE ( 'NONE', *, *, #888, .T. ) ;
#1087 = EDGE_LOOP ( 'NONE', ( #124, #657 ) ) ;
#1088 = VECTOR ( 'NONE', #173, 39.37007874015748143 ) ;
#1089 = DIRECTION ( 'NONE',  ( 1.000000000000000000, 0.000000000000000000, 0.000000000000000000 ) ) ;
#1090 = EDGE_CURVE ( 'NONE', #2700, #2556, #1355, .T. ) ;
#1091 = ORIENTED_EDGE ( 'NONE', *, *, #1515, .F. ) ;
#1092 = VERTEX_POINT ( 'NONE', #2551 ) ;
#1093 = CARTESIAN_POINT ( 'NONE',  ( 0.07774909511908779935, -0.5575977153185173174, 0.05905511811023622659 ) ) ;
#1094 =( CONVERSION_BASED_UNIT ( 'INCH', #2720 ) LENGTH_UNIT ( ) NAMED_UNIT ( #111 ) );
#1095 = ORIENTED_EDGE ( 'NONE', *, *, #1284, .F. ) ;
#1096 = DIRECTION ( 'NONE',  ( 0.000000000000000000, 0.000000000000000000, 1.000000000000000000 ) ) ;
#1097 = CIRCLE ( 'NONE', #2188, 0.08190944881889759832 ) ;
#1098 = EDGE_CURVE ( 'NONE', #1606, #2615, #2152, .T. ) ;
#1099 = FACE_OUTER_BOUND ( 'NONE', #2671, .T. ) ;
#1100 = CIRCLE ( 'NONE', #1765, 0.09842519685039365085 ) ;
#1101 = CARTESIAN_POINT ( 'NONE',  ( -0.1609596707464480414, 0.5994832425489645678, 0.05905511811023622659 ) ) ;
#1102 = EDGE_CURVE ( 'NONE', #963, #1955, #523, .T. ) ;
#1103 = ADVANCED_FACE ( 'NONE', ( #2598 ), #1666, .F. ) ;
#1104 = DIRECTION ( 'NONE',  ( 0.000000000000000000, 0.000000000000000000, 1.000000000000000000 ) ) ;
#1105 = CIRCLE ( 'NONE', #2006, 0.6953740157480315931 ) ;
#1106 = ORIENTED_EDGE ( 'NONE', *, *, #370, .T. ) ;
#1107 = DIRECTION ( 'NONE',  ( 1.000000000000000000, 0.000000000000000000, 0.000000000000000000 ) ) ;
#1108 = CARTESIAN_POINT ( 'NONE',  ( -0.6905893430319095527, -0.08143329213717696857, 0.05905511811023622659 ) ) ;
#1109 = ORIENTED_EDGE ( 'NONE', *, *, #995, .T. ) ;
#1110 = ORIENTED_EDGE ( 'NONE', *, *, #494, .F. ) ;
#1111 = PERSON_AND_ORGANIZATION_ROLE ( 'creator' ) ;
#1112 = ORIENTED_EDGE ( 'NONE', *, *, #2922, .T. ) ;
#1113 = CARTESIAN_POINT ( 'NONE',  ( 0.5136248173426338770, 1.240000000000000213, 0.05905511811023622659 ) ) ;
#1114 = EDGE_CURVE ( 'NONE', #532, #483, #292, .T. ) ;
#1115 = CARTESIAN_POINT ( 'NONE',  ( 0.000000000000000000, 0.000000000000000000, -0.05905511811023622659 ) ) ;
#1116 = DIRECTION ( 'NONE',  ( 1.000000000000000000, 0.000000000000000000, 0.000000000000000000 ) ) ;
#1117 = CARTESIAN_POINT ( 'NONE',  ( 0.5086193807282646251, -0.3964900588049826702, -0.05905511811023622659 ) ) ;
#1118 = VECTOR ( 'NONE', #78, 39.37007874015748143 ) ;
#1119 = EDGE_LOOP ( 'NONE', ( #1524, #595, #428, #721 ) ) ;
#1120 = CYLINDRICAL_SURFACE ( 'NONE', #84, 0.08190944881889766771 ) ;
#1121 = CARTESIAN_POINT ( 'NONE',  ( -0.2747713718113543591, 0.6387845607170314910, -0.05905511811023622659 ) ) ;
#1122 = EDGE_CURVE ( 'NONE', #2723, #1511, #5, .T. ) ;
#1123 = DIRECTION ( 'NONE',  ( 1.000000000000000000, 0.000000000000000000, 0.000000000000000000 ) ) ;
#1124 = LINE ( 'NONE', #2013, #1085 ) ;
#1125 = DIRECTION ( 'NONE',  ( 0.000000000000000000, 0.000000000000000000, 1.000000000000000000 ) ) ;
#1126 = ORIENTED_EDGE ( 'NONE', *, *, #2640, .T. ) ;
#1127 = VERTEX_POINT ( 'NONE', #80 ) ;
#1128 = ORIENTED_EDGE ( 'NONE', *, *, #63, .T. ) ;
#1129 = CARTESIAN_POINT ( 'NONE',  ( 0.3623531382330401618, -0.4856884388023661736, 0.05905511811023622659 ) ) ;
#1130 = FACE_BOUND ( 'NONE', #1000, .T. ) ;
#1131 = DIRECTION ( 'NONE',  ( 0.000000000000000000, 0.000000000000000000, 1.000000000000000000 ) ) ;
#1132 = ORIENTED_EDGE ( 'NONE', *, *, #2372, .F. ) ;
#1133 = FACE_OUTER_BOUND ( 'NONE', #462, .T. ) ;
#1134 = LINE ( 'NONE', #2868, #1809 ) ;
#1135 = EDGE_CURVE ( 'NONE', #2945, #2737, #379, .T. ) ;
#1136 = DIRECTION ( 'NONE',  ( 1.000000000000000000, 0.000000000000000000, 0.000000000000000000 ) ) ;
#1137 = EDGE_CURVE ( 'NONE', #1242, #1255, #2065, .T. ) ;
#1138 = AXIS2_PLACEMENT_3D ( 'NONE', #402, #214, #2046 ) ;
#1139 = FACE_OUTER_BOUND ( 'NONE', #2358, .T. ) ;
#1140 = AXIS2_PLACEMENT_3D ( 'NONE', #167, #185, #2002 ) ;
#1141 = VERTEX_POINT ( 'NONE', #771 ) ;
#1142 = ORIENTED_EDGE ( 'NONE', *, *, #1668, .T. ) ;
#1143 = CIRCLE ( 'NONE', #1667, 0.08190944881889759832 ) ;
#1144 = COORDINATED_UNIVERSAL_TIME_OFFSET ( 6, 0, .BEHIND. ) ;
#1145 = EDGE_LOOP ( 'NONE', ( #77, #1027, #7, #448 ) ) ;
#1146 = CARTESIAN_POINT ( 'NONE',  ( 0.4517625870519378362, -0.4856884388023661736, -0.05905511811023622659 ) ) ;
#1147 = CARTESIAN_POINT ( 'NONE',  ( -0.3499725561193409162, -1.275170248715787436, -0.05905511811023622659 ) ) ;
#1148 = CIRCLE ( 'NONE', #1998, 0.09842519685039372024 ) ;
#1149 = EDGE_LOOP ( 'NONE', ( #1931, #138 ) ) ;
#1150 = DIRECTION ( 'NONE',  ( 0.000000000000000000, 0.000000000000000000, 1.000000000000000000 ) ) ;
#1151 = DIRECTION ( 'NONE',  ( 0.000000000000000000, 0.000000000000000000, 1.000000000000000000 ) ) ;
#1152 = EDGE_CURVE ( 'NONE', #807, #1678, #1597, .T. ) ;
#1153 = AXIS2_PLACEMENT_3D ( 'NONE', #2127, #72, #1004 ) ;
#1154 = DIRECTION ( 'NONE',  ( 0.000000000000000000, 0.000000000000000000, 1.000000000000000000 ) ) ;
#1155 = DIRECTION ( 'NONE',  ( 1.000000000000000000, 0.000000000000000000, 0.000000000000000000 ) ) ;
#1156 = EDGE_CURVE ( 'NONE', #563, #604, #307, .T. ) ;
#1157 = CARTESIAN_POINT ( 'NONE',  ( -1.489999999999999991, -2.000000000000000000, -0.05905511811023622659 ) ) ;
#1158 = ORIENTED_EDGE ( 'NONE', *, *, #1614, .F. ) ;
#1159 = DIRECTION ( 'NONE',  ( 0.000000000000000000, 0.000000000000000000, 1.000000000000000000 ) ) ;
#1160 = APPROVAL_STATUS ( 'not_yet_approved' ) ;
#1161 = CARTESIAN_POINT ( 'NONE',  ( -0.7071067811865472397, -0.7071067811865472397, 0.05905511811023622659 ) ) ;
#1162 = ADVANCED_FACE ( 'NONE', ( #1024 ), #1929, .T. ) ;
#1163 = DIRECTION ( 'NONE',  ( 0.000000000000000000, 0.000000000000000000, 1.000000000000000000 ) ) ;
#1164 = CARTESIAN_POINT ( 'NONE',  ( 0.000000000000000000, 0.000000000000000000, 0.05905511811023622659 ) ) ;
#1165 = LINE ( 'NONE', #14, #606 ) ;
#1166 = ORIENTED_EDGE ( 'NONE', *, *, #75, .T. ) ;
#1167 = AXIS2_PLACEMENT_3D ( 'NONE', #1445, #1656, #2346 ) ;
#1168 = DIRECTION ( 'NONE',  ( 0.000000000000000000, 0.000000000000000000, -1.000000000000000000 ) ) ;
#1169 = DIRECTION ( 'NONE',  ( 0.000000000000000000, 0.000000000000000000, -1.000000000000000000 ) ) ;
#1170 = DIRECTION ( 'NONE',  ( 0.000000000000000000, 0.000000000000000000, 1.000000000000000000 ) ) ;
#1171 = ORIENTED_EDGE ( 'NONE', *, *, #1279, .F. ) ;
#1172 = CC_DESIGN_DATE_AND_TIME_ASSIGNMENT ( #1354, #2277, ( #546 ) ) ;
#1173 = CC_DESIGN_PERSON_AND_ORGANIZATION_ASSIGNMENT ( #2051, #2962, ( #368 ) ) ;
#1174 = DIRECTION ( 'NONE',  ( 1.000000000000000000, 0.000000000000000000, 0.000000000000000000 ) ) ;
#1175 = EDGE_LOOP ( 'NONE', ( #1353, #1171, #1479, #2825 ) ) ;
#1176 = CYLINDRICAL_SURFACE ( 'NONE', #439, 0.09842519685039365085 ) ;
#1177 = DIRECTION ( 'NONE',  ( 1.000000000000000000, 0.000000000000000000, 0.000000000000000000 ) ) ;
#1178 = ADVANCED_FACE ( 'NONE', ( #1035 ), #2828, .F. ) ;
#1179 = CARTESIAN_POINT ( 'NONE',  ( 0.4625988462982228433, -0.4625988462982212335, 0.05905511811023622659 ) ) ;
#1180 = EDGE_LOOP ( 'NONE', ( #202, #1389, #416, #1317 ) ) ;
#1181 = CARTESIAN_POINT ( 'NONE',  ( 0.2394419572107303329, -0.5566512422520119019, -0.05905511811023622659 ) ) ;
#1182 = CYLINDRICAL_SURFACE ( 'NONE', #1487, 0.1200787401574803237 ) ;
#1183 = ORIENTED_EDGE ( 'NONE', *, *, #2815, .T. ) ;
#1184 = AXIS2_PLACEMENT_3D ( 'NONE', #2411, #1075, #360 ) ;
#1185 = CYLINDRICAL_SURFACE ( 'NONE', #491, 0.5629921259842519676 ) ;
#1186 = ORIENTED_EDGE ( 'NONE', *, *, #698, .T. ) ;
#1187 = CARTESIAN_POINT ( 'NONE',  ( -0.8055319780369409877, -0.7071067811865472397, -0.05905511811023622659 ) ) ;
#1188 = CIRCLE ( 'NONE', #2840, 0.09842519685039365085 ) ;
#1189 = LINE ( 'NONE', #2570, #2762 ) ;
#1190 = DIRECTION ( 'NONE',  ( 0.000000000000000000, 0.000000000000000000, 1.000000000000000000 ) ) ;
#1191 = AXIS2_PLACEMENT_3D ( 'NONE', #2742, #2270, #934 ) ;
#1192 = VERTEX_POINT ( 'NONE', #336 ) ;
#1193 = EDGE_CURVE ( 'NONE', #1505, #1682, #197, .T. ) ;
#1194 = FACE_OUTER_BOUND ( 'NONE', #2539, .T. ) ;
#1195 = ADVANCED_FACE ( 'NONE', ( #1485 ), #2524, .T. ) ;
#1196 = EDGE_CURVE ( 'NONE', #1242, #1833, #2804, .T. ) ;
#1197 = DIRECTION ( 'NONE',  ( 0.000000000000000000, 0.000000000000000000, 1.000000000000000000 ) ) ;
#1198 = CIRCLE ( 'NONE', #183, 0.08190944881889766771 ) ;
#1199 = VECTOR ( 'NONE', #1498, 39.37007874015748143 ) ;
#1200 = CIRCLE ( 'NONE', #668, 0.5629921259842519676 ) ;
#1201 = ORIENTED_EDGE ( 'NONE', *, *, #2499, .T. ) ;
#1202 = ORIENTED_EDGE ( 'NONE', *, *, #1054, .T. ) ;
#1203 = VECTOR ( 'NONE', #3, 39.37007874015748143 ) ;
#1204 = FACE_OUTER_BOUND ( 'NONE', #2910, .T. ) ;
#1205 = AXIS2_PLACEMENT_3D ( 'NONE', #1401, #489, #2757 ) ;
#1206 = ORIENTED_EDGE ( 'NONE', *, *, #144, .F. ) ;
#1207 = FACE_OUTER_BOUND ( 'NONE', #509, .T. ) ;
#1208 = CARTESIAN_POINT ( 'NONE',  ( 0.2747713718113677372, 0.6387845607170254958, 0.05905511811023622659 ) ) ;
#1209 = PLANE ( 'NONE',  #2890 ) ;
#1210 = EDGE_CURVE ( 'NONE', #483, #643, #1646, .T. ) ;
#1211 = ORIENTED_EDGE ( 'NONE', *, *, #2914, .T. ) ;
#1212 = CARTESIAN_POINT ( 'NONE',  ( -0.7071067811865472397, 0.7071067811865472397, -0.05905511811023622659 ) ) ;
#1213 = VECTOR ( 'NONE', #785, 39.37007874015748854 ) ;
#1214 = DIRECTION ( 'NONE',  ( 0.000000000000000000, 0.000000000000000000, 1.000000000000000000 ) ) ;
#1215 = ADVANCED_FACE ( 'NONE', ( #2132 ), #748, .F. ) ;
#1216 = AXIS2_PLACEMENT_3D ( 'NONE', #1941, #1480, #2149 ) ;
#1217 = EDGE_LOOP ( 'NONE', ( #2016, #1508, #1605, #2564 ) ) ;
#1218 = ORIENTED_EDGE ( 'NONE', *, *, #2224, .F. ) ;
#1219 = DIRECTION ( 'NONE',  ( 0.000000000000000000, 0.000000000000000000, 1.000000000000000000 ) ) ;
#1220 = ORIENTED_EDGE ( 'NONE', *, *, #2869, .T. ) ;
#1221 = CARTESIAN_POINT ( 'NONE',  ( 1.000000000000000000, -1.500000000000000222, 0.05905511811023622659 ) ) ;
#1222 = CARTESIAN_POINT ( 'NONE',  ( 1.745000000000000107, -1.745000000000000107, 0.05905511811023622659 ) ) ;
#1223 = ORIENTED_EDGE ( 'NONE', *, *, #524, .F. ) ;
#1224 = FACE_OUTER_BOUND ( 'NONE', #291, .T. ) ;
#1225 = CARTESIAN_POINT ( 'NONE',  ( 0.6017950954437736311, 0.07096280344964527032, -0.05905511811023622659 ) ) ;
#1226 = VERTEX_POINT ( 'NONE', #1441 ) ;
#1227 = EDGE_LOOP ( 'NONE', ( #2000, #1746 ) ) ;
#1228 = EDGE_CURVE ( 'NONE', #1230, #160, #1066, .T. ) ;
#1229 = DIRECTION ( 'NONE',  ( 0.000000000000000000, 0.000000000000000000, 1.000000000000000000 ) ) ;
#1230 = VERTEX_POINT ( 'NONE', #2582 ) ;
#1231 = EDGE_CURVE ( 'NONE', #216, #937, #686, .T. ) ;
#1232 = CARTESIAN_POINT ( 'NONE',  ( -1.489999999999999991, -2.000000000000000000, 0.05905511811023622659 ) ) ;
#1233 = VECTOR ( 'NONE', #1262, 39.37007874015748854 ) ;
#1234 = LINE ( 'NONE', #267, #2902 ) ;
#1235 = ORIENTED_EDGE ( 'NONE', *, *, #980, .F. ) ;
#1236 = VECTOR ( 'NONE', #508, 39.37007874015748143 ) ;
#1237 = DIRECTION ( 'NONE',  ( -1.000000000000000000, 0.000000000000000000, 0.000000000000000000 ) ) ;
#1238 = AXIS2_PLACEMENT_3D ( 'NONE', #2486, #457, #1380 ) ;
#1239 = APPLICATION_CONTEXT ( 'configuration controlled 3d designs of mechanical parts and assemblies' ) ;
#1240 = CYLINDRICAL_SURFACE ( 'NONE', #232, 0.08190944881889763995 ) ;
#1241 = EDGE_CURVE ( 'NONE', #2076, #1824, #502, .T. ) ;
#1242 = VERTEX_POINT ( 'NONE', #723 ) ;
#1243 = AXIS2_PLACEMENT_3D ( 'NONE', #1642, #2542, #2348 ) ;
#1244 = EDGE_LOOP ( 'NONE', ( #498, #1302, #2465, #2173 ) ) ;
#1245 = CARTESIAN_POINT ( 'NONE',  ( -0.5086193807282614054, 0.3964900588049866115, 0.05905511811023622659 ) ) ;
#1246 = AXIS2_PLACEMENT_3D ( 'NONE', #1976, #1311, #1754 ) ;
#1247 = LOCAL_TIME ( 14, 58, 58.00000000000000000, #1144 ) ;
#1248 = ORIENTED_EDGE ( 'NONE', *, *, #707, .F. ) ;
#1249 = AXIS2_PLACEMENT_3D ( 'NONE', #2420, #2688, #641 ) ;
#1250 = EDGE_LOOP ( 'NONE', ( #646, #591, #993, #2376 ) ) ;
#1251 = CARTESIAN_POINT ( 'NONE',  ( 0.000000000000000000, 1.240000000000000213, -0.05905511811023622659 ) ) ;
#1252 = DIRECTION ( 'NONE',  ( 0.000000000000000000, 0.000000000000000000, 1.000000000000000000 ) ) ;
#1253 = EDGE_CURVE ( 'NONE', #2177, #146, #2761, .T. ) ;
#1254 = AXIS2_PLACEMENT_3D ( 'NONE', #1775, #1696, #328 ) ;
#1255 = VERTEX_POINT ( 'NONE', #2538 ) ;
#1256 = DIRECTION ( 'NONE',  ( 0.000000000000000000, 0.000000000000000000, 1.000000000000000000 ) ) ;
#1257 = CYLINDRICAL_SURFACE ( 'NONE', #1818, 0.09842519685039365085 ) ;
#1258 = DIRECTION ( 'NONE',  ( 0.000000000000000000, 0.000000000000000000, 1.000000000000000000 ) ) ;
#1259 = UNCERTAINTY_MEASURE_WITH_UNIT (LENGTH_MEASURE( 1.000000000000000082E-05 ), #1094, 'distance_accuracy_value', 'NONE');
#1260 = ORIENTED_EDGE ( 'NONE', *, *, #2553, .T. ) ;
#1261 = VERTEX_POINT ( 'NONE', #1663 ) ;
#1262 = DIRECTION ( 'NONE',  ( 0.7071067811865464625, -0.7071067811865484609, 0.000000000000000000 ) ) ;
#1263 = ORIENTED_EDGE ( 'NONE', *, *, #1241, .F. ) ;
#1264 = DIRECTION ( 'NONE',  ( 0.000000000000000000, 0.000000000000000000, 1.000000000000000000 ) ) ;
#1265 = CYLINDRICAL_SURFACE ( 'NONE', #2142, 0.08190944881889765383 ) ;
#1266 = EDGE_LOOP ( 'NONE', ( #2802, #2289 ) ) ;
#1267 = FACE_BOUND ( 'NONE', #1227, .T. ) ;
#1268 = EDGE_CURVE ( 'NONE', #1511, #567, #767, .T. ) ;
#1269 = LINE ( 'NONE', #2603, #1952 ) ;
#1270 = DIRECTION ( 'NONE',  ( 0.000000000000000000, 0.000000000000000000, 1.000000000000000000 ) ) ;
#1271 = VERTEX_POINT ( 'NONE', #1873 ) ;
#1272 = ORIENTED_EDGE ( 'NONE', *, *, #2593, .F. ) ;
#1273 = DIRECTION ( 'NONE',  ( 1.000000000000000000, 0.000000000000000000, 0.000000000000000000 ) ) ;
#1274 = ORIENTED_EDGE ( 'NONE', *, *, #1135, .T. ) ;
#1275 = CARTESIAN_POINT ( 'NONE',  ( 1.000000000000000000, 0.000000000000000000, 0.05905511811023622659 ) ) ;
#1276 = EDGE_LOOP ( 'NONE', ( #1521, #375 ) ) ;
#1277 = FACE_BOUND ( 'NONE', #622, .T. ) ;
#1278 = CIRCLE ( 'NONE', #1561, 0.08190944881889759832 ) ;
#1279 = EDGE_CURVE ( 'NONE', #2543, #487, #8, .T. ) ;
#1280 = AXIS2_PLACEMENT_3D ( 'NONE', #454, #2463, #2092 ) ;
#1281 = CARTESIAN_POINT ( 'NONE',  ( 1.739999999999999991, -1.750000000000000222, -0.05905511811023622659 ) ) ;
#1282 = CYLINDRICAL_SURFACE ( 'NONE', #120, 0.6953740157480315931 ) ;
#1283 = AXIS2_PLACEMENT_3D ( 'NONE', #1041, #1270, #2364 ) ;
#1284 = EDGE_CURVE ( 'NONE', #963, #2943, #53, .T. ) ;
#1285 = ADVANCED_FACE ( 'NONE', ( #1204 ), #1185, .F. ) ;
#1286 = VECTOR ( 'NONE', #1555, 39.37007874015748143 ) ;
#1287 = ORIENTED_EDGE ( 'NONE', *, *, #2030, .T. ) ;
#1288 = ORIENTED_EDGE ( 'NONE', *, *, #1680, .F. ) ;
#1289 = DIRECTION ( 'NONE',  ( 0.000000000000000000, 0.000000000000000000, 1.000000000000000000 ) ) ;
#1290 = CARTESIAN_POINT ( 'NONE',  ( 1.401574803149606252, -1.500000000000000222, 0.05905511811023622659 ) ) ;
#1291 = ORIENTED_EDGE ( 'NONE', *, *, #2549, .F. ) ;
#1292 = CIRCLE ( 'NONE', #862, 0.08940944881889764662 ) ;
#1293 = LINE ( 'NONE', #2416, #1199 ) ;
#1294 = ORIENTED_EDGE ( 'NONE', *, *, #1137, .T. ) ;
#1295 = CYLINDRICAL_SURFACE ( 'NONE', #1442, 0.08940944881889764662 ) ;
#1296 = CIRCLE ( 'NONE', #2341, 0.08940944881889766049 ) ;
#1297 = DIRECTION ( 'NONE',  ( 0.000000000000000000, 0.000000000000000000, -1.000000000000000000 ) ) ;
#1298 = CARTESIAN_POINT ( 'NONE',  ( -0.6086815843361536027, -0.7071067811865472397, 0.05905511811023622659 ) ) ;
#1299 = LINE ( 'NONE', #2468, #2467 ) ;
#1300 = EDGE_CURVE ( 'NONE', #652, #1778, #1426, .T. ) ;
#1301 = ORIENTED_EDGE ( 'NONE', *, *, #569, .F. ) ;
#1302 = ORIENTED_EDGE ( 'NONE', *, *, #2272, .F. ) ;
#1303 = ADVANCED_FACE ( 'NONE', ( #34 ), #1008, .T. ) ;
#1304 = VECTOR ( 'NONE', #1692, 39.37007874015748143 ) ;
#1305 = ORIENTED_EDGE ( 'NONE', *, *, #1420, .T. ) ;
#1306 =( LENGTH_UNIT ( ) NAMED_UNIT ( * ) SI_UNIT ( $, .METRE. ) );
#1307 = CIRCLE ( 'NONE', #143, 0.08190944881889765383 ) ;
#1308 = VERTEX_POINT ( 'NONE', #2325 ) ;
#1309 = CARTESIAN_POINT ( 'NONE',  ( -0.7071067811865472397, -0.7071067811865472397, -0.05905511811023622659 ) ) ;
#1310 = DIRECTION ( 'NONE',  ( 1.000000000000000000, 0.000000000000000000, 0.000000000000000000 ) ) ;
#1311 = DIRECTION ( 'NONE',  ( 0.000000000000000000, 0.000000000000000000, -1.000000000000000000 ) ) ;
#1312 = CYLINDRICAL_SURFACE ( 'NONE', #1568, 0.09842519685039372024 ) ;
#1313 = EDGE_LOOP ( 'NONE', ( #1020, #2015, #340, #2118 ) ) ;
#1314 = VERTEX_POINT ( 'NONE', #1915 ) ;
#1315 = LINE ( 'NONE', #2452, #2320 ) ;
#1316 = ADVANCED_FACE ( 'NONE', ( #2105 ), #51, .F. ) ;
#1317 = ORIENTED_EDGE ( 'NONE', *, *, #958, .T. ) ;
#1318 = EDGE_LOOP ( 'NONE', ( #251, #2151, #1005, #2952 ) ) ;
#1319 = DIRECTION ( 'NONE',  ( 1.000000000000000000, 0.000000000000000000, 0.000000000000000000 ) ) ;
#1320 = DIRECTION ( 'NONE',  ( 1.000000000000000000, 0.000000000000000000, 0.000000000000000000 ) ) ;
#1321 = ADVANCED_FACE ( 'NONE', ( #809 ), #607, .F. ) ;
#1322 = VERTEX_POINT ( 'NONE', #1744 ) ;
#1323 = CARTESIAN_POINT ( 'NONE',  ( -1.739999999999999991, 0.000000000000000000, 0.05905511811023622659 ) ) ;
#1324 = LINE ( 'NONE', #207, #1088 ) ;
#1325 = CARTESIAN_POINT ( 'NONE',  ( 0.5136248173426338770, 1.240000000000000213, 0.05905511811023622659 ) ) ;
#1326 = CARTESIAN_POINT ( 'NONE',  ( 0.000000000000000000, 0.000000000000000000, -0.05905511811023622659 ) ) ;
#1327 = CARTESIAN_POINT ( 'NONE',  ( -1.074802307403549317, -2.000000000000000000, 0.05905511811023622659 ) ) ;
#1328 = VECTOR ( 'NONE', #2497, 39.37007874015748143 ) ;
#1329 = ORIENTED_EDGE ( 'NONE', *, *, #2244, .T. ) ;
#1330 = AXIS2_PLACEMENT_3D ( 'NONE', #403, #890, #426 ) ;
#1331 = CARTESIAN_POINT ( 'NONE',  ( 0.3623531382330468231, 0.4856884388023613996, -0.05905511811023622659 ) ) ;
#1332 = AXIS2_PLACEMENT_3D ( 'NONE', #1978, #2936, #2450 ) ;
#1333 = ORIENTED_EDGE ( 'NONE', *, *, #1774, .F. ) ;
#1334 = EDGE_LOOP ( 'NONE', ( #2580, #2563, #372, #1032 ) ) ;
#1335 = MECHANICAL_CONTEXT ( 'NONE', #1239, 'mechanical' ) ;
#1336 = EDGE_LOOP ( 'NONE', ( #1128, #908 ) ) ;
#1337 = CARTESIAN_POINT ( 'NONE',  ( 1.739999999999999991, -1.750000000000000222, 0.05905511811023622659 ) ) ;
#1338 = DIRECTION ( 'NONE',  ( 1.000000000000000000, 0.000000000000000000, 0.000000000000000000 ) ) ;
#1339 = CIRCLE ( 'NONE', #36, 0.09842519685039370636 ) ;
#1340 = PLANE ( 'NONE',  #1384 ) ;
#1341 = EDGE_CURVE ( 'NONE', #807, #1829, #1522, .T. ) ;
#1342 = LINE ( 'NONE', #2879, #2837 ) ;
#1343 = AXIS2_PLACEMENT_3D ( 'NONE', #2290, #431, #408 ) ;
#1344 = EDGE_LOOP ( 'NONE', ( #682, #2180, #334, #1658 ) ) ;
#1345 = AXIS2_PLACEMENT_3D ( 'NONE', #1309, #1768, #2212 ) ;
#1346 = CARTESIAN_POINT ( 'NONE',  ( -0.07774909511908385806, 0.5575977153185180946, -0.05905511811023622659 ) ) ;
#1347 = FACE_OUTER_BOUND ( 'NONE', #2654, .T. ) ;
#1348 = LINE ( 'NONE', #1327, #2088 ) ;
#1349 = CIRCLE ( 'NONE', #88, 0.09842519685039378963 ) ;
#1350 = ORIENTED_EDGE ( 'NONE', *, *, #1057, .T. ) ;
#1351 = LINE ( 'NONE', #2061, #2368 ) ;
#1352 = ORIENTED_EDGE ( 'NONE', *, *, #1284, .T. ) ;
#1353 = ORIENTED_EDGE ( 'NONE', *, *, #1014, .F. ) ;
#1354 = DATE_AND_TIME ( #2018, #1247 ) ;
#1355 = CIRCLE ( 'NONE', #2865, 0.09842519685039365085 ) ;
#1356 = ORIENTED_EDGE ( 'NONE', *, *, #2660, .F. ) ;
#1357 = CARTESIAN_POINT ( 'NONE',  ( -0.9015748031496063630, -4.097771990496393842E-16, 0.05905511811023622659 ) ) ;
#1358 = LINE ( 'NONE', #1392, #1726 ) ;
#1359 = FACE_BOUND ( 'NONE', #1984, .T. ) ;
#1360 = CARTESIAN_POINT ( 'NONE',  ( -0.5086193807282677337, -0.3964900588049795616, 0.05905511811023622659 ) ) ;
#1361 = AXIS2_PLACEMENT_3D ( 'NONE', #1457, #493, #518 ) ;
#1362 = ORIENTED_EDGE ( 'NONE', *, *, #2963, .T. ) ;
#1363 = EDGE_CURVE ( 'NONE', #1789, #898, #384, .T. ) ;
#1364 = DIRECTION ( 'NONE',  ( 0.000000000000000000, 0.000000000000000000, 1.000000000000000000 ) ) ;
#1365 = DIRECTION ( 'NONE',  ( 1.000000000000000000, 0.000000000000000000, 0.000000000000000000 ) ) ;
#1366 = CYLINDRICAL_SURFACE ( 'NONE', #1712, 0.5629921259842519676 ) ;
#1367 = CARTESIAN_POINT ( 'NONE',  ( -1.739999999999999991, -0.7600000000000001199, 0.05905511811023622659 ) ) ;
#1368 = CARTESIAN_POINT ( 'NONE',  ( 0.4440192389984590760, 0.3461315491536374189, -0.05905511811023622659 ) ) ;
#1369 = ORIENTED_EDGE ( 'NONE', *, *, #1933, .T. ) ;
#1370 = ORIENTED_EDGE ( 'NONE', *, *, #733, .F. ) ;
#1371 = PERSON_AND_ORGANIZATION ( #2397, #39 ) ;
#1372 = ORIENTED_EDGE ( 'NONE', *, *, #1755, .T. ) ;
#1373 = PLANE ( 'NONE',  #658 ) ;
#1374 = DIRECTION ( 'NONE',  ( 0.000000000000000000, 0.000000000000000000, 1.000000000000000000 ) ) ;
#1375 = FACE_BOUND ( 'NONE', #2523, .T. ) ;
#1376 = DIRECTION ( 'NONE',  ( 1.000000000000000000, 0.000000000000000000, 0.000000000000000000 ) ) ;
#1377 = EDGE_CURVE ( 'NONE', #1261, #1308, #1837, .T. ) ;
#1378 = ORIENTED_EDGE ( 'NONE', *, *, #2272, .T. ) ;
#1379 = DIRECTION ( 'NONE',  ( 0.000000000000000000, 0.000000000000000000, -1.000000000000000000 ) ) ;
#1380 = DIRECTION ( 'NONE',  ( 1.000000000000000000, 0.000000000000000000, 0.000000000000000000 ) ) ;
#1381 = ADVANCED_BREP_SHAPE_REPRESENTATION ( 'REV-21-2360', ( #578, #1343 ), #2529 ) ;
#1382 = CARTESIAN_POINT ( 'NONE',  ( -0.5217683341175440859, -0.2114661661648748192, -0.05905511811023622659 ) ) ;
#1383 = CARTESIAN_POINT ( 'NONE',  ( 0.6017950954437736311, -0.07096280344964527032, -0.05905511811023622659 ) ) ;
#1384 = AXIS2_PLACEMENT_3D ( 'NONE', #2750, #2245, #189 ) ;
#1385 = DIRECTION ( 'NONE',  ( 1.000000000000000000, 0.000000000000000000, 0.000000000000000000 ) ) ;
#1386 = EDGE_CURVE ( 'NONE', #1314, #2089, #1307, .T. ) ;
#1387 = VECTOR ( 'NONE', #141, 39.37007874015748143 ) ;
#1388 = ORIENTED_EDGE ( 'NONE', *, *, #1714, .T. ) ;
#1389 = ORIENTED_EDGE ( 'NONE', *, *, #83, .F. ) ;
#1390 = AXIS2_PLACEMENT_3D ( 'NONE', #1583, #1841, #972 ) ;
#1391 = ORIENTED_EDGE ( 'NONE', *, *, #1482, .T. ) ;
#1392 = CARTESIAN_POINT ( 'NONE',  ( -0.5136248173426338770, 1.240000000000000213, 0.05905511811023622659 ) ) ;
#1393 = DIRECTION ( 'NONE',  ( 0.000000000000000000, 0.000000000000000000, -1.000000000000000000 ) ) ;
#1394 = CARTESIAN_POINT ( 'NONE',  ( -1.739999999999999991, 0.000000000000000000, -0.05905511811023622659 ) ) ;
#1395 = AXIS2_PLACEMENT_3D ( 'NONE', #1657, #1419, #297 ) ;
#1396 = ORIENTED_EDGE ( 'NONE', *, *, #2880, .T. ) ;
#1397 = LINE ( 'NONE', #227, #618 ) ;
#1398 = CARTESIAN_POINT ( 'NONE',  ( -0.5086193807282614054, 0.3964900588049866115, -0.05905511811023622659 ) ) ;
#1399 = CIRCLE ( 'NONE', #864, 0.6953740157480315931 ) ;
#1400 = CARTESIAN_POINT ( 'NONE',  ( 0.8055319780369409877, -0.7071067811865472397, -0.05905511811023622659 ) ) ;
#1401 = CARTESIAN_POINT ( 'NONE',  ( 5.463695987328527423E-16, -1.000000000000000000, 0.05905511811023622659 ) ) ;
#1402 = APPLICATION_CONTEXT ( 'configuration controlled 3d designs of mechanical parts and assemblies' ) ;
#1403 = EDGE_LOOP ( 'NONE', ( #1872, #154, #1722, #1263 ) ) ;
#1404 = ADVANCED_FACE ( 'NONE', ( #2163 ), #794, .F. ) ;
#1405 = CARTESIAN_POINT ( 'NONE',  ( 0.7071067811865472397, 0.7071067811865492381, 0.05905511811023622659 ) ) ;
#1406 = ORIENTED_EDGE ( 'NONE', *, *, #1231, .T. ) ;
#1407 = DIRECTION ( 'NONE',  ( 1.000000000000000000, 0.000000000000000000, 0.000000000000000000 ) ) ;
#1408 = FACE_BOUND ( 'NONE', #290, .T. ) ;
#1409 = DIRECTION ( 'NONE',  ( 0.000000000000000000, 0.000000000000000000, -1.000000000000000000 ) ) ;
#1410 = ORIENTED_EDGE ( 'NONE', *, *, #1451, .T. ) ;
#1411 = LINE ( 'NONE', #2319, #1821 ) ;
#1412 = DIRECTION ( 'NONE',  ( 0.000000000000000000, 0.000000000000000000, 1.000000000000000000 ) ) ;
#1413 = ORIENTED_EDGE ( 'NONE', *, *, #2772, .T. ) ;
#1414 = CARTESIAN_POINT ( 'NONE',  ( -0.5086193807282677337, -0.3964900588049795616, -0.05905511811023622659 ) ) ;
#1415 = EDGE_CURVE ( 'NONE', #1483, #2546, #295, .T. ) ;
#1416 = ORIENTED_EDGE ( 'NONE', *, *, #1363, .T. ) ;
#1417 = CARTESIAN_POINT ( 'NONE',  ( 0.7071067811865472397, 0.7071067811865492381, 0.05905511811023622659 ) ) ;
#1418 = DIRECTION ( 'NONE',  ( 0.000000000000000000, 0.000000000000000000, 1.000000000000000000 ) ) ;
#1419 = DIRECTION ( 'NONE',  ( 0.000000000000000000, 0.000000000000000000, 1.000000000000000000 ) ) ;
#1420 = EDGE_CURVE ( 'NONE', #91, #275, #550, .T. ) ;
#1421 = EDGE_CURVE ( 'NONE', #2300, #1092, #1687, .T. ) ;
#1422 = VERTEX_POINT ( 'NONE', #1060 ) ;
#1423 = CARTESIAN_POINT ( 'NONE',  ( 0.000000000000000000, 0.000000000000000000, -0.05905511811023622659 ) ) ;
#1424 = CARTESIAN_POINT ( 'NONE',  ( 0.3623531382330468231, 0.4856884388023613996, 0.05905511811023622659 ) ) ;
#1425 = VERTEX_POINT ( 'NONE', #317 ) ;
#1426 = LINE ( 'NONE', #2777, #1732 ) ;
#1427 = EDGE_CURVE ( 'NONE', #1665, #1007, #2388, .T. ) ;
#1428 = FACE_OUTER_BOUND ( 'NONE', #2853, .T. ) ;
#1429 = CIRCLE ( 'NONE', #1707, 0.09842519685039378963 ) ;
#1430 = ORIENTED_EDGE ( 'NONE', *, *, #2453, .F. ) ;
#1431 = DIRECTION ( 'NONE',  ( 1.000000000000000000, 0.000000000000000000, 0.000000000000000000 ) ) ;
#1432 = DIRECTION ( 'NONE',  ( 0.000000000000000000, 0.000000000000000000, 1.000000000000000000 ) ) ;
#1433 = DIRECTION ( 'NONE',  ( 0.000000000000000000, 0.000000000000000000, 1.000000000000000000 ) ) ;
#1434 = CIRCLE ( 'NONE', #514, 0.09842519685039365085 ) ;
#1435 = CARTESIAN_POINT ( 'NONE',  ( 0.4158179712205559153, 0.5573512685798464039, -0.05905511811023622659 ) ) ;
#1436 = EDGE_CURVE ( 'NONE', #2345, #2536, #506, .T. ) ;
#1437 = DIRECTION ( 'NONE',  ( 0.000000000000000000, 0.000000000000000000, 1.000000000000000000 ) ) ;
#1438 = AXIS2_PLACEMENT_3D ( 'NONE', #1764, #137, #2891 ) ;
#1439 = VERTEX_POINT ( 'NONE', #2625 ) ;
#1440 = ORIENTED_EDGE ( 'NONE', *, *, #2170, .T. ) ;
#1441 = CARTESIAN_POINT ( 'NONE',  ( -0.5996475525636968396, 0.1603464574232736084, -0.05905511811023622659 ) ) ;
#1442 = AXIS2_PLACEMENT_3D ( 'NONE', #2197, #139, #1068 ) ;
#1443 = ORIENTED_EDGE ( 'NONE', *, *, #1933, .F. ) ;
#1444 = ADVANCED_FACE ( 'NONE', ( #824 ), #2856, .F. ) ;
#1445 = CARTESIAN_POINT ( 'NONE',  ( -0.08906077290896161069, 0.6387223339702795544, 0.05905511811023622659 ) ) ;
#1446 = CYLINDRICAL_SURFACE ( 'NONE', #666, 0.09842519685039372024 ) ;
#1447 = CARTESIAN_POINT ( 'NONE',  ( -0.5217683341175440859, 0.2114661661648752078, 0.05905511811023622659 ) ) ;
#1448 = ORIENTED_EDGE ( 'NONE', *, *, #2914, .F. ) ;
#1449 = DIRECTION ( 'NONE',  ( 0.000000000000000000, 0.000000000000000000, 1.000000000000000000 ) ) ;
#1450 = AXIS2_PLACEMENT_3D ( 'NONE', #468, #434, #1338 ) ;
#1451 = EDGE_CURVE ( 'NONE', #637, #1059, #1278, .T. ) ;
#1452 = CARTESIAN_POINT ( 'NONE',  ( -1.074802307403549317, -2.000000000000000000, -0.05905511811023622659 ) ) ;
#1453 = DIRECTION ( 'NONE',  ( 1.000000000000000000, 0.000000000000000000, 0.000000000000000000 ) ) ;
#1454 = AXIS2_PLACEMENT_3D ( 'NONE', #582, #1927, #1715 ) ;
#1455 = VERTEX_POINT ( 'NONE', #347 ) ;
#1456 = EDGE_LOOP ( 'NONE', ( #2275, #1186, #44, #931 ) ) ;
#1457 = CARTESIAN_POINT ( 'NONE',  ( -1.000000000000000000, -1.500000000000000222, -0.05905511811023622659 ) ) ;
#1458 = EDGE_LOOP ( 'NONE', ( #2938, #1996 ) ) ;
#1459 = DIRECTION ( 'NONE',  ( 0.000000000000000000, 0.000000000000000000, 1.000000000000000000 ) ) ;
#1460 = DIRECTION ( 'NONE',  ( 0.000000000000000000, 0.000000000000000000, 1.000000000000000000 ) ) ;
#1461 = VERTEX_POINT ( 'NONE', #2175 ) ;
#1462 = PLANE ( 'NONE',  #867 ) ;
#1463 = ADVANCED_FACE ( 'NONE', ( #119 ), #1506, .F. ) ;
#1464 = CYLINDRICAL_SURFACE ( 'NONE', #85, 0.09842519685039378963 ) ;
#1465 = VERTEX_POINT ( 'NONE', #1981 ) ;
#1466 = ORIENTED_EDGE ( 'NONE', *, *, #1727, .F. ) ;
#1467 = EDGE_CURVE ( 'NONE', #1226, #2174, #850, .T. ) ;
#1468 = DIRECTION ( 'NONE',  ( 0.4325896965350614631, 0.9015909019348540276, 0.000000000000000000 ) ) ;
#1469 = ORIENTED_EDGE ( 'NONE', *, *, #1057, .F. ) ;
#1470 = CARTESIAN_POINT ( 'NONE',  ( 0.000000000000000000, 0.000000000000000000, -0.05905511811023622659 ) ) ;
#1471 = AXIS2_PLACEMENT_3D ( 'NONE', #1820, #2294, #896 ) ;
#1472 = DIRECTION ( 'NONE',  ( 1.000000000000000000, 0.000000000000000000, 0.000000000000000000 ) ) ;
#1473 = ORIENTED_EDGE ( 'NONE', *, *, #2522, .F. ) ;
#1474 = CIRCLE ( 'NONE', #2415, 0.6953740157480315931 ) ;
#1475 = CARTESIAN_POINT ( 'NONE',  ( -0.4386878818172385563, 0.4391367851256929300, -0.05905511811023622659 ) ) ;
#1476 = CARTESIAN_POINT ( 'NONE',  ( -0.6017950954437736311, 0.07096280344964527032, 0.05905511811023622659 ) ) ;
#1477 = ORIENTED_EDGE ( 'NONE', *, *, #25, .F. ) ;
#1478 = CIRCLE ( 'NONE', #2664, 0.09842519685039370636 ) ;
#1479 = ORIENTED_EDGE ( 'NONE', *, *, #353, .T. ) ;
#1480 = DIRECTION ( 'NONE',  ( 0.000000000000000000, 0.000000000000000000, 1.000000000000000000 ) ) ;
#1481 = VECTOR ( 'NONE', #630, 39.37007874015748143 ) ;
#1482 = EDGE_CURVE ( 'NONE', #2874, #1425, #1690, .T. ) ;
#1483 = VERTEX_POINT ( 'NONE', #2490 ) ;
#1484 = ORIENTED_EDGE ( 'NONE', *, *, #939, .F. ) ;
#1485 = FACE_OUTER_BOUND ( 'NONE', #1403, .T. ) ;
#1486 = CYLINDRICAL_SURFACE ( 'NONE', #1438, 0.6953740157480315931 ) ;
#1487 = AXIS2_PLACEMENT_3D ( 'NONE', #1870, #2084, #500 ) ;
#1488 = ORIENTED_EDGE ( 'NONE', *, *, #2721, .F. ) ;
#1489 = CARTESIAN_POINT ( 'NONE',  ( -1.000000000000000000, -4.097771990496393842E-16, 0.05905511811023622659 ) ) ;
#1490 = DIRECTION ( 'NONE',  ( 1.000000000000000000, 0.000000000000000000, 0.000000000000000000 ) ) ;
#1491 = VECTOR ( 'NONE', #984, 39.37007874015748143 ) ;
#1492 = ORIENTED_EDGE ( 'NONE', *, *, #1815, .F. ) ;
#1493 = ORIENTED_EDGE ( 'NONE', *, *, #2847, .F. ) ;
#1494 = DIRECTION ( 'NONE',  ( 0.000000000000000000, 0.000000000000000000, 1.000000000000000000 ) ) ;
#1495 = VECTOR ( 'NONE', #480, 39.37007874015748143 ) ;
#1496 = ORIENTED_EDGE ( 'NONE', *, *, #2608, .F. ) ;
#1497 = ADVANCED_FACE ( 'NONE', ( #2029 ), #461, .F. ) ;
#1498 = DIRECTION ( 'NONE',  ( 0.000000000000000000, 0.000000000000000000, 1.000000000000000000 ) ) ;
#1499 = VERTEX_POINT ( 'NONE', #2236 ) ;
#1500 = FACE_OUTER_BOUND ( 'NONE', #828, .T. ) ;
#1501 = EDGE_CURVE ( 'NONE', #2515, #2390, #1942, .T. ) ;
#1502 = EDGE_CURVE ( 'NONE', #1902, #1979, #1703, .T. ) ;
#1503 = LINE ( 'NONE', #398, #476 ) ;
#1504 = ORIENTED_EDGE ( 'NONE', *, *, #1853, .T. ) ;
#1505 = VERTEX_POINT ( 'NONE', #887 ) ;
#1506 = PLANE ( 'NONE',  #1184 ) ;
#1507 = CARTESIAN_POINT ( 'NONE',  ( -0.4267099319093637932, 0.3964900588049866115, -0.05905511811023622659 ) ) ;
#1508 = ORIENTED_EDGE ( 'NONE', *, *, #888, .F. ) ;
#1509 = ADVANCED_FACE ( 'NONE', ( #854 ), #2680, .F. ) ;
#1510 = CYLINDRICAL_SURFACE ( 'NONE', #520, 0.08190944881889759832 ) ;
#1511 = VERTEX_POINT ( 'NONE', #1368 ) ;
#1512 = CARTESIAN_POINT ( 'NONE',  ( -0.5976801536372322587, 0.2422322751652960793, -0.05905511811023622659 ) ) ;
#1513 = AXIS2_PLACEMENT_3D ( 'NONE', #1997, #1536, #2440 ) ;
#1514 = VECTOR ( 'NONE', #437, 39.37007874015748143 ) ;
#1515 = EDGE_CURVE ( 'NONE', #2459, #1425, #114, .T. ) ;
#1516 = CYLINDRICAL_SURFACE ( 'NONE', #2572, 0.08940944881889766049 ) ;
#1517 = DIRECTION ( 'NONE',  ( 0.000000000000000000, 0.000000000000000000, 1.000000000000000000 ) ) ;
#1518 = AXIS2_PLACEMENT_3D ( 'NONE', #1398, #1169, #1600 ) ;
#1519 = CYLINDRICAL_SURFACE ( 'NONE', #2521, 0.09842519685039378963 ) ;
#1520 = VERTEX_POINT ( 'NONE', #670 ) ;
#1521 = ORIENTED_EDGE ( 'NONE', *, *, #2678, .F. ) ;
#1522 = LINE ( 'NONE', #1730, #2735 ) ;
#1523 = LINE ( 'NONE', #2430, #269 ) ;
#1524 = ORIENTED_EDGE ( 'NONE', *, *, #2458, .T. ) ;
#1525 = CIRCLE ( 'NONE', #2662, 0.09842519685039365085 ) ;
#1526 = VECTOR ( 'NONE', #1992, 39.37007874015748143 ) ;
#1527 = DIRECTION ( 'NONE',  ( 0.000000000000000000, 0.000000000000000000, 1.000000000000000000 ) ) ;
#1528 = ORIENTED_EDGE ( 'NONE', *, *, #1618, .F. ) ;
#1529 = FACE_BOUND ( 'NONE', #1087, .T. ) ;
#1530 = DIRECTION ( 'NONE',  ( 0.000000000000000000, 0.000000000000000000, 1.000000000000000000 ) ) ;
#1531 = CARTESIAN_POINT ( 'NONE',  ( -0.2747713718113629633, -0.6387845607170276052, -0.05905511811023622659 ) ) ;
#1532 = CARTESIAN_POINT ( 'NONE',  ( 0.4440192389984543575, -0.3461315491536436917, 0.05905511811023622659 ) ) ;
#1533 = EDGE_CURVE ( 'NONE', #996, #2390, #2669, .T. ) ;
#1534 = ORIENTED_EDGE ( 'NONE', *, *, #801, .T. ) ;
#1535 = ORIENTED_EDGE ( 'NONE', *, *, #2199, .T. ) ;
#1536 = DIRECTION ( 'NONE',  ( 0.000000000000000000, 0.000000000000000000, -1.000000000000000000 ) ) ;
#1537 = EDGE_CURVE ( 'NONE', #495, #532, #1351, .T. ) ;
#1538 = DIRECTION ( 'NONE',  ( 1.000000000000000000, 0.000000000000000000, 0.000000000000000000 ) ) ;
#1539 = EDGE_LOOP ( 'NONE', ( #2327, #2650 ) ) ;
#1540 = DIRECTION ( 'NONE',  ( 1.000000000000000000, 0.000000000000000000, 0.000000000000000000 ) ) ;
#1541 = ORIENTED_EDGE ( 'NONE', *, *, #2157, .T. ) ;
#1542 = DIRECTION ( 'NONE',  ( 1.000000000000000000, 0.000000000000000000, 0.000000000000000000 ) ) ;
#1543 = DIRECTION ( 'NONE',  ( 0.000000000000000000, 0.000000000000000000, -1.000000000000000000 ) ) ;
#1544 = FACE_OUTER_BOUND ( 'NONE', #810, .T. ) ;
#1545 = EDGE_CURVE ( 'NONE', #131, #689, #2505, .T. ) ;
#1546 = CARTESIAN_POINT ( 'NONE',  ( -0.07774909511909193494, -0.5575977153185173174, 0.05905511811023622659 ) ) ;
#1547 = FACE_OUTER_BOUND ( 'NONE', #1598, .T. ) ;
#1548 = CARTESIAN_POINT ( 'NONE',  ( -0.5136248173426338770, 1.240000000000000213, 0.05905511811023622659 ) ) ;
#1549 = CC_DESIGN_PERSON_AND_ORGANIZATION_ASSIGNMENT ( #2508, #203, ( #2145 ) ) ;
#1550 = EDGE_LOOP ( 'NONE', ( #306, #1781, #2942, #2476 ) ) ;
#1551 = ORIENTED_EDGE ( 'NONE', *, *, #2030, .F. ) ;
#1552 = EDGE_CURVE ( 'NONE', #1888, #2515, #2274, .T. ) ;
#1553 = CALENDAR_DATE ( 2024, 12, 12 ) ;
#1554 = ORIENTED_EDGE ( 'NONE', *, *, #909, .F. ) ;
#1555 = DIRECTION ( 'NONE',  ( 0.000000000000000000, 0.000000000000000000, 1.000000000000000000 ) ) ;
#1556 = LINE ( 'NONE', #2496, #1641 ) ;
#1557 = DIRECTION ( 'NONE',  ( 1.000000000000000000, 0.000000000000000000, 0.000000000000000000 ) ) ;
#1558 = CYLINDRICAL_SURFACE ( 'NONE', #1280, 0.08190944881889759832 ) ;
#1559 = PLANE ( 'NONE',  #961 ) ;
#1560 = ORIENTED_EDGE ( 'NONE', *, *, #458, .F. ) ;
#1561 = AXIS2_PLACEMENT_3D ( 'NONE', #1245, #2638, #2609 ) ;
#1562 = CARTESIAN_POINT ( 'NONE',  ( -0.5996475525636968396, 0.1603464574232736084, -0.05905511811023622659 ) ) ;
#1563 = AXIS2_PLACEMENT_3D ( 'NONE', #2434, #2726, #897 ) ;
#1564 = ORIENTED_EDGE ( 'NONE', *, *, #150, .F. ) ;
#1565 = VECTOR ( 'NONE', #649, 39.37007874015748143 ) ;
#1566 = DIRECTION ( 'NONE',  ( 0.000000000000000000, 0.000000000000000000, 1.000000000000000000 ) ) ;
#1567 = CYLINDRICAL_SURFACE ( 'NONE', #2560, 0.08940944881889766049 ) ;
#1568 = AXIS2_PLACEMENT_3D ( 'NONE', #1740, #367, #355 ) ;
#1569 = ORIENTED_EDGE ( 'NONE', *, *, #2367, .F. ) ;
#1570 = ORIENTED_EDGE ( 'NONE', *, *, #490, .T. ) ;
#1571 =( NAMED_UNIT ( * ) PLANE_ANGLE_UNIT ( ) SI_UNIT ( $, .RADIAN. ) );
#1572 = EDGE_CURVE ( 'NONE', #563, #537, #1124, .T. ) ;
#1573 = ORIENTED_EDGE ( 'NONE', *, *, #2499, .F. ) ;
#1574 = DIRECTION ( 'NONE',  ( 1.000000000000000000, 0.000000000000000000, 0.000000000000000000 ) ) ;
#1575 = CIRCLE ( 'NONE', #819, 0.09842519685039372024 ) ;
#1576 = DIRECTION ( 'NONE',  ( 1.000000000000000000, 0.000000000000000000, 0.000000000000000000 ) ) ;
#1577 = CIRCLE ( 'NONE', #1954, 0.5629921259842519676 ) ;
#1578 = LINE ( 'NONE', #881, #1328 ) ;
#1579 = LINE ( 'NONE', #1784, #1514 ) ;
#1580 = CC_DESIGN_APPROVAL ( #318, ( #546 ) ) ;
#1581 = AXIS2_PLACEMENT_3D ( 'NONE', #1052, #155, #125 ) ;
#1582 = DIRECTION ( 'NONE',  ( 0.000000000000000000, 0.000000000000000000, 1.000000000000000000 ) ) ;
#1583 = CARTESIAN_POINT ( 'NONE',  ( 0.7071067811865472397, -0.7071067811865472397, -0.05905511811023622659 ) ) ;
#1584 = CARTESIAN_POINT ( 'NONE',  ( 1.739999999999999991, 0.000000000000000000, -0.05905511811023622659 ) ) ;
#1585 = DIRECTION ( 'NONE',  ( 1.000000000000000000, 0.000000000000000000, 0.000000000000000000 ) ) ;
#1586 = DIRECTION ( 'NONE',  ( 0.000000000000000000, 0.000000000000000000, 1.000000000000000000 ) ) ;
#1587 = ORIENTED_EDGE ( 'NONE', *, *, #2660, .T. ) ;
#1588 = ORIENTED_EDGE ( 'NONE', *, *, #650, .F. ) ;
#1589 = EDGE_CURVE ( 'NONE', #1059, #2086, #802, .T. ) ;
#1590 = AXIS2_PLACEMENT_3D ( 'NONE', #1593, #1374, #2705 ) ;
#1591 = ORIENTED_EDGE ( 'NONE', *, *, #2666, .F. ) ;
#1592 = DIRECTION ( 'NONE',  ( 0.000000000000000000, 0.000000000000000000, 1.000000000000000000 ) ) ;
#1593 = CARTESIAN_POINT ( 'NONE',  ( -0.7071067811865472397, 0.7071067811865472397, 0.05905511811023622659 ) ) ;
#1594 = ADVANCED_FACE ( 'NONE', ( #1139 ), #904, .F. ) ;
#1595 = DIRECTION ( 'NONE',  ( -0.7071067811865510144, -0.7071067811865440200, 0.000000000000000000 ) ) ;
#1596 = DIRECTION ( 'NONE',  ( 0.000000000000000000, 0.000000000000000000, 1.000000000000000000 ) ) ;
#1597 = CIRCLE ( 'NONE', #1880, 0.1200787401574803237 ) ;
#1598 = EDGE_LOOP ( 'NONE', ( #1958, #2202, #983, #147 ) ) ;
#1599 = CARTESIAN_POINT ( 'NONE',  ( 0.2394419572107381600, 0.5566512422520079051, 0.05905511811023622659 ) ) ;
#1600 = DIRECTION ( 'NONE',  ( 1.000000000000000000, 0.000000000000000000, 0.000000000000000000 ) ) ;
#1601 = EDGE_CURVE ( 'NONE', #2836, #652, #2558, .T. ) ;
#1602 = DIRECTION ( 'NONE',  ( 1.000000000000000000, 0.000000000000000000, 0.000000000000000000 ) ) ;
#1603 = DIRECTION ( 'NONE',  ( 0.000000000000000000, 0.000000000000000000, 1.000000000000000000 ) ) ;
#1604 = VERTEX_POINT ( 'NONE', #1157 ) ;
#1605 = ORIENTED_EDGE ( 'NONE', *, *, #110, .F. ) ;
#1606 = VERTEX_POINT ( 'NONE', #1548 ) ;
#1607 = FACE_OUTER_BOUND ( 'NONE', #49, .T. ) ;
#1608 = DIRECTION ( 'NONE',  ( -0.7071067811865490160, 0.7071067811865460184, 0.000000000000000000 ) ) ;
#1609 = ORIENTED_EDGE ( 'NONE', *, *, #1618, .T. ) ;
#1610 = LINE ( 'NONE', #2517, #2383 ) ;
#1611 = CARTESIAN_POINT ( 'NONE',  ( -0.09842519685039370636, 1.000000000000000000, 0.05905511811023622659 ) ) ;
#1612 = CC_DESIGN_PERSON_AND_ORGANIZATION_ASSIGNMENT ( #481, #238, ( #564 ) ) ;
#1613 = DIRECTION ( 'NONE',  ( 0.000000000000000000, 0.000000000000000000, 1.000000000000000000 ) ) ;
#1614 = EDGE_CURVE ( 'NONE', #1833, #21, #2653, .T. ) ;
#1615 = CARTESIAN_POINT ( 'NONE',  ( 1.000000000000000000, 0.000000000000000000, -0.05905511811023622659 ) ) ;
#1616 = AXIS2_PLACEMENT_3D ( 'NONE', #936, #12, #224 ) ;
#1617 = CYLINDRICAL_SURFACE ( 'NONE', #1616, 0.08940944881889766049 ) ;
#1618 = EDGE_CURVE ( 'NONE', #2062, #501, #1315, .T. ) ;
#1619 = CIRCLE ( 'NONE', #1901, 0.09842519685039365085 ) ;
#1620 = EDGE_LOOP ( 'NONE', ( #2164, #1913, #2324, #2343, #891, #928, #2033, #2428, #477, #916, #1067, #358, #2103, #1012, #1126, #778 ) ) ;
#1621 = CIRCLE ( 'NONE', #561, 0.08940944881889766049 ) ;
#1622 = COORDINATED_UNIVERSAL_TIME_OFFSET ( 6, 0, .BEHIND. ) ;
#1623 = ORIENTED_EDGE ( 'NONE', *, *, #2334, .T. ) ;
#1624 = DIRECTION ( 'NONE',  ( 0.000000000000000000, 0.000000000000000000, 1.000000000000000000 ) ) ;
#1625 = CARTESIAN_POINT ( 'NONE',  ( 1.598425196850393526, -1.500000000000000222, 0.05905511811023622659 ) ) ;
#1626 = DIRECTION ( 'NONE',  ( 0.000000000000000000, 0.000000000000000000, 1.000000000000000000 ) ) ;
#1627 = AXIS2_PLACEMENT_3D ( 'NONE', #1842, #1613, #2027 ) ;
#1628 = ORIENTED_EDGE ( 'NONE', *, *, #551, .F. ) ;
#1629 = CARTESIAN_POINT ( 'NONE',  ( 0.3623531382330468231, 0.4856884388023613996, 0.05905511811023622659 ) ) ;
#1630 = AXIS2_PLACEMENT_3D ( 'NONE', #157, #1724, #129 ) ;
#1631 = AXIS2_PLACEMENT_3D ( 'NONE', #1747, #2656, #376 ) ;
#1632 = AXIS2_PLACEMENT_3D ( 'NONE', #1082, #341, #171 ) ;
#1633 = CARTESIAN_POINT ( 'NONE',  ( 0.5086193807282701762, 0.3964900588049763419, 0.05905511811023622659 ) ) ;
#1634 = EDGE_CURVE ( 'NONE', #2403, #2342, #404, .T. ) ;
#1635 = AXIS2_PLACEMENT_3D ( 'NONE', #1615, #2520, #2273 ) ;
#1636 = ORIENTED_EDGE ( 'NONE', *, *, #1815, .T. ) ;
#1637 = ADVANCED_FACE ( 'NONE', ( #2218 ), #162, .F. ) ;
#1638 = CARTESIAN_POINT ( 'NONE',  ( 0.1609596707464604204, 0.5994832425489606820, -0.05905511811023622659 ) ) ;
#1639 = EDGE_LOOP ( 'NONE', ( #1396, #1845 ) ) ;
#1640 = CYLINDRICAL_SURFACE ( 'NONE', #2254, 0.5629921259842519676 ) ;
#1641 = VECTOR ( 'NONE', #2280, 39.37007874015748143 ) ;
#1642 = CARTESIAN_POINT ( 'NONE',  ( 0.000000000000000000, 0.000000000000000000, -0.05905511811023622659 ) ) ;
#1643 = CARTESIAN_POINT ( 'NONE',  ( 0.6086815843361536027, -0.7071067811865472397, -0.05905511811023622659 ) ) ;
#1644 = ORIENTED_EDGE ( 'NONE', *, *, #1427, .F. ) ;
#1645 = CARTESIAN_POINT ( 'NONE',  ( 0.4158179712205559153, 0.5573512685798464039, 0.05905511811023622659 ) ) ;
#1646 = CIRCLE ( 'NONE', #2635, 0.08940944881889764662 ) ;
#1647 = DIRECTION ( 'NONE',  ( 0.000000000000000000, 0.000000000000000000, 1.000000000000000000 ) ) ;
#1648 = ADVANCED_FACE ( 'NONE', ( #1844 ), #1617, .F. ) ;
#1649 = CC_DESIGN_DATE_AND_TIME_ASSIGNMENT ( #877, #1831, ( #368 ) ) ;
#1650 = ORIENTED_EDGE ( 'NONE', *, *, #435, .T. ) ;
#1651 = CARTESIAN_POINT ( 'NONE',  ( 0.4386878818172417205, -0.4391367851256898214, 0.05905511811023622659 ) ) ;
#1652 = DIRECTION ( 'NONE',  ( 0.000000000000000000, 0.000000000000000000, 1.000000000000000000 ) ) ;
#1653 = DIRECTION ( 'NONE',  ( 1.000000000000000000, 0.000000000000000000, 0.000000000000000000 ) ) ;
#1654 = EDGE_CURVE ( 'NONE', #2385, #533, #1578, .T. ) ;
#1655 = ORIENTED_EDGE ( 'NONE', *, *, #613, .F. ) ;
#1656 = DIRECTION ( 'NONE',  ( 0.000000000000000000, 0.000000000000000000, -1.000000000000000000 ) ) ;
#1657 = CARTESIAN_POINT ( 'NONE',  ( 0.000000000000000000, 0.000000000000000000, -0.05905511811023622659 ) ) ;
#1658 = ORIENTED_EDGE ( 'NONE', *, *, #2008, .F. ) ;
#1659 = CARTESIAN_POINT ( 'NONE',  ( 1.074802307403551094, -2.000000000000000000, -0.05905511811023622659 ) ) ;
#1660 = FACE_OUTER_BOUND ( 'NONE', #2583, .T. ) ;
#1661 = ORIENTED_EDGE ( 'NONE', *, *, #2772, .F. ) ;
#1662 = ORIENTED_EDGE ( 'NONE', *, *, #1025, .T. ) ;
#1663 = CARTESIAN_POINT ( 'NONE',  ( -0.09842519685039370636, 1.000000000000000000, 0.05905511811023622659 ) ) ;
#1664 = AXIS2_PLACEMENT_3D ( 'NONE', #1808, #1125, #1376 ) ;
#1665 = VERTEX_POINT ( 'NONE', #206 ) ;
#1666 = CYLINDRICAL_SURFACE ( 'NONE', #192, 0.09842519685039370636 ) ;
#1667 = AXIS2_PLACEMENT_3D ( 'NONE', #745, #460, #921 ) ;
#1668 = EDGE_CURVE ( 'NONE', #937, #1888, #2516, .T. ) ;
#1669 = DIRECTION ( 'NONE',  ( 0.000000000000000000, 0.000000000000000000, 1.000000000000000000 ) ) ;
#1670 = CARTESIAN_POINT ( 'NONE',  ( 0.4386878818172479932, 0.4391367851256834376, -0.05905511811023622659 ) ) ;
#1671 = VERTEX_POINT ( 'NONE', #930 ) ;
#1672 = CARTESIAN_POINT ( 'NONE',  ( -1.739999999999999991, -0.7600000000000001199, -0.05905511811023622659 ) ) ;
#1673 = CARTESIAN_POINT ( 'NONE',  ( -1.401574803149606252, -1.500000000000000222, 0.05905511811023622659 ) ) ;
#1674 = CIRCLE ( 'NONE', #2001, 0.09842519685039378963 ) ;
#1675 = ORIENTED_EDGE ( 'NONE', *, *, #2393, .T. ) ;
#1676 = VERTEX_POINT ( 'NONE', #914 ) ;
#1677 = DIRECTION ( 'NONE',  ( 1.000000000000000000, 0.000000000000000000, 0.000000000000000000 ) ) ;
#1678 = VERTEX_POINT ( 'NONE', #1147 ) ;
#1679 = CARTESIAN_POINT ( 'NONE',  ( -0.2650640646776492027, -1.360078740157480315, -0.05905511811023622659 ) ) ;
#1680 = EDGE_CURVE ( 'NONE', #1759, #2737, #2530, .T. ) ;
#1681 = DIRECTION ( 'NONE',  ( 1.000000000000000000, 0.000000000000000000, 0.000000000000000000 ) ) ;
#1682 = VERTEX_POINT ( 'NONE', #1625 ) ;
#1683 = DIRECTION ( 'NONE',  ( 0.000000000000000000, 0.000000000000000000, 1.000000000000000000 ) ) ;
#1684 = AXIS2_PLACEMENT_3D ( 'NONE', #282, #1903, #296 ) ;
#1685 = EDGE_CURVE ( 'NONE', #2076, #2307, #356, .T. ) ;
#1686 = CARTESIAN_POINT ( 'NONE',  ( -1.117972718399218524, 0.5364112237034763808, 0.05905511811023622659 ) ) ;
#1687 = CIRCLE ( 'NONE', #2017, 0.6953740157480315931 ) ;
#1688 = EDGE_LOOP ( 'NONE', ( #1329, #1112 ) ) ;
#1689 = EDGE_LOOP ( 'NONE', ( #2047, #371, #857, #2494 ) ) ;
#1690 = LINE ( 'NONE', #134, #603 ) ;
#1691 = ORIENTED_EDGE ( 'NONE', *, *, #2224, .T. ) ;
#1692 = DIRECTION ( 'NONE',  ( 0.000000000000000000, 0.000000000000000000, 1.000000000000000000 ) ) ;
#1693 = CARTESIAN_POINT ( 'NONE',  ( 5.463695987328527423E-16, -1.000000000000000000, 0.05905511811023622659 ) ) ;
#1694 = EDGE_LOOP ( 'NONE', ( #320, #2454, #2506, #2444 ) ) ;
#1695 = CARTESIAN_POINT ( 'NONE',  ( 1.739999999999999991, 0.000000000000000000, 0.05905511811023622659 ) ) ;
#1696 = DIRECTION ( 'NONE',  ( 0.000000000000000000, 0.000000000000000000, 1.000000000000000000 ) ) ;
#1697 = EDGE_CURVE ( 'NONE', #495, #1483, #2413, .T. ) ;
#1698 = ORIENTED_EDGE ( 'NONE', *, *, #2939, .F. ) ;
#1699 = ORIENTED_EDGE ( 'NONE', *, *, #1936, .F. ) ;
#1700 = DIRECTION ( 'NONE',  ( 1.000000000000000000, 0.000000000000000000, 0.000000000000000000 ) ) ;
#1701 = EDGE_LOOP ( 'NONE', ( #1793, #391, #357, #330 ) ) ;
#1702 = DIRECTION ( 'NONE',  ( 1.000000000000000000, 0.000000000000000000, 0.000000000000000000 ) ) ;
#1703 = CIRCLE ( 'NONE', #26, 0.09842519685039365085 ) ;
#1704 = CARTESIAN_POINT ( 'NONE',  ( -1.000000000000000000, -4.097771990496393842E-16, -0.05905511811023622659 ) ) ;
#1705 = CARTESIAN_POINT ( 'NONE',  ( 0.000000000000000000, 0.000000000000000000, -0.05905511811023622659 ) ) ;
#1706 = VERTEX_POINT ( 'NONE', #2462 ) ;
#1707 = AXIS2_PLACEMENT_3D ( 'NONE', #1733, #2472, #874 ) ;
#1708 = DIRECTION ( 'NONE',  ( 0.000000000000000000, 0.000000000000000000, 1.000000000000000000 ) ) ;
#1709 = AXIS2_PLACEMENT_3D ( 'NONE', #559, #2380, #1935 ) ;
#1710 = CARTESIAN_POINT ( 'NONE',  ( 0.2394419572107303329, -0.5566512422520119019, -0.05905511811023622659 ) ) ;
#1711 = VERTEX_POINT ( 'NONE', #2266 ) ;
#1712 = AXIS2_PLACEMENT_3D ( 'NONE', #229, #1804, #29 ) ;
#1713 = ORIENTED_EDGE ( 'NONE', *, *, #1774, .T. ) ;
#1714 = EDGE_CURVE ( 'NONE', #1980, #18, #311, .T. ) ;
#1715 = DIRECTION ( 'NONE',  ( 1.000000000000000000, 0.000000000000000000, 0.000000000000000000 ) ) ;
#1716 = EDGE_LOOP ( 'NONE', ( #315, #50, #612, #1023 ) ) ;
#1717 = CIRCLE ( 'NONE', #1345, 0.09842519685039372024 ) ;
#1718 = EDGE_CURVE ( 'NONE', #2645, #1520, #2703, .T. ) ;
#1719 = ADVANCED_FACE ( 'NONE', ( #2057 ), #1340, .F. ) ;
#1720 = DIRECTION ( 'NONE',  ( 0.000000000000000000, 0.000000000000000000, 1.000000000000000000 ) ) ;
#1721 = CIRCLE ( 'NONE', #2331, 0.08940944881889766049 ) ;
#1722 = ORIENTED_EDGE ( 'NONE', *, *, #1936, .T. ) ;
#1723 = PLANE ( 'NONE',  #1249 ) ;
#1724 = DIRECTION ( 'NONE',  ( 0.000000000000000000, 0.000000000000000000, 1.000000000000000000 ) ) ;
#1725 = DIRECTION ( 'NONE',  ( 0.000000000000000000, 0.000000000000000000, 1.000000000000000000 ) ) ;
#1726 = VECTOR ( 'NONE', #2265, 39.37007874015748143 ) ;
#1727 = EDGE_CURVE ( 'NONE', #1606, #275, #485, .T. ) ;
#1728 = EDGE_LOOP ( 'NONE', ( #1091, #2148, #1484, #1477, #79, #2104, #806, #2605, #2248, #1448, #2704, #1031, #1699, #405, #1272, #1628, #316, #1573, #2960, #466, #2696, #2492, #2371, #386, #2242, #2805, #779, #503, #1158, #1301, #2841, #875, #2034, #1206, #1218, #1370, #1473, #970, #2220, #693, #1235 ) ) ;
#1729 = ORIENTED_EDGE ( 'NONE', *, *, #565, .F. ) ;
#1730 = CARTESIAN_POINT ( 'NONE',  ( 0.000000000000000000, -1.240000000000000213, -0.05905511811023622659 ) ) ;
#1731 = APPROVAL ( #692, 'UNSPECIFIED' ) ;
#1732 = VECTOR ( 'NONE', #1219, 39.37007874015748143 ) ;
#1733 = CARTESIAN_POINT ( 'NONE',  ( 1.500000000000000222, -1.500000000000000222, 0.05905511811023622659 ) ) ;
#1734 = EDGE_LOOP ( 'NONE', ( #2048, #1867, #2303, #662 ) ) ;
#1735 = LINE ( 'NONE', #2392, #765 ) ;
#1736 = EDGE_CURVE ( 'NONE', #2117, #86, #71, .T. ) ;
#1737 = ORIENTED_EDGE ( 'NONE', *, *, #208, .F. ) ;
#1738 = CYLINDRICAL_SURFACE ( 'NONE', #2052, 0.08940944881889764662 ) ;
#1739 = DIRECTION ( 'NONE',  ( 0.000000000000000000, 0.000000000000000000, 1.000000000000000000 ) ) ;
#1740 = CARTESIAN_POINT ( 'NONE',  ( -0.7071067811865472397, -0.7071067811865472397, 0.05905511811023622659 ) ) ;
#1741 = DIRECTION ( 'NONE',  ( 1.000000000000000000, 0.000000000000000000, 0.000000000000000000 ) ) ;
#1742 = CARTESIAN_POINT ( 'NONE',  ( -2.731847993664263711E-16, 1.000000000000000000, 0.05905511811023622659 ) ) ;
#1743 = EDGE_LOOP ( 'NONE', ( #588, #1662, #351, #2683 ) ) ;
#1744 = CARTESIAN_POINT ( 'NONE',  ( -0.5996475525636968396, 0.1603464574232736084, 0.05905511811023622659 ) ) ;
#1745 = CARTESIAN_POINT ( 'NONE',  ( -1.598425196850393526, -1.500000000000000222, 0.05905511811023622659 ) ) ;
#1746 = ORIENTED_EDGE ( 'NONE', *, *, #2153, .T. ) ;
#1747 = CARTESIAN_POINT ( 'NONE',  ( 0.000000000000000000, 0.000000000000000000, 0.05905511811023622659 ) ) ;
#1748 = ORIENTED_EDGE ( 'NONE', *, *, #2880, .F. ) ;
#1749 = DIRECTION ( 'NONE',  ( 0.000000000000000000, 0.000000000000000000, 1.000000000000000000 ) ) ;
#1750 = ADVANCED_FACE ( 'NONE', ( #2932, #436, #2281, #1835, #2739, #1359, #1408, #1130, #2037, #2305, #2512, #1375, #241, #2725 ), #2916, .T. ) ;
#1751 = AXIS2_PLACEMENT_3D ( 'NONE', #1807, #1586, #1760 ) ;
#1752 = DIRECTION ( 'NONE',  ( 0.000000000000000000, 0.000000000000000000, 1.000000000000000000 ) ) ;
#1753 = AXIS2_PLACEMENT_3D ( 'NONE', #1360, #1543, #2267 ) ;
#1754 = DIRECTION ( 'NONE',  ( 1.000000000000000000, 0.000000000000000000, 0.000000000000000000 ) ) ;
#1755 = EDGE_CURVE ( 'NONE', #1520, #1980, #164, .T. ) ;
#1756 = CIRCLE ( 'NONE', #2894, 0.09842519685039378963 ) ;
#1757 = DIRECTION ( 'NONE',  ( 1.000000000000000000, 0.000000000000000000, 0.000000000000000000 ) ) ;
#1758 = CARTESIAN_POINT ( 'NONE',  ( 0.07774909511909548765, 0.5575977153185165403, 0.05905511811023622659 ) ) ;
#1759 = VERTEX_POINT ( 'NONE', #2050 ) ;
#1760 = DIRECTION ( 'NONE',  ( 1.000000000000000000, 0.000000000000000000, 0.000000000000000000 ) ) ;
#1761 = DIRECTION ( 'NONE',  ( 0.7071067811865485719, 0.7071067811865465735, 0.000000000000000000 ) ) ;
#1762 = ORIENTED_EDGE ( 'NONE', *, *, #995, .F. ) ;
#1763 = CIRCLE ( 'NONE', #1631, 0.6953740157480315931 ) ;
#1764 = CARTESIAN_POINT ( 'NONE',  ( 0.000000000000000000, 0.000000000000000000, -0.05905511811023622659 ) ) ;
#1765 = AXIS2_PLACEMENT_3D ( 'NONE', #2575, #1256, #2377 ) ;
#1766 = ORIENTED_EDGE ( 'NONE', *, *, #1572, .F. ) ;
#1767 = EDGE_CURVE ( 'NONE', #1092, #2455, #1988, .T. ) ;
#1768 = DIRECTION ( 'NONE',  ( 0.000000000000000000, 0.000000000000000000, 1.000000000000000000 ) ) ;
#1769 = CIRCLE ( 'NONE', #1055, 0.09842519685039378963 ) ;
#1770 = CARTESIAN_POINT ( 'NONE',  ( 0.000000000000000000, 0.000000000000000000, 0.05905511811023622659 ) ) ;
#1771 = DIRECTION ( 'NONE',  ( 0.000000000000000000, 0.000000000000000000, 1.000000000000000000 ) ) ;
#1772 = DIRECTION ( 'NONE',  ( 0.000000000000000000, 0.000000000000000000, 1.000000000000000000 ) ) ;
#1773 = LINE ( 'NONE', #2901, #2136 ) ;
#1774 = EDGE_CURVE ( 'NONE', #2637, #2342, #691, .T. ) ;
#1775 = CARTESIAN_POINT ( 'NONE',  ( 1.500000000000000222, -1.500000000000000222, -0.05905511811023622659 ) ) ;
#1776 = DIRECTION ( 'NONE',  ( 1.000000000000000000, 0.000000000000000000, 0.000000000000000000 ) ) ;
#1777 = CARTESIAN_POINT ( 'NONE',  ( -0.9015748031496063630, -4.097771990496393842E-16, -0.05905511811023622659 ) ) ;
#1778 = VERTEX_POINT ( 'NONE', #2685 ) ;
#1779 = ORIENTED_EDGE ( 'NONE', *, *, #2026, .F. ) ;
#1780 = AXIS2_PLACEMENT_3D ( 'NONE', #982, #2120, #2816 ) ;
#1781 = ORIENTED_EDGE ( 'NONE', *, *, #75, .F. ) ;
#1782 = FACE_OUTER_BOUND ( 'NONE', #1250, .T. ) ;
#1783 = DIRECTION ( 'NONE',  ( 0.000000000000000000, 0.000000000000000000, 1.000000000000000000 ) ) ;
#1784 = CARTESIAN_POINT ( 'NONE',  ( 0.4158179712205559153, 0.5573512685798464039, -0.05905511811023622659 ) ) ;
#1785 = EDGE_CURVE ( 'NONE', #2196, #1999, #2228, .T. ) ;
#1786 = DIRECTION ( 'NONE',  ( -0.7071067811865469066, 0.7071067811865479058, 0.000000000000000000 ) ) ;
#1787 = LINE ( 'NONE', #685, #761 ) ;
#1788 = DIRECTION ( 'NONE',  ( 0.000000000000000000, 0.000000000000000000, 1.000000000000000000 ) ) ;
#1789 = VERTEX_POINT ( 'NONE', #1093 ) ;
#1790 = ADVANCED_FACE ( 'NONE', ( #938 ), #2221, .F. ) ;
#1791 = CARTESIAN_POINT ( 'NONE',  ( -0.4267099319093700660, -0.3964900588049795616, -0.05905511811023622659 ) ) ;
#1792 = CARTESIAN_POINT ( 'NONE',  ( 1.026436535528801208, 0.7271882818138385440, 0.05905511811023622659 ) ) ;
#1793 = ORIENTED_EDGE ( 'NONE', *, *, #2790, .F. ) ;
#1794 = ORIENTED_EDGE ( 'NONE', *, *, #2714, .T. ) ;
#1795 = DATE_AND_TIME ( #10, #720 ) ;
#1796 = VERTEX_POINT ( 'NONE', #2941 ) ;
#1797 = DIRECTION ( 'NONE',  ( 1.000000000000000000, 0.000000000000000000, 0.000000000000000000 ) ) ;
#1798 = CARTESIAN_POINT ( 'NONE',  ( 1.098425196850393748, -1.500000000000000222, 0.05905511811023622659 ) ) ;
#1799 = LINE ( 'NONE', #156, #759 ) ;
#1800 = EDGE_LOOP ( 'NONE', ( #1201, #2039, #1762, #2830 ) ) ;
#1801 = AXIS2_PLACEMENT_3D ( 'NONE', #388, #178, #1089 ) ;
#1802 = DIRECTION ( 'NONE',  ( 0.000000000000000000, 0.000000000000000000, 1.000000000000000000 ) ) ;
#1803 = CIRCLE ( 'NONE', #1753, 0.08190944881889759832 ) ;
#1804 = DIRECTION ( 'NONE',  ( 0.000000000000000000, 0.000000000000000000, 1.000000000000000000 ) ) ;
#1805 = DIRECTION ( 'NONE',  ( 1.000000000000000000, 0.000000000000000000, 0.000000000000000000 ) ) ;
#1806 = CIRCLE ( 'NONE', #226, 0.08940944881889766049 ) ;
#1807 = CARTESIAN_POINT ( 'NONE',  ( -0.3623531382330366646, 0.4856884388023684496, -0.05905511811023622659 ) ) ;
#1808 = CARTESIAN_POINT ( 'NONE',  ( 0.3623531382330468231, 0.4856884388023613996, -0.05905511811023622659 ) ) ;
#1809 = VECTOR ( 'NONE', #2649, 39.37007874015748143 ) ;
#1810 = EDGE_CURVE ( 'NONE', #18, #2459, #905, .T. ) ;
#1811 = ORIENTED_EDGE ( 'NONE', *, *, #2678, .T. ) ;
#1812 = ORIENTED_EDGE ( 'NONE', *, *, #2208, .F. ) ;
#1813 = PERSON_AND_ORGANIZATION ( #2397, #39 ) ;
#1814 = EDGE_CURVE ( 'NONE', #2062, #1461, #168, .T. ) ;
#1815 = EDGE_CURVE ( 'NONE', #676, #537, #1975, .T. ) ;
#1816 = ORIENTED_EDGE ( 'NONE', *, *, #1785, .T. ) ;
#1817 = DIRECTION ( 'NONE',  ( 0.000000000000000000, 0.000000000000000000, -1.000000000000000000 ) ) ;
#1818 = AXIS2_PLACEMENT_3D ( 'NONE', #112, #744, #2352 ) ;
#1819 = CARTESIAN_POINT ( 'NONE',  ( 0.6905893430319095527, -0.08143329213717716286, -0.05905511811023622659 ) ) ;
#1820 = CARTESIAN_POINT ( 'NONE',  ( -0.08906077290897067289, -0.6387223339702775560, -0.05905511811023622659 ) ) ;
#1821 = VECTOR ( 'NONE', #684, 39.37007874015748854 ) ;
#1822 = DIRECTION ( 'NONE',  ( 1.000000000000000000, 0.000000000000000000, 0.000000000000000000 ) ) ;
#1823 = VECTOR ( 'NONE', #95, 39.37007874015748854 ) ;
#1824 = VERTEX_POINT ( 'NONE', #2933 ) ;
#1825 = CARTESIAN_POINT ( 'NONE',  ( -1.074802307403549317, -2.000000000000000000, 0.05905511811023622659 ) ) ;
#1826 = AXIS2_PLACEMENT_3D ( 'NONE', #2044, #1197, #260 ) ;
#1827 = DIRECTION ( 'NONE',  ( 0.000000000000000000, 0.000000000000000000, 1.000000000000000000 ) ) ;
#1828 = DIRECTION ( 'NONE',  ( 1.000000000000000000, 0.000000000000000000, 0.000000000000000000 ) ) ;
#1829 = VERTEX_POINT ( 'NONE', #2708 ) ;
#1830 = EDGE_LOOP ( 'NONE', ( #1416, #1569, #516, #455 ) ) ;
#1831 = DATE_TIME_ROLE ( 'classification_date' ) ;
#1832 = CIRCLE ( 'NONE', #2201, 0.6953740157480315931 ) ;
#1833 = VERTEX_POINT ( 'NONE', #1069 ) ;
#1834 = DIRECTION ( 'NONE',  ( 0.000000000000000000, 0.000000000000000000, 1.000000000000000000 ) ) ;
#1835 = FACE_BOUND ( 'NONE', #1276, .T. ) ;
#1836 = EDGE_CURVE ( 'NONE', #584, #2783, #1474, .T. ) ;
#1837 = CIRCLE ( 'NONE', #2351, 0.09842519685039370636 ) ;
#1838 = ORIENTED_EDGE ( 'NONE', *, *, #2457, .F. ) ;
#1839 = CARTESIAN_POINT ( 'NONE',  ( -0.2747713718113543591, 0.6387845607170314910, 0.05905511811023622659 ) ) ;
#1840 = CARTESIAN_POINT ( 'NONE',  ( 0.5996475525636968396, -0.1603464574232736084, -0.05905511811023622659 ) ) ;
#1841 = DIRECTION ( 'NONE',  ( 0.000000000000000000, 0.000000000000000000, 1.000000000000000000 ) ) ;
#1842 = CARTESIAN_POINT ( 'NONE',  ( 0.000000000000000000, 0.000000000000000000, -0.05905511811023622659 ) ) ;
#1843 = CARTESIAN_POINT ( 'NONE',  ( 1.598425196850393526, -1.500000000000000222, -0.05905511811023622659 ) ) ;
#1844 = FACE_OUTER_BOUND ( 'NONE', #1217, .T. ) ;
#1845 = ORIENTED_EDGE ( 'NONE', *, *, #2384, .T. ) ;
#1846 = APPROVAL_ROLE ( '' ) ;
#1847 = FACE_OUTER_BOUND ( 'NONE', #2168, .T. ) ;
#1848 = CARTESIAN_POINT ( 'NONE',  ( 0.3623531382330401618, -0.4856884388023661736, -0.05905511811023622659 ) ) ;
#1849 = FACE_OUTER_BOUND ( 'NONE', #2386, .T. ) ;
#1850 = ORIENTED_EDGE ( 'NONE', *, *, #1949, .F. ) ;
#1851 = ADVANCED_FACE ( 'NONE', ( #2247 ), #2213, .T. ) ;
#1852 = CYLINDRICAL_SURFACE ( 'NONE', #475, 0.08940944881889766049 ) ;
#1853 = EDGE_CURVE ( 'NONE', #2723, #1271, #1342, .T. ) ;
#1854 = DIRECTION ( 'NONE',  ( 1.000000000000000000, 0.000000000000000000, 0.000000000000000000 ) ) ;
#1855 = AXIS2_PLACEMENT_3D ( 'NONE', #430, #925, #638 ) ;
#1856 = AXIS2_PLACEMENT_3D ( 'NONE', #1117, #1530, #1822 ) ;
#1857 = ORIENTED_EDGE ( 'NONE', *, *, #43, .F. ) ;
#1858 = DIRECTION ( 'NONE',  ( 0.000000000000000000, 0.000000000000000000, 1.000000000000000000 ) ) ;
#1859 = AXIS2_PLACEMENT_3D ( 'NONE', #2882, #1772, #399 ) ;
#1860 = ORIENTED_EDGE ( 'NONE', *, *, #2098, .T. ) ;
#1861 = CYLINDRICAL_SURFACE ( 'NONE', #1450, 0.08940944881889766049 ) ;
#1862 = DIRECTION ( 'NONE',  ( 0.000000000000000000, 0.000000000000000000, 1.000000000000000000 ) ) ;
#1863 = CARTESIAN_POINT ( 'NONE',  ( -0.4386878818172448291, -0.4391367851256866572, -0.05905511811023622659 ) ) ;
#1864 = CIRCLE ( 'NONE', #1009, 0.5629921259842519676 ) ;
#1865 = EDGE_CURVE ( 'NONE', #2668, #345, #1001, .T. ) ;
#1866 = AXIS2_PLACEMENT_3D ( 'NONE', #2510, #467, #2211 ) ;
#1867 = ORIENTED_EDGE ( 'NONE', *, *, #1196, .F. ) ;
#1868 = CARTESIAN_POINT ( 'NONE',  ( 1.739999999999999991, -1.750000000000000222, -0.05905511811023622659 ) ) ;
#1869 = AXIS2_PLACEMENT_3D ( 'NONE', #1323, #2395, #2895 ) ;
#1870 = CARTESIAN_POINT ( 'NONE',  ( -0.2650640646776492027, -1.360078740157480315, 0.05905511811023622659 ) ) ;
#1871 = EDGE_CURVE ( 'NONE', #131, #1671, #560, .T. ) ;
#1872 = ORIENTED_EDGE ( 'NONE', *, *, #98, .F. ) ;
#1873 = CARTESIAN_POINT ( 'NONE',  ( 0.5217683341175440859, 0.2114661661648752078, 0.05905511811023622659 ) ) ;
#1874 = ORIENTED_EDGE ( 'NONE', *, *, #808, .F. ) ;
#1875 = CARTESIAN_POINT ( 'NONE',  ( 1.098425196850393748, 0.000000000000000000, 0.05905511811023622659 ) ) ;
#1876 = VECTOR ( 'NONE', #2328, 39.37007874015748143 ) ;
#1877 = CARTESIAN_POINT ( 'NONE',  ( 0.000000000000000000, 0.000000000000000000, -0.05905511811023622659 ) ) ;
#1878 = ORIENTED_EDGE ( 'NONE', *, *, #1601, .F. ) ;
#1879 = DIRECTION ( 'NONE',  ( 1.000000000000000000, 0.000000000000000000, 0.000000000000000000 ) ) ;
#1880 = AXIS2_PLACEMENT_3D ( 'NONE', #1679, #1459, #2359 ) ;
#1881 = CYLINDRICAL_SURFACE ( 'NONE', #1826, 0.09842519685039365085 ) ;
#1882 = DIRECTION ( 'NONE',  ( 0.000000000000000000, 0.000000000000000000, 1.000000000000000000 ) ) ;
#1883 = VERTEX_POINT ( 'NONE', #1990 ) ;
#1884 = VERTEX_POINT ( 'NONE', #190 ) ;
#1885 = ADVANCED_FACE ( 'NONE', ( #2659 ), #2022, .F. ) ;
#1886 = DIRECTION ( 'NONE',  ( 0.000000000000000000, 0.000000000000000000, 1.000000000000000000 ) ) ;
#1887 = SHAPE_DEFINITION_REPRESENTATION ( #540, #1381 ) ;
#1888 = VERTEX_POINT ( 'NONE', #415 ) ;
#1889 = DIRECTION ( 'NONE',  ( 1.000000000000000000, 0.000000000000000000, 0.000000000000000000 ) ) ;
#1890 = CARTESIAN_POINT ( 'NONE',  ( 0.6905893430319095527, 0.08143329213717696857, -0.05905511811023622659 ) ) ;
#1891 = LINE ( 'NONE', #1394, #1039 ) ;
#1892 = ORIENTED_EDGE ( 'NONE', *, *, #235, .T. ) ;
#1893 = DIRECTION ( 'NONE',  ( 0.000000000000000000, 0.000000000000000000, 1.000000000000000000 ) ) ;
#1894 = DIRECTION ( 'NONE',  ( 0.000000000000000000, 0.000000000000000000, 1.000000000000000000 ) ) ;
#1895 = LINE ( 'NONE', #1911, #2842 ) ;
#1896 = EDGE_CURVE ( 'NONE', #1063, #2403, #1799, .T. ) ;
#1897 = VERTEX_POINT ( 'NONE', #915 ) ;
#1898 = ORIENTED_EDGE ( 'NONE', *, *, #458, .T. ) ;
#1899 = AXIS2_PLACEMENT_3D ( 'NONE', #424, #2287, #2731 ) ;
#1900 = DIRECTION ( 'NONE',  ( 0.000000000000000000, 0.000000000000000000, -1.000000000000000000 ) ) ;
#1901 = AXIS2_PLACEMENT_3D ( 'NONE', #2306, #254, #953 ) ;
#1902 = VERTEX_POINT ( 'NONE', #2897 ) ;
#1903 = DIRECTION ( 'NONE',  ( 0.000000000000000000, 0.000000000000000000, 1.000000000000000000 ) ) ;
#1904 = VECTOR ( 'NONE', #2867, 39.37007874015748143 ) ;
#1905 = DIRECTION ( 'NONE',  ( 0.000000000000000000, 0.000000000000000000, -1.000000000000000000 ) ) ;
#1906 = CYLINDRICAL_SURFACE ( 'NONE', #906, 0.6953740157480315931 ) ;
#1907 = EDGE_CURVE ( 'NONE', #2432, #1979, #2917, .T. ) ;
#1908 = ORIENTED_EDGE ( 'NONE', *, *, #808, .T. ) ;
#1909 = DIRECTION ( 'NONE',  ( 1.000000000000000000, 0.000000000000000000, 0.000000000000000000 ) ) ;
#1910 = DIRECTION ( 'NONE',  ( 0.000000000000000000, 0.000000000000000000, 1.000000000000000000 ) ) ;
#1911 = CARTESIAN_POINT ( 'NONE',  ( 0.8768124086713130483, 0.8768124086713248166, -0.05905511811023622659 ) ) ;
#1912 = VECTOR ( 'NONE', #2285, 39.37007874015748143 ) ;
#1913 = ORIENTED_EDGE ( 'NONE', *, *, #2756, .T. ) ;
#1914 = VERTEX_POINT ( 'NONE', #2447 ) ;
#1915 = CARTESIAN_POINT ( 'NONE',  ( 0.07774909511908779935, -0.5575977153185173174, -0.05905511811023622659 ) ) ;
#1916 = EDGE_CURVE ( 'NONE', #1422, #714, #2007, .T. ) ;
#1917 = ORIENTED_EDGE ( 'NONE', *, *, #1502, .T. ) ;
#1918 = CARTESIAN_POINT ( 'NONE',  ( -1.098425196850393748, -3.977235888218109713E-16, 0.05905511811023622659 ) ) ;
#1919 = DIRECTION ( 'NONE',  ( 1.000000000000000000, 0.000000000000000000, 0.000000000000000000 ) ) ;
#1920 = ORIENTED_EDGE ( 'NONE', *, *, #116, .F. ) ;
#1921 = CARTESIAN_POINT ( 'NONE',  ( -1.000000000000000000, -4.097771990496393842E-16, 0.05905511811023622659 ) ) ;
#1922 = EDGE_CURVE ( 'NONE', #724, #584, #1579, .T. ) ;
#1923 = AXIS2_PLACEMENT_3D ( 'NONE', #1221, #2123, #997 ) ;
#1924 = DIRECTION ( 'NONE',  ( 1.000000000000000000, 0.000000000000000000, 0.000000000000000000 ) ) ;
#1925 = ORIENTED_EDGE ( 'NONE', *, *, #1871, .F. ) ;
#1926 = ORIENTED_EDGE ( 'NONE', *, *, #1814, .T. ) ;
#1927 = DIRECTION ( 'NONE',  ( 0.000000000000000000, 0.000000000000000000, -1.000000000000000000 ) ) ;
#1928 = ORIENTED_EDGE ( 'NONE', *, *, #127, .F. ) ;
#1929 = CYLINDRICAL_SURFACE ( 'NONE', #2070, 0.08190944881889763995 ) ;
#1930 = CARTESIAN_POINT ( 'NONE',  ( -0.4158179712205440914, 0.5573512685798550637, -0.05905511811023622659 ) ) ;
#1931 = ORIENTED_EDGE ( 'NONE', *, *, #2576, .T. ) ;
#1932 = FACE_BOUND ( 'NONE', #1639, .T. ) ;
#1933 = EDGE_CURVE ( 'NONE', #2268, #2945, #681, .T. ) ;
#1934 = FACE_OUTER_BOUND ( 'NONE', #1119, .T. ) ;
#1935 = DIRECTION ( 'NONE',  ( 1.000000000000000000, 0.000000000000000000, 0.000000000000000000 ) ) ;
#1936 = EDGE_CURVE ( 'NONE', #2390, #1824, #1803, .T. ) ;
#1937 = EDGE_CURVE ( 'NONE', #2606, #2477, #1324, .T. ) ;
#1938 = DESIGN_CONTEXT ( 'detailed design', #1402, 'design' ) ;
#1939 = ORIENTED_EDGE ( 'NONE', *, *, #1300, .F. ) ;
#1940 = ORIENTED_EDGE ( 'NONE', *, *, #827, .F. ) ;
#1941 = CARTESIAN_POINT ( 'NONE',  ( 1.000000000000000000, 0.000000000000000000, 0.05905511811023622659 ) ) ;
#1942 = CIRCLE ( 'NONE', #647, 0.08190944881889759832 ) ;
#1943 = ORIENTED_EDGE ( 'NONE', *, *, #2626, .T. ) ;
#1944 = CARTESIAN_POINT ( 'NONE',  ( 1.117972718399218524, 0.5364112237034756037, 0.05905511811023622659 ) ) ;
#1945 = ORIENTED_EDGE ( 'NONE', *, *, #1253, .T. ) ;
#1946 = CIRCLE ( 'NONE', #1283, 0.5629921259842519676 ) ;
#1947 = LINE ( 'NONE', #2227, #284 ) ;
#1948 = VECTOR ( 'NONE', #1258, 39.37007874015748143 ) ;
#1949 = EDGE_CURVE ( 'NONE', #2174, #1499, #2038, .T. ) ;
#1950 = DIRECTION ( 'NONE',  ( 1.000000000000000000, 0.000000000000000000, 0.000000000000000000 ) ) ;
#1951 = CARTESIAN_POINT ( 'NONE',  ( 5.463695987328527423E-16, -1.000000000000000000, -0.05905511811023622659 ) ) ;
#1952 = VECTOR ( 'NONE', #1214, 39.37007874015748143 ) ;
#1953 = EDGE_LOOP ( 'NONE', ( #1623, #1939, #1878, #2354 ) ) ;
#1954 = AXIS2_PLACEMENT_3D ( 'NONE', #2643, #843, #2209 ) ;
#1955 = VERTEX_POINT ( 'NONE', #642 ) ;
#1956 = ADVANCED_FACE ( 'NONE', ( #1099 ), #1558, .T. ) ;
#1957 = CARTESIAN_POINT ( 'NONE',  ( -0.4625988462982228433, -0.4625988462982212335, 0.05905511811023622659 ) ) ;
#1958 = ORIENTED_EDGE ( 'NONE', *, *, #2153, .F. ) ;
#1959 = AXIS2_PLACEMENT_3D ( 'NONE', #1212, #1708, #270 ) ;
#1960 = DIRECTION ( 'NONE',  ( 1.000000000000000000, 0.000000000000000000, 0.000000000000000000 ) ) ;
#1961 = VERTEX_POINT ( 'NONE', #1 ) ;
#1962 = FACE_BOUND ( 'NONE', #1688, .T. ) ;
#1963 = CARTESIAN_POINT ( 'NONE',  ( 0.6953740157480315931, 0.000000000000000000, -0.05905511811023622659 ) ) ;
#1964 = CARTESIAN_POINT ( 'NONE',  ( 1.739999999999999991, 0.000000000000000000, 0.05905511811023622659 ) ) ;
#1965 = ORIENTED_EDGE ( 'NONE', *, *, #115, .T. ) ;
#1966 = ORIENTED_EDGE ( 'NONE', *, *, #1482, .F. ) ;
#1967 = DIRECTION ( 'NONE',  ( 0.000000000000000000, 0.000000000000000000, -1.000000000000000000 ) ) ;
#1968 = AXIS2_PLACEMENT_3D ( 'NONE', #2356, #2312, #965 ) ;
#1969 = EDGE_CURVE ( 'NONE', #1045, #552, #942, .T. ) ;
#1970 = ADVANCED_FACE ( 'NONE', ( #1849 ), #1209, .F. ) ;
#1971 = ORIENTED_EDGE ( 'NONE', *, *, #846, .T. ) ;
#1972 = CARTESIAN_POINT ( 'NONE',  ( 0.9015748031496063630, 1.205361022782826802E-17, -0.05905511811023622659 ) ) ;
#1973 = ORIENTED_EDGE ( 'NONE', *, *, #380, .T. ) ;
#1974 = FACE_OUTER_BOUND ( 'NONE', #2276, .T. ) ;
#1975 = LINE ( 'NONE', #629, #1387 ) ;
#1976 = CARTESIAN_POINT ( 'NONE',  ( -0.2650640646776492027, -1.360078740157480315, 0.05905511811023622659 ) ) ;
#1977 = CYLINDRICAL_SURFACE ( 'NONE', #1859, 0.08190944881889759832 ) ;
#1978 = CARTESIAN_POINT ( 'NONE',  ( -0.5086193807282677337, -0.3964900588049795616, -0.05905511811023622659 ) ) ;
#1979 = VERTEX_POINT ( 'NONE', #2282 ) ;
#1980 = VERTEX_POINT ( 'NONE', #2069 ) ;
#1981 = CARTESIAN_POINT ( 'NONE',  ( -1.598425196850393526, -1.500000000000000222, -0.05905511811023622659 ) ) ;
#1982 = DIRECTION ( 'NONE',  ( 0.000000000000000000, 0.000000000000000000, 1.000000000000000000 ) ) ;
#1983 = EDGE_CURVE ( 'NONE', #2155, #676, #1891, .T. ) ;
#1984 = EDGE_LOOP ( 'NONE', ( #2509, #1564 ) ) ;
#1985 = FACE_OUTER_BOUND ( 'NONE', #1689, .T. ) ;
#1986 = ORIENTED_EDGE ( 'NONE', *, *, #1736, .T. ) ;
#1987 = FACE_BOUND ( 'NONE', #816, .T. ) ;
#1988 = CIRCLE ( 'NONE', #1855, 0.6953740157480315931 ) ;
#1989 = EDGE_CURVE ( 'NONE', #1063, #2637, #2519, .T. ) ;
#1990 = CARTESIAN_POINT ( 'NONE',  ( 0.4517625870519378362, -0.4856884388023661736, 0.05905511811023622659 ) ) ;
#1991 = VECTOR ( 'NONE', #381, 39.37007874015748143 ) ;
#1992 = DIRECTION ( 'NONE',  ( 0.000000000000000000, 0.000000000000000000, -1.000000000000000000 ) ) ;
#1993 = VECTOR ( 'NONE', #2074, 39.37007874015748143 ) ;
#1994 = DIRECTION ( 'NONE',  ( 0.000000000000000000, 0.000000000000000000, 1.000000000000000000 ) ) ;
#1995 = CARTESIAN_POINT ( 'NONE',  ( 1.739999999999999991, -1.750000000000000222, 0.05905511811023622659 ) ) ;
#1996 = ORIENTED_EDGE ( 'NONE', *, *, #2896, .F. ) ;
#1997 = CARTESIAN_POINT ( 'NONE',  ( 0.08906077290897500276, 0.6387223339702775560, 0.05905511811023622659 ) ) ;
#1998 = AXIS2_PLACEMENT_3D ( 'NONE', #1161, #737, #750 ) ;
#1999 = VERTEX_POINT ( 'NONE', #696 ) ;
#2000 = ORIENTED_EDGE ( 'NONE', *, *, #1279, .T. ) ;
#2001 = AXIS2_PLACEMENT_3D ( 'NONE', #1056, #2466, #1950 ) ;
#2002 = DIRECTION ( 'NONE',  ( 1.000000000000000000, 0.000000000000000000, 0.000000000000000000 ) ) ;
#2003 = LOCAL_TIME ( 14, 58, 58.00000000000000000, #186 ) ;
#2004 = ORIENTED_EDGE ( 'NONE', *, *, #479, .F. ) ;
#2005 = CARTESIAN_POINT ( 'NONE',  ( 0.2747713718113677372, 0.6387845607170254958, -0.05905511811023622659 ) ) ;
#2006 = AXIS2_PLACEMENT_3D ( 'NONE', #558, #2114, #1490 ) ;
#2007 = LINE ( 'NONE', #397, #359 ) ;
#2008 = EDGE_CURVE ( 'NONE', #130, #807, #2080, .T. ) ;
#2009 = LINE ( 'NONE', #1325, #2764 ) ;
#2010 = CARTESIAN_POINT ( 'NONE',  ( 0.6017950954437736311, 0.07096280344964527032, 0.05905511811023622659 ) ) ;
#2011 = ORIENTED_EDGE ( 'NONE', *, *, #1634, .T. ) ;
#2012 = CIRCLE ( 'NONE', #1590, 0.09842519685039372024 ) ;
#2013 = CARTESIAN_POINT ( 'NONE',  ( -0.8768124086713149357, 0.8768124086713228182, -0.05905511811023622659 ) ) ;
#2014 = LINE ( 'NONE', #2101, #170 ) ;
#2015 = ORIENTED_EDGE ( 'NONE', *, *, #2098, .F. ) ;
#2016 = ORIENTED_EDGE ( 'NONE', *, *, #349, .T. ) ;
#2017 = AXIS2_PLACEMENT_3D ( 'NONE', #2369, #1047, #373 ) ;
#2018 = CALENDAR_DATE ( 2024, 12, 12 ) ;
#2019 = EDGE_LOOP ( 'NONE', ( #1048, #1737, #751, #1016 ) ) ;
#2020 = DIRECTION ( 'NONE',  ( 0.000000000000000000, 0.000000000000000000, 1.000000000000000000 ) ) ;
#2021 = CARTESIAN_POINT ( 'NONE',  ( -0.8768124086713149357, 0.8768124086713228182, 0.05905511811023622659 ) ) ;
#2022 = CYLINDRICAL_SURFACE ( 'NONE', #1563, 0.5629921259842519676 ) ;
#2023 = ORIENTED_EDGE ( 'NONE', *, *, #2353, .F. ) ;
#2024 = DIRECTION ( 'NONE',  ( 0.000000000000000000, 1.000000000000000000, 0.000000000000000000 ) ) ;
#2025 = CYLINDRICAL_SURFACE ( 'NONE', #856, 0.08190944881889763995 ) ;
#2026 = EDGE_CURVE ( 'NONE', #427, #2673, #1165, .T. ) ;
#2027 = DIRECTION ( 'NONE',  ( 1.000000000000000000, 0.000000000000000000, 0.000000000000000000 ) ) ;
#2028 = ORIENTED_EDGE ( 'NONE', *, *, #1102, .T. ) ;
#2029 = FACE_OUTER_BOUND ( 'NONE', #2262, .T. ) ;
#2030 = EDGE_CURVE ( 'NONE', #2162, #1676, #2800, .T. ) ;
#2031 = EDGE_CURVE ( 'NONE', #1045, #1604, #2768, .T. ) ;
#2032 = CARTESIAN_POINT ( 'NONE',  ( 0.4440192389984543575, -0.3461315491536436917, -0.05905511811023622659 ) ) ;
#2033 = ORIENTED_EDGE ( 'NONE', *, *, #1727, .T. ) ;
#2034 = ORIENTED_EDGE ( 'NONE', *, *, #163, .F. ) ;
#2035 = ORIENTED_EDGE ( 'NONE', *, *, #1871, .T. ) ;
#2036 = DIRECTION ( 'NONE',  ( 0.000000000000000000, 0.000000000000000000, 1.000000000000000000 ) ) ;
#2037 = FACE_BOUND ( 'NONE', #1458, .T. ) ;
#2038 = LINE ( 'NONE', #2690, #510 ) ;
#2039 = ORIENTED_EDGE ( 'NONE', *, *, #2833, .F. ) ;
#2040 = AXIS2_PLACEMENT_3D ( 'NONE', #1164, #2068, #941 ) ;
#2041 = LINE ( 'NONE', #2741, #2908 ) ;
#2042 = ADVANCED_FACE ( 'NONE', ( #268 ), #56, .F. ) ;
#2043 = AXIS2_PLACEMENT_3D ( 'NONE', #2794, #2110, #2295 ) ;
#2044 = CARTESIAN_POINT ( 'NONE',  ( -1.000000000000000000, -1.500000000000000222, 0.05905511811023622659 ) ) ;
#2045 = CIRCLE ( 'NONE', #1518, 0.08190944881889759832 ) ;
#2046 = DIRECTION ( 'NONE',  ( 1.000000000000000000, 0.000000000000000000, 0.000000000000000000 ) ) ;
#2047 = ORIENTED_EDGE ( 'NONE', *, *, #1836, .T. ) ;
#2048 = ORIENTED_EDGE ( 'NONE', *, *, #569, .T. ) ;
#2049 = EDGE_CURVE ( 'NONE', #2442, #2459, #951, .T. ) ;
#2050 = CARTESIAN_POINT ( 'NONE',  ( 1.098425196850393748, -1.500000000000000222, -0.05905511811023622659 ) ) ;
#2051 = PERSON_AND_ORGANIZATION ( #2397, #39 ) ;
#2052 = AXIS2_PLACEMENT_3D ( 'NONE', #396, #2446, #2915 ) ;
#2053 = EDGE_LOOP ( 'NONE', ( #842, #738, #949, #2550 ) ) ;
#2054 = CARTESIAN_POINT ( 'NONE',  ( 1.026436535528801208, 0.7271882818138385440, -0.05905511811023622659 ) ) ;
#2055 = VECTOR ( 'NONE', #944, 39.37007874015748143 ) ;
#2056 = DIRECTION ( 'NONE',  ( 0.000000000000000000, 0.000000000000000000, 1.000000000000000000 ) ) ;
#2057 = FACE_OUTER_BOUND ( 'NONE', #298, .T. ) ;
#2058 = ORIENTED_EDGE ( 'NONE', *, *, #2775, .T. ) ;
#2059 = CARTESIAN_POINT ( 'NONE',  ( 0.000000000000000000, -1.240000000000000213, 0.05905511811023622659 ) ) ;
#2060 = CARTESIAN_POINT ( 'NONE',  ( -0.07774909511909193494, -0.5575977153185173174, -0.05905511811023622659 ) ) ;
#2061 = CARTESIAN_POINT ( 'NONE',  ( -0.07774909511908385806, 0.5575977153185180946, -0.05905511811023622659 ) ) ;
#2062 = VERTEX_POINT ( 'NONE', #1670 ) ;
#2063 = CARTESIAN_POINT ( 'NONE',  ( -0.6017950954437736311, -0.07096280344964527032, 0.05905511811023622659 ) ) ;
#2064 = CALENDAR_DATE ( 2024, 12, 12 ) ;
#2065 = CIRCLE ( 'NONE', #732, 0.08190944881889763995 ) ;
#2066 = ADVANCED_FACE ( 'NONE', ( #23 ), #225, .T. ) ;
#2067 = CARTESIAN_POINT ( 'NONE',  ( -0.1609596707464480414, 0.5994832425489645678, -0.05905511811023622659 ) ) ;
#2068 = DIRECTION ( 'NONE',  ( 0.000000000000000000, 0.000000000000000000, 1.000000000000000000 ) ) ;
#2069 = CARTESIAN_POINT ( 'NONE',  ( 0.4386878818172417205, -0.4391367851256898214, -0.05905511811023622659 ) ) ;
#2070 = AXIS2_PLACEMENT_3D ( 'NONE', #725, #2391, #1702 ) ;
#2071 = EDGE_CURVE ( 'NONE', #1979, #1902, #1619, .T. ) ;
#2072 = VERTEX_POINT ( 'NONE', #1643 ) ;
#2073 = CARTESIAN_POINT ( 'NONE',  ( -0.6017950954437736311, 0.07096280344964527032, -0.05905511811023622659 ) ) ;
#2074 = DIRECTION ( 'NONE',  ( 0.000000000000000000, 0.000000000000000000, 1.000000000000000000 ) ) ;
#2075 = CARTESIAN_POINT ( 'NONE',  ( -0.09842519685039370636, -1.000000000000000000, -0.05905511811023622659 ) ) ;
#2076 = VERTEX_POINT ( 'NONE', #1863 ) ;
#2077 = ADVANCED_FACE ( 'NONE', ( #727 ), #798, .F. ) ;
#2078 = ORIENTED_EDGE ( 'NONE', *, *, #144, .T. ) ;
#2079 = DIRECTION ( 'NONE',  ( 1.000000000000000000, 0.000000000000000000, 0.000000000000000000 ) ) ;
#2080 = LINE ( 'NONE', #242, #1236 ) ;
#2081 = VERTEX_POINT ( 'NONE', #813 ) ;
#2082 = DIRECTION ( 'NONE',  ( 1.000000000000000000, 0.000000000000000000, 0.000000000000000000 ) ) ;
#2083 = ADVANCED_FACE ( 'NONE', ( #2629 ), #1906, .F. ) ;
#2084 = DIRECTION ( 'NONE',  ( 0.000000000000000000, 0.000000000000000000, 1.000000000000000000 ) ) ;
#2085 = AXIS2_PLACEMENT_3D ( 'NONE', #2639, #1761, #1076 ) ;
#2086 = VERTEX_POINT ( 'NONE', #1447 ) ;
#2087 = DIRECTION ( 'NONE',  ( 1.000000000000000000, 0.000000000000000000, 0.000000000000000000 ) ) ;
#2088 = VECTOR ( 'NONE', #443, 39.37007874015748143 ) ;
#2089 = VERTEX_POINT ( 'NONE', #542 ) ;
#2090 = CARTESIAN_POINT ( 'NONE',  ( 0.5086193807282701762, 0.3964900588049763419, -0.05905511811023622659 ) ) ;
#2091 = CARTESIAN_POINT ( 'NONE',  ( -0.7071067811865472397, 0.7071067811865472397, 0.05905511811023622659 ) ) ;
#2092 = DIRECTION ( 'NONE',  ( 1.000000000000000000, 0.000000000000000000, 0.000000000000000000 ) ) ;
#2093 = CIRCLE ( 'NONE', #2102, 0.5629921259842519676 ) ;
#2094 = VECTOR ( 'NONE', #1320, 39.37007874015748143 ) ;
#2095 = ORIENTED_EDGE ( 'NONE', *, *, #587, .T. ) ;
#2096 = CARTESIAN_POINT ( 'NONE',  ( -0.09842519685039370636, -1.000000000000000000, 0.05905511811023622659 ) ) ;
#2097 = CIRCLE ( 'NONE', #814, 0.08940944881889766049 ) ;
#2098 = EDGE_CURVE ( 'NONE', #1422, #2177, #2370, .T. ) ;
#2099 = CIRCLE ( 'NONE', #818, 0.08190944881889759832 ) ;
#2100 = CARTESIAN_POINT ( 'NONE',  ( -0.07774909511909193494, -0.5575977153185173174, -0.05905511811023622659 ) ) ;
#2101 = CARTESIAN_POINT ( 'NONE',  ( 0.6086815843361536027, 0.7071067811865492381, 0.05905511811023622659 ) ) ;
#2102 = AXIS2_PLACEMENT_3D ( 'NONE', #17, #974, #1155 ) ;
#2103 = ORIENTED_EDGE ( 'NONE', *, *, #343, .T. ) ;
#2104 = ORIENTED_EDGE ( 'NONE', *, *, #2458, .F. ) ;
#2105 = FACE_OUTER_BOUND ( 'NONE', #2365, .T. ) ;
#2106 = ORIENTED_EDGE ( 'NONE', *, *, #2786, .F. ) ;
#2107 = CARTESIAN_POINT ( 'NONE',  ( 0.4625988462982228433, -0.4625988462982212335, -0.05905511811023622659 ) ) ;
#2108 = VECTOR ( 'NONE', #2966, 39.37007874015748143 ) ;
#2109 = LINE ( 'NONE', #740, #2617 ) ;
#2110 = DIRECTION ( 'NONE',  ( 0.000000000000000000, 0.000000000000000000, 1.000000000000000000 ) ) ;
#2111 = EDGE_LOOP ( 'NONE', ( #2139, #2207, #2611, #1698 ) ) ;
#2112 = DIRECTION ( 'NONE',  ( 1.000000000000000000, 0.000000000000000000, 0.000000000000000000 ) ) ;
#2113 = EDGE_CURVE ( 'NONE', #1007, #101, #825, .T. ) ;
#2114 = DIRECTION ( 'NONE',  ( 0.000000000000000000, 0.000000000000000000, 1.000000000000000000 ) ) ;
#2115 = LINE ( 'NONE', #329, #1948 ) ;
#2116 = EDGE_CURVE ( 'NONE', #1955, #1141, #2706, .T. ) ;
#2117 = VERTEX_POINT ( 'NONE', #149 ) ;
#2118 = ORIENTED_EDGE ( 'NONE', *, *, #991, .T. ) ;
#2119 = EDGE_CURVE ( 'NONE', #1682, #1505, #1429, .T. ) ;
#2120 = DIRECTION ( 'NONE',  ( 0.000000000000000000, 0.000000000000000000, 1.000000000000000000 ) ) ;
#2121 = ORIENTED_EDGE ( 'NONE', *, *, #271, .T. ) ;
#2122 = CYLINDRICAL_SURFACE ( 'NONE', #1006, 0.09842519685039365085 ) ;
#2123 = DIRECTION ( 'NONE',  ( 0.000000000000000000, 0.000000000000000000, 1.000000000000000000 ) ) ;
#2124 = DIRECTION ( 'NONE',  ( 0.7071067811865464625, -0.7071067811865484609, 0.000000000000000000 ) ) ;
#2125 = ORIENTED_EDGE ( 'NONE', *, *, #2185, .T. ) ;
#2126 = CARTESIAN_POINT ( 'NONE',  ( 0.8768124086713130483, 0.8768124086713248166, 0.05905511811023622659 ) ) ;
#2127 = CARTESIAN_POINT ( 'NONE',  ( 0.000000000000000000, -2.000000000000000000, 0.05905511811023622659 ) ) ;
#2128 = DIRECTION ( 'NONE',  ( 1.000000000000000000, 0.000000000000000000, 0.000000000000000000 ) ) ;
#2129 = ORIENTED_EDGE ( 'NONE', *, *, #2315, .F. ) ;
#2130 = VERTEX_POINT ( 'NONE', #1745 ) ;
#2131 = AXIS2_PLACEMENT_3D ( 'NONE', #593, #2402, #1700 ) ;
#2132 = FACE_OUTER_BOUND ( 'NONE', #1180, .T. ) ;
#2133 = ADVANCED_FACE ( 'NONE', ( #594 ), #2412, .F. ) ;
#2134 = ORIENTED_EDGE ( 'NONE', *, *, #1515, .T. ) ;
#2135 = DIRECTION ( 'NONE',  ( 0.000000000000000000, 0.000000000000000000, -1.000000000000000000 ) ) ;
#2136 = VECTOR ( 'NONE', #175, 39.37007874015748143 ) ;
#2137 = CARTESIAN_POINT ( 'NONE',  ( 0.2394419572107381600, 0.5566512422520079051, -0.05905511811023622659 ) ) ;
#2138 = EDGE_CURVE ( 'NONE', #911, #1505, #2857, .T. ) ;
#2139 = ORIENTED_EDGE ( 'NONE', *, *, #2748, .F. ) ;
#2140 = CARTESIAN_POINT ( 'NONE',  ( -0.6086815843361536027, 0.7071067811865472397, 0.05905511811023622659 ) ) ;
#2141 = VECTOR ( 'NONE', #599, 39.37007874015748143 ) ;
#2142 = AXIS2_PLACEMENT_3D ( 'NONE', #611, #1720, #1078 ) ;
#2143 = LINE ( 'NONE', #545, #2904 ) ;
#2144 = AXIS2_PLACEMENT_3D ( 'NONE', #1686, #989, #1437 ) ;
#2145 = PRODUCT_DEFINITION_FORMATION_WITH_SPECIFIED_SOURCE ( 'ANY', '', #564, .NOT_KNOWN. ) ;
#2146 = AXIS2_PLACEMENT_3D ( 'NONE', #861, #2846, #2433 ) ;
#2147 = ORIENTED_EDGE ( 'NONE', *, *, #1685, .F. ) ;
#2148 = ORIENTED_EDGE ( 'NONE', *, *, #2049, .F. ) ;
#2149 = DIRECTION ( 'NONE',  ( 1.000000000000000000, 0.000000000000000000, 0.000000000000000000 ) ) ;
#2150 = VERTEX_POINT ( 'NONE', #1777 ) ;
#2151 = ORIENTED_EDGE ( 'NONE', *, *, #1025, .F. ) ;
#2152 = LINE ( 'NONE', #67, #333 ) ;
#2153 = EDGE_CURVE ( 'NONE', #487, #2543, #1188, .T. ) ;
#2154 = CARTESIAN_POINT ( 'NONE',  ( -1.000000000000000000, -1.500000000000000222, 0.05905511811023622659 ) ) ;
#2155 = VERTEX_POINT ( 'NONE', #2682 ) ;
#2156 = DIRECTION ( 'NONE',  ( 0.7071067811865460184, 0.7071067811865490160, 0.000000000000000000 ) ) ;
#2157 = EDGE_CURVE ( 'NONE', #2081, #2641, #2698, .T. ) ;
#2158 = DIRECTION ( 'NONE',  ( 0.000000000000000000, 0.000000000000000000, 1.000000000000000000 ) ) ;
#2159 = CYLINDRICAL_SURFACE ( 'NONE', #654, 0.6953740157480315931 ) ;
#2160 = VECTOR ( 'NONE', #94, 39.37007874015748143 ) ;
#2161 = ORIENTED_EDGE ( 'NONE', *, *, #2756, .F. ) ;
#2162 = VERTEX_POINT ( 'NONE', #1507 ) ;
#2163 = FACE_OUTER_BOUND ( 'NONE', #770, .T. ) ;
#2164 = ORIENTED_EDGE ( 'NONE', *, *, #2113, .T. ) ;
#2165 = DIRECTION ( 'NONE',  ( 0.000000000000000000, 0.000000000000000000, 1.000000000000000000 ) ) ;
#2166 = ADVANCED_FACE ( 'NONE', ( #608 ), #1567, .F. ) ;
#2167 = CYLINDRICAL_SURFACE ( 'NONE', #2332, 0.09842519685039365085 ) ;
#2168 = EDGE_LOOP ( 'NONE', ( #2189, #1874, #1713, #1811 ) ) ;
#2169 = FACE_BOUND ( 'NONE', #1149, .T. ) ;
#2170 = EDGE_CURVE ( 'NONE', #1706, #2668, #1523, .T. ) ;
#2171 = PLANE ( 'NONE',  #2144 ) ;
#2172 = CARTESIAN_POINT ( 'NONE',  ( 1.000000000000000000, -1.500000000000000222, -0.05905511811023622659 ) ) ;
#2173 = ORIENTED_EDGE ( 'NONE', *, *, #2808, .T. ) ;
#2174 = VERTEX_POINT ( 'NONE', #2886 ) ;
#2175 = CARTESIAN_POINT ( 'NONE',  ( 0.4517625870519448861, 0.4856884388023613996, -0.05905511811023622659 ) ) ;
#2176 = VECTOR ( 'NONE', #2255, 39.37007874015748143 ) ;
#2177 = VERTEX_POINT ( 'NONE', #635 ) ;
#2178 = VECTOR ( 'NONE', #2554, 39.37007874015748143 ) ;
#2179 = DIRECTION ( 'NONE',  ( 0.000000000000000000, 0.000000000000000000, 1.000000000000000000 ) ) ;
#2180 = ORIENTED_EDGE ( 'NONE', *, *, #2775, .F. ) ;
#2181 = FACE_BOUND ( 'NONE', #632, .T. ) ;
#2182 = CIRCLE ( 'NONE', #122, 0.5629921259842519676 ) ;
#2183 = CARTESIAN_POINT ( 'NONE',  ( 0.4158179712205480882, -0.5573512685798519550, 0.05905511811023622659 ) ) ;
#2184 = CARTESIAN_POINT ( 'NONE',  ( -0.1609596707464563126, -0.5994832425489625694, 0.05905511811023622659 ) ) ;
#2185 = EDGE_CURVE ( 'NONE', #275, #537, #855, .T. ) ;
#2186 = CIRCLE ( 'NONE', #918, 0.09842519685039370636 ) ;
#2187 = ORIENTED_EDGE ( 'NONE', *, *, #2537, .T. ) ;
#2188 = AXIS2_PLACEMENT_3D ( 'NONE', #999, #1905, #726 ) ;
#2189 = ORIENTED_EDGE ( 'NONE', *, *, #1896, .F. ) ;
#2190 = DIRECTION ( 'NONE',  ( 1.000000000000000000, 0.000000000000000000, 0.000000000000000000 ) ) ;
#2191 = AXIS2_PLACEMENT_3D ( 'NONE', #899, #1379, #2754 ) ;
#2192 = CARTESIAN_POINT ( 'NONE',  ( -0.3623531382330433814, -0.4856884388023637866, -0.05905511811023622659 ) ) ;
#2193 = EDGE_LOOP ( 'NONE', ( #1220, #169, #1655, #2095 ) ) ;
#2194 = CARTESIAN_POINT ( 'NONE',  ( -1.098425196850393748, -3.977235888218109713E-16, -0.05905511811023622659 ) ) ;
#2195 = CIRCLE ( 'NONE', #1635, 0.09842519685039365085 ) ;
#2196 = VERTEX_POINT ( 'NONE', #1108 ) ;
#2197 = CARTESIAN_POINT ( 'NONE',  ( -0.2394419572107263638, 0.5566512422520126790, -0.05905511811023622659 ) ) ;
#2198 = FACE_OUTER_BOUND ( 'NONE', #2019, .T. ) ;
#2199 = EDGE_CURVE ( 'NONE', #2700, #160, #2014, .T. ) ;
#2200 = DIRECTION ( 'NONE',  ( 0.000000000000000000, 0.000000000000000000, 1.000000000000000000 ) ) ;
#2201 = AXIS2_PLACEMENT_3D ( 'NONE', #553, #504, #54 ) ;
#2202 = ORIENTED_EDGE ( 'NONE', *, *, #1014, .T. ) ;
#2203 = ORIENTED_EDGE ( 'NONE', *, *, #672, .F. ) ;
#2204 = CARTESIAN_POINT ( 'NONE',  ( 0.000000000000000000, 0.000000000000000000, -0.05905511811023622659 ) ) ;
#2205 = AXIS2_PLACEMENT_3D ( 'NONE', #994, #1900, #2789 ) ;
#2206 = DIRECTION ( 'NONE',  ( 0.000000000000000000, 0.000000000000000000, 1.000000000000000000 ) ) ;
#2207 = ORIENTED_EDGE ( 'NONE', *, *, #579, .T. ) ;
#2208 = EDGE_CURVE ( 'NONE', #2874, #2385, #1143, .T. ) ;
#2209 = DIRECTION ( 'NONE',  ( 1.000000000000000000, 0.000000000000000000, 0.000000000000000000 ) ) ;
#2210 = ORIENTED_EDGE ( 'NONE', *, *, #2815, .F. ) ;
#2211 = DIRECTION ( 'NONE',  ( 1.000000000000000000, 0.000000000000000000, 0.000000000000000000 ) ) ;
#2212 = DIRECTION ( 'NONE',  ( 1.000000000000000000, 0.000000000000000000, 0.000000000000000000 ) ) ;
#2213 = CYLINDRICAL_SURFACE ( 'NONE', #1856, 0.08190944881889759832 ) ;
#2214 = LINE ( 'NONE', #174, #617 ) ;
#2215 = DIRECTION ( 'NONE',  ( 1.000000000000000000, 0.000000000000000000, 0.000000000000000000 ) ) ;
#2216 = FACE_OUTER_BOUND ( 'NONE', #2311, .T. ) ;
#2217 = ORIENTED_EDGE ( 'NONE', *, *, #565, .T. ) ;
#2218 = FACE_OUTER_BOUND ( 'NONE', #1318, .T. ) ;
#2219 = EDGE_LOOP ( 'NONE', ( #2587, #543, #361, #690 ) ) ;
#2220 = ORIENTED_EDGE ( 'NONE', *, *, #1421, .F. ) ;
#2221 = CYLINDRICAL_SURFACE ( 'NONE', #1140, 0.09842519685039365085 ) ;
#2222 = CC_DESIGN_PERSON_AND_ORGANIZATION_ASSIGNMENT ( #1371, #1111, ( #546 ) ) ;
#2223 = APPROVAL_ROLE ( '' ) ;
#2224 = EDGE_CURVE ( 'NONE', #1271, #567, #1946, .T. ) ;
#2225 = ORIENTED_EDGE ( 'NONE', *, *, #2553, .F. ) ;
#2226 = DIRECTION ( 'NONE',  ( 0.000000000000000000, 0.000000000000000000, 1.000000000000000000 ) ) ;
#2227 = CARTESIAN_POINT ( 'NONE',  ( 0.09842519685039370636, -1.000000000000000000, 0.05905511811023622659 ) ) ;
#2228 = CIRCLE ( 'NONE', #2607, 0.08940944881889766049 ) ;
#2229 = DIRECTION ( 'NONE',  ( 1.000000000000000000, 0.000000000000000000, 0.000000000000000000 ) ) ;
#2230 = AXIS2_PLACEMENT_3D ( 'NONE', #2330, #285, #2751 ) ;
#2231 = CARTESIAN_POINT ( 'NONE',  ( -1.739999999999999991, -1.750000000000000222, 0.05905511811023622659 ) ) ;
#2232 = DIRECTION ( 'NONE',  ( 0.000000000000000000, 0.000000000000000000, 1.000000000000000000 ) ) ;
#2233 = CIRCLE ( 'NONE', #805, 0.09842519685039370636 ) ;
#2234 = DIRECTION ( 'NONE',  ( 0.000000000000000000, 0.000000000000000000, 1.000000000000000000 ) ) ;
#2235 = CARTESIAN_POINT ( 'NONE',  ( -1.000000000000000000, -1.500000000000000222, 0.05905511811023622659 ) ) ;
#2236 = CARTESIAN_POINT ( 'NONE',  ( -0.6905893430319095527, 0.08143329213717696857, 0.05905511811023622659 ) ) ;
#2237 = DIRECTION ( 'NONE',  ( 0.000000000000000000, 0.000000000000000000, -1.000000000000000000 ) ) ;
#2238 = AXIS2_PLACEMENT_3D ( 'NONE', #2154, #1460, #754 ) ;
#2239 = ORIENTED_EDGE ( 'NONE', *, *, #2819, .T. ) ;
#2240 = ORIENTED_EDGE ( 'NONE', *, *, #2315, .T. ) ;
#2241 =( NAMED_UNIT ( * ) SI_UNIT ( $, .STERADIAN. ) SOLID_ANGLE_UNIT ( ) );
#2242 = ORIENTED_EDGE ( 'NONE', *, *, #380, .F. ) ;
#2243 = LINE ( 'NONE', #2067, #1062 ) ;
#2244 = EDGE_CURVE ( 'NONE', #1759, #2268, #314, .T. ) ;
#2245 = DIRECTION ( 'NONE',  ( 0.7071067811865440200, -0.7071067811865510144, 0.000000000000000000 ) ) ;
#2246 = AXIS2_PLACEMENT_3D ( 'NONE', #1742, #2883, #1805 ) ;
#2247 = FACE_OUTER_BOUND ( 'NONE', #1334, .T. ) ;
#2248 = ORIENTED_EDGE ( 'NONE', *, *, #1436, .F. ) ;
#2249 = CARTESIAN_POINT ( 'NONE',  ( 0.000000000000000000, 0.000000000000000000, 0.05905511811023622659 ) ) ;
#2250 = EDGE_CURVE ( 'NONE', #795, #1829, #2801, .T. ) ;
#2251 = EDGE_CURVE ( 'NONE', #2943, #1141, #2115, .T. ) ;
#2252 = CARTESIAN_POINT ( 'NONE',  ( -0.09842519685039370636, 1.000000000000000000, -0.05905511811023622659 ) ) ;
#2253 = CARTESIAN_POINT ( 'NONE',  ( 0.4440192389984543575, -0.3461315491536436917, -0.05905511811023622659 ) ) ;
#2254 = AXIS2_PLACEMENT_3D ( 'NONE', #1470, #2818, #1889 ) ;
#2255 = DIRECTION ( 'NONE',  ( 0.000000000000000000, 0.000000000000000000, 1.000000000000000000 ) ) ;
#2256 = CARTESIAN_POINT ( 'NONE',  ( 0.000000000000000000, -2.000000000000000000, 0.05905511811023622659 ) ) ;
#2257 = CARTESIAN_POINT ( 'NONE',  ( 0.2747713718113586334, -0.6387845607170294926, 0.05905511811023622659 ) ) ;
#2258 = ORIENTED_EDGE ( 'NONE', *, *, #2251, .F. ) ;
#2259 = ORIENTED_EDGE ( 'NONE', *, *, #749, .T. ) ;
#2260 = VECTOR ( 'NONE', #536, 39.37007874015748143 ) ;
#2261 = COORDINATED_UNIVERSAL_TIME_OFFSET ( 6, 0, .BEHIND. ) ;
#2262 = EDGE_LOOP ( 'NONE', ( #1940, #2740, #2600, #2526 ) ) ;
#2263 = DIRECTION ( 'NONE',  ( 1.000000000000000000, 0.000000000000000000, 0.000000000000000000 ) ) ;
#2264 = ADVANCED_FACE ( 'NONE', ( #804 ), #2159, .F. ) ;
#2265 = DIRECTION ( 'NONE',  ( 0.000000000000000000, 0.000000000000000000, -1.000000000000000000 ) ) ;
#2266 = CARTESIAN_POINT ( 'NONE',  ( -1.401574803149606252, -1.500000000000000222, 0.05905511811023622659 ) ) ;
#2267 = DIRECTION ( 'NONE',  ( 1.000000000000000000, 0.000000000000000000, 0.000000000000000000 ) ) ;
#2268 = VERTEX_POINT ( 'NONE', #100 ) ;
#2269 = CARTESIAN_POINT ( 'NONE',  ( 0.5996475525636968396, -0.1603464574232736084, 0.05905511811023622659 ) ) ;
#2270 = DIRECTION ( 'NONE',  ( 0.000000000000000000, 0.000000000000000000, 1.000000000000000000 ) ) ;
#2271 = DIRECTION ( 'NONE',  ( 0.000000000000000000, 0.000000000000000000, 1.000000000000000000 ) ) ;
#2272 = EDGE_CURVE ( 'NONE', #1671, #131, #2233, .T. ) ;
#2273 = DIRECTION ( 'NONE',  ( 1.000000000000000000, 0.000000000000000000, 0.000000000000000000 ) ) ;
#2274 = LINE ( 'NONE', #648, #2176 ) ;
#2275 = ORIENTED_EDGE ( 'NONE', *, *, #1983, .F. ) ;
#2276 = EDGE_LOOP ( 'NONE', ( #2574, #76, #1609, #2594 ) ) ;
#2277 = DATE_TIME_ROLE ( 'creation_date' ) ;
#2278 = ORIENTED_EDGE ( 'NONE', *, *, #980, .T. ) ;
#2279 = DIRECTION ( 'NONE',  ( 0.000000000000000000, 0.000000000000000000, -1.000000000000000000 ) ) ;
#2280 = DIRECTION ( 'NONE',  ( 0.000000000000000000, 0.000000000000000000, 1.000000000000000000 ) ) ;
#2281 = FACE_BOUND ( 'NONE', #1266, .T. ) ;
#2282 = CARTESIAN_POINT ( 'NONE',  ( 0.8055319780369409877, -0.7071067811865472397, 0.05905511811023622659 ) ) ;
#2283 = EDGE_LOOP ( 'NONE', ( #2161, #102, #309, #1496 ) ) ;
#2284 = AXIS2_PLACEMENT_3D ( 'NONE', #2967, #1783, #2707 ) ;
#2285 = DIRECTION ( 'NONE',  ( 0.000000000000000000, 0.000000000000000000, 1.000000000000000000 ) ) ;
#2286 = FACE_OUTER_BOUND ( 'NONE', #1244, .T. ) ;
#2287 = DIRECTION ( 'NONE',  ( -0.000000000000000000, 1.000000000000000000, 0.000000000000000000 ) ) ;
#2288 = EDGE_LOOP ( 'NONE', ( #1928, #2746, #37, #886 ) ) ;
#2289 = ORIENTED_EDGE ( 'NONE', *, *, #2823, .F. ) ;
#2290 = CARTESIAN_POINT ( 'NONE',  ( 0.000000000000000000, 0.000000000000000000, 0.000000000000000000 ) ) ;
#2291 = CIRCLE ( 'NONE', #2378, 0.09842519685039370636 ) ;
#2292 = VECTOR ( 'NONE', #2881, 39.37007874015748854 ) ;
#2293 = DIRECTION ( 'NONE',  ( 1.000000000000000000, 0.000000000000000000, 0.000000000000000000 ) ) ;
#2294 = DIRECTION ( 'NONE',  ( 0.000000000000000000, 0.000000000000000000, -1.000000000000000000 ) ) ;
#2295 = DIRECTION ( 'NONE',  ( 1.000000000000000000, 0.000000000000000000, 0.000000000000000000 ) ) ;
#2296 = ORIENTED_EDGE ( 'NONE', *, *, #1386, .T. ) ;
#2297 = LINE ( 'NONE', #715, #1912 ) ;
#2298 = LINE ( 'NONE', #1611, #1993 ) ;
#2299 = CARTESIAN_POINT ( 'NONE',  ( -0.5217683341175440859, 0.2114661661648752078, -0.05905511811023622659 ) ) ;
#2300 = VERTEX_POINT ( 'NONE', #2634 ) ;
#2301 = CARTESIAN_POINT ( 'NONE',  ( 0.4440192389984590760, 0.3461315491536374189, -0.05905511811023622659 ) ) ;
#2302 = ADVANCED_FACE ( 'NONE', ( #60 ), #763, .F. ) ;
#2303 = ORIENTED_EDGE ( 'NONE', *, *, #2819, .F. ) ;
#2304 = CARTESIAN_POINT ( 'NONE',  ( 0.6905893430319095527, -0.08143329213717716286, -0.05905511811023622659 ) ) ;
#2305 = FACE_BOUND ( 'NONE', #1539, .T. ) ;
#2306 = CARTESIAN_POINT ( 'NONE',  ( 0.7071067811865472397, -0.7071067811865472397, 0.05905511811023622659 ) ) ;
#2307 = VERTEX_POINT ( 'NONE', #990 ) ;
#2308 = CARTESIAN_POINT ( 'NONE',  ( -0.5976801536372322587, 0.2422322751652960793, 0.05905511811023622659 ) ) ;
#2309 = FACE_OUTER_BOUND ( 'NONE', #1694, .T. ) ;
#2310 = FACE_OUTER_BOUND ( 'NONE', #1344, .T. ) ;
#2311 = EDGE_LOOP ( 'NONE', ( #302, #90, #1794, #1073 ) ) ;
#2312 = DIRECTION ( 'NONE',  ( 0.000000000000000000, 0.000000000000000000, 1.000000000000000000 ) ) ;
#2313 = ORIENTED_EDGE ( 'NONE', *, *, #1079, .F. ) ;
#2314 = LINE ( 'NONE', #265, #1213 ) ;
#2315 = EDGE_CURVE ( 'NONE', #2641, #604, #1895, .T. ) ;
#2316 = LINE ( 'NONE', #2360, #279 ) ;
#2317 = DIRECTION ( 'NONE',  ( 0.000000000000000000, 0.000000000000000000, -1.000000000000000000 ) ) ;
#2318 = ORIENTED_EDGE ( 'NONE', *, *, #1755, .F. ) ;
#2319 = CARTESIAN_POINT ( 'NONE',  ( 1.117972718399218524, 0.5364112237034756037, -0.05905511811023622659 ) ) ;
#2320 = VECTOR ( 'NONE', #2907, 39.37007874015748143 ) ;
#2321 = CARTESIAN_POINT ( 'NONE',  ( -0.8055319780369409877, 0.7071067811865472397, 0.05905511811023622659 ) ) ;
#2322 = AXIS2_PLACEMENT_3D ( 'NONE', #986, #1190, #2532 ) ;
#2323 = EDGE_LOOP ( 'NONE', ( #2795, #2630, #1488, #1440 ) ) ;
#2324 = ORIENTED_EDGE ( 'NONE', *, *, #2353, .T. ) ;
#2325 = CARTESIAN_POINT ( 'NONE',  ( 0.09842519685039370636, 1.000000000000000000, 0.05905511811023622659 ) ) ;
#2326 = CIRCLE ( 'NONE', #1044, 0.1200787401574803376 ) ;
#2327 = ORIENTED_EDGE ( 'NONE', *, *, #2119, .F. ) ;
#2328 = DIRECTION ( 'NONE',  ( 0.000000000000000000, 0.000000000000000000, 1.000000000000000000 ) ) ;
#2329 = CARTESIAN_POINT ( 'NONE',  ( -0.4158179712205440914, 0.5573512685798550637, 0.05905511811023622659 ) ) ;
#2330 = CARTESIAN_POINT ( 'NONE',  ( -0.5086193807282614054, 0.3964900588049866115, -0.05905511811023622659 ) ) ;
#2331 = AXIS2_PLACEMENT_3D ( 'NONE', #1383, #213, #4 ) ;
#2332 = AXIS2_PLACEMENT_3D ( 'NONE', #596, #1026, #362 ) ;
#2333 = ORIENTED_EDGE ( 'NONE', *, *, #2860, .T. ) ;
#2334 = EDGE_CURVE ( 'NONE', #2734, #1778, #1806, .T. ) ;
#2335 = DIRECTION ( 'NONE',  ( 1.000000000000000000, 0.000000000000000000, 0.000000000000000000 ) ) ;
#2336 = APPROVAL_PERSON_ORGANIZATION ( #655, #318, #2223 ) ;
#2337 = AXIS2_PLACEMENT_3D ( 'NONE', #1512, #628, #1542 ) ;
#2338 = ADVANCED_FACE ( 'NONE', ( #1347 ), #1312, .F. ) ;
#2339 = ADVANCED_FACE ( 'NONE', ( #2899 ), #1282, .F. ) ;
#2340 = PLANE ( 'NONE',  #1153 ) ;
#2341 = AXIS2_PLACEMENT_3D ( 'NONE', #198, #2905, #872 ) ;
#2342 = VERTEX_POINT ( 'NONE', #1298 ) ;
#2343 = ORIENTED_EDGE ( 'NONE', *, *, #2956, .T. ) ;
#2344 = DIRECTION ( 'NONE',  ( 1.000000000000000000, 0.000000000000000000, 0.000000000000000000 ) ) ;
#2345 = VERTEX_POINT ( 'NONE', #2184 ) ;
#2346 = DIRECTION ( 'NONE',  ( 1.000000000000000000, 0.000000000000000000, 0.000000000000000000 ) ) ;
#2347 = AXIS2_PLACEMENT_3D ( 'NONE', #1129, #2056, #1797 ) ;
#2348 = DIRECTION ( 'NONE',  ( 1.000000000000000000, 0.000000000000000000, 0.000000000000000000 ) ) ;
#2349 = EDGE_CURVE ( 'NONE', #627, #1308, #195, .T. ) ;
#2350 = LINE ( 'NONE', #70, #2767 ) ;
#2351 = AXIS2_PLACEMENT_3D ( 'NONE', #2872, #332, #1033 ) ;
#2352 = DIRECTION ( 'NONE',  ( 1.000000000000000000, 0.000000000000000000, 0.000000000000000000 ) ) ;
#2353 = EDGE_CURVE ( 'NONE', #24, #1455, #869, .T. ) ;
#2354 = ORIENTED_EDGE ( 'NONE', *, *, #2483, .T. ) ;
#2355 = EDGE_LOOP ( 'NONE', ( #117, #2929 ) ) ;
#2356 = CARTESIAN_POINT ( 'NONE',  ( -1.500000000000000222, -1.500000000000000222, 0.05905511811023622659 ) ) ;
#2357 = ADVANCED_FACE ( 'NONE', ( #834 ), #1977, .T. ) ;
#2358 = EDGE_LOOP ( 'NONE', ( #69, #2414, #787, #1675 ) ) ;
#2359 = DIRECTION ( 'NONE',  ( 1.000000000000000000, 0.000000000000000000, 0.000000000000000000 ) ) ;
#2360 = CARTESIAN_POINT ( 'NONE',  ( 1.598425196850393526, -1.500000000000000222, 0.05905511811023622659 ) ) ;
#2361 = EDGE_LOOP ( 'NONE', ( #2470, #1661, #1356, #2845 ) ) ;
#2362 = CARTESIAN_POINT ( 'NONE',  ( 0.000000000000000000, 1.240000000000000213, 0.05905511811023622659 ) ) ;
#2363 = DIRECTION ( 'NONE',  ( 0.000000000000000000, 0.000000000000000000, 1.000000000000000000 ) ) ;
#2364 = DIRECTION ( 'NONE',  ( 1.000000000000000000, 0.000000000000000000, 0.000000000000000000 ) ) ;
#2365 = EDGE_LOOP ( 'NONE', ( #264, #1945, #2817, #363 ) ) ;
#2366 = ORIENTED_EDGE ( 'NONE', *, *, #1231, .F. ) ;
#2367 = EDGE_CURVE ( 'NONE', #2089, #898, #1787, .T. ) ;
#2368 = VECTOR ( 'NONE', #446, 39.37007874015748143 ) ;
#2369 = CARTESIAN_POINT ( 'NONE',  ( 0.000000000000000000, 0.000000000000000000, 0.05905511811023622659 ) ) ;
#2370 = CIRCLE ( 'NONE', #1330, 0.09842519685039372024 ) ;
#2371 = ORIENTED_EDGE ( 'NONE', *, *, #2701, .F. ) ;
#2372 = EDGE_CURVE ( 'NONE', #652, #2162, #2045, .T. ) ;
#2373 = CARTESIAN_POINT ( 'NONE',  ( 0.08906077290897500276, 0.6387223339702775560, -0.05905511811023622659 ) ) ;
#2374 = VECTOR ( 'NONE', #2237, 39.37007874015748143 ) ;
#2375 = LINE ( 'NONE', #323, #2573 ) ;
#2376 = ORIENTED_EDGE ( 'NONE', *, *, #927, .T. ) ;
#2377 = DIRECTION ( 'NONE',  ( 1.000000000000000000, 0.000000000000000000, 0.000000000000000000 ) ) ;
#2378 = AXIS2_PLACEMENT_3D ( 'NONE', #40, #1669, #985 ) ;
#2379 = LINE ( 'NONE', #1673, #871 ) ;
#2380 = DIRECTION ( 'NONE',  ( 0.000000000000000000, 0.000000000000000000, 1.000000000000000000 ) ) ;
#2381 = CIRCLE ( 'NONE', #1010, 0.08940944881889764662 ) ;
#2382 = CC_DESIGN_SECURITY_CLASSIFICATION ( #368, ( #2145 ) ) ;
#2383 = VECTOR ( 'NONE', #2784, 39.37007874015748143 ) ;
#2384 = EDGE_CURVE ( 'NONE', #2923, #2150, #512, .T. ) ;
#2385 = VERTEX_POINT ( 'NONE', #1840 ) ;
#2386 = EDGE_LOOP ( 'NONE', ( #831, #2058, #1248, #261 ) ) ;
#2387 = VECTOR ( 'NONE', #716, 39.37007874015748143 ) ;
#2388 = LINE ( 'NONE', #1957, #1233 ) ;
#2389 = ORIENTED_EDGE ( 'NONE', *, *, #127, .T. ) ;
#2390 = VERTEX_POINT ( 'NONE', #228 ) ;
#2391 = DIRECTION ( 'NONE',  ( 0.000000000000000000, 0.000000000000000000, 1.000000000000000000 ) ) ;
#2392 = CARTESIAN_POINT ( 'NONE',  ( 0.6905893430319095527, 0.08143329213717696857, -0.05905511811023622659 ) ) ;
#2393 = EDGE_CURVE ( 'NONE', #1455, #1192, #2954, .T. ) ;
#2394 = ORIENTED_EDGE ( 'NONE', *, *, #1054, .F. ) ;
#2395 = DIRECTION ( 'NONE',  ( -1.000000000000000000, 0.000000000000000000, 0.000000000000000000 ) ) ;
#2396 = AXIS2_PLACEMENT_3D ( 'NONE', #2765, #2931, #1407 ) ;
#2397 = PERSON ( 'UNSPECIFIED', 'UNSPECIFIED', 'UNSPECIFIED', ('UNSPECIFIED'), ('UNSPECIFIED'), ('UNSPECIFIED') ) ;
#2398 = CYLINDRICAL_SURFACE ( 'NONE', #664, 0.08940944881889766049 ) ;
#2399 = AXIS2_PLACEMENT_3D ( 'NONE', #796, #2165, #2612 ) ;
#2400 = EDGE_LOOP ( 'NONE', ( #450, #1535, #674, #893 ) ) ;
#2401 = ORIENTED_EDGE ( 'NONE', *, *, #1680, .T. ) ;
#2402 = DIRECTION ( 'NONE',  ( 0.000000000000000000, 0.000000000000000000, -1.000000000000000000 ) ) ;
#2403 = VERTEX_POINT ( 'NONE', #2503 ) ;
#2404 = DIRECTION ( 'NONE',  ( 0.000000000000000000, 0.000000000000000000, 1.000000000000000000 ) ) ;
#2405 = EDGE_LOOP ( 'NONE', ( #1892, #1850, #2889, #2627 ) ) ;
#2406 = LINE ( 'NONE', #352, #2141 ) ;
#2407 = EDGE_CURVE ( 'NONE', #923, #432, #2657, .T. ) ;
#2408 = DIRECTION ( 'NONE',  ( 1.000000000000000000, 0.000000000000000000, 0.000000000000000000 ) ) ;
#2409 = CYLINDRICAL_SURFACE ( 'NONE', #482, 0.08940944881889766049 ) ;
#2410 = EDGE_LOOP ( 'NONE', ( #860, #1588, #2147, #1046 ) ) ;
#2411 = CARTESIAN_POINT ( 'NONE',  ( 1.739999999999999991, -1.750000000000000222, 0.05905511811023622659 ) ) ;
#2412 = PLANE ( 'NONE',  #2085 ) ;
#2413 = CIRCLE ( 'NONE', #2456, 0.08190944881889763995 ) ;
#2414 = ORIENTED_EDGE ( 'NONE', *, *, #2157, .F. ) ;
#2415 = AXIS2_PLACEMENT_3D ( 'NONE', #1770, #1131, #2484 ) ;
#2416 = CARTESIAN_POINT ( 'NONE',  ( 0.8055319780369409877, 0.7071067811865492381, 0.05905511811023622659 ) ) ;
#2417 = ORIENTED_EDGE ( 'NONE', *, *, #1896, .T. ) ;
#2418 = CIRCLE ( 'NONE', #1390, 0.09842519685039365085 ) ;
#2419 = EDGE_CURVE ( 'NONE', #2500, #1261, #2298, .T. ) ;
#2420 = CARTESIAN_POINT ( 'NONE',  ( 0.000000000000000000, 0.000000000000000000, -0.05905511811023622659 ) ) ;
#2421 = DIRECTION ( 'NONE',  ( 0.000000000000000000, 0.000000000000000000, 1.000000000000000000 ) ) ;
#2422 = CARTESIAN_POINT ( 'NONE',  ( 1.500000000000000222, -1.500000000000000222, 0.05905511811023622659 ) ) ;
#2423 = AXIS2_PLACEMENT_3D ( 'NONE', #2861, #829, #572 ) ;
#2424 = EDGE_CURVE ( 'NONE', #2072, #2432, #2418, .T. ) ;
#2425 = CIRCLE ( 'NONE', #1246, 0.1200787401574803237 ) ;
#2426 = ORIENTED_EDGE ( 'NONE', *, *, #2748, .T. ) ;
#2427 = AXIS2_PLACEMENT_3D ( 'NONE', #1065, #2443, #1960 ) ;
#2428 = ORIENTED_EDGE ( 'NONE', *, *, #1420, .F. ) ;
#2429 = DIRECTION ( 'NONE',  ( 1.000000000000000000, 0.000000000000000000, 0.000000000000000000 ) ) ;
#2430 = CARTESIAN_POINT ( 'NONE',  ( 0.2747713718113586334, -0.6387845607170294926, -0.05905511811023622659 ) ) ;
#2431 = ORIENTED_EDGE ( 'NONE', *, *, #2537, .F. ) ;
#2432 = VERTEX_POINT ( 'NONE', #1400 ) ;
#2433 = DIRECTION ( 'NONE',  ( 1.000000000000000000, 0.000000000000000000, 0.000000000000000000 ) ) ;
#2434 = CARTESIAN_POINT ( 'NONE',  ( 0.000000000000000000, 0.000000000000000000, -0.05905511811023622659 ) ) ;
#2435 = CARTESIAN_POINT ( 'NONE',  ( -1.098425196850393748, -1.500000000000000222, -0.05905511811023622659 ) ) ;
#2436 = DIRECTION ( 'NONE',  ( 1.000000000000000000, 0.000000000000000000, 0.000000000000000000 ) ) ;
#2437 = EDGE_LOOP ( 'NONE', ( #2240, #1560, #2877, #1541 ) ) ;
#2438 = EDGE_LOOP ( 'NONE', ( #1838, #764, #2810, #2835 ) ) ;
#2439 = ADVANCED_FACE ( 'NONE', ( #2309 ), #258, .F. ) ;
#2440 = DIRECTION ( 'NONE',  ( 1.000000000000000000, 0.000000000000000000, 0.000000000000000000 ) ) ;
#2441 = CARTESIAN_POINT ( 'NONE',  ( -1.026436535528801208, 0.7271882818138385440, 0.05905511811023622659 ) ) ;
#2442 = VERTEX_POINT ( 'NONE', #1651 ) ;
#2443 = DIRECTION ( 'NONE',  ( 0.000000000000000000, 0.000000000000000000, 1.000000000000000000 ) ) ;
#2444 = ORIENTED_EDGE ( 'NONE', *, *, #2666, .T. ) ;
#2445 = CARTESIAN_POINT ( 'NONE',  ( 0.000000000000000000, 0.000000000000000000, 0.05905511811023622659 ) ) ;
#2446 = DIRECTION ( 'NONE',  ( 0.000000000000000000, 0.000000000000000000, 1.000000000000000000 ) ) ;
#2447 = CARTESIAN_POINT ( 'NONE',  ( -0.3499725561193409162, -1.275170248715787436, 0.05905511811023622659 ) ) ;
#2448 = CARTESIAN_POINT ( 'NONE',  ( 0.2394419572107381600, 0.5566512422520079051, -0.05905511811023622659 ) ) ;
#2449 = DIRECTION ( 'NONE',  ( 1.000000000000000000, 0.000000000000000000, 0.000000000000000000 ) ) ;
#2450 = DIRECTION ( 'NONE',  ( 1.000000000000000000, 0.000000000000000000, 0.000000000000000000 ) ) ;
#2451 = CYLINDRICAL_SURFACE ( 'NONE', #35, 0.09842519685039365085 ) ;
#2452 = CARTESIAN_POINT ( 'NONE',  ( 0.4386878818172479932, 0.4391367851256834376, -0.05905511811023622659 ) ) ;
#2453 = EDGE_CURVE ( 'NONE', #160, #1230, #74, .T. ) ;
#2454 = ORIENTED_EDGE ( 'NONE', *, *, #1552, .F. ) ;
#2455 = VERTEX_POINT ( 'NONE', #2760 ) ;
#2456 = AXIS2_PLACEMENT_3D ( 'NONE', #2482, #453, #1116 ) ;
#2457 = EDGE_CURVE ( 'NONE', #1465, #2913, #1756, .T. ) ;
#2458 = EDGE_CURVE ( 'NONE', #898, #2668, #470, .T. ) ;
#2459 = VERTEX_POINT ( 'NONE', #1532 ) ;
#2460 = LINE ( 'NONE', #1146, #2108 ) ;
#2461 = VECTOR ( 'NONE', #873, 39.37007874015748143 ) ;
#2462 = CARTESIAN_POINT ( 'NONE',  ( 0.2747713718113586334, -0.6387845607170294926, -0.05905511811023622659 ) ) ;
#2463 = DIRECTION ( 'NONE',  ( 0.000000000000000000, 0.000000000000000000, 1.000000000000000000 ) ) ;
#2464 = VECTOR ( 'NONE', #2925, 39.37007874015748143 ) ;
#2465 = ORIENTED_EDGE ( 'NONE', *, *, #836, .T. ) ;
#2466 = DIRECTION ( 'NONE',  ( 0.000000000000000000, 0.000000000000000000, 1.000000000000000000 ) ) ;
#2467 = VECTOR ( 'NONE', #2271, 39.37007874015748143 ) ;
#2468 = CARTESIAN_POINT ( 'NONE',  ( -0.5996475525636968396, -0.1603464574232736084, -0.05905511811023622659 ) ) ;
#2469 = CARTESIAN_POINT ( 'NONE',  ( 0.4158179712205480882, -0.5573512685798519550, -0.05905511811023622659 ) ) ;
#2470 = ORIENTED_EDGE ( 'NONE', *, *, #1589, .T. ) ;
#2471 = DIRECTION ( 'NONE',  ( 0.000000000000000000, 0.000000000000000000, 1.000000000000000000 ) ) ;
#2472 = DIRECTION ( 'NONE',  ( 0.000000000000000000, 0.000000000000000000, 1.000000000000000000 ) ) ;
#2473 = CIRCLE ( 'NONE', #429, 0.08940944881889766049 ) ;
#2474 = ADVANCED_FACE ( 'NONE', ( #400 ), #2025, .T. ) ;
#2475 = CIRCLE ( 'NONE', #1243, 0.6953740157480315931 ) ;
#2476 = ORIENTED_EDGE ( 'NONE', *, *, #193, .T. ) ;
#2477 = VERTEX_POINT ( 'NONE', #145 ) ;
#2478 = AXIS2_PLACEMENT_3D ( 'NONE', #1489, #988, #287 ) ;
#2479 = VERTEX_POINT ( 'NONE', #159 ) ;
#2480 = DIRECTION ( 'NONE',  ( 1.000000000000000000, 0.000000000000000000, 0.000000000000000000 ) ) ;
#2481 = CARTESIAN_POINT ( 'NONE',  ( 1.074802307403551094, -2.000000000000000000, 0.05905511811023622659 ) ) ;
#2482 = CARTESIAN_POINT ( 'NONE',  ( -0.08906077290896161069, 0.6387223339702795544, -0.05905511811023622659 ) ) ;
#2483 = EDGE_CURVE ( 'NONE', #2836, #2734, #1773, .T. ) ;
#2484 = DIRECTION ( 'NONE',  ( 1.000000000000000000, 0.000000000000000000, 0.000000000000000000 ) ) ;
#2485 = CARTESIAN_POINT ( 'NONE',  ( 0.5086193807282701762, 0.3964900588049763419, -0.05905511811023622659 ) ) ;
#2486 = CARTESIAN_POINT ( 'NONE',  ( 0.000000000000000000, 0.000000000000000000, -0.05905511811023622659 ) ) ;
#2487 = FACE_OUTER_BOUND ( 'NONE', #1800, .T. ) ;
#2488 = DIRECTION ( 'NONE',  ( 1.000000000000000000, 0.000000000000000000, 0.000000000000000000 ) ) ;
#2489 = CIRCLE ( 'NONE', #140, 0.6953740157480315931 ) ;
#2490 = CARTESIAN_POINT ( 'NONE',  ( -0.1609596707464480414, 0.5994832425489645678, -0.05905511811023622659 ) ) ;
#2491 = ORIENTED_EDGE ( 'NONE', *, *, #110, .T. ) ;
#2492 = ORIENTED_EDGE ( 'NONE', *, *, #1451, .F. ) ;
#2493 = DATE_AND_TIME ( #2064, #2003 ) ;
#2494 = ORIENTED_EDGE ( 'NONE', *, *, #1922, .T. ) ;
#2495 = CARTESIAN_POINT ( 'NONE',  ( -0.6086815843361536027, -0.7071067811865472397, -0.05905511811023622659 ) ) ;
#2496 = CARTESIAN_POINT ( 'NONE',  ( -1.098425196850393748, -1.500000000000000222, 0.05905511811023622659 ) ) ;
#2497 = DIRECTION ( 'NONE',  ( 0.000000000000000000, 0.000000000000000000, 1.000000000000000000 ) ) ;
#2498 = DIRECTION ( 'NONE',  ( 0.000000000000000000, 0.000000000000000000, 1.000000000000000000 ) ) ;
#2499 = EDGE_CURVE ( 'NONE', #1499, #2196, #272, .T. ) ;
#2500 = VERTEX_POINT ( 'NONE', #2252 ) ;
#2501 = ADVANCED_FACE ( 'NONE', ( #2487 ), #419, .F. ) ;
#2502 = CARTESIAN_POINT ( 'NONE',  ( -0.4267099319093637932, 0.3964900588049866115, -0.05905511811023622659 ) ) ;
#2503 = CARTESIAN_POINT ( 'NONE',  ( -0.8055319780369409877, -0.7071067811865472397, 0.05905511811023622659 ) ) ;
#2504 = DIRECTION ( 'NONE',  ( 0.000000000000000000, 0.000000000000000000, -1.000000000000000000 ) ) ;
#2505 = LINE ( 'NONE', #688, #2797 ) ;
#2506 = ORIENTED_EDGE ( 'NONE', *, *, #1668, .F. ) ;
#2507 = ORIENTED_EDGE ( 'NONE', *, *, #650, .T. ) ;
#2508 = PERSON_AND_ORGANIZATION ( #2397, #39 ) ;
#2509 = ORIENTED_EDGE ( 'NONE', *, *, #991, .F. ) ;
#2510 = CARTESIAN_POINT ( 'NONE',  ( -0.5976801536372322587, -0.2422322751652960793, -0.05905511811023622659 ) ) ;
#2511 = DIRECTION ( 'NONE',  ( 1.000000000000000000, 0.000000000000000000, 0.000000000000000000 ) ) ;
#2512 = FACE_BOUND ( 'NONE', #782, .T. ) ;
#2513 = CARTESIAN_POINT ( 'NONE',  ( 0.000000000000000000, -2.000000000000000000, 0.05905511811023622659 ) ) ;
#2514 = ADVANCED_FACE ( 'NONE', ( #1072 ), #1519, .F. ) ;
#2515 = VERTEX_POINT ( 'NONE', #2677 ) ;
#2516 = CIRCLE ( 'NONE', #2284, 0.5629921259842519676 ) ;
#2517 = CARTESIAN_POINT ( 'NONE',  ( -0.4158179712205519740, -0.5573512685798496236, -0.05905511811023622659 ) ) ;
#2518 = DIRECTION ( 'NONE',  ( 0.000000000000000000, 0.000000000000000000, -1.000000000000000000 ) ) ;
#2519 = CIRCLE ( 'NONE', #2043, 0.09842519685039372024 ) ;
#2520 = DIRECTION ( 'NONE',  ( 0.000000000000000000, 0.000000000000000000, 1.000000000000000000 ) ) ;
#2521 = AXIS2_PLACEMENT_3D ( 'NONE', #2422, #2663, #1365 ) ;
#2522 = EDGE_CURVE ( 'NONE', #2455, #2477, #1621, .T. ) ;
#2523 = EDGE_LOOP ( 'NONE', ( #2727, #191 ) ) ;
#2524 = CYLINDRICAL_SURFACE ( 'NONE', #976, 0.08190944881889759832 ) ;
#2525 = CIRCLE ( 'NONE', #1049, 0.09842519685039365085 ) ;
#2526 = ORIENTED_EDGE ( 'NONE', *, *, #1922, .F. ) ;
#2527 = AXIS2_PLACEMENT_3D ( 'NONE', #194, #1739, #2408 ) ;
#2528 = CARTESIAN_POINT ( 'NONE',  ( 0.5976801536372322587, -0.2422322751652960793, 0.05905511811023622659 ) ) ;
#2529 =( GEOMETRIC_REPRESENTATION_CONTEXT ( 3 ) GLOBAL_UNCERTAINTY_ASSIGNED_CONTEXT ( ( #1259 ) ) GLOBAL_UNIT_ASSIGNED_CONTEXT ( ( #1094, #1571, #2241 ) ) REPRESENTATION_CONTEXT ( 'NONE', 'WORKASPACE' ) );
#2530 = LINE ( 'NONE', #1798, #998 ) ;
#2531 = VECTOR ( 'NONE', #788, 39.37007874015748143 ) ;
#2532 = DIRECTION ( 'NONE',  ( 1.000000000000000000, 0.000000000000000000, 0.000000000000000000 ) ) ;
#2533 = EDGE_LOOP ( 'NONE', ( #1644, #2667, #623, #2719 ) ) ;
#2534 = DIRECTION ( 'NONE',  ( 1.000000000000000000, 0.000000000000000000, 0.000000000000000000 ) ) ;
#2535 = DIRECTION ( 'NONE',  ( 0.000000000000000000, 0.000000000000000000, -1.000000000000000000 ) ) ;
#2536 = VERTEX_POINT ( 'NONE', #1546 ) ;
#2537 = EDGE_CURVE ( 'NONE', #1604, #233, #2921, .T. ) ;
#2538 = CARTESIAN_POINT ( 'NONE',  ( 0.07774909511909548765, 0.5575977153185165403, -0.05905511811023622659 ) ) ;
#2539 = EDGE_LOOP ( 'NONE', ( #2023, #967, #1260, #555 ) ) ;
#2540 = VECTOR ( 'NONE', #1858, 39.37007874015748143 ) ;
#2541 = CARTESIAN_POINT ( 'NONE',  ( 0.2650640646776499798, -1.240000000000000213, 0.05905511811023622659 ) ) ;
#2542 = DIRECTION ( 'NONE',  ( 0.000000000000000000, 0.000000000000000000, 1.000000000000000000 ) ) ;
#2543 = VERTEX_POINT ( 'NONE', #369 ) ;
#2544 = DIRECTION ( 'NONE',  ( 0.000000000000000000, 0.000000000000000000, 1.000000000000000000 ) ) ;
#2545 = CARTESIAN_POINT ( 'NONE',  ( -0.7071067811865472397, 0.7071067811865472397, 0.05905511811023622659 ) ) ;
#2546 = VERTEX_POINT ( 'NONE', #1121 ) ;
#2547 = DIRECTION ( 'NONE',  ( 1.000000000000000000, 0.000000000000000000, 0.000000000000000000 ) ) ;
#2548 = DIRECTION ( 'NONE',  ( 1.000000000000000000, 0.000000000000000000, 0.000000000000000000 ) ) ;
#2549 = EDGE_CURVE ( 'NONE', #1888, #996, #2613, .T. ) ;
#2550 = ORIENTED_EDGE ( 'NONE', *, *, #1537, .T. ) ;
#2551 = CARTESIAN_POINT ( 'NONE',  ( 0.6953740157480315931, 0.000000000000000000, 0.05905511811023622659 ) ) ;
#2552 = CARTESIAN_POINT ( 'NONE',  ( 1.098425196850393748, -1.500000000000000222, 0.05905511811023622659 ) ) ;
#2553 = EDGE_CURVE ( 'NONE', #521, #1192, #884, .T. ) ;
#2554 = DIRECTION ( 'NONE',  ( 1.000000000000000000, 0.000000000000000000, 0.000000000000000000 ) ) ;
#2555 = EDGE_CURVE ( 'NONE', #552, #233, #1348, .T. ) ;
#2556 = VERTEX_POINT ( 'NONE', #645 ) ;
#2557 = CARTESIAN_POINT ( 'NONE',  ( 0.4625988462982228433, -0.4625988462982212335, 0.05905511811023622659 ) ) ;
#2558 = CIRCLE ( 'NONE', #1751, 0.08940944881889766049 ) ;
#2559 = DIRECTION ( 'NONE',  ( 0.000000000000000000, 0.000000000000000000, 1.000000000000000000 ) ) ;
#2560 = AXIS2_PLACEMENT_3D ( 'NONE', #2192, #1982, #1538 ) ;
#2561 = EDGE_CURVE ( 'NONE', #216, #1999, #1299, .T. ) ;
#2562 = VECTOR ( 'NONE', #385, 39.37007874015748143 ) ;
#2563 = ORIENTED_EDGE ( 'NONE', *, *, #1810, .F. ) ;
#2564 = ORIENTED_EDGE ( 'NONE', *, *, #1654, .T. ) ;
#2565 = DIRECTION ( 'NONE',  ( 0.000000000000000000, 0.000000000000000000, 1.000000000000000000 ) ) ;
#2566 = AXIS2_PLACEMENT_3D ( 'NONE', #2930, #1592, #2263 ) ;
#2567 = EDGE_CURVE ( 'NONE', #1465, #2130, #1134, .T. ) ;
#2568 = ORIENTED_EDGE ( 'NONE', *, *, #1152, .T. ) ;
#2569 = DIRECTION ( 'NONE',  ( 1.000000000000000000, 0.000000000000000000, 0.000000000000000000 ) ) ;
#2570 = CARTESIAN_POINT ( 'NONE',  ( 0.4158179712205480882, -0.5573512685798519550, -0.05905511811023622659 ) ) ;
#2571 = CARTESIAN_POINT ( 'NONE',  ( -0.5976801536372322587, 0.2422322751652960793, -0.05905511811023622659 ) ) ;
#2572 = AXIS2_PLACEMENT_3D ( 'NONE', #2448, #2421, #2920 ) ;
#2573 = VECTOR ( 'NONE', #952, 39.37007874015748143 ) ;
#2574 = ORIENTED_EDGE ( 'NONE', *, *, #975, .F. ) ;
#2575 = CARTESIAN_POINT ( 'NONE',  ( -1.000000000000000000, -1.500000000000000222, 0.05905511811023622659 ) ) ;
#2576 = EDGE_CURVE ( 'NONE', #2556, #2700, #1434, .T. ) ;
#2577 = CIRCLE ( 'NONE', #962, 0.08940944881889766049 ) ;
#2578 = LOCAL_TIME ( 14, 58, 58.00000000000000000, #926 ) ;
#2579 = DIRECTION ( 'NONE',  ( 0.000000000000000000, 0.000000000000000000, 1.000000000000000000 ) ) ;
#2580 = ORIENTED_EDGE ( 'NONE', *, *, #2049, .T. ) ;
#2581 = EDGE_LOOP ( 'NONE', ( #1378, #2035 ) ) ;
#2582 = CARTESIAN_POINT ( 'NONE',  ( 0.8055319780369409877, 0.7071067811865492381, 0.05905511811023622659 ) ) ;
#2583 = EDGE_LOOP ( 'NONE', ( #2871, #2759, #515, #181 ) ) ;
#2584 = CARTESIAN_POINT ( 'NONE',  ( -0.5217683341175440859, -0.2114661661648748192, 0.05905511811023622659 ) ) ;
#2585 = AXIS2_PLACEMENT_3D ( 'NONE', #22, #1163, #252 ) ;
#2586 = DIRECTION ( 'NONE',  ( 1.000000000000000000, 0.000000000000000000, 0.000000000000000000 ) ) ;
#2587 = ORIENTED_EDGE ( 'NONE', *, *, #733, .T. ) ;
#2588 = DIRECTION ( 'NONE',  ( -0.000000000000000000, 1.000000000000000000, 0.000000000000000000 ) ) ;
#2589 = AXIS2_PLACEMENT_3D ( 'NONE', #105, #1264, #570 ) ;
#2590 = ADVANCED_FACE ( 'NONE', ( #1081 ), #1373, .T. ) ;
#2591 = DIRECTION ( 'NONE',  ( 1.000000000000000000, 0.000000000000000000, 0.000000000000000000 ) ) ;
#2592 = DIRECTION ( 'NONE',  ( 1.000000000000000000, 0.000000000000000000, 0.000000000000000000 ) ) ;
#2593 = EDGE_CURVE ( 'NONE', #1037, #2515, #2182, .T. ) ;
#2594 = ORIENTED_EDGE ( 'NONE', *, *, #163, .T. ) ;
#2595 = EDGE_LOOP ( 'NONE', ( #2318, #492, #879, #1857 ) ) ;
#2596 = CARTESIAN_POINT ( 'NONE',  ( 0.08906077290896613485, -0.6387223339702775560, -0.05905511811023622659 ) ) ;
#2597 = ORIENTED_EDGE ( 'NONE', *, *, #2602, .T. ) ;
#2598 = FACE_OUTER_BOUND ( 'NONE', #581, .T. ) ;
#2599 = CARTESIAN_POINT ( 'NONE',  ( 0.5217683341175440859, 0.2114661661648752078, -0.05905511811023622659 ) ) ;
#2600 = ORIENTED_EDGE ( 'NONE', *, *, #600, .T. ) ;
#2601 = LINE ( 'NONE', #800, #478 ) ;
#2602 = EDGE_CURVE ( 'NONE', #2150, #447, #2687, .T. ) ;
#2603 = CARTESIAN_POINT ( 'NONE',  ( -0.1609596707464563126, -0.5994832425489625694, -0.05905511811023622659 ) ) ;
#2604 = DIRECTION ( 'NONE',  ( 0.000000000000000000, 0.000000000000000000, 1.000000000000000000 ) ) ;
#2605 = ORIENTED_EDGE ( 'NONE', *, *, #115, .F. ) ;
#2606 = VERTEX_POINT ( 'NONE', #2946 ) ;
#2607 = AXIS2_PLACEMENT_3D ( 'NONE', #2063, #9, #1319 ) ;
#2608 = EDGE_CURVE ( 'NONE', #24, #521, #411, .T. ) ;
#2609 = DIRECTION ( 'NONE',  ( 1.000000000000000000, 0.000000000000000000, 0.000000000000000000 ) ) ;
#2610 = AXIS2_PLACEMENT_3D ( 'NONE', #1705, #107, #2844 ) ;
#2611 = ORIENTED_EDGE ( 'NONE', *, *, #1767, .T. ) ;
#2612 = DIRECTION ( 'NONE',  ( 1.000000000000000000, 0.000000000000000000, 0.000000000000000000 ) ) ;
#2613 = CIRCLE ( 'NONE', #1332, 0.08190944881889759832 ) ;
#2614 = CARTESIAN_POINT ( 'NONE',  ( -1.401574803149606252, -1.500000000000000222, -0.05905511811023622659 ) ) ;
#2615 = VERTEX_POINT ( 'NONE', #1113 ) ;
#2616 = FACE_BOUND ( 'NONE', #2581, .T. ) ;
#2617 = VECTOR ( 'NONE', #1252, 39.37007874015748143 ) ;
#2618 = DIRECTION ( 'NONE',  ( -0.000000000000000000, 1.000000000000000000, 0.000000000000000000 ) ) ;
#2619 = CIRCLE ( 'NONE', #2670, 0.08190944881889759832 ) ;
#2620 = DIRECTION ( 'NONE',  ( 0.000000000000000000, 0.000000000000000000, 1.000000000000000000 ) ) ;
#2621 = AXIS2_PLACEMENT_3D ( 'NONE', #2362, #2588, #1879 ) ;
#2622 = ORIENTED_EDGE ( 'NONE', *, *, #2522, .T. ) ;
#2623 = ORIENTED_EDGE ( 'NONE', *, *, #841, .F. ) ;
#2624 = CIRCLE ( 'NONE', #2246, 0.09842519685039370636 ) ;
#2625 = CARTESIAN_POINT ( 'NONE',  ( -1.098425196850393748, -1.500000000000000222, 0.05905511811023622659 ) ) ;
#2626 = EDGE_CURVE ( 'NONE', #1897, #216, #2712, .T. ) ;
#2627 = ORIENTED_EDGE ( 'NONE', *, *, #494, .T. ) ;
#2628 = FACE_OUTER_BOUND ( 'NONE', #640, .T. ) ;
#2629 = FACE_OUTER_BOUND ( 'NONE', #792, .T. ) ;
#2630 = ORIENTED_EDGE ( 'NONE', *, *, #2714, .F. ) ;
#2631 = FACE_OUTER_BOUND ( 'NONE', #625, .T. ) ;
#2632 = VECTOR ( 'NONE', #1834, 39.37007874015748143 ) ;
#2633 = DIRECTION ( 'NONE',  ( 0.000000000000000000, 0.000000000000000000, 1.000000000000000000 ) ) ;
#2634 = CARTESIAN_POINT ( 'NONE',  ( 0.6905893430319095527, -0.08143329213717716286, 0.05905511811023622659 ) ) ;
#2635 = AXIS2_PLACEMENT_3D ( 'NONE', #20, #277, #2548 ) ;
#2636 = ORIENTED_EDGE ( 'NONE', *, *, #2185, .F. ) ;
#2637 = VERTEX_POINT ( 'NONE', #2495 ) ;
#2638 = DIRECTION ( 'NONE',  ( 0.000000000000000000, 0.000000000000000000, -1.000000000000000000 ) ) ;
#2639 = CARTESIAN_POINT ( 'NONE',  ( -0.4625988462982228433, -0.4625988462982212335, 0.05905511811023622659 ) ) ;
#2640 = EDGE_CURVE ( 'NONE', #118, #1665, #2326, .T. ) ;
#2641 = VERTEX_POINT ( 'NONE', #2054 ) ;
#2642 = ADVANCED_FACE ( 'NONE', ( #2965 ), #694, .T. ) ;
#2643 = CARTESIAN_POINT ( 'NONE',  ( 0.000000000000000000, 0.000000000000000000, 0.05905511811023622659 ) ) ;
#2644 = DIRECTION ( 'NONE',  ( 1.000000000000000000, 0.000000000000000000, 0.000000000000000000 ) ) ;
#2645 = VERTEX_POINT ( 'NONE', #2469 ) ;
#2646 = DIRECTION ( 'NONE',  ( 0.000000000000000000, 0.000000000000000000, 1.000000000000000000 ) ) ;
#2647 = ADVANCED_FACE ( 'NONE', ( #259 ), #1366, .F. ) ;
#2648 = DIRECTION ( 'NONE',  ( 0.000000000000000000, 0.000000000000000000, 1.000000000000000000 ) ) ;
#2649 = DIRECTION ( 'NONE',  ( 0.000000000000000000, 0.000000000000000000, 1.000000000000000000 ) ) ;
#2650 = ORIENTED_EDGE ( 'NONE', *, *, #1193, .F. ) ;
#2651 = ORIENTED_EDGE ( 'NONE', *, *, #1718, .T. ) ;
#2652 = DIRECTION ( 'NONE',  ( 0.000000000000000000, 0.000000000000000000, 1.000000000000000000 ) ) ;
#2653 = CIRCLE ( 'NONE', #1513, 0.08190944881889763995 ) ;
#2654 = EDGE_LOOP ( 'NONE', ( #331, #2417, #2011, #1333 ) ) ;
#2655 = AXIS2_PLACEMENT_3D ( 'NONE', #2675, #1752, #1310 ) ;
#2656 = DIRECTION ( 'NONE',  ( 0.000000000000000000, 0.000000000000000000, 1.000000000000000000 ) ) ;
#2657 = CIRCLE ( 'NONE', #1238, 0.6953740157480315931 ) ;
#2658 = DIRECTION ( 'NONE',  ( 1.000000000000000000, 0.000000000000000000, 0.000000000000000000 ) ) ;
#2659 = FACE_OUTER_BOUND ( 'NONE', #286, .T. ) ;
#2660 = EDGE_CURVE ( 'NONE', #1676, #57, #2959, .T. ) ;
#2661 = CARTESIAN_POINT ( 'NONE',  ( -1.739999999999999991, -0.7600000000000001199, 0.05905511811023622659 ) ) ;
#2662 = AXIS2_PLACEMENT_3D ( 'NONE', #832, #2646, #880 ) ;
#2663 = DIRECTION ( 'NONE',  ( 0.000000000000000000, 0.000000000000000000, 1.000000000000000000 ) ) ;
#2664 = AXIS2_PLACEMENT_3D ( 'NONE', #969, #2793, #2586 ) ;
#2665 = VECTOR ( 'NONE', #417, 39.37007874015748143 ) ;
#2666 = EDGE_CURVE ( 'NONE', #937, #1037, #667, .T. ) ;
#2667 = ORIENTED_EDGE ( 'NONE', *, *, #866, .T. ) ;
#2668 = VERTEX_POINT ( 'NONE', #2257 ) ;
#2669 = LINE ( 'NONE', #1791, #2461 ) ;
#2670 = AXIS2_PLACEMENT_3D ( 'NONE', #2308, #1168, #244 ) ;
#2671 = EDGE_LOOP ( 'NONE', ( #1729, #1132, #823, #390 ) ) ;
#2672 = DIRECTION ( 'NONE',  ( 1.000000000000000000, 0.000000000000000000, 0.000000000000000000 ) ) ;
#2673 = VERTEX_POINT ( 'NONE', #239 ) ;
#2674 = DIRECTION ( 'NONE',  ( 0.000000000000000000, 0.000000000000000000, 1.000000000000000000 ) ) ;
#2675 = CARTESIAN_POINT ( 'NONE',  ( 0.000000000000000000, 0.000000000000000000, 0.05905511811023622659 ) ) ;
#2676 = LINE ( 'NONE', #2661, #1481 ) ;
#2677 = CARTESIAN_POINT ( 'NONE',  ( -0.4440192389984566890, -0.3461315491536405831, 0.05905511811023622659 ) ) ;
#2678 = EDGE_CURVE ( 'NONE', #2342, #2403, #1148, .T. ) ;
#2679 = DIRECTION ( 'NONE',  ( 0.000000000000000000, 0.000000000000000000, 1.000000000000000000 ) ) ;
#2680 = PLANE ( 'NONE',  #1899 ) ;
#2681 = ADVANCED_FACE ( 'NONE', ( #280 ), #1559, .F. ) ;
#2682 = CARTESIAN_POINT ( 'NONE',  ( -1.739999999999999991, -1.750000000000000222, -0.05905511811023622659 ) ) ;
#2683 = ORIENTED_EDGE ( 'NONE', *, *, #2008, .T. ) ;
#2684 = EDGE_LOOP ( 'NONE', ( #947, #1591, #2366, #395 ) ) ;
#2685 = CARTESIAN_POINT ( 'NONE',  ( -0.4386878818172385563, 0.4391367851256929300, 0.05905511811023622659 ) ) ;
#2686 = ORIENTED_EDGE ( 'NONE', *, *, #2384, .F. ) ;
#2687 = LINE ( 'NONE', #1357, #1286 ) ;
#2688 = DIRECTION ( 'NONE',  ( 0.000000000000000000, 0.000000000000000000, 1.000000000000000000 ) ) ;
#2689 = DIRECTION ( 'NONE',  ( 0.000000000000000000, 0.000000000000000000, 1.000000000000000000 ) ) ;
#2690 = CARTESIAN_POINT ( 'NONE',  ( -0.6905893430319095527, 0.08143329213717696857, -0.05905511811023622659 ) ) ;
#2691 = ORIENTED_EDGE ( 'NONE', *, *, #2250, .T. ) ;
#2692 = LINE ( 'NONE', #1562, #2665 ) ;
#2693 = ADVANCED_FACE ( 'NONE', ( #1428 ), #2122, .F. ) ;
#2694 = DIRECTION ( 'NONE',  ( 0.000000000000000000, 1.000000000000000000, 0.000000000000000000 ) ) ;
#2695 = CC_DESIGN_PERSON_AND_ORGANIZATION_ASSIGNMENT ( #1813, #218, ( #2145 ) ) ;
#2696 = ORIENTED_EDGE ( 'NONE', *, *, #1589, .F. ) ;
#2697 = DIRECTION ( 'NONE',  ( -0.4325896965350611301, 0.9015909019348541387, 0.000000000000000000 ) ) ;
#2698 = LINE ( 'NONE', #1792, #1565 ) ;
#2699 = ORIENTED_EDGE ( 'NONE', *, *, #865, .T. ) ;
#2700 = VERTEX_POINT ( 'NONE', #2766 ) ;
#2701 = EDGE_CURVE ( 'NONE', #1778, #637, #1097, .T. ) ;
#2702 = SECURITY_CLASSIFICATION_LEVEL ( 'unclassified' ) ;
#2703 = CIRCLE ( 'NONE', #219, 0.08940944881889766049 ) ;
#2704 = ORIENTED_EDGE ( 'NONE', *, *, #2963, .F. ) ;
#2705 = DIRECTION ( 'NONE',  ( 1.000000000000000000, 0.000000000000000000, 0.000000000000000000 ) ) ;
#2706 = CIRCLE ( 'NONE', #28, 0.09842519685039365085 ) ;
#2707 = DIRECTION ( 'NONE',  ( 1.000000000000000000, 0.000000000000000000, 0.000000000000000000 ) ) ;
#2708 = CARTESIAN_POINT ( 'NONE',  ( 0.2650640646776499798, -1.240000000000000213, -0.05905511811023622659 ) ) ;
#2709 = AXIS2_PLACEMENT_3D ( 'NONE', #196, #2234, #901 ) ;
#2710 = ORIENTED_EDGE ( 'NONE', *, *, #1421, .T. ) ;
#2711 = DIRECTION ( 'NONE',  ( 1.000000000000000000, 0.000000000000000000, 0.000000000000000000 ) ) ;
#2712 = CIRCLE ( 'NONE', #2566, 0.08940944881889766049 ) ;
#2713 = CARTESIAN_POINT ( 'NONE',  ( -1.500000000000000222, -1.500000000000000222, -0.05905511811023622659 ) ) ;
#2714 = EDGE_CURVE ( 'NONE', #2645, #345, #1189, .T. ) ;
#2715 = EDGE_LOOP ( 'NONE', ( #1920, #15, #166, #52 ) ) ;
#2716 = DIRECTION ( 'NONE',  ( 0.000000000000000000, 0.000000000000000000, 1.000000000000000000 ) ) ;
#2717 = CIRCLE ( 'NONE', #1254, 0.09842519685039378963 ) ;
#2718 = ORIENTED_EDGE ( 'NONE', *, *, #2939, .T. ) ;
#2719 = ORIENTED_EDGE ( 'NONE', *, *, #370, .F. ) ;
#2720 = LENGTH_MEASURE_WITH_UNIT ( LENGTH_MEASURE( 0.02539999999999999897 ), #1306 );
#2721 = EDGE_CURVE ( 'NONE', #1706, #2645, #2807, .T. ) ;
#2722 = CIRCLE ( 'NONE', #179, 0.5629921259842519676 ) ;
#2723 = VERTEX_POINT ( 'NONE', #2599 ) ;
#2724 = CARTESIAN_POINT ( 'NONE',  ( 0.1609596707464521770, -0.5994832425489625694, 0.05905511811023622659 ) ) ;
#2725 = FACE_OUTER_BOUND ( 'NONE', #1620, .T. ) ;
#2726 = DIRECTION ( 'NONE',  ( 0.000000000000000000, 0.000000000000000000, 1.000000000000000000 ) ) ;
#2727 = ORIENTED_EDGE ( 'NONE', *, *, #865, .F. ) ;
#2728 = DIRECTION ( 'NONE',  ( 0.000000000000000000, 0.000000000000000000, 1.000000000000000000 ) ) ;
#2729 = LINE ( 'NONE', #32, #966 ) ;
#2730 = VECTOR ( 'NONE', #1624, 39.37007874015748143 ) ;
#2731 = DIRECTION ( 'NONE',  ( 1.000000000000000000, 0.000000000000000000, 0.000000000000000000 ) ) ;
#2732 = ADVANCED_FACE ( 'NONE', ( #2820 ), #1446, .F. ) ;
#2733 = ORIENTED_EDGE ( 'NONE', *, *, #2776, .F. ) ;
#2734 = VERTEX_POINT ( 'NONE', #2329 ) ;
#2735 = VECTOR ( 'NONE', #1022, 39.37007874015748143 ) ;
#2736 = EDGE_CURVE ( 'NONE', #2479, #1439, #919, .T. ) ;
#2737 = VERTEX_POINT ( 'NONE', #2552 ) ;
#2738 = DIRECTION ( 'NONE',  ( 0.000000000000000000, 0.000000000000000000, 1.000000000000000000 ) ) ;
#2739 = FACE_BOUND ( 'NONE', #592, .T. ) ;
#2740 = ORIENTED_EDGE ( 'NONE', *, *, #975, .T. ) ;
#2741 = CARTESIAN_POINT ( 'NONE',  ( -1.739999999999999991, 0.000000000000000000, 0.05905511811023622659 ) ) ;
#2742 = CARTESIAN_POINT ( 'NONE',  ( -1.000000000000000000, -4.097771990496393842E-16, -0.05905511811023622659 ) ) ;
#2743 = EDGE_CURVE ( 'NONE', #121, #1682, #2316, .T. ) ;
#2744 = CYLINDRICAL_SURFACE ( 'NONE', #1205, 0.09842519685039370636 ) ;
#2745 = DIRECTION ( 'NONE',  ( 0.000000000000000000, 0.000000000000000000, 1.000000000000000000 ) ) ;
#2746 = ORIENTED_EDGE ( 'NONE', *, *, #2251, .T. ) ;
#2747 = APPROVAL_DATE_TIME ( #2493, #318 ) ;
#2748 = EDGE_CURVE ( 'NONE', #432, #2791, #2475, .T. ) ;
#2749 = CARTESIAN_POINT ( 'NONE',  ( -1.500000000000000222, -1.500000000000000222, 0.05905511811023622659 ) ) ;
#2750 = CARTESIAN_POINT ( 'NONE',  ( -0.8768124086713149357, 0.8768124086713228182, 0.05905511811023622659 ) ) ;
#2751 = DIRECTION ( 'NONE',  ( 1.000000000000000000, 0.000000000000000000, 0.000000000000000000 ) ) ;
#2752 = ORIENTED_EDGE ( 'NONE', *, *, #2555, .F. ) ;
#2753 = AXIS2_PLACEMENT_3D ( 'NONE', #660, #1393, #1177 ) ;
#2754 = DIRECTION ( 'NONE',  ( 1.000000000000000000, 0.000000000000000000, 0.000000000000000000 ) ) ;
#2755 = VECTOR ( 'NONE', #200, 39.37007874015748143 ) ;
#2756 = EDGE_CURVE ( 'NONE', #101, #24, #283, .T. ) ;
#2757 = DIRECTION ( 'NONE',  ( 1.000000000000000000, 0.000000000000000000, 0.000000000000000000 ) ) ;
#2758 = AXIS2_PLACEMENT_3D ( 'NONE', #870, #1104, #1757 ) ;
#2759 = ORIENTED_EDGE ( 'NONE', *, *, #63, .F. ) ;
#2760 = CARTESIAN_POINT ( 'NONE',  ( 0.6905893430319095527, 0.08143329213717696857, 0.05905511811023622659 ) ) ;
#2761 = LINE ( 'NONE', #65, #1118 ) ;
#2762 = VECTOR ( 'NONE', #497, 39.37007874015748143 ) ;
#2763 = ORIENTED_EDGE ( 'NONE', *, *, #2031, .T. ) ;
#2764 = VECTOR ( 'NONE', #1297, 39.37007874015748143 ) ;
#2765 = CARTESIAN_POINT ( 'NONE',  ( 0.5976801536372322587, 0.2422322751652960793, -0.05905511811023622659 ) ) ;
#2766 = CARTESIAN_POINT ( 'NONE',  ( 0.6086815843361536027, 0.7071067811865492381, -0.05905511811023622659 ) ) ;
#2767 = VECTOR ( 'NONE', #87, 39.37007874015748143 ) ;
#2768 = LINE ( 'NONE', #711, #223 ) ;
#2769 = ORIENTED_EDGE ( 'NONE', *, *, #1341, .F. ) ;
#2770 = LINE ( 'NONE', #2502, #2903 ) ;
#2771 = DIRECTION ( 'NONE',  ( 1.000000000000000000, 0.000000000000000000, 0.000000000000000000 ) ) ;
#2772 = EDGE_CURVE ( 'NONE', #57, #2086, #2109, .T. ) ;
#2773 = ORIENTED_EDGE ( 'NONE', *, *, #2786, .T. ) ;
#2774 = CIRCLE ( 'NONE', #246, 0.08190944881889759832 ) ;
#2775 = EDGE_CURVE ( 'NONE', #1678, #1914, #1234, .T. ) ;
#2776 = EDGE_CURVE ( 'NONE', #795, #673, #772, .T. ) ;
#2777 = CARTESIAN_POINT ( 'NONE',  ( -0.4386878818172385563, 0.4391367851256929300, -0.05905511811023622659 ) ) ;
#2778 = DATE_AND_TIME ( #1553, #2906 ) ;
#2779 = ORIENTED_EDGE ( 'NONE', *, *, #889, .T. ) ;
#2780 = AXIS2_PLACEMENT_3D ( 'NONE', #736, #1652, #781 ) ;
#2781 = DIRECTION ( 'NONE',  ( 0.000000000000000000, 0.000000000000000000, 1.000000000000000000 ) ) ;
#2782 = DIRECTION ( 'NONE',  ( 0.000000000000000000, 0.000000000000000000, 1.000000000000000000 ) ) ;
#2783 = VERTEX_POINT ( 'NONE', #1208 ) ;
#2784 = DIRECTION ( 'NONE',  ( 0.000000000000000000, 0.000000000000000000, 1.000000000000000000 ) ) ;
#2785 = FACE_OUTER_BOUND ( 'NONE', #2053, .T. ) ;
#2786 = EDGE_CURVE ( 'NONE', #1884, #447, #2848, .T. ) ;
#2787 = ORIENTED_EDGE ( 'NONE', *, *, #2113, .F. ) ;
#2788 = EDGE_LOOP ( 'NONE', ( #978, #1110, #2623, #1413 ) ) ;
#2789 = DIRECTION ( 'NONE',  ( 1.000000000000000000, 0.000000000000000000, 0.000000000000000000 ) ) ;
#2790 = EDGE_CURVE ( 'NONE', #2500, #627, #2291, .T. ) ;
#2791 = VERTEX_POINT ( 'NONE', #1890 ) ;
#2792 = CARTESIAN_POINT ( 'NONE',  ( 0.7071067811865472397, 0.7071067811865492381, -0.05905511811023622659 ) ) ;
#2793 = DIRECTION ( 'NONE',  ( 0.000000000000000000, 0.000000000000000000, 1.000000000000000000 ) ) ;
#2794 = CARTESIAN_POINT ( 'NONE',  ( -0.7071067811865472397, -0.7071067811865472397, -0.05905511811023622659 ) ) ;
#2795 = ORIENTED_EDGE ( 'NONE', *, *, #1865, .T. ) ;
#2796 = DIRECTION ( 'NONE',  ( 1.000000000000000000, 0.000000000000000000, 0.000000000000000000 ) ) ;
#2797 = VECTOR ( 'NONE', #1603, 39.37007874015748143 ) ;
#2798 = LINE ( 'NONE', #312, #126 ) ;
#2799 = CARTESIAN_POINT ( 'NONE',  ( -0.3623531382330366646, 0.4856884388023684496, 0.05905511811023622659 ) ) ;
#2800 = CIRCLE ( 'NONE', #2230, 0.08190944881889759832 ) ;
#2801 = CIRCLE ( 'NONE', #1709, 0.1200787401574803376 ) ;
#2802 = ORIENTED_EDGE ( 'NONE', *, *, #2808, .F. ) ;
#2803 = ORIENTED_EDGE ( 'NONE', *, *, #1907, .F. ) ;
#2804 = LINE ( 'NONE', #1638, #2260 ) ;
#2805 = ORIENTED_EDGE ( 'NONE', *, *, #1210, .F. ) ;
#2806 = DIRECTION ( 'NONE',  ( 0.000000000000000000, 0.000000000000000000, -1.000000000000000000 ) ) ;
#2807 = CIRCLE ( 'NONE', #1395, 0.6953740157480315931 ) ;
#2808 = EDGE_CURVE ( 'NONE', #1961, #689, #1478, .T. ) ;
#2809 = DIRECTION ( 'NONE',  ( 0.7071067811865479058, 0.7071067811865469066, 0.000000000000000000 ) ) ;
#2810 = ORIENTED_EDGE ( 'NONE', *, *, #409, .T. ) ;
#2811 = CARTESIAN_POINT ( 'NONE',  ( 0.6086815843361536027, -0.7071067811865472397, 0.05905511811023622659 ) ) ;
#2812 = CARTESIAN_POINT ( 'NONE',  ( -1.026436535528801208, 0.7271882818138385440, 0.05905511811023622659 ) ) ;
#2813 = ORIENTED_EDGE ( 'NONE', *, *, #2721, .T. ) ;
#2814 = ORIENTED_EDGE ( 'NONE', *, *, #193, .F. ) ;
#2815 = EDGE_CURVE ( 'NONE', #2546, #2836, #176, .T. ) ;
#2816 = DIRECTION ( 'NONE',  ( 1.000000000000000000, 0.000000000000000000, 0.000000000000000000 ) ) ;
#2817 = ORIENTED_EDGE ( 'NONE', *, *, #150, .T. ) ;
#2818 = DIRECTION ( 'NONE',  ( 0.000000000000000000, 0.000000000000000000, 1.000000000000000000 ) ) ;
#2819 = EDGE_CURVE ( 'NONE', #837, #1242, #571, .T. ) ;
#2820 = FACE_OUTER_BOUND ( 'NONE', #1313, .T. ) ;
#2821 = ORIENTED_EDGE ( 'NONE', *, *, #2847, .T. ) ;
#2822 = FACE_BOUND ( 'NONE', #1336, .T. ) ;
#2823 = EDGE_CURVE ( 'NONE', #689, #1961, #1339, .T. ) ;
#2824 = FACE_OUTER_BOUND ( 'NONE', #2595, .T. ) ;
#2825 = ORIENTED_EDGE ( 'NONE', *, *, #2736, .T. ) ;
#2826 = ORIENTED_EDGE ( 'NONE', *, *, #755, .F. ) ;
#2827 = ORIENTED_EDGE ( 'NONE', *, *, #909, .T. ) ;
#2828 = CYLINDRICAL_SURFACE ( 'NONE', #2399, 0.09842519685039365085 ) ;
#2829 = LINE ( 'NONE', #585, #2094 ) ;
#2830 = ORIENTED_EDGE ( 'NONE', *, *, #1949, .T. ) ;
#2831 = CARTESIAN_POINT ( 'NONE',  ( 0.5976801536372322587, -0.2422322751652960793, -0.05905511811023622659 ) ) ;
#2832 = FACE_OUTER_BOUND ( 'NONE', #303, .T. ) ;
#2833 = EDGE_CURVE ( 'NONE', #1897, #2196, #2375, .T. ) ;
#2834 = AXIS2_PLACEMENT_3D ( 'NONE', #1331, #2471, #1107 ) ;
#2835 = ORIENTED_EDGE ( 'NONE', *, *, #184, .F. ) ;
#2836 = VERTEX_POINT ( 'NONE', #1930 ) ;
#2837 = VECTOR ( 'NONE', #847, 39.37007874015748143 ) ;
#2838 = APPROVAL ( #464, 'UNSPECIFIED' ) ;
#2839 = CARTESIAN_POINT ( 'NONE',  ( -0.2394419572107263638, 0.5566512422520126790, -0.05905511811023622659 ) ) ;
#2840 = AXIS2_PLACEMENT_3D ( 'NONE', #374, #2206, #389 ) ;
#2841 = ORIENTED_EDGE ( 'NONE', *, *, #1836, .F. ) ;
#2842 = VECTOR ( 'NONE', #777, 39.37007874015748143 ) ;
#2843 = CYLINDRICAL_SURFACE ( 'NONE', #2423, 0.09842519685039370636 ) ;
#2844 = DIRECTION ( 'NONE',  ( 1.000000000000000000, 0.000000000000000000, 0.000000000000000000 ) ) ;
#2845 = ORIENTED_EDGE ( 'NONE', *, *, #319, .T. ) ;
#2846 = DIRECTION ( 'NONE',  ( 0.000000000000000000, 0.000000000000000000, 1.000000000000000000 ) ) ;
#2847 = EDGE_CURVE ( 'NONE', #673, #653, #2829, .T. ) ;
#2848 = CIRCLE ( 'NONE', #615, 0.09842519685039365085 ) ;
#2849 = DIRECTION ( 'NONE',  ( 1.000000000000000000, 0.000000000000000000, 0.000000000000000000 ) ) ;
#2850 = DIRECTION ( 'NONE',  ( 0.000000000000000000, 0.000000000000000000, 1.000000000000000000 ) ) ;
#2851 = CIRCLE ( 'NONE', #1581, 0.08940944881889766049 ) ;
#2852 = EDGE_LOOP ( 'NONE', ( #1492, #2004, #1305, #2125 ) ) ;
#2853 = EDGE_LOOP ( 'NONE', ( #636, #108, #2333, #758 ) ) ;
#2854 = ADVANCED_FACE ( 'NONE', ( #2875 ), #1265, .T. ) ;
#2855 = CIRCLE ( 'NONE', #278, 0.08940944881889766049 ) ;
#2856 = CYLINDRICAL_SURFACE ( 'NONE', #753, 0.6953740157480315931 ) ;
#2857 = LINE ( 'NONE', #1290, #2464 ) ;
#2858 = ORIENTED_EDGE ( 'NONE', *, *, #1810, .T. ) ;
#2859 = ADVANCED_FACE ( 'NONE', ( #1985 ), #1486, .F. ) ;
#2860 = EDGE_CURVE ( 'NONE', #2556, #1230, #1293, .T. ) ;
#2861 = CARTESIAN_POINT ( 'NONE',  ( -2.731847993664263711E-16, 1.000000000000000000, 0.05905511811023622659 ) ) ;
#2862 = DIRECTION ( 'NONE',  ( 0.000000000000000000, 0.000000000000000000, 1.000000000000000000 ) ) ;
#2863 = ORIENTED_EDGE ( 'NONE', *, *, #1228, .F. ) ;
#2864 = CYLINDRICAL_SURFACE ( 'NONE', #1632, 0.5629921259842519676 ) ;
#2865 = AXIS2_PLACEMENT_3D ( 'NONE', #2792, #2781, #752 ) ;
#2866 = CARTESIAN_POINT ( 'NONE',  ( -0.9015748031496063630, -4.097771990496393842E-16, 0.05905511811023622659 ) ) ;
#2867 = DIRECTION ( 'NONE',  ( 0.000000000000000000, 1.000000000000000000, 0.000000000000000000 ) ) ;
#2868 = CARTESIAN_POINT ( 'NONE',  ( -1.598425196850393526, -1.500000000000000222, 0.05905511811023622659 ) ) ;
#2869 = EDGE_CURVE ( 'NONE', #21, #532, #1577, .T. ) ;
#2870 = CARTESIAN_POINT ( 'NONE',  ( 0.3623531382330401618, -0.4856884388023661736, -0.05905511811023622659 ) ) ;
#2871 = ORIENTED_EDGE ( 'NONE', *, *, #775, .F. ) ;
#2872 = CARTESIAN_POINT ( 'NONE',  ( -2.731847993664263711E-16, 1.000000000000000000, 0.05905511811023622659 ) ) ;
#2873 = CARTESIAN_POINT ( 'NONE',  ( 1.000000000000000000, 0.000000000000000000, 0.05905511811023622659 ) ) ;
#2874 = VERTEX_POINT ( 'NONE', #797 ) ;
#2875 = FACE_OUTER_BOUND ( 'NONE', #1830, .T. ) ;
#2876 = ADVANCED_FACE ( 'NONE', ( #2628 ), #2167, .F. ) ;
#2877 = ORIENTED_EDGE ( 'NONE', *, *, #757, .F. ) ;
#2878 = CYLINDRICAL_SURFACE ( 'NONE', #932, 0.08940944881889766049 ) ;
#2879 = CARTESIAN_POINT ( 'NONE',  ( 0.5217683341175440859, 0.2114661661648752078, -0.05905511811023622659 ) ) ;
#2880 = EDGE_CURVE ( 'NONE', #2150, #2923, #2525, .T. ) ;
#2881 = DIRECTION ( 'NONE',  ( -0.7071067811865479058, -0.7071067811865469066, 0.000000000000000000 ) ) ;
#2882 = CARTESIAN_POINT ( 'NONE',  ( -0.5086193807282614054, 0.3964900588049866115, -0.05905511811023622659 ) ) ;
#2883 = DIRECTION ( 'NONE',  ( 0.000000000000000000, 0.000000000000000000, 1.000000000000000000 ) ) ;
#2884 = ORIENTED_EDGE ( 'NONE', *, *, #579, .F. ) ;
#2885 = CARTESIAN_POINT ( 'NONE',  ( -0.6017950954437736311, 0.07096280344964527032, -0.05905511811023622659 ) ) ;
#2886 = CARTESIAN_POINT ( 'NONE',  ( -0.6905893430319095527, 0.08143329213717696857, -0.05905511811023622659 ) ) ;
#2887 = AXIS2_PLACEMENT_3D ( 'NONE', #231, #634, #2697 ) ;
#2888 = ORIENTED_EDGE ( 'NONE', *, *, #2372, .T. ) ;
#2889 = ORIENTED_EDGE ( 'NONE', *, *, #1467, .F. ) ;
#2890 = AXIS2_PLACEMENT_3D ( 'NONE', #1179, #1608, #1626 ) ;
#2891 = DIRECTION ( 'NONE',  ( 1.000000000000000000, 0.000000000000000000, 0.000000000000000000 ) ) ;
#2892 = ORIENTED_EDGE ( 'NONE', *, *, #2457, .T. ) ;
#2893 = DIRECTION ( 'NONE',  ( -0.7071067811865469066, 0.7071067811865479058, 0.000000000000000000 ) ) ;
#2894 = AXIS2_PLACEMENT_3D ( 'NONE', #2713, #1788, #2215 ) ;
#2895 = DIRECTION ( 'NONE',  ( 0.000000000000000000, 0.000000000000000000, 1.000000000000000000 ) ) ;
#2896 = EDGE_CURVE ( 'NONE', #1141, #1955, #128, .T. ) ;
#2897 = CARTESIAN_POINT ( 'NONE',  ( 0.6086815843361536027, -0.7071067811865472397, 0.05905511811023622659 ) ) ;
#2898 = CYLINDRICAL_SURFACE ( 'NONE', #2527, 0.09842519685039365085 ) ;
#2899 = FACE_OUTER_BOUND ( 'NONE', #2323, .T. ) ;
#2900 = ADVANCED_FACE ( 'NONE', ( #152 ), #1510, .T. ) ;
#2901 = CARTESIAN_POINT ( 'NONE',  ( -0.4158179712205440914, 0.5573512685798550637, -0.05905511811023622659 ) ) ;
#2902 = VECTOR ( 'NONE', #1862, 39.37007874015748143 ) ;
#2903 = VECTOR ( 'NONE', #1802, 39.37007874015748143 ) ;
#2904 = VECTOR ( 'NONE', #2620, 39.37007874015748143 ) ;
#2905 = DIRECTION ( 'NONE',  ( 0.000000000000000000, 0.000000000000000000, 1.000000000000000000 ) ) ;
#2906 = LOCAL_TIME ( 14, 58, 58.00000000000000000, #1622 ) ;
#2907 = DIRECTION ( 'NONE',  ( 0.000000000000000000, 0.000000000000000000, 1.000000000000000000 ) ) ;
#2908 = VECTOR ( 'NONE', #2024, 39.37007874015748143 ) ;
#2909 = ORIENTED_EDGE ( 'NONE', *, *, #1377, .F. ) ;
#2910 = EDGE_LOOP ( 'NONE', ( #1965, #549, #892, #1166 ) ) ;
#2911 = CIRCLE ( 'NONE', #327, 0.08940944881889766049 ) ;
#2912 = APPLICATION_PROTOCOL_DEFINITION ( 'international standard', 'config_control_design', 1994, #1239 ) ;
#2913 = VERTEX_POINT ( 'NONE', #2614 ) ;
#2914 = EDGE_CURVE ( 'NONE', #2673, #2345, #1292, .T. ) ;
#2915 = DIRECTION ( 'NONE',  ( 1.000000000000000000, 0.000000000000000000, 0.000000000000000000 ) ) ;
#2916 = PLANE ( 'NONE',  #2040 ) ;
#2917 = LINE ( 'NONE', #882, #1991 ) ;
#2918 = PRODUCT_RELATED_PRODUCT_CATEGORY ( 'detail', '', ( #564 ) ) ;
#2919 = CIRCLE ( 'NONE', #2347, 0.08940944881889766049 ) ;
#2920 = DIRECTION ( 'NONE',  ( 1.000000000000000000, 0.000000000000000000, 0.000000000000000000 ) ) ;
#2921 = LINE ( 'NONE', #665, #2562 ) ;
#2922 = EDGE_CURVE ( 'NONE', #2268, #1759, #769, .T. ) ;
#2923 = VERTEX_POINT ( 'NONE', #2194 ) ;
#2924 = DIRECTION ( 'NONE',  ( 0.000000000000000000, 0.000000000000000000, 1.000000000000000000 ) ) ;
#2925 = DIRECTION ( 'NONE',  ( 0.000000000000000000, 0.000000000000000000, 1.000000000000000000 ) ) ;
#2926 = ORIENTED_EDGE ( 'NONE', *, *, #215, .T. ) ;
#2927 = ORIENTED_EDGE ( 'NONE', *, *, #1601, .T. ) ;
#2928 = APPROVAL_ROLE ( '' ) ;
#2929 = ORIENTED_EDGE ( 'NONE', *, *, #1502, .F. ) ;
#2930 = CARTESIAN_POINT ( 'NONE',  ( -0.6017950954437736311, -0.07096280344964527032, -0.05905511811023622659 ) ) ;
#2931 = DIRECTION ( 'NONE',  ( 0.000000000000000000, 0.000000000000000000, -1.000000000000000000 ) ) ;
#2932 = FACE_BOUND ( 'NONE', #1728, .T. ) ;
#2933 = CARTESIAN_POINT ( 'NONE',  ( -0.4386878818172448291, -0.4391367851256866572, 0.05905511811023622659 ) ) ;
#2934 = ORIENTED_EDGE ( 'NONE', *, *, #2407, .F. ) ;
#2935 = LINE ( 'NONE', #956, #2055 ) ;
#2936 = DIRECTION ( 'NONE',  ( 0.000000000000000000, 0.000000000000000000, -1.000000000000000000 ) ) ;
#2937 = ADVANCED_FACE ( 'NONE', ( #1050 ), #2843, .F. ) ;
#2938 = ORIENTED_EDGE ( 'NONE', *, *, #2116, .F. ) ;
#2939 = EDGE_CURVE ( 'NONE', #2791, #2455, #1735, .T. ) ;
#2940 = CARTESIAN_POINT ( 'NONE',  ( 0.000000000000000000, 0.000000000000000000, 0.05905511811023622659 ) ) ;
#2941 = CARTESIAN_POINT ( 'NONE',  ( 0.4517625870519448861, 0.4856884388023613996, 0.05905511811023622659 ) ) ;
#2942 = ORIENTED_EDGE ( 'NONE', *, *, #1736, .F. ) ;
#2943 = VERTEX_POINT ( 'NONE', #1972 ) ;
#2944 = AXIS2_PLACEMENT_3D ( 'NONE', #2940, #2924, #1385 ) ;
#2945 = VERTEX_POINT ( 'NONE', #394 ) ;
#2946 = CARTESIAN_POINT ( 'NONE',  ( 0.5996475525636968396, 0.1603464574232736084, -0.05905511811023622659 ) ) ;
#2947 = CARTESIAN_POINT ( 'NONE',  ( 1.098425196850393748, 0.000000000000000000, -0.05905511811023622659 ) ) ;
#2948 = AXIS2_PLACEMENT_3D ( 'NONE', #2571, #486, #526 ) ;
#2949 = DIRECTION ( 'NONE',  ( 1.000000000000000000, 0.000000000000000000, 0.000000000000000000 ) ) ;
#2950 = CARTESIAN_POINT ( 'NONE',  ( 5.463695987328527423E-16, -1.000000000000000000, -0.05905511811023622659 ) ) ;
#2951 = VECTOR ( 'NONE', #2232, 39.37007874015748143 ) ;
#2952 = ORIENTED_EDGE ( 'NONE', *, *, #866, .F. ) ;
#2953 = LINE ( 'NONE', #2059, #1203 ) ;
#2954 = LINE ( 'NONE', #700, #1003 ) ;
#2955 = DIRECTION ( 'NONE',  ( 1.000000000000000000, 0.000000000000000000, 0.000000000000000000 ) ) ;
#2956 = EDGE_CURVE ( 'NONE', #1455, #2081, #1036, .T. ) ;
#2957 = DIRECTION ( 'NONE',  ( 0.000000000000000000, 0.000000000000000000, -1.000000000000000000 ) ) ;
#2958 = VECTOR ( 'NONE', #1786, 39.37007874015748854 ) ;
#2959 = CIRCLE ( 'NONE', #1627, 0.5629921259842519676 ) ;
#2960 = ORIENTED_EDGE ( 'NONE', *, *, #235, .F. ) ;
#2961 = EDGE_LOOP ( 'NONE', ( #2394, #1748, #2597, #66 ) ) ;
#2962 = PERSON_AND_ORGANIZATION_ROLE ( 'classification_officer' ) ;
#2963 = EDGE_CURVE ( 'NONE', #1127, #2673, #1763, .T. ) ;
#2964 = EDGE_LOOP ( 'NONE', ( #1973, #335, #2210, #2926 ) ) ;
#2965 = FACE_OUTER_BOUND ( 'NONE', #2684, .T. ) ;
#2966 = DIRECTION ( 'NONE',  ( 0.000000000000000000, 0.000000000000000000, 1.000000000000000000 ) ) ;
#2967 = CARTESIAN_POINT ( 'NONE',  ( 0.000000000000000000, 0.000000000000000000, -0.05905511811023622659 ) ) ;
ENDSEC;
END-ISO-10303-21;
