ISO-10303-21;
HEADER;
FILE_DESCRIPTION (( 'STEP AP214' ),
    '1' );
FILE_NAME ('am-0978 TB3 Motor Plate.STEP',
    '2014-01-20T19:49:46',
    ( '' ),
    ( '' ),
    'SwSTEP 2.0',
    'SolidWorks 2010',
    '' );
FILE_SCHEMA (( 'AUTOMOTIVE_DESIGN' ));
ENDSEC;

DATA;
#1 = PRODUCT ( 'am-0978 TB3 Motor Plate', 'am-0978 TB3 Motor Plate', '', ( #1481 ) ) ;
#2 = CIRCLE ( 'NONE', #632, 0.06700000000000012900 ) ;
#3 = CIRCLE ( 'NONE', #634, 0.06700000000000012900 ) ;
#4 = CIRCLE ( 'NONE', #631, 0.07950000000000007100 ) ;
#5 = CIRCLE ( 'NONE', #630, 0.07950000000000000100 ) ;
#6 = CIRCLE ( 'NONE', #629, 0.06700000000000012900 ) ;
#7 = CIRCLE ( 'NONE', #633, 0.2654999999999999600 ) ;
#8 = CIRCLE ( 'NONE', #628, 0.1005000000000000600 ) ;
#9 = CIRCLE ( 'NONE', #627, 0.1005000000000000600 ) ;
#10 = CIRCLE ( 'NONE', #626, 0.4065000000000003100 ) ;
#11 = CIRCLE ( 'NONE', #625, 0.1329999999999999200 ) ;
#12 = CIRCLE ( 'NONE', #624, 0.1329999999999999200 ) ;
#13 = CIRCLE ( 'NONE', #623, 0.1329999999999999200 ) ;
#14 = CIRCLE ( 'NONE', #622, 0.1329999999999999200 ) ;
#15 = CIRCLE ( 'NONE', #621, 0.4374999999999995000 ) ;
#16 = CIRCLE ( 'NONE', #620, 0.4374999999999995000 ) ;
#17 = CIRCLE ( 'NONE', #619, 0.4374999999999998900 ) ;
#18 = CIRCLE ( 'NONE', #618, 0.01000000000000016700 ) ;
#19 = LINE ( 'NONE', #1111, #753 ) ;
#20 = CIRCLE ( 'NONE', #616, 0.06700000000000012900 ) ;
#21 = CIRCLE ( 'NONE', #615, 0.01000000000000016700 ) ;
#22 = CIRCLE ( 'NONE', #614, 0.01000000000000016700 ) ;
#23 = VECTOR ( 'NONE', #1271, 39.37007874015748100 ) ;
#24 = LINE ( 'NONE', #1159, #26 ) ;
#25 = CIRCLE ( 'NONE', #579, 0.1329999999999999200 ) ;
#26 = VECTOR ( 'NONE', #1168, 39.37007874015748100 ) ;
#27 = LINE ( 'NONE', #1169, #28 ) ;
#28 = VECTOR ( 'NONE', #1170, 39.37007874015748100 ) ;
#29 = VECTOR ( 'NONE', #1266, 39.37007874015748100 ) ;
#30 = CIRCLE ( 'NONE', #583, 0.4065000000000003100 ) ;
#31 = LINE ( 'NONE', #1270, #23 ) ;
#32 = VECTOR ( 'NONE', #1276, 39.37007874015748100 ) ;
#33 = LINE ( 'NONE', #1260, #29 ) ;
#34 = CIRCLE ( 'NONE', #572, 0.1329999999999999200 ) ;
#35 = VECTOR ( 'NONE', #1281, 39.37007874015748100 ) ;
#36 = VECTOR ( 'NONE', #1286, 39.37007874015748100 ) ;
#37 = CIRCLE ( 'NONE', #573, 0.1329999999999999200 ) ;
#38 = LINE ( 'NONE', #1280, #35 ) ;
#39 = LINE ( 'NONE', #1267, #32 ) ;
#40 = CIRCLE ( 'NONE', #574, 0.1329999999999999200 ) ;
#41 = VECTOR ( 'NONE', #1291, 39.37007874015748100 ) ;
#42 = LINE ( 'NONE', #1295, #48 ) ;
#43 = CIRCLE ( 'NONE', #578, 0.1329999999999999200 ) ;
#44 = LINE ( 'NONE', #1290, #41 ) ;
#45 = LINE ( 'NONE', #1277, #36 ) ;
#46 = CIRCLE ( 'NONE', #575, 0.4374999999999995000 ) ;
#47 = LINE ( 'NONE', #1300, #51 ) ;
#48 = VECTOR ( 'NONE', #1296, 39.37007874015748100 ) ;
#49 = CIRCLE ( 'NONE', #576, 0.1329999999999999200 ) ;
#50 = LINE ( 'NONE', #1305, #54 ) ;
#51 = VECTOR ( 'NONE', #1301, 39.37007874015748100 ) ;
#52 = CIRCLE ( 'NONE', #570, 0.4374999999999995000 ) ;
#53 = LINE ( 'NONE', #1313, #353 ) ;
#54 = VECTOR ( 'NONE', #1306, 39.37007874015748100 ) ;
#55 = CYLINDRICAL_SURFACE ( 'NONE', #533, 0.1329999999999999200 ) ;
#56 = FACE_OUTER_BOUND ( 'NONE', #1653, .T. ) ;
#57 = FACE_OUTER_BOUND ( 'NONE', #1654, .T. ) ;
#58 = CYLINDRICAL_SURFACE ( 'NONE', #532, 0.1329999999999999200 ) ;
#59 = FACE_OUTER_BOUND ( 'NONE', #1659, .T. ) ;
#60 = FACE_OUTER_BOUND ( 'NONE', #1645, .T. ) ;
#61 = CYLINDRICAL_SURFACE ( 'NONE', #531, 0.06700000000000012900 ) ;
#62 = FACE_OUTER_BOUND ( 'NONE', #1657, .T. ) ;
#63 = CYLINDRICAL_SURFACE ( 'NONE', #528, 0.4374999999999997800 ) ;
#64 = FACE_OUTER_BOUND ( 'NONE', #1655, .T. ) ;
#65 = CYLINDRICAL_SURFACE ( 'NONE', #529, 0.4374999999999998900 ) ;
#66 = FACE_OUTER_BOUND ( 'NONE', #1651, .T. ) ;
#67 = FACE_OUTER_BOUND ( 'NONE', #1646, .T. ) ;
#68 = CYLINDRICAL_SURFACE ( 'NONE', #527, 0.1329999999999999200 ) ;
#69 = FACE_OUTER_BOUND ( 'NONE', #1649, .T. ) ;
#70 = CYLINDRICAL_SURFACE ( 'NONE', #526, 0.06700000000000012900 ) ;
#71 = FACE_OUTER_BOUND ( 'NONE', #1677, .T. ) ;
#72 = CYLINDRICAL_SURFACE ( 'NONE', #525, 0.1005000000000000600 ) ;
#73 = FACE_OUTER_BOUND ( 'NONE', #1660, .T. ) ;
#74 = CYLINDRICAL_SURFACE ( 'NONE', #524, 0.06700000000000012900 ) ;
#75 = FACE_OUTER_BOUND ( 'NONE', #1679, .T. ) ;
#76 = FACE_BOUND ( 'NONE', #1608, .T. ) ;
#77 = FACE_BOUND ( 'NONE', #1680, .T. ) ;
#78 = CYLINDRICAL_SURFACE ( 'NONE', #522, 0.06700000000000012900 ) ;
#79 = FACE_BOUND ( 'NONE', #1609, .T. ) ;
#80 = FACE_BOUND ( 'NONE', #1613, .T. ) ;
#81 = FACE_BOUND ( 'NONE', #1605, .T. ) ;
#82 = FACE_BOUND ( 'NONE', #1610, .T. ) ;
#83 = FACE_BOUND ( 'NONE', #1606, .T. ) ;
#84 = FACE_BOUND ( 'NONE', #1611, .T. ) ;
#85 = FACE_BOUND ( 'NONE', #1607, .T. ) ;
#86 = FACE_BOUND ( 'NONE', #1612, .T. ) ;
#87 = FACE_BOUND ( 'NONE', #1614, .T. ) ;
#88 = FACE_BOUND ( 'NONE', #1615, .T. ) ;
#89 = FACE_BOUND ( 'NONE', #1616, .T. ) ;
#90 = FACE_BOUND ( 'NONE', #1617, .T. ) ;
#91 = FACE_BOUND ( 'NONE', #1618, .T. ) ;
#92 = FACE_BOUND ( 'NONE', #1619, .T. ) ;
#93 = FACE_BOUND ( 'NONE', #1620, .T. ) ;
#94 = FACE_BOUND ( 'NONE', #1621, .T. ) ;
#95 = FACE_OUTER_BOUND ( 'NONE', #1622, .T. ) ;
#96 = FACE_BOUND ( 'NONE', #1626, .T. ) ;
#97 = FACE_BOUND ( 'NONE', #1630, .T. ) ;
#98 = FACE_BOUND ( 'NONE', #1662, .T. ) ;
#99 = FACE_BOUND ( 'NONE', #1629, .T. ) ;
#100 = FACE_OUTER_BOUND ( 'NONE', #1661, .T. ) ;
#101 = FACE_BOUND ( 'NONE', #1634, .T. ) ;
#102 = FACE_BOUND ( 'NONE', #1631, .T. ) ;
#103 = FACE_BOUND ( 'NONE', #1627, .T. ) ;
#104 = FACE_BOUND ( 'NONE', #1632, .T. ) ;
#105 = FACE_BOUND ( 'NONE', #1628, .T. ) ;
#106 = FACE_BOUND ( 'NONE', #1633, .T. ) ;
#107 = FACE_BOUND ( 'NONE', #1635, .T. ) ;
#108 = FACE_BOUND ( 'NONE', #1636, .T. ) ;
#109 = FACE_BOUND ( 'NONE', #1637, .T. ) ;
#110 = FACE_BOUND ( 'NONE', #1638, .T. ) ;
#111 = FACE_BOUND ( 'NONE', #1639, .T. ) ;
#112 = FACE_BOUND ( 'NONE', #1640, .T. ) ;
#113 = FACE_BOUND ( 'NONE', #1641, .T. ) ;
#114 = FACE_BOUND ( 'NONE', #1642, .T. ) ;
#115 = FACE_OUTER_BOUND ( 'NONE', #1643, .T. ) ;
#116 = SURFACE_STYLE_FILL_AREA ( #1463 ) ;
#117 = LENGTH_MEASURE_WITH_UNIT ( LENGTH_MEASURE( 0.02539999999999999900 ), #1454 );
#118 =( GEOMETRIC_REPRESENTATION_CONTEXT ( 3 ) GLOBAL_UNCERTAINTY_ASSIGNED_CONTEXT ( ( #1510 ) ) GLOBAL_UNIT_ASSIGNED_CONTEXT ( ( #1466, #1467, #1468 ) ) REPRESENTATION_CONTEXT ( 'NONE', 'WORKASPACE' ) );
#119 = COLOUR_RGB ( '',0.8980392156862745400, 0.9176470588235293700, 0.9294117647058823800 ) ;
#120 = PRESENTATION_STYLE_ASSIGNMENT (( #1471 ) ) ;
#121 = ORIENTED_EDGE ( 'NONE', *, *, #701, .T. ) ;
#122 = ORIENTED_EDGE ( 'NONE', *, *, #1491, .T. ) ;
#123 = ORIENTED_EDGE ( 'NONE', *, *, #723, .F. ) ;
#124 = ORIENTED_EDGE ( 'NONE', *, *, #1489, .F. ) ;
#125 = ORIENTED_EDGE ( 'NONE', *, *, #702, .T. ) ;
#126 = ORIENTED_EDGE ( 'NONE', *, *, #1498, .T. ) ;
#127 = ORIENTED_EDGE ( 'NONE', *, *, #724, .F. ) ;
#128 = ORIENTED_EDGE ( 'NONE', *, *, #1493, .F. ) ;
#129 = ORIENTED_EDGE ( 'NONE', *, *, #703, .T. ) ;
#130 = ORIENTED_EDGE ( 'NONE', *, *, #1502, .T. ) ;
#131 = ORIENTED_EDGE ( 'NONE', *, *, #725, .F. ) ;
#132 = ORIENTED_EDGE ( 'NONE', *, *, #1500, .F. ) ;
#133 = ORIENTED_EDGE ( 'NONE', *, *, #704, .T. ) ;
#134 = ORIENTED_EDGE ( 'NONE', *, *, #1505, .T. ) ;
#135 = ORIENTED_EDGE ( 'NONE', *, *, #726, .F. ) ;
#136 = ORIENTED_EDGE ( 'NONE', *, *, #1504, .F. ) ;
#137 = ORIENTED_EDGE ( 'NONE', *, *, #705, .T. ) ;
#138 = ORIENTED_EDGE ( 'NONE', *, *, #745, .T. ) ;
#139 = ORIENTED_EDGE ( 'NONE', *, *, #727, .F. ) ;
#140 = ORIENTED_EDGE ( 'NONE', *, *, #743, .F. ) ;
#141 = ORIENTED_EDGE ( 'NONE', *, *, #706, .T. ) ;
#142 = ORIENTED_EDGE ( 'NONE', *, *, #748, .T. ) ;
#143 = ORIENTED_EDGE ( 'NONE', *, *, #728, .F. ) ;
#144 = ORIENTED_EDGE ( 'NONE', *, *, #746, .F. ) ;
#145 = ORIENTED_EDGE ( 'NONE', *, *, #733, .T. ) ;
#146 = ORIENTED_EDGE ( 'NONE', *, *, #675, .F. ) ;
#147 = ORIENTED_EDGE ( 'NONE', *, *, #731, .T. ) ;
#148 = ORIENTED_EDGE ( 'NONE', *, *, #679, .F. ) ;
#149 = ORIENTED_EDGE ( 'NONE', *, *, #730, .T. ) ;
#150 = ORIENTED_EDGE ( 'NONE', *, *, #685, .F. ) ;
#151 = ORIENTED_EDGE ( 'NONE', *, *, #729, .T. ) ;
#152 = ORIENTED_EDGE ( 'NONE', *, *, #678, .F. ) ;
#153 = ORIENTED_EDGE ( 'NONE', *, *, #747, .T. ) ;
#154 = ORIENTED_EDGE ( 'NONE', *, *, #728, .T. ) ;
#155 = ORIENTED_EDGE ( 'NONE', *, *, #744, .T. ) ;
#156 = ORIENTED_EDGE ( 'NONE', *, *, #727, .T. ) ;
#157 = ORIENTED_EDGE ( 'NONE', *, *, #1506, .T. ) ;
#158 = ORIENTED_EDGE ( 'NONE', *, *, #726, .T. ) ;
#159 = ORIENTED_EDGE ( 'NONE', *, *, #1501, .T. ) ;
#160 = ORIENTED_EDGE ( 'NONE', *, *, #725, .T. ) ;
#161 = ORIENTED_EDGE ( 'NONE', *, *, #1497, .T. ) ;
#162 = ORIENTED_EDGE ( 'NONE', *, *, #724, .T. ) ;
#163 = ORIENTED_EDGE ( 'NONE', *, *, #745, .F. ) ;
#164 = ORIENTED_EDGE ( 'NONE', *, *, #747, .F. ) ;
#165 = ORIENTED_EDGE ( 'NONE', *, *, #746, .T. ) ;
#166 = ORIENTED_EDGE ( 'NONE', *, *, #744, .F. ) ;
#167 = ORIENTED_EDGE ( 'NONE', *, *, #748, .F. ) ;
#168 = ORIENTED_EDGE ( 'NONE', *, *, #1499, .T. ) ;
#169 = ORIENTED_EDGE ( 'NONE', *, *, #743, .T. ) ;
#170 = ORIENTED_EDGE ( 'NONE', *, *, #1503, .T. ) ;
#171 = ORIENTED_EDGE ( 'NONE', *, *, #694, .T. ) ;
#172 = ORIENTED_EDGE ( 'NONE', *, *, #666, .T. ) ;
#173 = ORIENTED_EDGE ( 'NONE', *, *, #716, .F. ) ;
#174 = ORIENTED_EDGE ( 'NONE', *, *, #655, .F. ) ;
#175 = ORIENTED_EDGE ( 'NONE', *, *, #692, .T. ) ;
#176 = ORIENTED_EDGE ( 'NONE', *, *, #659, .T. ) ;
#177 = ORIENTED_EDGE ( 'NONE', *, *, #714, .F. ) ;
#178 = ORIENTED_EDGE ( 'NONE', *, *, #668, .F. ) ;
#179 = ORIENTED_EDGE ( 'NONE', *, *, #683, .T. ) ;
#180 = ORIENTED_EDGE ( 'NONE', *, *, #669, .T. ) ;
#181 = ORIENTED_EDGE ( 'NONE', *, *, #713, .F. ) ;
#182 = ORIENTED_EDGE ( 'NONE', *, *, #657, .F. ) ;
#183 = ORIENTED_EDGE ( 'NONE', *, *, #687, .T. ) ;
#184 = ORIENTED_EDGE ( 'NONE', *, *, #673, .T. ) ;
#185 = ORIENTED_EDGE ( 'NONE', *, *, #712, .F. ) ;
#186 = ORIENTED_EDGE ( 'NONE', *, *, #671, .F. ) ;
#187 = ORIENTED_EDGE ( 'NONE', *, *, #691, .T. ) ;
#188 = ORIENTED_EDGE ( 'NONE', *, *, #651, .T. ) ;
#189 = ORIENTED_EDGE ( 'NONE', *, *, #708, .F. ) ;
#190 = ORIENTED_EDGE ( 'NONE', *, *, #667, .F. ) ;
#191 = ORIENTED_EDGE ( 'NONE', *, *, #791, .F. ) ;
#192 = ORIENTED_EDGE ( 'NONE', *, *, #787, .F. ) ;
#193 = ORIENTED_EDGE ( 'NONE', *, *, #737, .T. ) ;
#194 = ORIENTED_EDGE ( 'NONE', *, *, #785, .T. ) ;
#195 = ORIENTED_EDGE ( 'NONE', *, *, #786, .F. ) ;
#196 = ORIENTED_EDGE ( 'NONE', *, *, #783, .F. ) ;
#197 = ORIENTED_EDGE ( 'NONE', *, *, #741, .T. ) ;
#198 = ORIENTED_EDGE ( 'NONE', *, *, #740, .T. ) ;
#199 = ORIENTED_EDGE ( 'NONE', *, *, #782, .F. ) ;
#200 = ORIENTED_EDGE ( 'NONE', *, *, #739, .F. ) ;
#201 = ORIENTED_EDGE ( 'NONE', *, *, #788, .T. ) ;
#202 = ORIENTED_EDGE ( 'NONE', *, *, #1489, .T. ) ;
#203 = ORIENTED_EDGE ( 'NONE', *, *, #1490, .F. ) ;
#204 = ORIENTED_EDGE ( 'NONE', *, *, #1487, .F. ) ;
#205 = ORIENTED_EDGE ( 'NONE', *, *, #784, .T. ) ;
#206 = ORIENTED_EDGE ( 'NONE', *, *, #1485, .T. ) ;
#207 = ORIENTED_EDGE ( 'NONE', *, *, #1486, .F. ) ;
#208 = ORIENTED_EDGE ( 'NONE', *, *, #790, .F. ) ;
#209 = ORIENTED_EDGE ( 'NONE', *, *, #742, .T. ) ;
#210 = ORIENTED_EDGE ( 'NONE', *, *, #789, .T. ) ;
#211 = ORIENTED_EDGE ( 'NONE', *, *, #686, .F. ) ;
#212 = ORIENTED_EDGE ( 'NONE', *, *, #730, .F. ) ;
#213 = ORIENTED_EDGE ( 'NONE', *, *, #682, .F. ) ;
#214 = ORIENTED_EDGE ( 'NONE', *, *, #711, .F. ) ;
#215 = ORIENTED_EDGE ( 'NONE', *, *, #680, .F. ) ;
#216 = ORIENTED_EDGE ( 'NONE', *, *, #731, .F. ) ;
#217 = ORIENTED_EDGE ( 'NONE', *, *, #677, .F. ) ;
#218 = ORIENTED_EDGE ( 'NONE', *, *, #710, .F. ) ;
#219 = ORIENTED_EDGE ( 'NONE', *, *, #1507, .F. ) ;
#220 = ORIENTED_EDGE ( 'NONE', *, *, #733, .F. ) ;
#221 = ORIENTED_EDGE ( 'NONE', *, *, #690, .F. ) ;
#222 = ORIENTED_EDGE ( 'NONE', *, *, #709, .F. ) ;
#223 = ORIENTED_EDGE ( 'NONE', *, *, #688, .F. ) ;
#224 = ORIENTED_EDGE ( 'NONE', *, *, #729, .F. ) ;
#225 = ORIENTED_EDGE ( 'NONE', *, *, #684, .F. ) ;
#226 = ORIENTED_EDGE ( 'NONE', *, *, #707, .F. ) ;
#227 = ORIENTED_EDGE ( 'NONE', *, *, #700, .T. ) ;
#228 = ORIENTED_EDGE ( 'NONE', *, *, #1487, .T. ) ;
#229 = ORIENTED_EDGE ( 'NONE', *, *, #722, .F. ) ;
#230 = ORIENTED_EDGE ( 'NONE', *, *, #1485, .F. ) ;
#231 = ORIENTED_EDGE ( 'NONE', *, *, #695, .T. ) ;
#232 = ORIENTED_EDGE ( 'NONE', *, *, #734, .T. ) ;
#233 = ORIENTED_EDGE ( 'NONE', *, *, #717, .F. ) ;
#234 = ORIENTED_EDGE ( 'NONE', *, *, #732, .F. ) ;
#235 = ORIENTED_EDGE ( 'NONE', *, *, #696, .T. ) ;
#236 = ORIENTED_EDGE ( 'NONE', *, *, #739, .T. ) ;
#237 = ORIENTED_EDGE ( 'NONE', *, *, #718, .F. ) ;
#238 = ORIENTED_EDGE ( 'NONE', *, *, #663, .F. ) ;
#239 = ORIENTED_EDGE ( 'NONE', *, *, #697, .T. ) ;
#240 = ORIENTED_EDGE ( 'NONE', *, *, #783, .T. ) ;
#241 = ORIENTED_EDGE ( 'NONE', *, *, #719, .F. ) ;
#242 = ORIENTED_EDGE ( 'NONE', *, *, #740, .F. ) ;
#243 = ORIENTED_EDGE ( 'NONE', *, *, #698, .T. ) ;
#244 = ORIENTED_EDGE ( 'NONE', *, *, #787, .T. ) ;
#245 = ORIENTED_EDGE ( 'NONE', *, *, #721, .F. ) ;
#246 = ORIENTED_EDGE ( 'NONE', *, *, #785, .F. ) ;
#247 = ORIENTED_EDGE ( 'NONE', *, *, #699, .T. ) ;
#248 = ORIENTED_EDGE ( 'NONE', *, *, #790, .T. ) ;
#249 = ORIENTED_EDGE ( 'NONE', *, *, #720, .F. ) ;
#250 = ORIENTED_EDGE ( 'NONE', *, *, #789, .F. ) ;
#251 = ORIENTED_EDGE ( 'NONE', *, *, #652, .F. ) ;
#252 = ORIENTED_EDGE ( 'NONE', *, *, #673, .F. ) ;
#253 = ORIENTED_EDGE ( 'NONE', *, *, #665, .T. ) ;
#254 = ORIENTED_EDGE ( 'NONE', *, *, #671, .T. ) ;
#255 = ORIENTED_EDGE ( 'NONE', *, *, #672, .F. ) ;
#256 = ORIENTED_EDGE ( 'NONE', *, *, #669, .F. ) ;
#257 = ORIENTED_EDGE ( 'NONE', *, *, #654, .T. ) ;
#258 = ORIENTED_EDGE ( 'NONE', *, *, #657, .T. ) ;
#259 = ORIENTED_EDGE ( 'NONE', *, *, #658, .F. ) ;
#260 = ORIENTED_EDGE ( 'NONE', *, *, #659, .F. ) ;
#261 = PRODUCT_DEFINITION_CONTEXT ( 'detailed design', #1482, 'design' ) ;
#262 = PRODUCT_DEFINITION_SHAPE ( 'NONE', 'NONE',  #516 ) ;
#263 = CIRCLE ( 'NONE', #636, 0.06700000000000012900 ) ;
#264 = LINE ( 'NONE', #934, #265 ) ;
#265 = VECTOR ( 'NONE', #941, 39.37007874015748100 ) ;
#266 = LINE ( 'NONE', #930, #268 ) ;
#267 = CIRCLE ( 'NONE', #635, 0.2654999999999999600 ) ;
#268 = VECTOR ( 'NONE', #945, 39.37007874015748100 ) ;
#269 = VECTOR ( 'NONE', #947, 39.37007874015748100 ) ;
#270 = LINE ( 'NONE', #950, #279 ) ;
#271 = VECTOR ( 'NONE', #949, 39.37007874015748100 ) ;
#272 = LINE ( 'NONE', #956, #281 ) ;
#273 = VECTOR ( 'NONE', #951, 39.37007874015748100 ) ;
#274 = VECTOR ( 'NONE', #969, 39.37007874015748100 ) ;
#275 = LINE ( 'NONE', #952, #276 ) ;
#276 = VECTOR ( 'NONE', #953, 39.37007874015748100 ) ;
#277 = LINE ( 'NONE', #954, #278 ) ;
#278 = VECTOR ( 'NONE', #955, 39.37007874015748100 ) ;
#279 = VECTOR ( 'NONE', #958, 39.37007874015748100 ) ;
#280 = LINE ( 'NONE', #968, #274 ) ;
#281 = VECTOR ( 'NONE', #960, 39.37007874015748100 ) ;
#282 = VECTOR ( 'NONE', #978, 39.37007874015748100 ) ;
#283 = LINE ( 'NONE', #961, #284 ) ;
#284 = VECTOR ( 'NONE', #962, 39.37007874015748100 ) ;
#285 = LINE ( 'NONE', #963, #286 ) ;
#286 = VECTOR ( 'NONE', #964, 39.37007874015748100 ) ;
#287 = LINE ( 'NONE', #977, #282 ) ;
#288 = LINE ( 'NONE', #957, #290 ) ;
#289 = CIRCLE ( 'NONE', #639, 0.06700000000000012900 ) ;
#290 = VECTOR ( 'NONE', #971, 39.37007874015748100 ) ;
#291 = CIRCLE ( 'NONE', #580, 0.1005000000000000600 ) ;
#292 = LINE ( 'NONE', #972, #293 ) ;
#293 = VECTOR ( 'NONE', #973, 39.37007874015748100 ) ;
#294 = CIRCLE ( 'NONE', #637, 0.2654999999999999600 ) ;
#295 = LINE ( 'NONE', #979, #296 ) ;
#296 = VECTOR ( 'NONE', #980, 39.37007874015748100 ) ;
#297 = LINE ( 'NONE', #981, #298 ) ;
#298 = VECTOR ( 'NONE', #982, 39.37007874015748100 ) ;
#299 = ORIENTED_EDGE ( 'NONE', *, *, #1490, .T. ) ;
#300 = ORIENTED_EDGE ( 'NONE', *, *, #723, .T. ) ;
#301 = ORIENTED_EDGE ( 'NONE', *, *, #1486, .T. ) ;
#302 = ORIENTED_EDGE ( 'NONE', *, *, #722, .T. ) ;
#303 = ORIENTED_EDGE ( 'NONE', *, *, #791, .T. ) ;
#304 = ORIENTED_EDGE ( 'NONE', *, *, #720, .T. ) ;
#305 = ORIENTED_EDGE ( 'NONE', *, *, #786, .T. ) ;
#306 = ORIENTED_EDGE ( 'NONE', *, *, #721, .T. ) ;
#307 = ORIENTED_EDGE ( 'NONE', *, *, #782, .T. ) ;
#308 = ORIENTED_EDGE ( 'NONE', *, *, #719, .T. ) ;
#309 = ORIENTED_EDGE ( 'NONE', *, *, #738, .T. ) ;
#310 = ORIENTED_EDGE ( 'NONE', *, *, #718, .T. ) ;
#311 = ORIENTED_EDGE ( 'NONE', *, *, #735, .T. ) ;
#312 = ORIENTED_EDGE ( 'NONE', *, *, #717, .T. ) ;
#313 = ORIENTED_EDGE ( 'NONE', *, *, #652, .T. ) ;
#314 = ORIENTED_EDGE ( 'NONE', *, *, #708, .T. ) ;
#315 = ORIENTED_EDGE ( 'NONE', *, *, #672, .T. ) ;
#316 = ORIENTED_EDGE ( 'NONE', *, *, #712, .T. ) ;
#317 = ORIENTED_EDGE ( 'NONE', *, *, #658, .T. ) ;
#318 = ORIENTED_EDGE ( 'NONE', *, *, #713, .T. ) ;
#319 = ORIENTED_EDGE ( 'NONE', *, *, #660, .T. ) ;
#320 = ORIENTED_EDGE ( 'NONE', *, *, #714, .T. ) ;
#321 = ORIENTED_EDGE ( 'NONE', *, *, #648, .T. ) ;
#322 = ORIENTED_EDGE ( 'NONE', *, *, #716, .T. ) ;
#323 = ORIENTED_EDGE ( 'NONE', *, *, #664, .T. ) ;
#324 = ORIENTED_EDGE ( 'NONE', *, *, #715, .T. ) ;
#325 = ORIENTED_EDGE ( 'NONE', *, *, #711, .T. ) ;
#326 = ORIENTED_EDGE ( 'NONE', *, *, #681, .T. ) ;
#327 = ORIENTED_EDGE ( 'NONE', *, *, #710, .T. ) ;
#328 = ORIENTED_EDGE ( 'NONE', *, *, #676, .T. ) ;
#329 = ORIENTED_EDGE ( 'NONE', *, *, #709, .T. ) ;
#330 = ORIENTED_EDGE ( 'NONE', *, *, #689, .T. ) ;
#331 = ORIENTED_EDGE ( 'NONE', *, *, #707, .T. ) ;
#332 = ORIENTED_EDGE ( 'NONE', *, *, #674, .T. ) ;
#333 = ORIENTED_EDGE ( 'NONE', *, *, #1503, .F. ) ;
#334 = ORIENTED_EDGE ( 'NONE', *, *, #706, .F. ) ;
#335 = ORIENTED_EDGE ( 'NONE', *, *, #1499, .F. ) ;
#336 = ORIENTED_EDGE ( 'NONE', *, *, #705, .F. ) ;
#337 = ORIENTED_EDGE ( 'NONE', *, *, #1492, .F. ) ;
#338 = ORIENTED_EDGE ( 'NONE', *, *, #704, .F. ) ;
#339 = ORIENTED_EDGE ( 'NONE', *, *, #1488, .F. ) ;
#340 = ORIENTED_EDGE ( 'NONE', *, *, #703, .F. ) ;
#341 = ORIENTED_EDGE ( 'NONE', *, *, #1504, .T. ) ;
#342 = ORIENTED_EDGE ( 'NONE', *, *, #736, .T. ) ;
#343 = ORIENTED_EDGE ( 'NONE', *, *, #663, .T. ) ;
#344 = ORIENTED_EDGE ( 'NONE', *, *, #738, .F. ) ;
#345 = ORIENTED_EDGE ( 'NONE', *, *, #734, .F. ) ;
#346 = ORIENTED_EDGE ( 'NONE', *, *, #670, .T. ) ;
#347 = ORIENTED_EDGE ( 'NONE', *, *, #732, .T. ) ;
#348 = ORIENTED_EDGE ( 'NONE', *, *, #735, .F. ) ;
#349 = ORIENTED_EDGE ( 'NONE', *, *, #651, .F. ) ;
#350 = ORIENTED_EDGE ( 'NONE', *, *, #661, .T. ) ;
#351 = ORIENTED_EDGE ( 'NONE', *, *, #667, .T. ) ;
#352 = CIRCLE ( 'NONE', #569, 0.4374999999999998900 ) ;
#353 = VECTOR ( 'NONE', #1314, 39.37007874015748100 ) ;
#354 = LINE ( 'NONE', #1307, #355 ) ;
#355 = VECTOR ( 'NONE', #1308, 39.37007874015748100 ) ;
#356 = CYLINDRICAL_SURFACE ( 'NONE', #563, 0.1005000000000000600 ) ;
#357 = CYLINDRICAL_SURFACE ( 'NONE', #562, 0.2654999999999999600 ) ;
#358 = CIRCLE ( 'NONE', #587, 0.4375000000000000000 ) ;
#359 = FACE_OUTER_BOUND ( 'NONE', #1681, .T. ) ;
#360 = SURFACE_STYLE_FILL_AREA ( #1315 ) ;
#361 = PRESENTATION_STYLE_ASSIGNMENT (( #1317 ) ) ;
#362 = LENGTH_MEASURE_WITH_UNIT ( LENGTH_MEASURE( 0.02539999999999999900 ), #1318 );
#363 =( GEOMETRIC_REPRESENTATION_CONTEXT ( 3 ) GLOBAL_UNCERTAINTY_ASSIGNED_CONTEXT ( ( #1512 ) ) GLOBAL_UNIT_ASSIGNED_CONTEXT ( ( #1319, #1320, #1321 ) ) REPRESENTATION_CONTEXT ( 'NONE', 'WORKASPACE' ) );
#364 = FACE_OUTER_BOUND ( 'NONE', #1658, .T. ) ;
#365 = FACE_OUTER_BOUND ( 'NONE', #1647, .T. ) ;
#366 = FACE_OUTER_BOUND ( 'NONE', #1648, .T. ) ;
#367 = FACE_OUTER_BOUND ( 'NONE', #1656, .T. ) ;
#368 = CYLINDRICAL_SURFACE ( 'NONE', #561, 0.2654999999999999600 ) ;
#369 = FACE_OUTER_BOUND ( 'NONE', #1548, .T. ) ;
#370 = CYLINDRICAL_SURFACE ( 'NONE', #560, 0.4374999999999997800 ) ;
#371 = FACE_OUTER_BOUND ( 'NONE', #1547, .T. ) ;
#372 = CYLINDRICAL_SURFACE ( 'NONE', #559, 0.06700000000000012900 ) ;
#373 = FACE_OUTER_BOUND ( 'NONE', #1550, .T. ) ;
#374 = CYLINDRICAL_SURFACE ( 'NONE', #558, 0.06700000000000012900 ) ;
#375 = FACE_OUTER_BOUND ( 'NONE', #1538, .T. ) ;
#376 = CYLINDRICAL_SURFACE ( 'NONE', #557, 0.07950000000000007100 ) ;
#377 = FACE_OUTER_BOUND ( 'NONE', #1537, .T. ) ;
#378 = CYLINDRICAL_SURFACE ( 'NONE', #556, 0.01000000000000016700 ) ;
#379 = FACE_OUTER_BOUND ( 'NONE', #1625, .T. ) ;
#380 = CYLINDRICAL_SURFACE ( 'NONE', #555, 0.01000000000000016700 ) ;
#381 = FACE_OUTER_BOUND ( 'NONE', #1536, .T. ) ;
#382 = CYLINDRICAL_SURFACE ( 'NONE', #554, 0.4374999999999997800 ) ;
#383 = FACE_OUTER_BOUND ( 'NONE', #1664, .T. ) ;
#384 = CYLINDRICAL_SURFACE ( 'NONE', #553, 0.01000000000000016700 ) ;
#385 = FACE_OUTER_BOUND ( 'NONE', #1678, .T. ) ;
#386 = CYLINDRICAL_SURFACE ( 'NONE', #552, 0.4374999999999998900 ) ;
#387 = FACE_OUTER_BOUND ( 'NONE', #1663, .T. ) ;
#388 = CYLINDRICAL_SURFACE ( 'NONE', #551, 0.1329999999999999200 ) ;
#389 = FACE_OUTER_BOUND ( 'NONE', #1624, .T. ) ;
#390 = CYLINDRICAL_SURFACE ( 'NONE', #550, 0.4374999999999997800 ) ;
#391 = FACE_OUTER_BOUND ( 'NONE', #1644, .T. ) ;
#392 = CYLINDRICAL_SURFACE ( 'NONE', #549, 0.1329999999999999200 ) ;
#393 = FACE_OUTER_BOUND ( 'NONE', #1623, .T. ) ;
#394 = CYLINDRICAL_SURFACE ( 'NONE', #548, 0.1329999999999999200 ) ;
#395 = FACE_OUTER_BOUND ( 'NONE', #1549, .T. ) ;
#396 = CYLINDRICAL_SURFACE ( 'NONE', #547, 0.1329999999999999200 ) ;
#397 = FACE_OUTER_BOUND ( 'NONE', #1540, .T. ) ;
#398 = CYLINDRICAL_SURFACE ( 'NONE', #546, 0.07950000000000000100 ) ;
#399 = FACE_OUTER_BOUND ( 'NONE', #1545, .T. ) ;
#400 = CYLINDRICAL_SURFACE ( 'NONE', #545, 0.4065000000000003100 ) ;
#401 = FACE_OUTER_BOUND ( 'NONE', #1544, .T. ) ;
#402 = CYLINDRICAL_SURFACE ( 'NONE', #544, 0.06700000000000012900 ) ;
#403 = FACE_OUTER_BOUND ( 'NONE', #1546, .T. ) ;
#404 = CYLINDRICAL_SURFACE ( 'NONE', #543, 0.06700000000000012900 ) ;
#405 = FACE_OUTER_BOUND ( 'NONE', #1539, .T. ) ;
#406 = CYLINDRICAL_SURFACE ( 'NONE', #542, 0.2654999999999999600 ) ;
#407 = FACE_OUTER_BOUND ( 'NONE', #1541, .T. ) ;
#408 = CYLINDRICAL_SURFACE ( 'NONE', #541, 0.01000000000000016700 ) ;
#409 = FACE_OUTER_BOUND ( 'NONE', #1542, .T. ) ;
#410 = CYLINDRICAL_SURFACE ( 'NONE', #540, 0.1005000000000000600 ) ;
#411 = FACE_OUTER_BOUND ( 'NONE', #1543, .T. ) ;
#412 = CYLINDRICAL_SURFACE ( 'NONE', #539, 0.1005000000000000600 ) ;
#413 = FACE_OUTER_BOUND ( 'NONE', #1682, .T. ) ;
#414 = CYLINDRICAL_SURFACE ( 'NONE', #538, 0.2654999999999999600 ) ;
#415 = FACE_OUTER_BOUND ( 'NONE', #1683, .T. ) ;
#416 = CYLINDRICAL_SURFACE ( 'NONE', #537, 0.07950000000000007100 ) ;
#417 = FACE_OUTER_BOUND ( 'NONE', #1650, .T. ) ;
#418 = CYLINDRICAL_SURFACE ( 'NONE', #536, 0.07950000000000000100 ) ;
#419 = CYLINDRICAL_SURFACE ( 'NONE', #534, 0.1329999999999999200 ) ;
#420 = CYLINDRICAL_SURFACE ( 'NONE', #535, 0.4065000000000003100 ) ;
#421 = FACE_OUTER_BOUND ( 'NONE', #1652, .T. ) ;
#422 = ORIENTED_EDGE ( 'NONE', *, *, #677, .T. ) ;
#423 = ORIENTED_EDGE ( 'NONE', *, *, #682, .T. ) ;
#424 = ORIENTED_EDGE ( 'NONE', *, *, #680, .T. ) ;
#425 = ORIENTED_EDGE ( 'NONE', *, *, #679, .T. ) ;
#426 = ORIENTED_EDGE ( 'NONE', *, *, #681, .F. ) ;
#427 = ORIENTED_EDGE ( 'NONE', *, *, #675, .T. ) ;
#428 = ORIENTED_EDGE ( 'NONE', *, *, #1507, .T. ) ;
#429 = ORIENTED_EDGE ( 'NONE', *, *, #676, .F. ) ;
#430 = ORIENTED_EDGE ( 'NONE', *, *, #1506, .F. ) ;
#431 = ORIENTED_EDGE ( 'NONE', *, *, #1502, .F. ) ;
#432 = ORIENTED_EDGE ( 'NONE', *, *, #1488, .T. ) ;
#433 = ORIENTED_EDGE ( 'NONE', *, *, #1500, .T. ) ;
#434 = ORIENTED_EDGE ( 'NONE', *, *, #1501, .F. ) ;
#435 = ORIENTED_EDGE ( 'NONE', *, *, #1498, .F. ) ;
#436 = ORIENTED_EDGE ( 'NONE', *, *, #1484, .T. ) ;
#437 = ORIENTED_EDGE ( 'NONE', *, *, #1493, .T. ) ;
#438 = ORIENTED_EDGE ( 'NONE', *, *, #1497, .F. ) ;
#439 = ORIENTED_EDGE ( 'NONE', *, *, #1491, .F. ) ;
#440 = ORIENTED_EDGE ( 'NONE', *, *, #1484, .F. ) ;
#441 = ORIENTED_EDGE ( 'NONE', *, *, #702, .F. ) ;
#442 = ORIENTED_EDGE ( 'NONE', *, *, #788, .F. ) ;
#443 = ORIENTED_EDGE ( 'NONE', *, *, #701, .F. ) ;
#444 = ORIENTED_EDGE ( 'NONE', *, *, #784, .F. ) ;
#445 = ORIENTED_EDGE ( 'NONE', *, *, #700, .F. ) ;
#446 = ORIENTED_EDGE ( 'NONE', *, *, #742, .F. ) ;
#447 = ORIENTED_EDGE ( 'NONE', *, *, #699, .F. ) ;
#448 = ORIENTED_EDGE ( 'NONE', *, *, #737, .F. ) ;
#449 = ORIENTED_EDGE ( 'NONE', *, *, #698, .F. ) ;
#450 = ORIENTED_EDGE ( 'NONE', *, *, #741, .F. ) ;
#451 = ORIENTED_EDGE ( 'NONE', *, *, #697, .F. ) ;
#452 = ORIENTED_EDGE ( 'NONE', *, *, #736, .F. ) ;
#453 = ORIENTED_EDGE ( 'NONE', *, *, #696, .F. ) ;
#454 = ORIENTED_EDGE ( 'NONE', *, *, #670, .F. ) ;
#455 = ORIENTED_EDGE ( 'NONE', *, *, #695, .F. ) ;
#456 = ORIENTED_EDGE ( 'NONE', *, *, #661, .F. ) ;
#457 = ORIENTED_EDGE ( 'NONE', *, *, #691, .F. ) ;
#458 = ORIENTED_EDGE ( 'NONE', *, *, #665, .F. ) ;
#459 = ORIENTED_EDGE ( 'NONE', *, *, #687, .F. ) ;
#460 = ORIENTED_EDGE ( 'NONE', *, *, #654, .F. ) ;
#461 = ORIENTED_EDGE ( 'NONE', *, *, #683, .F. ) ;
#462 = ORIENTED_EDGE ( 'NONE', *, *, #656, .F. ) ;
#463 = ORIENTED_EDGE ( 'NONE', *, *, #692, .F. ) ;
#464 = ORIENTED_EDGE ( 'NONE', *, *, #649, .F. ) ;
#465 = ORIENTED_EDGE ( 'NONE', *, *, #694, .F. ) ;
#466 = ORIENTED_EDGE ( 'NONE', *, *, #662, .F. ) ;
#467 = ORIENTED_EDGE ( 'NONE', *, *, #693, .F. ) ;
#468 = ORIENTED_EDGE ( 'NONE', *, *, #690, .T. ) ;
#469 = ORIENTED_EDGE ( 'NONE', *, *, #678, .T. ) ;
#470 = ORIENTED_EDGE ( 'NONE', *, *, #688, .T. ) ;
#471 = ORIENTED_EDGE ( 'NONE', *, *, #689, .F. ) ;
#472 = ORIENTED_EDGE ( 'NONE', *, *, #686, .T. ) ;
#473 = ORIENTED_EDGE ( 'NONE', *, *, #674, .F. ) ;
#474 = ORIENTED_EDGE ( 'NONE', *, *, #684, .T. ) ;
#475 = ORIENTED_EDGE ( 'NONE', *, *, #685, .T. ) ;
#476 = LINE ( 'NONE', #948, #273 ) ;
#477 = LINE ( 'NONE', #887, #484 ) ;
#478 = CIRCLE ( 'NONE', #749, 0.07950000000000000100 ) ;
#479 = ORIENTED_EDGE ( 'NONE', *, *, #1492, .T. ) ;
#480 = ORIENTED_EDGE ( 'NONE', *, *, #1505, .F. ) ;
#481 = CIRCLE ( 'NONE', #750, 0.07950000000000000100 ) ;
#482 = LINE ( 'NONE', #793, #483 ) ;
#483 = VECTOR ( 'NONE', #888, 39.37007874015748100 ) ;
#484 = VECTOR ( 'NONE', #890, 39.37007874015748100 ) ;
#485 = LINE ( 'NONE', #920, #496 ) ;
#486 = LINE ( 'NONE', #889, #488 ) ;
#487 = CIRCLE ( 'NONE', #647, 0.06700000000000012900 ) ;
#488 = VECTOR ( 'NONE', #896, 39.37007874015748100 ) ;
#489 = VECTOR ( 'NONE', #906, 39.37007874015748100 ) ;
#490 = LINE ( 'NONE', #895, #492 ) ;
#491 = CIRCLE ( 'NONE', #645, 0.06700000000000012900 ) ;
#492 = VECTOR ( 'NONE', #901, 39.37007874015748100 ) ;
#493 = LINE ( 'NONE', #894, #489 ) ;
#494 = VECTOR ( 'NONE', #910, 39.37007874015748100 ) ;
#495 = CIRCLE ( 'NONE', #643, 0.06700000000000012900 ) ;
#496 = VECTOR ( 'NONE', #921, 39.37007874015748100 ) ;
#497 = LINE ( 'NONE', #902, #494 ) ;
#498 = CIRCLE ( 'NONE', #642, 0.06700000000000012900 ) ;
#499 = LINE ( 'NONE', #928, #508 ) ;
#500 = CIRCLE ( 'NONE', #646, 0.06700000000000012900 ) ;
#501 = CIRCLE ( 'NONE', #641, 0.06700000000000012900 ) ;
#502 = CIRCLE ( 'NONE', #644, 0.07950000000000007100 ) ;
#503 = VECTOR ( 'NONE', #929, 39.37007874015748100 ) ;
#504 = LINE ( 'NONE', #944, #269 ) ;
#505 = CIRCLE ( 'NONE', #640, 0.07950000000000007100 ) ;
#506 = LINE ( 'NONE', #909, #503 ) ;
#507 = CIRCLE ( 'NONE', #638, 0.2654999999999999600 ) ;
#508 = VECTOR ( 'NONE', #931, 39.37007874015748100 ) ;
#509 = LINE ( 'NONE', #946, #271 ) ;
#510 = LINE ( 'NONE', #932, #511 ) ;
#511 = VECTOR ( 'NONE', #933, 39.37007874015748100 ) ;
#512 = LINE ( 'NONE', #935, #513 ) ;
#513 = VECTOR ( 'NONE', #936, 39.37007874015748100 ) ;
#514 = PRODUCT_RELATED_PRODUCT_CATEGORY ( 'part', '', ( #1 ) ) ;
#515 = PRODUCT_DEFINITION_FORMATION_WITH_SPECIFIED_SOURCE ( 'ANY', '', #1, .NOT_KNOWN. ) ;
#516 = PRODUCT_DEFINITION ( 'UNKNOWN', '', #515, #261 ) ;
#517 = AXIS2_PLACEMENT_3D ( 'NONE', #1476, #1477, #1478 ) ;
#518 = MECHANICAL_DESIGN_GEOMETRIC_PRESENTATION_REPRESENTATION (  '', ( #566 ), #1495 ) ;
#519 = AXIS2_PLACEMENT_3D ( 'NONE', #1462, #1464, #1465 ) ;
#520 = AXIS2_PLACEMENT_3D ( 'NONE', #1455, #1460, #1461 ) ;
#521 = AXIS2_PLACEMENT_3D ( 'NONE', #1452, #1457, #1458 ) ;
#522 = AXIS2_PLACEMENT_3D ( 'NONE', #1453, #1427, #1430 ) ;
#523 = AXIS2_PLACEMENT_3D ( 'NONE', #1447, #1450, #1451 ) ;
#524 = AXIS2_PLACEMENT_3D ( 'NONE', #1446, #1445, #1444 ) ;
#525 = AXIS2_PLACEMENT_3D ( 'NONE', #1443, #1442, #1441 ) ;
#526 = AXIS2_PLACEMENT_3D ( 'NONE', #1440, #1439, #1438 ) ;
#527 = AXIS2_PLACEMENT_3D ( 'NONE', #1437, #1436, #1435 ) ;
#528 = AXIS2_PLACEMENT_3D ( 'NONE', #1434, #1433, #1432 ) ;
#529 = AXIS2_PLACEMENT_3D ( 'NONE', #1431, #1302, #1327 ) ;
#530 = AXIS2_PLACEMENT_3D ( 'NONE', #1425, #1428, #1429 ) ;
#531 = AXIS2_PLACEMENT_3D ( 'NONE', #1424, #1423, #1422 ) ;
#532 = AXIS2_PLACEMENT_3D ( 'NONE', #1421, #1420, #1419 ) ;
#533 = AXIS2_PLACEMENT_3D ( 'NONE', #1418, #1417, #1416 ) ;
#534 = AXIS2_PLACEMENT_3D ( 'NONE', #1415, #1414, #1413 ) ;
#535 = AXIS2_PLACEMENT_3D ( 'NONE', #1412, #1411, #1410 ) ;
#536 = AXIS2_PLACEMENT_3D ( 'NONE', #1409, #1408, #1407 ) ;
#537 = AXIS2_PLACEMENT_3D ( 'NONE', #1406, #1405, #1404 ) ;
#538 = AXIS2_PLACEMENT_3D ( 'NONE', #1403, #1402, #1401 ) ;
#539 = AXIS2_PLACEMENT_3D ( 'NONE', #1400, #1399, #1398 ) ;
#540 = AXIS2_PLACEMENT_3D ( 'NONE', #1397, #1396, #1395 ) ;
#541 = AXIS2_PLACEMENT_3D ( 'NONE', #1394, #1393, #1392 ) ;
#542 = AXIS2_PLACEMENT_3D ( 'NONE', #1391, #1390, #1389 ) ;
#543 = AXIS2_PLACEMENT_3D ( 'NONE', #1388, #1387, #1386 ) ;
#544 = AXIS2_PLACEMENT_3D ( 'NONE', #1385, #1384, #1383 ) ;
#545 = AXIS2_PLACEMENT_3D ( 'NONE', #1382, #1381, #1380 ) ;
#546 = AXIS2_PLACEMENT_3D ( 'NONE', #1379, #1378, #1377 ) ;
#547 = AXIS2_PLACEMENT_3D ( 'NONE', #1376, #1375, #1374 ) ;
#548 = AXIS2_PLACEMENT_3D ( 'NONE', #1373, #1372, #1371 ) ;
#549 = AXIS2_PLACEMENT_3D ( 'NONE', #1370, #1369, #1368 ) ;
#550 = AXIS2_PLACEMENT_3D ( 'NONE', #1367, #1366, #1365 ) ;
#551 = AXIS2_PLACEMENT_3D ( 'NONE', #1364, #1363, #1362 ) ;
#552 = AXIS2_PLACEMENT_3D ( 'NONE', #1361, #1360, #1359 ) ;
#553 = AXIS2_PLACEMENT_3D ( 'NONE', #1358, #1357, #1356 ) ;
#554 = AXIS2_PLACEMENT_3D ( 'NONE', #1355, #1354, #1353 ) ;
#555 = AXIS2_PLACEMENT_3D ( 'NONE', #1352, #1351, #1350 ) ;
#556 = AXIS2_PLACEMENT_3D ( 'NONE', #1349, #1348, #1347 ) ;
#557 = AXIS2_PLACEMENT_3D ( 'NONE', #1346, #1345, #1344 ) ;
#558 = AXIS2_PLACEMENT_3D ( 'NONE', #1343, #1342, #1341 ) ;
#559 = AXIS2_PLACEMENT_3D ( 'NONE', #1340, #1339, #1338 ) ;
#560 = AXIS2_PLACEMENT_3D ( 'NONE', #1337, #1336, #1335 ) ;
#561 = AXIS2_PLACEMENT_3D ( 'NONE', #1334, #1333, #1332 ) ;
#562 = AXIS2_PLACEMENT_3D ( 'NONE', #1331, #1330, #1329 ) ;
#563 = AXIS2_PLACEMENT_3D ( 'NONE', #1328, #1322, #1324 ) ;
#564 = AXIS2_PLACEMENT_3D ( 'NONE', #1312, #1325, #1326 ) ;
#565 = PRESENTATION_LAYER_ASSIGNMENT (  '', '', ( #566 ) ) ;
#566 = STYLED_ITEM ( 'NONE', ( #120 ), #1509 ) ;
#567 = MECHANICAL_DESIGN_GEOMETRIC_PRESENTATION_REPRESENTATION (  '', ( #577 ), #363 ) ;
#568 = PRESENTATION_LAYER_ASSIGNMENT (  '', '', ( #577 ) ) ;
#569 = AXIS2_PLACEMENT_3D ( 'NONE', #1292, #1303, #1304 ) ;
#570 = AXIS2_PLACEMENT_3D ( 'NONE', #1282, #1293, #1294 ) ;
#571 = AXIS2_PLACEMENT_3D ( 'NONE', #1287, #1298, #1299 ) ;
#572 = AXIS2_PLACEMENT_3D ( 'NONE', #1262, #1263, #1264 ) ;
#573 = AXIS2_PLACEMENT_3D ( 'NONE', #1265, #1268, #1269 ) ;
#574 = AXIS2_PLACEMENT_3D ( 'NONE', #1261, #1273, #1274 ) ;
#575 = AXIS2_PLACEMENT_3D ( 'NONE', #1272, #1283, #1284 ) ;
#576 = AXIS2_PLACEMENT_3D ( 'NONE', #1285, #1288, #1289 ) ;
#577 = STYLED_ITEM ( 'NONE', ( #361 ), #1511 ) ;
#578 = AXIS2_PLACEMENT_3D ( 'NONE', #1275, #1278, #1279 ) ;
#579 = AXIS2_PLACEMENT_3D ( 'NONE', #1154, #1165, #1166 ) ;
#580 = AXIS2_PLACEMENT_3D ( 'NONE', #1157, #1160, #1161 ) ;
#581 = AXIS2_PLACEMENT_3D ( 'NONE', #1144, #1155, #1156 ) ;
#582 = AXIS2_PLACEMENT_3D ( 'NONE', #1140, #1150, #1151 ) ;
#583 = AXIS2_PLACEMENT_3D ( 'NONE', #1167, #1173, #1174 ) ;
#584 = AXIS2_PLACEMENT_3D ( 'NONE', #1143, #1145, #1146 ) ;
#585 = AXIS2_PLACEMENT_3D ( 'NONE', #1135, #1136, #1137 ) ;
#586 = AXIS2_PLACEMENT_3D ( 'NONE', #1125, #1132, #1133 ) ;
#587 = AXIS2_PLACEMENT_3D ( 'NONE', #1297, #1310, #1311 ) ;
#588 = AXIS2_PLACEMENT_3D ( 'NONE', #1128, #1130, #1131 ) ;
#589 = AXIS2_PLACEMENT_3D ( 'NONE', #1113, #1118, #1119 ) ;
#590 = AXIS2_PLACEMENT_3D ( 'NONE', #1103, #1114, #1115 ) ;
#591 = AXIS2_PLACEMENT_3D ( 'NONE', #1100, #1109, #1110 ) ;
#592 = AXIS2_PLACEMENT_3D ( 'NONE', #1108, #1116, #1117 ) ;
#593 = AXIS2_PLACEMENT_3D ( 'NONE', #1060, #1104, #1105 ) ;
#594 = AXIS2_PLACEMENT_3D ( 'NONE', #1120, #1121, #1122 ) ;
#595 = AXIS2_PLACEMENT_3D ( 'NONE', #1099, #1101, #1102 ) ;
#596 = AXIS2_PLACEMENT_3D ( 'NONE', #1096, #1097, #1098 ) ;
#597 = AXIS2_PLACEMENT_3D ( 'NONE', #1093, #1094, #1095 ) ;
#598 = AXIS2_PLACEMENT_3D ( 'NONE', #1090, #1091, #1092 ) ;
#599 = AXIS2_PLACEMENT_3D ( 'NONE', #1087, #1088, #1089 ) ;
#600 = AXIS2_PLACEMENT_3D ( 'NONE', #1084, #1085, #1086 ) ;
#601 = AXIS2_PLACEMENT_3D ( 'NONE', #1081, #1082, #1083 ) ;
#602 = AXIS2_PLACEMENT_3D ( 'NONE', #1078, #1079, #1080 ) ;
#603 = AXIS2_PLACEMENT_3D ( 'NONE', #1075, #1076, #1077 ) ;
#604 = AXIS2_PLACEMENT_3D ( 'NONE', #1072, #1073, #1074 ) ;
#605 = AXIS2_PLACEMENT_3D ( 'NONE', #1069, #1070, #1071 ) ;
#606 = AXIS2_PLACEMENT_3D ( 'NONE', #1066, #1067, #1068 ) ;
#607 = AXIS2_PLACEMENT_3D ( 'NONE', #1055, #1061, #1062 ) ;
#608 = AXIS2_PLACEMENT_3D ( 'NONE', #1052, #1058, #1059 ) ;
#609 = AXIS2_PLACEMENT_3D ( 'NONE', #1049, #1056, #1057 ) ;
#610 = AXIS2_PLACEMENT_3D ( 'NONE', #1046, #1053, #1054 ) ;
#611 = AXIS2_PLACEMENT_3D ( 'NONE', #1043, #1050, #1051 ) ;
#612 = AXIS2_PLACEMENT_3D ( 'NONE', #1040, #1047, #1048 ) ;
#613 = AXIS2_PLACEMENT_3D ( 'NONE', #1037, #1044, #1045 ) ;
#614 = AXIS2_PLACEMENT_3D ( 'NONE', #1034, #1041, #1042 ) ;
#615 = AXIS2_PLACEMENT_3D ( 'NONE', #1031, #1038, #1039 ) ;
#616 = AXIS2_PLACEMENT_3D ( 'NONE', #992, #1035, #1036 ) ;
#617 = AXIS2_PLACEMENT_3D ( 'NONE', #1063, #1064, #1065 ) ;
#618 = AXIS2_PLACEMENT_3D ( 'NONE', #1030, #1032, #1033 ) ;
#619 = AXIS2_PLACEMENT_3D ( 'NONE', #1027, #1028, #1029 ) ;
#620 = AXIS2_PLACEMENT_3D ( 'NONE', #1024, #1025, #1026 ) ;
#621 = AXIS2_PLACEMENT_3D ( 'NONE', #1021, #1022, #1023 ) ;
#622 = AXIS2_PLACEMENT_3D ( 'NONE', #1018, #1019, #1020 ) ;
#623 = AXIS2_PLACEMENT_3D ( 'NONE', #1015, #1016, #1017 ) ;
#624 = AXIS2_PLACEMENT_3D ( 'NONE', #1012, #1013, #1014 ) ;
#625 = AXIS2_PLACEMENT_3D ( 'NONE', #1009, #1010, #1011 ) ;
#626 = AXIS2_PLACEMENT_3D ( 'NONE', #1006, #1007, #1008 ) ;
#627 = AXIS2_PLACEMENT_3D ( 'NONE', #1003, #1004, #1005 ) ;
#628 = AXIS2_PLACEMENT_3D ( 'NONE', #1000, #1001, #1002 ) ;
#629 = AXIS2_PLACEMENT_3D ( 'NONE', #989, #995, #996 ) ;
#630 = AXIS2_PLACEMENT_3D ( 'NONE', #986, #993, #994 ) ;
#631 = AXIS2_PLACEMENT_3D ( 'NONE', #983, #990, #991 ) ;
#632 = AXIS2_PLACEMENT_3D ( 'NONE', #967, #984, #985 ) ;
#633 = AXIS2_PLACEMENT_3D ( 'NONE', #997, #998, #999 ) ;
#634 = AXIS2_PLACEMENT_3D ( 'NONE', #974, #987, #988 ) ;
#635 = AXIS2_PLACEMENT_3D ( 'NONE', #940, #942, #943 ) ;
#636 = AXIS2_PLACEMENT_3D ( 'NONE', #937, #938, #939 ) ;
#637 = AXIS2_PLACEMENT_3D ( 'NONE', #970, #975, #976 ) ;
#638 = AXIS2_PLACEMENT_3D ( 'NONE', #925, #926, #927 ) ;
#639 = AXIS2_PLACEMENT_3D ( 'NONE', #959, #965, #966 ) ;
#640 = AXIS2_PLACEMENT_3D ( 'NONE', #922, #923, #924 ) ;
#641 = AXIS2_PLACEMENT_3D ( 'NONE', #914, #915, #916 ) ;
#642 = AXIS2_PLACEMENT_3D ( 'NONE', #905, #907, #908 ) ;
#643 = AXIS2_PLACEMENT_3D ( 'NONE', #900, #903, #904 ) ;
#644 = AXIS2_PLACEMENT_3D ( 'NONE', #917, #918, #919 ) ;
#645 = AXIS2_PLACEMENT_3D ( 'NONE', #897, #898, #899 ) ;
#646 = AXIS2_PLACEMENT_3D ( 'NONE', #911, #912, #913 ) ;
#647 = AXIS2_PLACEMENT_3D ( 'NONE', #891, #892, #893 ) ;
#648 = EDGE_CURVE ( 'NONE', #861, #867, #478, .T. ) ;
#649 = EDGE_CURVE ( 'NONE', #863, #868, #481, .T. ) ;
#650 = EDGE_CURVE ( 'NONE', #866, #862, #482, .T. ) ;
#651 = EDGE_CURVE ( 'NONE', #796, #799, #477, .T. ) ;
#652 = EDGE_CURVE ( 'NONE', #797, #796, #487, .T. ) ;
#653 = EDGE_CURVE ( 'NONE', #865, #864, #486, .T. ) ;
#654 = EDGE_CURVE ( 'NONE', #872, #873, #491, .T. ) ;
#655 = EDGE_CURVE ( 'NONE', #861, #863, #490, .T. ) ;
#656 = EDGE_CURVE ( 'NONE', #875, #876, #495, .T. ) ;
#657 = EDGE_CURVE ( 'NONE', #871, #872, #493, .T. ) ;
#658 = EDGE_CURVE ( 'NONE', #871, #870, #498, .T. ) ;
#659 = EDGE_CURVE ( 'NONE', #874, #876, #497, .T. ) ;
#660 = EDGE_CURVE ( 'NONE', #869, #874, #500, .T. ) ;
#661 = EDGE_CURVE ( 'NONE', #798, #799, #501, .T. ) ;
#662 = EDGE_CURVE ( 'NONE', #864, #862, #502, .T. ) ;
#663 = EDGE_CURVE ( 'NONE', #804, #806, #485, .T. ) ;
#664 = EDGE_CURVE ( 'NONE', #865, #866, #505, .T. ) ;
#665 = EDGE_CURVE ( 'NONE', #879, #794, #507, .T. ) ;
#666 = EDGE_CURVE ( 'NONE', #867, #868, #506, .T. ) ;
#667 = EDGE_CURVE ( 'NONE', #797, #798, #499, .T. ) ;
#668 = EDGE_CURVE ( 'NONE', #869, #875, #510, .T. ) ;
#669 = EDGE_CURVE ( 'NONE', #870, #873, #512, .T. ) ;
#670 = EDGE_CURVE ( 'NONE', #802, #803, #263, .T. ) ;
#671 = EDGE_CURVE ( 'NONE', #877, #879, #264, .T. ) ;
#672 = EDGE_CURVE ( 'NONE', #877, #878, #267, .T. ) ;
#673 = EDGE_CURVE ( 'NONE', #878, #794, #266, .T. ) ;
#674 = EDGE_CURVE ( 'NONE', #859, #858, #504, .T. ) ;
#675 = EDGE_CURVE ( 'NONE', #850, #851, #509, .T. ) ;
#676 = EDGE_CURVE ( 'NONE', #848, #849, #476, .T. ) ;
#677 = EDGE_CURVE ( 'NONE', #851, #849, #275, .T. ) ;
#678 = EDGE_CURVE ( 'NONE', #881, #882, #277, .T. ) ;
#679 = EDGE_CURVE ( 'NONE', #854, #855, #270, .T. ) ;
#680 = EDGE_CURVE ( 'NONE', #852, #854, #272, .T. ) ;
#681 = EDGE_CURVE ( 'NONE', #852, #853, #283, .T. ) ;
#682 = EDGE_CURVE ( 'NONE', #855, #853, #285, .T. ) ;
#683 = EDGE_CURVE ( 'NONE', #873, #872, #289, .T. ) ;
#684 = EDGE_CURVE ( 'NONE', #857, #858, #280, .T. ) ;
#685 = EDGE_CURVE ( 'NONE', #856, #857, #288, .T. ) ;
#686 = EDGE_CURVE ( 'NONE', #859, #856, #292, .T. ) ;
#687 = EDGE_CURVE ( 'NONE', #794, #879, #294, .T. ) ;
#688 = EDGE_CURVE ( 'NONE', #860, #881, #287, .T. ) ;
#689 = EDGE_CURVE ( 'NONE', #860, #880, #295, .T. ) ;
#690 = EDGE_CURVE ( 'NONE', #882, #880, #297, .T. ) ;
#691 = EDGE_CURVE ( 'NONE', #799, #798, #2, .T. ) ;
#692 = EDGE_CURVE ( 'NONE', #876, #875, #3, .T. ) ;
#693 = EDGE_CURVE ( 'NONE', #862, #864, #4, .T. ) ;
#694 = EDGE_CURVE ( 'NONE', #868, #863, #5, .T. ) ;
#695 = EDGE_CURVE ( 'NONE', #803, #802, #6, .T. ) ;
#696 = EDGE_CURVE ( 'NONE', #807, #806, #7, .T. ) ;
#697 = EDGE_CURVE ( 'NONE', #811, #810, #8, .T. ) ;
#698 = EDGE_CURVE ( 'NONE', #815, #814, #9, .T. ) ;
#699 = EDGE_CURVE ( 'NONE', #819, #818, #10, .T. ) ;
#700 = EDGE_CURVE ( 'NONE', #823, #822, #11, .T. ) ;
#701 = EDGE_CURVE ( 'NONE', #827, #826, #12, .T. ) ;
#702 = EDGE_CURVE ( 'NONE', #831, #830, #13, .T. ) ;
#703 = EDGE_CURVE ( 'NONE', #835, #834, #14, .T. ) ;
#704 = EDGE_CURVE ( 'NONE', #839, #838, #15, .T. ) ;
#705 = EDGE_CURVE ( 'NONE', #843, #842, #16, .T. ) ;
#706 = EDGE_CURVE ( 'NONE', #847, #846, #17, .T. ) ;
#707 = EDGE_CURVE ( 'NONE', #858, #860, #18, .T. ) ;
#708 = EDGE_CURVE ( 'NONE', #796, #797, #20, .T. ) ;
#709 = EDGE_CURVE ( 'NONE', #880, #848, #21, .T. ) ;
#710 = EDGE_CURVE ( 'NONE', #849, #852, #22, .T. ) ;
#711 = EDGE_CURVE ( 'NONE', #853, #859, #1551, .T. ) ;
#712 = EDGE_CURVE ( 'NONE', #878, #877, #1513, .T. ) ;
#713 = EDGE_CURVE ( 'NONE', #870, #871, #1514, .T. ) ;
#714 = EDGE_CURVE ( 'NONE', #874, #869, #1515, .T. ) ;
#715 = EDGE_CURVE ( 'NONE', #866, #865, #1516, .T. ) ;
#716 = EDGE_CURVE ( 'NONE', #867, #861, #1518, .T. ) ;
#717 = EDGE_CURVE ( 'NONE', #801, #800, #1519, .T. ) ;
#718 = EDGE_CURVE ( 'NONE', #805, #804, #1520, .T. ) ;
#719 = EDGE_CURVE ( 'NONE', #809, #808, #1521, .T. ) ;
#720 = EDGE_CURVE ( 'NONE', #817, #816, #1522, .T. ) ;
#721 = EDGE_CURVE ( 'NONE', #813, #812, #1523, .T. ) ;
#722 = EDGE_CURVE ( 'NONE', #821, #820, #1524, .T. ) ;
#723 = EDGE_CURVE ( 'NONE', #825, #824, #1525, .T. ) ;
#724 = EDGE_CURVE ( 'NONE', #829, #828, #1526, .T. ) ;
#725 = EDGE_CURVE ( 'NONE', #833, #832, #1527, .T. ) ;
#726 = EDGE_CURVE ( 'NONE', #837, #836, #1528, .T. ) ;
#727 = EDGE_CURVE ( 'NONE', #841, #840, #1529, .T. ) ;
#728 = EDGE_CURVE ( 'NONE', #845, #844, #1530, .T. ) ;
#729 = EDGE_CURVE ( 'NONE', #881, #857, #1531, .T. ) ;
#730 = EDGE_CURVE ( 'NONE', #856, #855, #1533, .T. ) ;
#731 = EDGE_CURVE ( 'NONE', #854, #851, #1535, .T. ) ;
#732 = EDGE_CURVE ( 'NONE', #800, #802, #1517, .T. ) ;
#733 = EDGE_CURVE ( 'NONE', #850, #882, #751, .T. ) ;
#734 = EDGE_CURVE ( 'NONE', #801, #803, #19, .T. ) ;
#735 = EDGE_CURVE ( 'NONE', #800, #801, #755, .T. ) ;
#736 = EDGE_CURVE ( 'NONE', #806, #807, #756, .T. ) ;
#737 = EDGE_CURVE ( 'NONE', #814, #815, #757, .T. ) ;
#738 = EDGE_CURVE ( 'NONE', #804, #805, #758, .T. ) ;
#739 = EDGE_CURVE ( 'NONE', #805, #807, #1534, .T. ) ;
#740 = EDGE_CURVE ( 'NONE', #808, #810, #759, .T. ) ;
#741 = EDGE_CURVE ( 'NONE', #810, #811, #763, .T. ) ;
#742 = EDGE_CURVE ( 'NONE', #818, #819, #765, .T. ) ;
#743 = EDGE_CURVE ( 'NONE', #840, #842, #764, .T. ) ;
#744 = EDGE_CURVE ( 'NONE', #840, #841, #768, .T. ) ;
#745 = EDGE_CURVE ( 'NONE', #841, #843, #762, .T. ) ;
#746 = EDGE_CURVE ( 'NONE', #844, #846, #769, .T. ) ;
#747 = EDGE_CURVE ( 'NONE', #844, #845, #774, .T. ) ;
#748 = EDGE_CURVE ( 'NONE', #845, #847, #766, .T. ) ;
#749 = AXIS2_PLACEMENT_3D ( 'NONE', #792, #795, #883 ) ;
#750 = AXIS2_PLACEMENT_3D ( 'NONE', #884, #885, #886 ) ;
#751 = CIRCLE ( 'NONE', #591, 0.01000000000000016700 ) ;
#752 = VECTOR ( 'NONE', #1124, 39.37007874015748100 ) ;
#753 = VECTOR ( 'NONE', #1112, 39.37007874015748100 ) ;
#754 = VECTOR ( 'NONE', #1139, 39.37007874015748100 ) ;
#755 = CIRCLE ( 'NONE', #590, 0.06700000000000012900 ) ;
#756 = CIRCLE ( 'NONE', #592, 0.2654999999999999600 ) ;
#757 = CIRCLE ( 'NONE', #589, 0.1005000000000000600 ) ;
#758 = CIRCLE ( 'NONE', #594, 0.2654999999999999600 ) ;
#759 = LINE ( 'NONE', #1126, #760 ) ;
#760 = VECTOR ( 'NONE', #1127, 39.37007874015748100 ) ;
#761 = VECTOR ( 'NONE', #1134, 39.37007874015748100 ) ;
#762 = LINE ( 'NONE', #1138, #754 ) ;
#763 = CIRCLE ( 'NONE', #588, 0.1005000000000000600 ) ;
#764 = LINE ( 'NONE', #1129, #761 ) ;
#765 = CIRCLE ( 'NONE', #586, 0.4065000000000003100 ) ;
#766 = LINE ( 'NONE', #1147, #767 ) ;
#767 = VECTOR ( 'NONE', #1148, 39.37007874015748100 ) ;
#768 = CIRCLE ( 'NONE', #585, 0.4375000000000000000 ) ;
#769 = LINE ( 'NONE', #1141, #770 ) ;
#770 = VECTOR ( 'NONE', #1142, 39.37007874015748100 ) ;
#771 = VECTOR ( 'NONE', #1158, 39.37007874015748100 ) ;
#772 = LINE ( 'NONE', #1152, #773 ) ;
#773 = VECTOR ( 'NONE', #1153, 39.37007874015748100 ) ;
#774 = CIRCLE ( 'NONE', #584, 0.4374999999999998900 ) ;
#775 = VECTOR ( 'NONE', #1163, 39.37007874015748100 ) ;
#776 = CIRCLE ( 'NONE', #582, 0.1005000000000000600 ) ;
#777 = LINE ( 'NONE', #1162, #775 ) ;
#778 = LINE ( 'NONE', #1149, #771 ) ;
#779 = CIRCLE ( 'NONE', #581, 0.1329999999999999200 ) ;
#780 = CIRCLE ( 'NONE', #571, 0.1329999999999999200 ) ;
#781 = COLOUR_RGB ( '',0.8980392156862745400, 0.9176470588235293700, 0.9294117647058823800 ) ;
#782 = EDGE_CURVE ( 'NONE', #808, #809, #776, .T. ) ;
#783 = EDGE_CURVE ( 'NONE', #809, #811, #772, .T. ) ;
#784 = EDGE_CURVE ( 'NONE', #822, #823, #779, .T. ) ;
#785 = EDGE_CURVE ( 'NONE', #812, #814, #778, .T. ) ;
#786 = EDGE_CURVE ( 'NONE', #812, #813, #291, .T. ) ;
#787 = EDGE_CURVE ( 'NONE', #813, #815, #777, .T. ) ;
#788 = EDGE_CURVE ( 'NONE', #826, #827, #25, .T. ) ;
#789 = EDGE_CURVE ( 'NONE', #816, #818, #24, .T. ) ;
#790 = EDGE_CURVE ( 'NONE', #817, #819, #27, .T. ) ;
#791 = EDGE_CURVE ( 'NONE', #816, #817, #30, .T. ) ;
#792 = CARTESIAN_POINT ( 'NONE',  ( 0.1849999999999992500, -1.120000000000000300, 0.0000000000000000000 ) ) ;
#793 = CARTESIAN_POINT ( 'NONE',  ( 1.764499999999999100, -1.120000000000000100, 0.0000000000000000000 ) ) ;
#794 = VERTEX_POINT ( 'NONE', #1171 ) ;
#795 = DIRECTION ( 'NONE',  ( 0.0000000000000000000, 0.0000000000000000000, 1.000000000000000000 ) ) ;
#796 = VERTEX_POINT ( 'NONE', #1172 ) ;
#797 = VERTEX_POINT ( 'NONE', #1175 ) ;
#798 = VERTEX_POINT ( 'NONE', #1176 ) ;
#799 = VERTEX_POINT ( 'NONE', #1177 ) ;
#800 = VERTEX_POINT ( 'NONE', #1178 ) ;
#801 = VERTEX_POINT ( 'NONE', #1164 ) ;
#802 = VERTEX_POINT ( 'NONE', #1179 ) ;
#803 = VERTEX_POINT ( 'NONE', #1180 ) ;
#804 = VERTEX_POINT ( 'NONE', #1181 ) ;
#805 = VERTEX_POINT ( 'NONE', #1182 ) ;
#806 = VERTEX_POINT ( 'NONE', #1183 ) ;
#807 = VERTEX_POINT ( 'NONE', #1184 ) ;
#808 = VERTEX_POINT ( 'NONE', #1185 ) ;
#809 = VERTEX_POINT ( 'NONE', #1186 ) ;
#810 = VERTEX_POINT ( 'NONE', #1187 ) ;
#811 = VERTEX_POINT ( 'NONE', #1188 ) ;
#812 = VERTEX_POINT ( 'NONE', #1189 ) ;
#813 = VERTEX_POINT ( 'NONE', #1190 ) ;
#814 = VERTEX_POINT ( 'NONE', #1191 ) ;
#815 = VERTEX_POINT ( 'NONE', #1192 ) ;
#816 = VERTEX_POINT ( 'NONE', #1193 ) ;
#817 = VERTEX_POINT ( 'NONE', #1194 ) ;
#818 = VERTEX_POINT ( 'NONE', #1195 ) ;
#819 = VERTEX_POINT ( 'NONE', #1196 ) ;
#820 = VERTEX_POINT ( 'NONE', #1197 ) ;
#821 = VERTEX_POINT ( 'NONE', #1198 ) ;
#822 = VERTEX_POINT ( 'NONE', #1199 ) ;
#823 = VERTEX_POINT ( 'NONE', #1200 ) ;
#824 = VERTEX_POINT ( 'NONE', #1201 ) ;
#825 = VERTEX_POINT ( 'NONE', #1202 ) ;
#826 = VERTEX_POINT ( 'NONE', #1203 ) ;
#827 = VERTEX_POINT ( 'NONE', #1204 ) ;
#828 = VERTEX_POINT ( 'NONE', #1205 ) ;
#829 = VERTEX_POINT ( 'NONE', #1206 ) ;
#830 = VERTEX_POINT ( 'NONE', #1207 ) ;
#831 = VERTEX_POINT ( 'NONE', #1208 ) ;
#832 = VERTEX_POINT ( 'NONE', #1209 ) ;
#833 = VERTEX_POINT ( 'NONE', #1210 ) ;
#834 = VERTEX_POINT ( 'NONE', #1211 ) ;
#835 = VERTEX_POINT ( 'NONE', #1212 ) ;
#836 = VERTEX_POINT ( 'NONE', #1213 ) ;
#837 = VERTEX_POINT ( 'NONE', #1214 ) ;
#838 = VERTEX_POINT ( 'NONE', #1215 ) ;
#839 = VERTEX_POINT ( 'NONE', #1216 ) ;
#840 = VERTEX_POINT ( 'NONE', #1217 ) ;
#841 = VERTEX_POINT ( 'NONE', #1218 ) ;
#842 = VERTEX_POINT ( 'NONE', #1219 ) ;
#843 = VERTEX_POINT ( 'NONE', #1220 ) ;
#844 = VERTEX_POINT ( 'NONE', #1221 ) ;
#845 = VERTEX_POINT ( 'NONE', #1222 ) ;
#846 = VERTEX_POINT ( 'NONE', #1223 ) ;
#847 = VERTEX_POINT ( 'NONE', #1224 ) ;
#848 = VERTEX_POINT ( 'NONE', #1225 ) ;
#849 = VERTEX_POINT ( 'NONE', #1226 ) ;
#850 = VERTEX_POINT ( 'NONE', #1227 ) ;
#851 = VERTEX_POINT ( 'NONE', #1228 ) ;
#852 = VERTEX_POINT ( 'NONE', #1229 ) ;
#853 = VERTEX_POINT ( 'NONE', #1230 ) ;
#854 = VERTEX_POINT ( 'NONE', #1231 ) ;
#855 = VERTEX_POINT ( 'NONE', #1232 ) ;
#856 = VERTEX_POINT ( 'NONE', #1233 ) ;
#857 = VERTEX_POINT ( 'NONE', #1234 ) ;
#858 = VERTEX_POINT ( 'NONE', #1235 ) ;
#859 = VERTEX_POINT ( 'NONE', #1236 ) ;
#860 = VERTEX_POINT ( 'NONE', #1237 ) ;
#861 = VERTEX_POINT ( 'NONE', #1238 ) ;
#862 = VERTEX_POINT ( 'NONE', #1239 ) ;
#863 = VERTEX_POINT ( 'NONE', #1240 ) ;
#864 = VERTEX_POINT ( 'NONE', #1241 ) ;
#865 = VERTEX_POINT ( 'NONE', #1242 ) ;
#866 = VERTEX_POINT ( 'NONE', #1243 ) ;
#867 = VERTEX_POINT ( 'NONE', #1244 ) ;
#868 = VERTEX_POINT ( 'NONE', #1245 ) ;
#869 = VERTEX_POINT ( 'NONE', #1246 ) ;
#870 = VERTEX_POINT ( 'NONE', #1247 ) ;
#871 = VERTEX_POINT ( 'NONE', #1248 ) ;
#872 = VERTEX_POINT ( 'NONE', #1249 ) ;
#873 = VERTEX_POINT ( 'NONE', #1250 ) ;
#874 = VERTEX_POINT ( 'NONE', #1251 ) ;
#875 = VERTEX_POINT ( 'NONE', #1252 ) ;
#876 = VERTEX_POINT ( 'NONE', #1253 ) ;
#877 = VERTEX_POINT ( 'NONE', #1254 ) ;
#878 = VERTEX_POINT ( 'NONE', #1255 ) ;
#879 = VERTEX_POINT ( 'NONE', #1256 ) ;
#880 = VERTEX_POINT ( 'NONE', #1257 ) ;
#881 = VERTEX_POINT ( 'NONE', #1258 ) ;
#882 = VERTEX_POINT ( 'NONE', #1259 ) ;
#883 = DIRECTION ( 'NONE',  ( 1.000000000000000000, 0.0000000000000000000, 0.0000000000000000000 ) ) ;
#884 = CARTESIAN_POINT ( 'NONE',  ( 0.1849999999999992500, -1.120000000000000300, 0.2500000000000000000 ) ) ;
#885 = DIRECTION ( 'NONE',  ( 0.0000000000000000000, 0.0000000000000000000, 1.000000000000000000 ) ) ;
#886 = DIRECTION ( 'NONE',  ( 1.000000000000000000, 0.0000000000000000000, 0.0000000000000000000 ) ) ;
#887 = CARTESIAN_POINT ( 'NONE',  ( -1.559000000000000600, 1.527999999999999600, 0.0000000000000000000 ) ) ;
#888 = DIRECTION ( 'NONE',  ( -0.0000000000000000000, -0.0000000000000000000, 1.000000000000000000 ) ) ;
#889 = CARTESIAN_POINT ( 'NONE',  ( 1.605499999999999000, -1.120000000000000100, 0.0000000000000000000 ) ) ;
#890 = DIRECTION ( 'NONE',  ( -0.0000000000000000000, -0.0000000000000000000, 1.000000000000000000 ) ) ;
#891 = CARTESIAN_POINT ( 'NONE',  ( -1.626000000000000600, 1.527999999999999600, 0.0000000000000000000 ) ) ;
#892 = DIRECTION ( 'NONE',  ( 0.0000000000000000000, 0.0000000000000000000, 1.000000000000000000 ) ) ;
#893 = DIRECTION ( 'NONE',  ( 1.000000000000000000, 0.0000000000000000000, 0.0000000000000000000 ) ) ;
#894 = CARTESIAN_POINT ( 'NONE',  ( -2.165000000000000500, 0.8499999999999995300, 0.0000000000000000000 ) ) ;
#895 = CARTESIAN_POINT ( 'NONE',  ( 0.1054999999999992300, -1.120000000000000300, 0.0000000000000000000 ) ) ;
#896 = DIRECTION ( 'NONE',  ( -0.0000000000000000000, -0.0000000000000000000, 1.000000000000000000 ) ) ;
#897 = CARTESIAN_POINT ( 'NONE',  ( -2.098000000000000300, 0.8499999999999995300, 0.2500000000000000000 ) ) ;
#898 = DIRECTION ( 'NONE',  ( 0.0000000000000000000, 0.0000000000000000000, 1.000000000000000000 ) ) ;
#899 = DIRECTION ( 'NONE',  ( 1.000000000000000000, 0.0000000000000000000, 0.0000000000000000000 ) ) ;
#900 = CARTESIAN_POINT ( 'NONE',  ( -1.842000000000000700, -0.1000000000000003000, 0.2500000000000000000 ) ) ;
#901 = DIRECTION ( 'NONE',  ( -0.0000000000000000000, -0.0000000000000000000, 1.000000000000000000 ) ) ;
#902 = CARTESIAN_POINT ( 'NONE',  ( -1.775000000000000600, -0.1000000000000003000, 0.0000000000000000000 ) ) ;
#903 = DIRECTION ( 'NONE',  ( 0.0000000000000000000, 0.0000000000000000000, 1.000000000000000000 ) ) ;
#904 = DIRECTION ( 'NONE',  ( 1.000000000000000000, 0.0000000000000000000, 0.0000000000000000000 ) ) ;
#905 = CARTESIAN_POINT ( 'NONE',  ( -2.098000000000000300, 0.8499999999999995300, 0.0000000000000000000 ) ) ;
#906 = DIRECTION ( 'NONE',  ( -0.0000000000000000000, -0.0000000000000000000, 1.000000000000000000 ) ) ;
#907 = DIRECTION ( 'NONE',  ( 0.0000000000000000000, 0.0000000000000000000, 1.000000000000000000 ) ) ;
#908 = DIRECTION ( 'NONE',  ( 1.000000000000000000, 0.0000000000000000000, 0.0000000000000000000 ) ) ;
#909 = CARTESIAN_POINT ( 'NONE',  ( 0.2644999999999992400, -1.120000000000000300, 0.0000000000000000000 ) ) ;
#910 = DIRECTION ( 'NONE',  ( -0.0000000000000000000, -0.0000000000000000000, 1.000000000000000000 ) ) ;
#911 = CARTESIAN_POINT ( 'NONE',  ( -1.842000000000000700, -0.1000000000000003000, 0.0000000000000000000 ) ) ;
#912 = DIRECTION ( 'NONE',  ( 0.0000000000000000000, 0.0000000000000000000, 1.000000000000000000 ) ) ;
#913 = DIRECTION ( 'NONE',  ( 1.000000000000000000, 0.0000000000000000000, 0.0000000000000000000 ) ) ;
#914 = CARTESIAN_POINT ( 'NONE',  ( -1.626000000000000600, 1.527999999999999600, 0.2500000000000000000 ) ) ;
#915 = DIRECTION ( 'NONE',  ( 0.0000000000000000000, 0.0000000000000000000, 1.000000000000000000 ) ) ;
#916 = DIRECTION ( 'NONE',  ( 1.000000000000000000, 0.0000000000000000000, 0.0000000000000000000 ) ) ;
#917 = CARTESIAN_POINT ( 'NONE',  ( 1.684999999999999200, -1.120000000000000100, 0.2500000000000000000 ) ) ;
#918 = DIRECTION ( 'NONE',  ( 0.0000000000000000000, 0.0000000000000000000, 1.000000000000000000 ) ) ;
#919 = DIRECTION ( 'NONE',  ( 1.000000000000000000, 0.0000000000000000000, 0.0000000000000000000 ) ) ;
#920 = CARTESIAN_POINT ( 'NONE',  ( -1.465500000000000500, 1.773999999999999800, 0.0000000000000000000 ) ) ;
#921 = DIRECTION ( 'NONE',  ( -0.0000000000000000000, -0.0000000000000000000, 1.000000000000000000 ) ) ;
#922 = CARTESIAN_POINT ( 'NONE',  ( 1.684999999999999200, -1.120000000000000100, 0.0000000000000000000 ) ) ;
#923 = DIRECTION ( 'NONE',  ( 0.0000000000000000000, 0.0000000000000000000, 1.000000000000000000 ) ) ;
#924 = DIRECTION ( 'NONE',  ( 1.000000000000000000, 0.0000000000000000000, 0.0000000000000000000 ) ) ;
#925 = CARTESIAN_POINT ( 'NONE',  ( -1.970000000000000600, 0.3749999999999996700, 0.2500000000000000000 ) ) ;
#926 = DIRECTION ( 'NONE',  ( 0.0000000000000000000, 0.0000000000000000000, 1.000000000000000000 ) ) ;
#927 = DIRECTION ( 'NONE',  ( 1.000000000000000000, 0.0000000000000000000, 0.0000000000000000000 ) ) ;
#928 = CARTESIAN_POINT ( 'NONE',  ( -1.693000000000000700, 1.527999999999999600, 0.0000000000000000000 ) ) ;
#929 = DIRECTION ( 'NONE',  ( -0.0000000000000000000, -0.0000000000000000000, 1.000000000000000000 ) ) ;
#930 = CARTESIAN_POINT ( 'NONE',  ( -1.704500000000000600, 0.3749999999999996700, 0.0000000000000000000 ) ) ;
#931 = DIRECTION ( 'NONE',  ( -0.0000000000000000000, -0.0000000000000000000, 1.000000000000000000 ) ) ;
#932 = CARTESIAN_POINT ( 'NONE',  ( -1.909000000000000900, -0.1000000000000003000, 0.0000000000000000000 ) ) ;
#933 = DIRECTION ( 'NONE',  ( -0.0000000000000000000, -0.0000000000000000000, 1.000000000000000000 ) ) ;
#934 = CARTESIAN_POINT ( 'NONE',  ( -2.235500000000000500, 0.3749999999999996700, 0.0000000000000000000 ) ) ;
#935 = CARTESIAN_POINT ( 'NONE',  ( -2.031000000000000100, 0.8499999999999995300, 0.0000000000000000000 ) ) ;
#936 = DIRECTION ( 'NONE',  ( -0.0000000000000000000, -0.0000000000000000000, 1.000000000000000000 ) ) ;
#937 = CARTESIAN_POINT ( 'NONE',  ( -0.7740000000000006900, 2.019999999999999600, 0.2500000000000000000 ) ) ;
#938 = DIRECTION ( 'NONE',  ( 0.0000000000000000000, 0.0000000000000000000, 1.000000000000000000 ) ) ;
#939 = DIRECTION ( 'NONE',  ( 1.000000000000000000, 0.0000000000000000000, 0.0000000000000000000 ) ) ;
#940 = CARTESIAN_POINT ( 'NONE',  ( -1.970000000000000600, 0.3749999999999996700, 0.0000000000000000000 ) ) ;
#941 = DIRECTION ( 'NONE',  ( -0.0000000000000000000, -0.0000000000000000000, 1.000000000000000000 ) ) ;
#942 = DIRECTION ( 'NONE',  ( 0.0000000000000000000, 0.0000000000000000000, 1.000000000000000000 ) ) ;
#943 = DIRECTION ( 'NONE',  ( 1.000000000000000000, 0.0000000000000000000, 0.0000000000000000000 ) ) ;
#944 = CARTESIAN_POINT ( 'NONE',  ( -2.500000000000000400, -2.500000000000000000, 0.2500000000000000000 ) ) ;
#945 = DIRECTION ( 'NONE',  ( -0.0000000000000000000, -0.0000000000000000000, 1.000000000000000000 ) ) ;
#946 = CARTESIAN_POINT ( 'NONE',  ( 2.499999999999999600, -2.500000000000000000, 0.0000000000000000000 ) ) ;
#947 = DIRECTION ( 'NONE',  ( -0.0000000000000000000, -1.000000000000000000, -0.0000000000000000000 ) ) ;
#948 = CARTESIAN_POINT ( 'NONE',  ( 2.499999999999999600, -2.500000000000000000, 0.2500000000000000000 ) ) ;
#949 = DIRECTION ( 'NONE',  ( 0.0000000000000000000, 1.000000000000000000, 0.0000000000000000000 ) ) ;
#950 = CARTESIAN_POINT ( 'NONE',  ( -2.500000000000000400, 2.500000000000000000, 0.0000000000000000000 ) ) ;
#951 = DIRECTION ( 'NONE',  ( 0.0000000000000000000, 1.000000000000000000, 0.0000000000000000000 ) ) ;
#952 = CARTESIAN_POINT ( 'NONE',  ( 2.499999999999999600, 2.489999999999999800, 0.2500000000000000000 ) ) ;
#953 = DIRECTION ( 'NONE',  ( -0.0000000000000000000, -0.0000000000000000000, 1.000000000000000000 ) ) ;
#954 = CARTESIAN_POINT ( 'NONE',  ( -2.500000000000000400, -2.500000000000000000, 0.0000000000000000000 ) ) ;
#955 = DIRECTION ( 'NONE',  ( 1.000000000000000000, 0.0000000000000000000, 0.0000000000000000000 ) ) ;
#956 = CARTESIAN_POINT ( 'NONE',  ( 2.489999999999999300, 2.500000000000000000, 0.2500000000000000000 ) ) ;
#957 = CARTESIAN_POINT ( 'NONE',  ( -2.500000000000000400, -2.500000000000000000, 0.0000000000000000000 ) ) ;
#958 = DIRECTION ( 'NONE',  ( -1.000000000000000000, -0.0000000000000000000, -0.0000000000000000000 ) ) ;
#959 = CARTESIAN_POINT ( 'NONE',  ( -2.098000000000000300, 0.8499999999999995300, 0.2500000000000000000 ) ) ;
#960 = DIRECTION ( 'NONE',  ( 0.0000000000000000000, 0.0000000000000000000, -1.000000000000000000 ) ) ;
#961 = CARTESIAN_POINT ( 'NONE',  ( -2.500000000000000400, 2.500000000000000000, 0.2500000000000000000 ) ) ;
#962 = DIRECTION ( 'NONE',  ( -1.000000000000000000, -0.0000000000000000000, -0.0000000000000000000 ) ) ;
#963 = CARTESIAN_POINT ( 'NONE',  ( -2.490000000000000700, 2.500000000000000000, 0.2500000000000000000 ) ) ;
#964 = DIRECTION ( 'NONE',  ( -0.0000000000000000000, -0.0000000000000000000, 1.000000000000000000 ) ) ;
#965 = DIRECTION ( 'NONE',  ( 0.0000000000000000000, 0.0000000000000000000, 1.000000000000000000 ) ) ;
#966 = DIRECTION ( 'NONE',  ( 1.000000000000000000, 0.0000000000000000000, 0.0000000000000000000 ) ) ;
#967 = CARTESIAN_POINT ( 'NONE',  ( -1.626000000000000600, 1.527999999999999600, 0.2500000000000000000 ) ) ;
#968 = CARTESIAN_POINT ( 'NONE',  ( -2.500000000000000400, -2.489999999999999800, 0.2500000000000000000 ) ) ;
#969 = DIRECTION ( 'NONE',  ( -0.0000000000000000000, -0.0000000000000000000, 1.000000000000000000 ) ) ;
#970 = CARTESIAN_POINT ( 'NONE',  ( -1.970000000000000600, 0.3749999999999996700, 0.2500000000000000000 ) ) ;
#971 = DIRECTION ( 'NONE',  ( -0.0000000000000000000, -1.000000000000000000, -0.0000000000000000000 ) ) ;
#972 = CARTESIAN_POINT ( 'NONE',  ( -2.500000000000000400, 2.489999999999999800, 0.2500000000000000000 ) ) ;
#973 = DIRECTION ( 'NONE',  ( 0.0000000000000000000, 0.0000000000000000000, -1.000000000000000000 ) ) ;
#974 = CARTESIAN_POINT ( 'NONE',  ( -1.842000000000000700, -0.1000000000000003000, 0.2500000000000000000 ) ) ;
#975 = DIRECTION ( 'NONE',  ( 0.0000000000000000000, 0.0000000000000000000, 1.000000000000000000 ) ) ;
#976 = DIRECTION ( 'NONE',  ( 1.000000000000000000, 0.0000000000000000000, 0.0000000000000000000 ) ) ;
#977 = CARTESIAN_POINT ( 'NONE',  ( -2.490000000000000700, -2.500000000000000000, 0.2500000000000000000 ) ) ;
#978 = DIRECTION ( 'NONE',  ( 0.0000000000000000000, 0.0000000000000000000, -1.000000000000000000 ) ) ;
#979 = CARTESIAN_POINT ( 'NONE',  ( -2.500000000000000400, -2.500000000000000000, 0.2500000000000000000 ) ) ;
#980 = DIRECTION ( 'NONE',  ( 1.000000000000000000, 0.0000000000000000000, 0.0000000000000000000 ) ) ;
#981 = CARTESIAN_POINT ( 'NONE',  ( 2.489999999999999300, -2.500000000000000000, 0.2500000000000000000 ) ) ;
#982 = DIRECTION ( 'NONE',  ( -0.0000000000000000000, -0.0000000000000000000, 1.000000000000000000 ) ) ;
#983 = CARTESIAN_POINT ( 'NONE',  ( 1.684999999999999200, -1.120000000000000100, 0.2500000000000000000 ) ) ;
#984 = DIRECTION ( 'NONE',  ( 0.0000000000000000000, 0.0000000000000000000, 1.000000000000000000 ) ) ;
#985 = DIRECTION ( 'NONE',  ( 1.000000000000000000, 0.0000000000000000000, 0.0000000000000000000 ) ) ;
#986 = CARTESIAN_POINT ( 'NONE',  ( 0.1849999999999992500, -1.120000000000000300, 0.2500000000000000000 ) ) ;
#987 = DIRECTION ( 'NONE',  ( 0.0000000000000000000, 0.0000000000000000000, 1.000000000000000000 ) ) ;
#988 = DIRECTION ( 'NONE',  ( 1.000000000000000000, 0.0000000000000000000, 0.0000000000000000000 ) ) ;
#989 = CARTESIAN_POINT ( 'NONE',  ( -0.7740000000000006900, 2.019999999999999600, 0.2500000000000000000 ) ) ;
#990 = DIRECTION ( 'NONE',  ( 0.0000000000000000000, 0.0000000000000000000, 1.000000000000000000 ) ) ;
#991 = DIRECTION ( 'NONE',  ( 1.000000000000000000, 0.0000000000000000000, 0.0000000000000000000 ) ) ;
#992 = CARTESIAN_POINT ( 'NONE',  ( -1.626000000000000600, 1.527999999999999600, 0.0000000000000000000 ) ) ;
#993 = DIRECTION ( 'NONE',  ( 0.0000000000000000000, 0.0000000000000000000, 1.000000000000000000 ) ) ;
#994 = DIRECTION ( 'NONE',  ( 1.000000000000000000, 0.0000000000000000000, 0.0000000000000000000 ) ) ;
#995 = DIRECTION ( 'NONE',  ( 0.0000000000000000000, 0.0000000000000000000, 1.000000000000000000 ) ) ;
#996 = DIRECTION ( 'NONE',  ( 1.000000000000000000, 0.0000000000000000000, 0.0000000000000000000 ) ) ;
#997 = CARTESIAN_POINT ( 'NONE',  ( -1.200000000000000600, 1.773999999999999800, 0.2500000000000000000 ) ) ;
#998 = DIRECTION ( 'NONE',  ( 0.0000000000000000000, 0.0000000000000000000, 1.000000000000000000 ) ) ;
#999 = DIRECTION ( 'NONE',  ( 1.000000000000000000, 0.0000000000000000000, 0.0000000000000000000 ) ) ;
#1000 = CARTESIAN_POINT ( 'NONE',  ( 1.019999999999999600, 0.6469999999999999100, 0.2500000000000000000 ) ) ;
#1001 = DIRECTION ( 'NONE',  ( 0.0000000000000000000, 0.0000000000000000000, 1.000000000000000000 ) ) ;
#1002 = DIRECTION ( 'NONE',  ( 1.000000000000000000, 0.0000000000000000000, 0.0000000000000000000 ) ) ;
#1003 = CARTESIAN_POINT ( 'NONE',  ( -0.6180000000000014400, 1.793000000000000100, 0.2500000000000000000 ) ) ;
#1004 = DIRECTION ( 'NONE',  ( 0.0000000000000000000, 0.0000000000000000000, 1.000000000000000000 ) ) ;
#1005 = DIRECTION ( 'NONE',  ( 1.000000000000000000, 0.0000000000000000000, 0.0000000000000000000 ) ) ;
#1006 = CARTESIAN_POINT ( 'NONE',  ( 0.2009999999999993500, 1.220000000000000200, 0.2500000000000000000 ) ) ;
#1007 = DIRECTION ( 'NONE',  ( 0.0000000000000000000, 0.0000000000000000000, 1.000000000000000000 ) ) ;
#1008 = DIRECTION ( 'NONE',  ( 1.000000000000000000, 0.0000000000000000000, 0.0000000000000000000 ) ) ;
#1009 = CARTESIAN_POINT ( 'NONE',  ( -2.175000000000000700, 2.175000000000000300, 0.2500000000000000000 ) ) ;
#1010 = DIRECTION ( 'NONE',  ( -0.0000000000000000000, -0.0000000000000000000, 1.000000000000000000 ) ) ;
#1011 = DIRECTION ( 'NONE',  ( 1.000000000000000000, 0.0000000000000000000, 0.0000000000000000000 ) ) ;
#1012 = CARTESIAN_POINT ( 'NONE',  ( 2.174999999999999800, 2.175000000000000300, 0.2500000000000000000 ) ) ;
#1013 = DIRECTION ( 'NONE',  ( -0.0000000000000000000, -0.0000000000000000000, 1.000000000000000000 ) ) ;
#1014 = DIRECTION ( 'NONE',  ( 1.000000000000000000, 0.0000000000000000000, 0.0000000000000000000 ) ) ;
#1015 = CARTESIAN_POINT ( 'NONE',  ( 2.174999999999999800, -2.175000000000000300, 0.2500000000000000000 ) ) ;
#1016 = DIRECTION ( 'NONE',  ( -0.0000000000000000000, -0.0000000000000000000, 1.000000000000000000 ) ) ;
#1017 = DIRECTION ( 'NONE',  ( 1.000000000000000000, 0.0000000000000000000, 0.0000000000000000000 ) ) ;
#1018 = CARTESIAN_POINT ( 'NONE',  ( -2.175000000000000700, -2.175000000000000300, 0.2500000000000000000 ) ) ;
#1019 = DIRECTION ( 'NONE',  ( -0.0000000000000000000, -0.0000000000000000000, 1.000000000000000000 ) ) ;
#1020 = DIRECTION ( 'NONE',  ( 1.000000000000000000, 0.0000000000000000000, 0.0000000000000000000 ) ) ;
#1021 = CARTESIAN_POINT ( 'NONE',  ( -0.8307208996406547600, 0.6597196960030733400, 0.2500000000000000000 ) ) ;
#1022 = DIRECTION ( 'NONE',  ( -0.0000000000000000000, -0.0000000000000000000, 1.000000000000000000 ) ) ;
#1023 = DIRECTION ( 'NONE',  ( 1.000000000000000000, 0.0000000000000000000, 0.0000000000000000000 ) ) ;
#1024 = CARTESIAN_POINT ( 'NONE',  ( -0.6680000000000003700, -0.9350000000000002800, 0.2500000000000000000 ) ) ;
#1025 = DIRECTION ( 'NONE',  ( -0.0000000000000000000, -0.0000000000000000000, 1.000000000000000000 ) ) ;
#1026 = DIRECTION ( 'NONE',  ( 1.000000000000000000, 0.0000000000000000000, 0.0000000000000000000 ) ) ;
#1027 = CARTESIAN_POINT ( 'NONE',  ( 0.9349999999999997200, -0.9350000000000002800, 0.2500000000000000000 ) ) ;
#1028 = DIRECTION ( 'NONE',  ( -0.0000000000000000000, -0.0000000000000000000, 1.000000000000000000 ) ) ;
#1029 = DIRECTION ( 'NONE',  ( 1.000000000000000000, 0.0000000000000000000, 0.0000000000000000000 ) ) ;
#1030 = CARTESIAN_POINT ( 'NONE',  ( -2.490000000000000700, -2.489999999999999800, 0.2500000000000000000 ) ) ;
#1031 = CARTESIAN_POINT ( 'NONE',  ( 2.489999999999999300, -2.489999999999999800, 0.2500000000000000000 ) ) ;
#1032 = DIRECTION ( 'NONE',  ( -0.0000000000000000000, -0.0000000000000000000, 1.000000000000000000 ) ) ;
#1033 = DIRECTION ( 'NONE',  ( -1.000000000000000000, 0.0000000000000000000, 0.0000000000000000000 ) ) ;
#1034 = CARTESIAN_POINT ( 'NONE',  ( 2.489999999999999300, 2.489999999999999800, 0.2500000000000000000 ) ) ;
#1035 = DIRECTION ( 'NONE',  ( 0.0000000000000000000, 0.0000000000000000000, 1.000000000000000000 ) ) ;
#1036 = DIRECTION ( 'NONE',  ( 1.000000000000000000, 0.0000000000000000000, 0.0000000000000000000 ) ) ;
#1037 = CARTESIAN_POINT ( 'NONE',  ( -2.490000000000000700, 2.489999999999999800, 0.2500000000000000000 ) ) ;
#1038 = DIRECTION ( 'NONE',  ( -0.0000000000000000000, -0.0000000000000000000, 1.000000000000000000 ) ) ;
#1039 = DIRECTION ( 'NONE',  ( -1.000000000000000000, 0.0000000000000000000, 0.0000000000000000000 ) ) ;
#1040 = CARTESIAN_POINT ( 'NONE',  ( -1.970000000000000600, 0.3749999999999996700, 0.0000000000000000000 ) ) ;
#1041 = DIRECTION ( 'NONE',  ( -0.0000000000000000000, -0.0000000000000000000, 1.000000000000000000 ) ) ;
#1042 = DIRECTION ( 'NONE',  ( -1.000000000000000000, 0.0000000000000000000, 0.0000000000000000000 ) ) ;
#1043 = CARTESIAN_POINT ( 'NONE',  ( -2.098000000000000300, 0.8499999999999995300, 0.0000000000000000000 ) ) ;
#1044 = DIRECTION ( 'NONE',  ( -0.0000000000000000000, -0.0000000000000000000, 1.000000000000000000 ) ) ;
#1045 = DIRECTION ( 'NONE',  ( -1.000000000000000000, 0.0000000000000000000, 0.0000000000000000000 ) ) ;
#1046 = CARTESIAN_POINT ( 'NONE',  ( -1.842000000000000700, -0.1000000000000003000, 0.0000000000000000000 ) ) ;
#1047 = DIRECTION ( 'NONE',  ( 0.0000000000000000000, 0.0000000000000000000, 1.000000000000000000 ) ) ;
#1048 = DIRECTION ( 'NONE',  ( 1.000000000000000000, 0.0000000000000000000, 0.0000000000000000000 ) ) ;
#1049 = CARTESIAN_POINT ( 'NONE',  ( 1.684999999999999200, -1.120000000000000100, 0.0000000000000000000 ) ) ;
#1050 = DIRECTION ( 'NONE',  ( 0.0000000000000000000, 0.0000000000000000000, 1.000000000000000000 ) ) ;
#1051 = DIRECTION ( 'NONE',  ( 1.000000000000000000, 0.0000000000000000000, 0.0000000000000000000 ) ) ;
#1052 = CARTESIAN_POINT ( 'NONE',  ( 0.1849999999999992500, -1.120000000000000300, 0.0000000000000000000 ) ) ;
#1053 = DIRECTION ( 'NONE',  ( 0.0000000000000000000, 0.0000000000000000000, 1.000000000000000000 ) ) ;
#1054 = DIRECTION ( 'NONE',  ( 1.000000000000000000, 0.0000000000000000000, 0.0000000000000000000 ) ) ;
#1055 = CARTESIAN_POINT ( 'NONE',  ( -0.7740000000000006900, 2.019999999999999600, 0.0000000000000000000 ) ) ;
#1056 = DIRECTION ( 'NONE',  ( 0.0000000000000000000, 0.0000000000000000000, 1.000000000000000000 ) ) ;
#1057 = DIRECTION ( 'NONE',  ( 1.000000000000000000, 0.0000000000000000000, 0.0000000000000000000 ) ) ;
#1058 = DIRECTION ( 'NONE',  ( 0.0000000000000000000, 0.0000000000000000000, 1.000000000000000000 ) ) ;
#1059 = DIRECTION ( 'NONE',  ( 1.000000000000000000, 0.0000000000000000000, 0.0000000000000000000 ) ) ;
#1060 = CARTESIAN_POINT ( 'NONE',  ( 2.489999999999999300, 2.489999999999999800, 0.0000000000000000000 ) ) ;
#1061 = DIRECTION ( 'NONE',  ( 0.0000000000000000000, 0.0000000000000000000, 1.000000000000000000 ) ) ;
#1062 = DIRECTION ( 'NONE',  ( 1.000000000000000000, 0.0000000000000000000, 0.0000000000000000000 ) ) ;
#1063 = CARTESIAN_POINT ( 'NONE',  ( -1.200000000000000600, 1.773999999999999800, 0.0000000000000000000 ) ) ;
#1064 = DIRECTION ( 'NONE',  ( 0.0000000000000000000, 0.0000000000000000000, 1.000000000000000000 ) ) ;
#1065 = DIRECTION ( 'NONE',  ( 1.000000000000000000, 0.0000000000000000000, 0.0000000000000000000 ) ) ;
#1066 = CARTESIAN_POINT ( 'NONE',  ( 1.019999999999999600, 0.6469999999999999100, 0.0000000000000000000 ) ) ;
#1067 = DIRECTION ( 'NONE',  ( 0.0000000000000000000, 0.0000000000000000000, 1.000000000000000000 ) ) ;
#1068 = DIRECTION ( 'NONE',  ( 1.000000000000000000, 0.0000000000000000000, 0.0000000000000000000 ) ) ;
#1069 = CARTESIAN_POINT ( 'NONE',  ( 0.2009999999999993500, 1.220000000000000200, 0.0000000000000000000 ) ) ;
#1070 = DIRECTION ( 'NONE',  ( 0.0000000000000000000, 0.0000000000000000000, 1.000000000000000000 ) ) ;
#1071 = DIRECTION ( 'NONE',  ( 1.000000000000000000, 0.0000000000000000000, 0.0000000000000000000 ) ) ;
#1072 = CARTESIAN_POINT ( 'NONE',  ( -0.6180000000000014400, 1.793000000000000100, 0.0000000000000000000 ) ) ;
#1073 = DIRECTION ( 'NONE',  ( 0.0000000000000000000, 0.0000000000000000000, 1.000000000000000000 ) ) ;
#1074 = DIRECTION ( 'NONE',  ( 1.000000000000000000, 0.0000000000000000000, 0.0000000000000000000 ) ) ;
#1075 = CARTESIAN_POINT ( 'NONE',  ( -2.175000000000000700, 2.175000000000000300, 0.0000000000000000000 ) ) ;
#1076 = DIRECTION ( 'NONE',  ( -0.0000000000000000000, -0.0000000000000000000, 1.000000000000000000 ) ) ;
#1077 = DIRECTION ( 'NONE',  ( 1.000000000000000000, 0.0000000000000000000, 0.0000000000000000000 ) ) ;
#1078 = CARTESIAN_POINT ( 'NONE',  ( 2.174999999999999800, 2.175000000000000300, 0.0000000000000000000 ) ) ;
#1079 = DIRECTION ( 'NONE',  ( -0.0000000000000000000, -0.0000000000000000000, 1.000000000000000000 ) ) ;
#1080 = DIRECTION ( 'NONE',  ( 1.000000000000000000, 0.0000000000000000000, 0.0000000000000000000 ) ) ;
#1081 = CARTESIAN_POINT ( 'NONE',  ( 2.174999999999999800, -2.175000000000000300, 0.0000000000000000000 ) ) ;
#1082 = DIRECTION ( 'NONE',  ( -0.0000000000000000000, -0.0000000000000000000, 1.000000000000000000 ) ) ;
#1083 = DIRECTION ( 'NONE',  ( 1.000000000000000000, 0.0000000000000000000, 0.0000000000000000000 ) ) ;
#1084 = CARTESIAN_POINT ( 'NONE',  ( -2.175000000000000700, -2.175000000000000300, 0.0000000000000000000 ) ) ;
#1085 = DIRECTION ( 'NONE',  ( -0.0000000000000000000, -0.0000000000000000000, 1.000000000000000000 ) ) ;
#1086 = DIRECTION ( 'NONE',  ( 1.000000000000000000, 0.0000000000000000000, 0.0000000000000000000 ) ) ;
#1087 = CARTESIAN_POINT ( 'NONE',  ( -0.8307208996406547600, 0.6597196960030733400, 6.829619984160658000E-017 ) ) ;
#1088 = DIRECTION ( 'NONE',  ( -0.0000000000000000000, -0.0000000000000000000, 1.000000000000000000 ) ) ;
#1089 = DIRECTION ( 'NONE',  ( 1.000000000000000000, 0.0000000000000000000, 0.0000000000000000000 ) ) ;
#1090 = CARTESIAN_POINT ( 'NONE',  ( -0.6680000000000003700, -0.9350000000000002800, 6.829619984160658000E-017 ) ) ;
#1091 = DIRECTION ( 'NONE',  ( -0.0000000000000000000, -0.0000000000000000000, 1.000000000000000000 ) ) ;
#1092 = DIRECTION ( 'NONE',  ( 1.000000000000000000, 0.0000000000000000000, 0.0000000000000000000 ) ) ;
#1093 = CARTESIAN_POINT ( 'NONE',  ( 0.9349999999999997200, -0.9350000000000002800, 6.829619984160658000E-017 ) ) ;
#1094 = DIRECTION ( 'NONE',  ( -0.0000000000000000000, -0.0000000000000000000, 1.000000000000000000 ) ) ;
#1095 = DIRECTION ( 'NONE',  ( 1.000000000000000000, 0.0000000000000000000, 0.0000000000000000000 ) ) ;
#1096 = CARTESIAN_POINT ( 'NONE',  ( -2.490000000000000700, -2.489999999999999800, 0.0000000000000000000 ) ) ;
#1097 = DIRECTION ( 'NONE',  ( 0.0000000000000000000, 0.0000000000000000000, -1.000000000000000000 ) ) ;
#1098 = DIRECTION ( 'NONE',  ( -1.000000000000000000, 0.0000000000000000000, 0.0000000000000000000 ) ) ;
#1099 = CARTESIAN_POINT ( 'NONE',  ( -2.490000000000000700, 2.489999999999999800, 0.0000000000000000000 ) ) ;
#1100 = CARTESIAN_POINT ( 'NONE',  ( 2.489999999999999300, -2.489999999999999800, 0.0000000000000000000 ) ) ;
#1101 = DIRECTION ( 'NONE',  ( 0.0000000000000000000, 0.0000000000000000000, -1.000000000000000000 ) ) ;
#1102 = DIRECTION ( 'NONE',  ( -1.000000000000000000, 0.0000000000000000000, 0.0000000000000000000 ) ) ;
#1103 = CARTESIAN_POINT ( 'NONE',  ( -0.7740000000000006900, 2.019999999999999600, 0.0000000000000000000 ) ) ;
#1104 = DIRECTION ( 'NONE',  ( 0.0000000000000000000, 0.0000000000000000000, -1.000000000000000000 ) ) ;
#1105 = DIRECTION ( 'NONE',  ( -1.000000000000000000, 0.0000000000000000000, 0.0000000000000000000 ) ) ;
#1106 = CARTESIAN_POINT ( 'NONE',  ( -0.8410000000000008600, 2.019999999999999600, 0.0000000000000000000 ) ) ;
#1107 = DIRECTION ( 'NONE',  ( -0.0000000000000000000, -0.0000000000000000000, 1.000000000000000000 ) ) ;
#1108 = CARTESIAN_POINT ( 'NONE',  ( -1.200000000000000600, 1.773999999999999800, 0.2500000000000000000 ) ) ;
#1109 = DIRECTION ( 'NONE',  ( 0.0000000000000000000, 0.0000000000000000000, -1.000000000000000000 ) ) ;
#1110 = DIRECTION ( 'NONE',  ( -1.000000000000000000, 0.0000000000000000000, 0.0000000000000000000 ) ) ;
#1111 = CARTESIAN_POINT ( 'NONE',  ( -0.7070000000000005200, 2.019999999999999600, 0.0000000000000000000 ) ) ;
#1112 = DIRECTION ( 'NONE',  ( -0.0000000000000000000, -0.0000000000000000000, 1.000000000000000000 ) ) ;
#1113 = CARTESIAN_POINT ( 'NONE',  ( -0.6180000000000014400, 1.793000000000000100, 0.2500000000000000000 ) ) ;
#1114 = DIRECTION ( 'NONE',  ( 0.0000000000000000000, 0.0000000000000000000, 1.000000000000000000 ) ) ;
#1115 = DIRECTION ( 'NONE',  ( 1.000000000000000000, 0.0000000000000000000, 0.0000000000000000000 ) ) ;
#1116 = DIRECTION ( 'NONE',  ( 0.0000000000000000000, 0.0000000000000000000, 1.000000000000000000 ) ) ;
#1117 = DIRECTION ( 'NONE',  ( 1.000000000000000000, 0.0000000000000000000, 0.0000000000000000000 ) ) ;
#1118 = DIRECTION ( 'NONE',  ( 0.0000000000000000000, 0.0000000000000000000, 1.000000000000000000 ) ) ;
#1119 = DIRECTION ( 'NONE',  ( 1.000000000000000000, 0.0000000000000000000, 0.0000000000000000000 ) ) ;
#1120 = CARTESIAN_POINT ( 'NONE',  ( -1.200000000000000600, 1.773999999999999800, 0.0000000000000000000 ) ) ;
#1121 = DIRECTION ( 'NONE',  ( 0.0000000000000000000, 0.0000000000000000000, 1.000000000000000000 ) ) ;
#1122 = DIRECTION ( 'NONE',  ( 1.000000000000000000, 0.0000000000000000000, 0.0000000000000000000 ) ) ;
#1123 = CARTESIAN_POINT ( 'NONE',  ( -0.9345000000000006600, 1.773999999999999800, 0.0000000000000000000 ) ) ;
#1124 = DIRECTION ( 'NONE',  ( -0.0000000000000000000, -0.0000000000000000000, 1.000000000000000000 ) ) ;
#1125 = CARTESIAN_POINT ( 'NONE',  ( 0.2009999999999993500, 1.220000000000000200, 0.2500000000000000000 ) ) ;
#1126 = CARTESIAN_POINT ( 'NONE',  ( 0.9194999999999994300, 0.6469999999999999100, 0.0000000000000000000 ) ) ;
#1127 = DIRECTION ( 'NONE',  ( -0.0000000000000000000, -0.0000000000000000000, 1.000000000000000000 ) ) ;
#1128 = CARTESIAN_POINT ( 'NONE',  ( 1.019999999999999600, 0.6469999999999999100, 0.2500000000000000000 ) ) ;
#1129 = CARTESIAN_POINT ( 'NONE',  ( -1.105500000000000100, -0.9350000000000002800, 0.2500000000000000000 ) ) ;
#1130 = DIRECTION ( 'NONE',  ( 0.0000000000000000000, 0.0000000000000000000, 1.000000000000000000 ) ) ;
#1131 = DIRECTION ( 'NONE',  ( 1.000000000000000000, 0.0000000000000000000, 0.0000000000000000000 ) ) ;
#1132 = DIRECTION ( 'NONE',  ( 0.0000000000000000000, 0.0000000000000000000, 1.000000000000000000 ) ) ;
#1133 = DIRECTION ( 'NONE',  ( 1.000000000000000000, 0.0000000000000000000, 0.0000000000000000000 ) ) ;
#1134 = DIRECTION ( 'NONE',  ( -0.0000000000000000000, -0.0000000000000000000, 1.000000000000000000 ) ) ;
#1135 = CARTESIAN_POINT ( 'NONE',  ( -0.6680000000000003700, -0.9350000000000002800, 6.829619984160658000E-017 ) ) ;
#1136 = DIRECTION ( 'NONE',  ( -0.0000000000000000000, -0.0000000000000000000, 1.000000000000000000 ) ) ;
#1137 = DIRECTION ( 'NONE',  ( 1.000000000000000000, 0.0000000000000000000, 0.0000000000000000000 ) ) ;
#1138 = CARTESIAN_POINT ( 'NONE',  ( -0.2305000000000005900, -0.9350000000000002800, 0.2500000000000000000 ) ) ;
#1139 = DIRECTION ( 'NONE',  ( -0.0000000000000000000, -0.0000000000000000000, 1.000000000000000000 ) ) ;
#1140 = CARTESIAN_POINT ( 'NONE',  ( 1.019999999999999600, 0.6469999999999999100, 0.0000000000000000000 ) ) ;
#1141 = CARTESIAN_POINT ( 'NONE',  ( 0.4974999999999998300, -0.9350000000000002800, 0.2500000000000000000 ) ) ;
#1142 = DIRECTION ( 'NONE',  ( -0.0000000000000000000, -0.0000000000000000000, 1.000000000000000000 ) ) ;
#1143 = CARTESIAN_POINT ( 'NONE',  ( 0.9349999999999997200, -0.9350000000000002800, 6.829619984160658000E-017 ) ) ;
#1144 = CARTESIAN_POINT ( 'NONE',  ( -2.175000000000000700, 2.175000000000000300, 0.2500000000000000000 ) ) ;
#1145 = DIRECTION ( 'NONE',  ( -0.0000000000000000000, -0.0000000000000000000, 1.000000000000000000 ) ) ;
#1146 = DIRECTION ( 'NONE',  ( 1.000000000000000000, 0.0000000000000000000, 0.0000000000000000000 ) ) ;
#1147 = CARTESIAN_POINT ( 'NONE',  ( 1.372499999999999600, -0.9350000000000002800, 0.2500000000000000000 ) ) ;
#1148 = DIRECTION ( 'NONE',  ( -0.0000000000000000000, -0.0000000000000000000, 1.000000000000000000 ) ) ;
#1149 = CARTESIAN_POINT ( 'NONE',  ( -0.7185000000000014700, 1.793000000000000100, 0.0000000000000000000 ) ) ;
#1150 = DIRECTION ( 'NONE',  ( 0.0000000000000000000, 0.0000000000000000000, 1.000000000000000000 ) ) ;
#1151 = DIRECTION ( 'NONE',  ( 1.000000000000000000, 0.0000000000000000000, 0.0000000000000000000 ) ) ;
#1152 = CARTESIAN_POINT ( 'NONE',  ( 1.120499999999999600, 0.6469999999999999100, 0.0000000000000000000 ) ) ;
#1153 = DIRECTION ( 'NONE',  ( -0.0000000000000000000, -0.0000000000000000000, 1.000000000000000000 ) ) ;
#1154 = CARTESIAN_POINT ( 'NONE',  ( 2.174999999999999800, 2.175000000000000300, 0.2500000000000000000 ) ) ;
#1155 = DIRECTION ( 'NONE',  ( -0.0000000000000000000, -0.0000000000000000000, 1.000000000000000000 ) ) ;
#1156 = DIRECTION ( 'NONE',  ( 1.000000000000000000, 0.0000000000000000000, 0.0000000000000000000 ) ) ;
#1157 = CARTESIAN_POINT ( 'NONE',  ( -0.6180000000000014400, 1.793000000000000100, 0.0000000000000000000 ) ) ;
#1158 = DIRECTION ( 'NONE',  ( -0.0000000000000000000, -0.0000000000000000000, 1.000000000000000000 ) ) ;
#1159 = CARTESIAN_POINT ( 'NONE',  ( -0.2055000000000008800, 1.220000000000000200, 0.0000000000000000000 ) ) ;
#1160 = DIRECTION ( 'NONE',  ( 0.0000000000000000000, 0.0000000000000000000, 1.000000000000000000 ) ) ;
#1161 = DIRECTION ( 'NONE',  ( 1.000000000000000000, 0.0000000000000000000, 0.0000000000000000000 ) ) ;
#1162 = CARTESIAN_POINT ( 'NONE',  ( -0.5175000000000014000, 1.793000000000000100, 0.0000000000000000000 ) ) ;
#1163 = DIRECTION ( 'NONE',  ( -0.0000000000000000000, -0.0000000000000000000, 1.000000000000000000 ) ) ;
#1164 = CARTESIAN_POINT ( 'NONE',  ( -0.7070000000000005200, 2.019999999999999600, 0.0000000000000000000 ) ) ;
#1165 = DIRECTION ( 'NONE',  ( -0.0000000000000000000, -0.0000000000000000000, 1.000000000000000000 ) ) ;
#1166 = DIRECTION ( 'NONE',  ( 1.000000000000000000, 0.0000000000000000000, 0.0000000000000000000 ) ) ;
#1167 = CARTESIAN_POINT ( 'NONE',  ( 0.2009999999999993500, 1.220000000000000200, 0.0000000000000000000 ) ) ;
#1168 = DIRECTION ( 'NONE',  ( -0.0000000000000000000, -0.0000000000000000000, 1.000000000000000000 ) ) ;
#1169 = CARTESIAN_POINT ( 'NONE',  ( 0.6074999999999996000, 1.220000000000000200, 0.0000000000000000000 ) ) ;
#1170 = DIRECTION ( 'NONE',  ( -0.0000000000000000000, -0.0000000000000000000, 1.000000000000000000 ) ) ;
#1171 = CARTESIAN_POINT ( 'NONE',  ( -1.704500000000000600, 0.3749999999999996700, 0.2500000000000000000 ) ) ;
#1172 = CARTESIAN_POINT ( 'NONE',  ( -1.559000000000000600, 1.527999999999999600, 0.0000000000000000000 ) ) ;
#1173 = DIRECTION ( 'NONE',  ( 0.0000000000000000000, 0.0000000000000000000, 1.000000000000000000 ) ) ;
#1174 = DIRECTION ( 'NONE',  ( 1.000000000000000000, 0.0000000000000000000, 0.0000000000000000000 ) ) ;
#1175 = CARTESIAN_POINT ( 'NONE',  ( -1.693000000000000700, 1.527999999999999600, 0.0000000000000000000 ) ) ;
#1176 = CARTESIAN_POINT ( 'NONE',  ( -1.693000000000000700, 1.527999999999999600, 0.2500000000000000000 ) ) ;
#1177 = CARTESIAN_POINT ( 'NONE',  ( -1.559000000000000600, 1.527999999999999600, 0.2500000000000000000 ) ) ;
#1178 = CARTESIAN_POINT ( 'NONE',  ( -0.8410000000000008600, 2.019999999999999600, 0.0000000000000000000 ) ) ;
#1179 = CARTESIAN_POINT ( 'NONE',  ( -0.8410000000000008600, 2.019999999999999600, 0.2500000000000000000 ) ) ;
#1180 = CARTESIAN_POINT ( 'NONE',  ( -0.7070000000000005200, 2.019999999999999600, 0.2500000000000000000 ) ) ;
#1181 = CARTESIAN_POINT ( 'NONE',  ( -1.465500000000000500, 1.773999999999999800, 0.0000000000000000000 ) ) ;
#1182 = CARTESIAN_POINT ( 'NONE',  ( -0.9345000000000006600, 1.773999999999999800, 0.0000000000000000000 ) ) ;
#1183 = CARTESIAN_POINT ( 'NONE',  ( -1.465500000000000500, 1.773999999999999800, 0.2500000000000000000 ) ) ;
#1184 = CARTESIAN_POINT ( 'NONE',  ( -0.9345000000000006600, 1.773999999999999800, 0.2500000000000000000 ) ) ;
#1185 = CARTESIAN_POINT ( 'NONE',  ( 0.9194999999999994300, 0.6469999999999999100, 0.0000000000000000000 ) ) ;
#1186 = CARTESIAN_POINT ( 'NONE',  ( 1.120499999999999600, 0.6469999999999999100, 0.0000000000000000000 ) ) ;
#1187 = CARTESIAN_POINT ( 'NONE',  ( 0.9194999999999994300, 0.6469999999999999100, 0.2500000000000000000 ) ) ;
#1188 = CARTESIAN_POINT ( 'NONE',  ( 1.120499999999999600, 0.6469999999999999100, 0.2500000000000000000 ) ) ;
#1189 = CARTESIAN_POINT ( 'NONE',  ( -0.7185000000000014700, 1.793000000000000100, 0.0000000000000000000 ) ) ;
#1190 = CARTESIAN_POINT ( 'NONE',  ( -0.5175000000000014000, 1.793000000000000100, 0.0000000000000000000 ) ) ;
#1191 = CARTESIAN_POINT ( 'NONE',  ( -0.7185000000000014700, 1.793000000000000100, 0.2500000000000000000 ) ) ;
#1192 = CARTESIAN_POINT ( 'NONE',  ( -0.5175000000000014000, 1.793000000000000100, 0.2500000000000000000 ) ) ;
#1193 = CARTESIAN_POINT ( 'NONE',  ( -0.2055000000000008800, 1.220000000000000200, 0.0000000000000000000 ) ) ;
#1194 = CARTESIAN_POINT ( 'NONE',  ( 0.6074999999999996000, 1.220000000000000200, 0.0000000000000000000 ) ) ;
#1195 = CARTESIAN_POINT ( 'NONE',  ( -0.2055000000000008800, 1.220000000000000200, 0.2500000000000000000 ) ) ;
#1196 = CARTESIAN_POINT ( 'NONE',  ( 0.6074999999999996000, 1.220000000000000200, 0.2500000000000000000 ) ) ;
#1197 = CARTESIAN_POINT ( 'NONE',  ( -2.308000000000000700, 2.175000000000000300, 0.0000000000000000000 ) ) ;
#1198 = CARTESIAN_POINT ( 'NONE',  ( -2.042000000000000700, 2.175000000000000300, 0.0000000000000000000 ) ) ;
#1199 = CARTESIAN_POINT ( 'NONE',  ( -2.308000000000000700, 2.175000000000000300, 0.2500000000000000000 ) ) ;
#1200 = CARTESIAN_POINT ( 'NONE',  ( -2.042000000000000700, 2.175000000000000300, 0.2500000000000000000 ) ) ;
#1201 = CARTESIAN_POINT ( 'NONE',  ( 2.041999999999999800, 2.175000000000000300, 0.0000000000000000000 ) ) ;
#1202 = CARTESIAN_POINT ( 'NONE',  ( 2.307999999999999400, 2.175000000000000300, 0.0000000000000000000 ) ) ;
#1203 = CARTESIAN_POINT ( 'NONE',  ( 2.041999999999999800, 2.175000000000000300, 0.2500000000000000000 ) ) ;
#1204 = CARTESIAN_POINT ( 'NONE',  ( 2.307999999999999400, 2.175000000000000300, 0.2500000000000000000 ) ) ;
#1205 = CARTESIAN_POINT ( 'NONE',  ( 2.041999999999999800, -2.175000000000000300, 0.0000000000000000000 ) ) ;
#1206 = CARTESIAN_POINT ( 'NONE',  ( 2.307999999999999400, -2.175000000000000300, 0.0000000000000000000 ) ) ;
#1207 = CARTESIAN_POINT ( 'NONE',  ( 2.041999999999999800, -2.175000000000000300, 0.2500000000000000000 ) ) ;
#1208 = CARTESIAN_POINT ( 'NONE',  ( 2.307999999999999400, -2.175000000000000300, 0.2500000000000000000 ) ) ;
#1209 = CARTESIAN_POINT ( 'NONE',  ( -2.308000000000000700, -2.175000000000000300, 0.0000000000000000000 ) ) ;
#1210 = CARTESIAN_POINT ( 'NONE',  ( -2.042000000000000700, -2.175000000000000300, 0.0000000000000000000 ) ) ;
#1211 = CARTESIAN_POINT ( 'NONE',  ( -2.308000000000000700, -2.175000000000000300, 0.2500000000000000000 ) ) ;
#1212 = CARTESIAN_POINT ( 'NONE',  ( -2.042000000000000700, -2.175000000000000300, 0.2500000000000000000 ) ) ;
#1213 = CARTESIAN_POINT ( 'NONE',  ( -1.268220899640654800, 0.6597196960030733400, 6.829619984160658000E-017 ) ) ;
#1214 = CARTESIAN_POINT ( 'NONE',  ( -0.3932208996406547600, 0.6597196960030733400, 6.829619984160658000E-017 ) ) ;
#1215 = CARTESIAN_POINT ( 'NONE',  ( -1.268220899640654300, 0.6597196960030733400, 0.2500000000000000000 ) ) ;
#1216 = CARTESIAN_POINT ( 'NONE',  ( -0.3932208996406552600, 0.6597196960030733400, 0.2500000000000000000 ) ) ;
#1217 = CARTESIAN_POINT ( 'NONE',  ( -1.105500000000000400, -0.9350000000000002800, 6.829619984160658000E-017 ) ) ;
#1218 = CARTESIAN_POINT ( 'NONE',  ( -0.2305000000000003700, -0.9350000000000002800, 6.829619984160658000E-017 ) ) ;
#1219 = CARTESIAN_POINT ( 'NONE',  ( -1.105499999999999900, -0.9350000000000002800, 0.2500000000000000000 ) ) ;
#1220 = CARTESIAN_POINT ( 'NONE',  ( -0.2305000000000008700, -0.9350000000000002800, 0.2500000000000000000 ) ) ;
#1221 = CARTESIAN_POINT ( 'NONE',  ( 0.4974999999999998300, -0.9350000000000002800, 6.829619984160658000E-017 ) ) ;
#1222 = CARTESIAN_POINT ( 'NONE',  ( 1.372499999999999600, -0.9350000000000002800, 6.829619984160658000E-017 ) ) ;
#1223 = CARTESIAN_POINT ( 'NONE',  ( 0.4974999999999998300, -0.9350000000000002800, 0.2500000000000000000 ) ) ;
#1224 = CARTESIAN_POINT ( 'NONE',  ( 1.372499999999999600, -0.9350000000000002800, 0.2500000000000000000 ) ) ;
#1225 = CARTESIAN_POINT ( 'NONE',  ( 2.499999999999999600, -2.489999999999999800, 0.2500000000000000000 ) ) ;
#1226 = CARTESIAN_POINT ( 'NONE',  ( 2.499999999999999600, 2.489999999999999800, 0.2500000000000000000 ) ) ;
#1227 = CARTESIAN_POINT ( 'NONE',  ( 2.499999999999999600, -2.489999999999999800, 0.0000000000000000000 ) ) ;
#1228 = CARTESIAN_POINT ( 'NONE',  ( 2.499999999999999600, 2.489999999999999800, 0.0000000000000000000 ) ) ;
#1229 = CARTESIAN_POINT ( 'NONE',  ( 2.489999999999999300, 2.500000000000000000, 0.2500000000000000000 ) ) ;
#1230 = CARTESIAN_POINT ( 'NONE',  ( -2.490000000000000700, 2.500000000000000000, 0.2500000000000000000 ) ) ;
#1231 = CARTESIAN_POINT ( 'NONE',  ( 2.489999999999999300, 2.500000000000000000, 0.0000000000000000000 ) ) ;
#1232 = CARTESIAN_POINT ( 'NONE',  ( -2.490000000000000700, 2.500000000000000000, 0.0000000000000000000 ) ) ;
#1233 = CARTESIAN_POINT ( 'NONE',  ( -2.500000000000000400, 2.489999999999999800, 0.0000000000000000000 ) ) ;
#1234 = CARTESIAN_POINT ( 'NONE',  ( -2.500000000000000400, -2.489999999999999800, 0.0000000000000000000 ) ) ;
#1235 = CARTESIAN_POINT ( 'NONE',  ( -2.500000000000000400, -2.489999999999999800, 0.2500000000000000000 ) ) ;
#1236 = CARTESIAN_POINT ( 'NONE',  ( -2.500000000000000400, 2.489999999999999800, 0.2500000000000000000 ) ) ;
#1237 = CARTESIAN_POINT ( 'NONE',  ( -2.490000000000000700, -2.500000000000000000, 0.2500000000000000000 ) ) ;
#1238 = CARTESIAN_POINT ( 'NONE',  ( 0.1054999999999992300, -1.120000000000000300, 0.0000000000000000000 ) ) ;
#1239 = CARTESIAN_POINT ( 'NONE',  ( 1.764499999999999100, -1.120000000000000100, 0.2500000000000000000 ) ) ;
#1240 = CARTESIAN_POINT ( 'NONE',  ( 0.1054999999999992300, -1.120000000000000300, 0.2500000000000000000 ) ) ;
#1241 = CARTESIAN_POINT ( 'NONE',  ( 1.605499999999999000, -1.120000000000000100, 0.2500000000000000000 ) ) ;
#1242 = CARTESIAN_POINT ( 'NONE',  ( 1.605499999999999000, -1.120000000000000100, 0.0000000000000000000 ) ) ;
#1243 = CARTESIAN_POINT ( 'NONE',  ( 1.764499999999999100, -1.120000000000000100, 0.0000000000000000000 ) ) ;
#1244 = CARTESIAN_POINT ( 'NONE',  ( 0.2644999999999992400, -1.120000000000000300, 0.0000000000000000000 ) ) ;
#1245 = CARTESIAN_POINT ( 'NONE',  ( 0.2644999999999992400, -1.120000000000000300, 0.2500000000000000000 ) ) ;
#1246 = CARTESIAN_POINT ( 'NONE',  ( -1.909000000000000900, -0.1000000000000003000, 0.0000000000000000000 ) ) ;
#1247 = CARTESIAN_POINT ( 'NONE',  ( -2.031000000000000100, 0.8499999999999995300, 0.0000000000000000000 ) ) ;
#1248 = CARTESIAN_POINT ( 'NONE',  ( -2.165000000000000500, 0.8499999999999995300, 0.0000000000000000000 ) ) ;
#1249 = CARTESIAN_POINT ( 'NONE',  ( -2.165000000000000500, 0.8499999999999995300, 0.2500000000000000000 ) ) ;
#1250 = CARTESIAN_POINT ( 'NONE',  ( -2.031000000000000100, 0.8499999999999995300, 0.2500000000000000000 ) ) ;
#1251 = CARTESIAN_POINT ( 'NONE',  ( -1.775000000000000600, -0.1000000000000003000, 0.0000000000000000000 ) ) ;
#1252 = CARTESIAN_POINT ( 'NONE',  ( -1.909000000000000900, -0.1000000000000003000, 0.2500000000000000000 ) ) ;
#1253 = CARTESIAN_POINT ( 'NONE',  ( -1.775000000000000600, -0.1000000000000003000, 0.2500000000000000000 ) ) ;
#1254 = CARTESIAN_POINT ( 'NONE',  ( -2.235500000000000500, 0.3749999999999996700, 0.0000000000000000000 ) ) ;
#1255 = CARTESIAN_POINT ( 'NONE',  ( -1.704500000000000600, 0.3749999999999996700, 0.0000000000000000000 ) ) ;
#1256 = CARTESIAN_POINT ( 'NONE',  ( -2.235500000000000500, 0.3749999999999996700, 0.2500000000000000000 ) ) ;
#1257 = CARTESIAN_POINT ( 'NONE',  ( 2.489999999999999300, -2.500000000000000000, 0.2500000000000000000 ) ) ;
#1258 = CARTESIAN_POINT ( 'NONE',  ( -2.490000000000000700, -2.500000000000000000, 0.0000000000000000000 ) ) ;
#1259 = CARTESIAN_POINT ( 'NONE',  ( 2.489999999999999300, -2.500000000000000000, 0.0000000000000000000 ) ) ;
#1260 = CARTESIAN_POINT ( 'NONE',  ( -2.308000000000000700, 2.175000000000000300, 0.2500000000000000000 ) ) ;
#1261 = CARTESIAN_POINT ( 'NONE',  ( -2.175000000000000700, -2.175000000000000300, 0.2500000000000000000 ) ) ;
#1262 = CARTESIAN_POINT ( 'NONE',  ( 2.174999999999999800, -2.175000000000000300, 0.2500000000000000000 ) ) ;
#1263 = DIRECTION ( 'NONE',  ( -0.0000000000000000000, -0.0000000000000000000, 1.000000000000000000 ) ) ;
#1264 = DIRECTION ( 'NONE',  ( 1.000000000000000000, 0.0000000000000000000, 0.0000000000000000000 ) ) ;
#1265 = CARTESIAN_POINT ( 'NONE',  ( -2.175000000000000700, 2.175000000000000300, 0.0000000000000000000 ) ) ;
#1266 = DIRECTION ( 'NONE',  ( -0.0000000000000000000, -0.0000000000000000000, 1.000000000000000000 ) ) ;
#1267 = CARTESIAN_POINT ( 'NONE',  ( 2.041999999999999800, 2.175000000000000300, 0.2500000000000000000 ) ) ;
#1268 = DIRECTION ( 'NONE',  ( -0.0000000000000000000, -0.0000000000000000000, 1.000000000000000000 ) ) ;
#1269 = DIRECTION ( 'NONE',  ( 1.000000000000000000, 0.0000000000000000000, 0.0000000000000000000 ) ) ;
#1270 = CARTESIAN_POINT ( 'NONE',  ( -2.042000000000000700, 2.175000000000000300, 0.2500000000000000000 ) ) ;
#1271 = DIRECTION ( 'NONE',  ( -0.0000000000000000000, -0.0000000000000000000, 1.000000000000000000 ) ) ;
#1272 = CARTESIAN_POINT ( 'NONE',  ( -0.8307208996406547600, 0.6597196960030733400, 0.2500000000000000000 ) ) ;
#1273 = DIRECTION ( 'NONE',  ( -0.0000000000000000000, -0.0000000000000000000, 1.000000000000000000 ) ) ;
#1274 = DIRECTION ( 'NONE',  ( 1.000000000000000000, 0.0000000000000000000, 0.0000000000000000000 ) ) ;
#1275 = CARTESIAN_POINT ( 'NONE',  ( 2.174999999999999800, 2.175000000000000300, 0.0000000000000000000 ) ) ;
#1276 = DIRECTION ( 'NONE',  ( -0.0000000000000000000, -0.0000000000000000000, 1.000000000000000000 ) ) ;
#1277 = CARTESIAN_POINT ( 'NONE',  ( 2.041999999999999800, -2.175000000000000300, 0.2500000000000000000 ) ) ;
#1278 = DIRECTION ( 'NONE',  ( -0.0000000000000000000, -0.0000000000000000000, 1.000000000000000000 ) ) ;
#1279 = DIRECTION ( 'NONE',  ( 1.000000000000000000, 0.0000000000000000000, 0.0000000000000000000 ) ) ;
#1280 = CARTESIAN_POINT ( 'NONE',  ( 2.307999999999999400, 2.175000000000000300, 0.2500000000000000000 ) ) ;
#1281 = DIRECTION ( 'NONE',  ( -0.0000000000000000000, -0.0000000000000000000, 1.000000000000000000 ) ) ;
#1282 = CARTESIAN_POINT ( 'NONE',  ( -0.6680000000000003700, -0.9350000000000002800, 0.2500000000000000000 ) ) ;
#1283 = DIRECTION ( 'NONE',  ( -0.0000000000000000000, -0.0000000000000000000, 1.000000000000000000 ) ) ;
#1284 = DIRECTION ( 'NONE',  ( 1.000000000000000000, 0.0000000000000000000, 0.0000000000000000000 ) ) ;
#1285 = CARTESIAN_POINT ( 'NONE',  ( 2.174999999999999800, -2.175000000000000300, 0.0000000000000000000 ) ) ;
#1286 = DIRECTION ( 'NONE',  ( -0.0000000000000000000, -0.0000000000000000000, 1.000000000000000000 ) ) ;
#1287 = CARTESIAN_POINT ( 'NONE',  ( -2.175000000000000700, -2.175000000000000300, 0.0000000000000000000 ) ) ;
#1288 = DIRECTION ( 'NONE',  ( -0.0000000000000000000, -0.0000000000000000000, 1.000000000000000000 ) ) ;
#1289 = DIRECTION ( 'NONE',  ( 1.000000000000000000, 0.0000000000000000000, 0.0000000000000000000 ) ) ;
#1290 = CARTESIAN_POINT ( 'NONE',  ( 2.307999999999999400, -2.175000000000000300, 0.2500000000000000000 ) ) ;
#1291 = DIRECTION ( 'NONE',  ( -0.0000000000000000000, -0.0000000000000000000, 1.000000000000000000 ) ) ;
#1292 = CARTESIAN_POINT ( 'NONE',  ( 0.9349999999999997200, -0.9350000000000002800, 0.2500000000000000000 ) ) ;
#1293 = DIRECTION ( 'NONE',  ( -0.0000000000000000000, -0.0000000000000000000, 1.000000000000000000 ) ) ;
#1294 = DIRECTION ( 'NONE',  ( 1.000000000000000000, 0.0000000000000000000, 0.0000000000000000000 ) ) ;
#1295 = CARTESIAN_POINT ( 'NONE',  ( -2.308000000000000700, -2.175000000000000300, 0.2500000000000000000 ) ) ;
#1296 = DIRECTION ( 'NONE',  ( -0.0000000000000000000, -0.0000000000000000000, 1.000000000000000000 ) ) ;
#1297 = CARTESIAN_POINT ( 'NONE',  ( -0.8307208996406547600, 0.6597196960030733400, 6.829619984160658000E-017 ) ) ;
#1298 = DIRECTION ( 'NONE',  ( -0.0000000000000000000, -0.0000000000000000000, 1.000000000000000000 ) ) ;
#1299 = DIRECTION ( 'NONE',  ( 1.000000000000000000, 0.0000000000000000000, 0.0000000000000000000 ) ) ;
#1300 = CARTESIAN_POINT ( 'NONE',  ( -2.042000000000000700, -2.175000000000000300, 0.2500000000000000000 ) ) ;
#1301 = DIRECTION ( 'NONE',  ( -0.0000000000000000000, -0.0000000000000000000, 1.000000000000000000 ) ) ;
#1302 = DIRECTION ( 'NONE',  ( -0.0000000000000000000, -0.0000000000000000000, 1.000000000000000000 ) ) ;
#1303 = DIRECTION ( 'NONE',  ( -0.0000000000000000000, -0.0000000000000000000, 1.000000000000000000 ) ) ;
#1304 = DIRECTION ( 'NONE',  ( 1.000000000000000000, 0.0000000000000000000, 0.0000000000000000000 ) ) ;
#1305 = CARTESIAN_POINT ( 'NONE',  ( -1.268220899640654500, 0.6597196960030733400, 0.2500000000000000000 ) ) ;
#1306 = DIRECTION ( 'NONE',  ( -0.0000000000000000000, -0.0000000000000000000, 1.000000000000000000 ) ) ;
#1307 = CARTESIAN_POINT ( 'NONE',  ( -0.3932208996406549900, 0.6597196960030733400, 0.2500000000000000000 ) ) ;
#1308 = DIRECTION ( 'NONE',  ( -0.0000000000000000000, -0.0000000000000000000, 1.000000000000000000 ) ) ;
#1309 = FILL_AREA_STYLE_COLOUR ( '', #781 ) ;
#1310 = DIRECTION ( 'NONE',  ( -0.0000000000000000000, -0.0000000000000000000, 1.000000000000000000 ) ) ;
#1311 = DIRECTION ( 'NONE',  ( 1.000000000000000000, 0.0000000000000000000, 0.0000000000000000000 ) ) ;
#1312 = CARTESIAN_POINT ( 'NONE',  ( 2.499999999999999600, -2.500000000000000000, 0.2500000000000000000 ) ) ;
#1313 = CARTESIAN_POINT ( 'NONE',  ( 2.499999999999999600, -2.489999999999999800, 0.2500000000000000000 ) ) ;
#1314 = DIRECTION ( 'NONE',  ( 0.0000000000000000000, 0.0000000000000000000, -1.000000000000000000 ) ) ;
#1315 = FILL_AREA_STYLE ('',( #1309 ) ) ;
#1316 = SURFACE_SIDE_STYLE ('',( #360 ) ) ;
#1317 = SURFACE_STYLE_USAGE ( .BOTH. , #1316 ) ;
#1318 =( LENGTH_UNIT ( ) NAMED_UNIT ( * ) SI_UNIT ( $, .METRE. ) );
#1319 =( CONVERSION_BASED_UNIT ( 'INCH', #362 ) LENGTH_UNIT ( ) NAMED_UNIT ( #1563 ) );
#1320 =( NAMED_UNIT ( * ) PLANE_ANGLE_UNIT ( ) SI_UNIT ( $, .RADIAN. ) );
#1321 =( NAMED_UNIT ( * ) SI_UNIT ( $, .STERADIAN. ) SOLID_ANGLE_UNIT ( ) );
#1322 = DIRECTION ( 'NONE',  ( -0.0000000000000000000, -0.0000000000000000000, 1.000000000000000000 ) ) ;
#1323 = PLANE ( 'NONE',  #564 ) ;
#1324 = DIRECTION ( 'NONE',  ( 1.000000000000000000, 0.0000000000000000000, 0.0000000000000000000 ) ) ;
#1325 = DIRECTION ( 'NONE',  ( -1.000000000000000000, 0.0000000000000000000, 0.0000000000000000000 ) ) ;
#1326 = DIRECTION ( 'NONE',  ( 0.0000000000000000000, 0.0000000000000000000, 1.000000000000000000 ) ) ;
#1327 = DIRECTION ( 'NONE',  ( 1.000000000000000000, 0.0000000000000000000, 0.0000000000000000000 ) ) ;
#1328 = CARTESIAN_POINT ( 'NONE',  ( 1.019999999999999600, 0.6469999999999999100, 0.0000000000000000000 ) ) ;
#1329 = DIRECTION ( 'NONE',  ( 1.000000000000000000, 0.0000000000000000000, 0.0000000000000000000 ) ) ;
#1330 = DIRECTION ( 'NONE',  ( -0.0000000000000000000, -0.0000000000000000000, 1.000000000000000000 ) ) ;
#1331 = CARTESIAN_POINT ( 'NONE',  ( -1.970000000000000600, 0.3749999999999996700, 0.0000000000000000000 ) ) ;
#1332 = DIRECTION ( 'NONE',  ( 1.000000000000000000, 0.0000000000000000000, 0.0000000000000000000 ) ) ;
#1333 = DIRECTION ( 'NONE',  ( -0.0000000000000000000, -0.0000000000000000000, 1.000000000000000000 ) ) ;
#1334 = CARTESIAN_POINT ( 'NONE',  ( -1.200000000000000600, 1.773999999999999800, 0.0000000000000000000 ) ) ;
#1335 = DIRECTION ( 'NONE',  ( 1.000000000000000000, 0.0000000000000000000, 0.0000000000000000000 ) ) ;
#1336 = DIRECTION ( 'NONE',  ( -0.0000000000000000000, -0.0000000000000000000, 1.000000000000000000 ) ) ;
#1337 = CARTESIAN_POINT ( 'NONE',  ( -0.6680000000000003700, -0.9350000000000002800, 0.2500000000000000000 ) ) ;
#1338 = DIRECTION ( 'NONE',  ( 1.000000000000000000, 0.0000000000000000000, 0.0000000000000000000 ) ) ;
#1339 = DIRECTION ( 'NONE',  ( -0.0000000000000000000, -0.0000000000000000000, 1.000000000000000000 ) ) ;
#1340 = CARTESIAN_POINT ( 'NONE',  ( -1.842000000000000700, -0.1000000000000003000, 0.0000000000000000000 ) ) ;
#1341 = DIRECTION ( 'NONE',  ( 1.000000000000000000, 0.0000000000000000000, 0.0000000000000000000 ) ) ;
#1342 = DIRECTION ( 'NONE',  ( -0.0000000000000000000, -0.0000000000000000000, 1.000000000000000000 ) ) ;
#1343 = CARTESIAN_POINT ( 'NONE',  ( -2.098000000000000300, 0.8499999999999995300, 0.0000000000000000000 ) ) ;
#1344 = DIRECTION ( 'NONE',  ( 1.000000000000000000, 0.0000000000000000000, 0.0000000000000000000 ) ) ;
#1345 = DIRECTION ( 'NONE',  ( -0.0000000000000000000, -0.0000000000000000000, 1.000000000000000000 ) ) ;
#1346 = CARTESIAN_POINT ( 'NONE',  ( 1.684999999999999200, -1.120000000000000100, 0.0000000000000000000 ) ) ;
#1347 = DIRECTION ( 'NONE',  ( -1.000000000000000000, 0.0000000000000000000, 0.0000000000000000000 ) ) ;
#1348 = DIRECTION ( 'NONE',  ( 0.0000000000000000000, 0.0000000000000000000, -1.000000000000000000 ) ) ;
#1349 = CARTESIAN_POINT ( 'NONE',  ( 2.489999999999999300, 2.489999999999999800, 0.2500000000000000000 ) ) ;
#1350 = DIRECTION ( 'NONE',  ( -1.000000000000000000, 0.0000000000000000000, 0.0000000000000000000 ) ) ;
#1351 = DIRECTION ( 'NONE',  ( 0.0000000000000000000, 0.0000000000000000000, -1.000000000000000000 ) ) ;
#1352 = CARTESIAN_POINT ( 'NONE',  ( 2.489999999999999300, -2.489999999999999800, 0.2500000000000000000 ) ) ;
#1353 = DIRECTION ( 'NONE',  ( 1.000000000000000000, 0.0000000000000000000, 0.0000000000000000000 ) ) ;
#1354 = DIRECTION ( 'NONE',  ( -0.0000000000000000000, -0.0000000000000000000, 1.000000000000000000 ) ) ;
#1355 = CARTESIAN_POINT ( 'NONE',  ( -0.6680000000000003700, -0.9350000000000002800, 0.2500000000000000000 ) ) ;
#1356 = DIRECTION ( 'NONE',  ( -1.000000000000000000, 0.0000000000000000000, 0.0000000000000000000 ) ) ;
#1357 = DIRECTION ( 'NONE',  ( 0.0000000000000000000, 0.0000000000000000000, -1.000000000000000000 ) ) ;
#1358 = CARTESIAN_POINT ( 'NONE',  ( -2.490000000000000700, -2.489999999999999800, 0.2500000000000000000 ) ) ;
#1359 = DIRECTION ( 'NONE',  ( 1.000000000000000000, 0.0000000000000000000, 0.0000000000000000000 ) ) ;
#1360 = DIRECTION ( 'NONE',  ( -0.0000000000000000000, -0.0000000000000000000, 1.000000000000000000 ) ) ;
#1361 = CARTESIAN_POINT ( 'NONE',  ( 0.9349999999999997200, -0.9350000000000002800, 0.2500000000000000000 ) ) ;
#1362 = DIRECTION ( 'NONE',  ( 1.000000000000000000, 0.0000000000000000000, 0.0000000000000000000 ) ) ;
#1363 = DIRECTION ( 'NONE',  ( -0.0000000000000000000, -0.0000000000000000000, 1.000000000000000000 ) ) ;
#1364 = CARTESIAN_POINT ( 'NONE',  ( -2.175000000000000700, -2.175000000000000300, 0.2500000000000000000 ) ) ;
#1365 = DIRECTION ( 'NONE',  ( 1.000000000000000000, 0.0000000000000000000, 0.0000000000000000000 ) ) ;
#1366 = DIRECTION ( 'NONE',  ( -0.0000000000000000000, -0.0000000000000000000, 1.000000000000000000 ) ) ;
#1367 = CARTESIAN_POINT ( 'NONE',  ( -0.8307208996406547600, 0.6597196960030733400, 0.2500000000000000000 ) ) ;
#1368 = DIRECTION ( 'NONE',  ( 1.000000000000000000, 0.0000000000000000000, 0.0000000000000000000 ) ) ;
#1369 = DIRECTION ( 'NONE',  ( -0.0000000000000000000, -0.0000000000000000000, 1.000000000000000000 ) ) ;
#1370 = CARTESIAN_POINT ( 'NONE',  ( -2.175000000000000700, 2.175000000000000300, 0.2500000000000000000 ) ) ;
#1371 = DIRECTION ( 'NONE',  ( 1.000000000000000000, 0.0000000000000000000, 0.0000000000000000000 ) ) ;
#1372 = DIRECTION ( 'NONE',  ( -0.0000000000000000000, -0.0000000000000000000, 1.000000000000000000 ) ) ;
#1373 = CARTESIAN_POINT ( 'NONE',  ( 2.174999999999999800, -2.175000000000000300, 0.2500000000000000000 ) ) ;
#1374 = DIRECTION ( 'NONE',  ( 1.000000000000000000, 0.0000000000000000000, 0.0000000000000000000 ) ) ;
#1375 = DIRECTION ( 'NONE',  ( -0.0000000000000000000, -0.0000000000000000000, 1.000000000000000000 ) ) ;
#1376 = CARTESIAN_POINT ( 'NONE',  ( 2.174999999999999800, 2.175000000000000300, 0.2500000000000000000 ) ) ;
#1377 = DIRECTION ( 'NONE',  ( 1.000000000000000000, 0.0000000000000000000, 0.0000000000000000000 ) ) ;
#1378 = DIRECTION ( 'NONE',  ( -0.0000000000000000000, -0.0000000000000000000, 1.000000000000000000 ) ) ;
#1379 = CARTESIAN_POINT ( 'NONE',  ( 0.1849999999999992500, -1.120000000000000300, 0.0000000000000000000 ) ) ;
#1380 = DIRECTION ( 'NONE',  ( 1.000000000000000000, 0.0000000000000000000, 0.0000000000000000000 ) ) ;
#1381 = DIRECTION ( 'NONE',  ( -0.0000000000000000000, -0.0000000000000000000, 1.000000000000000000 ) ) ;
#1382 = CARTESIAN_POINT ( 'NONE',  ( 0.2009999999999993500, 1.220000000000000200, 0.0000000000000000000 ) ) ;
#1383 = DIRECTION ( 'NONE',  ( 1.000000000000000000, 0.0000000000000000000, 0.0000000000000000000 ) ) ;
#1384 = DIRECTION ( 'NONE',  ( -0.0000000000000000000, -0.0000000000000000000, 1.000000000000000000 ) ) ;
#1385 = CARTESIAN_POINT ( 'NONE',  ( -1.626000000000000600, 1.527999999999999600, 0.0000000000000000000 ) ) ;
#1386 = DIRECTION ( 'NONE',  ( 1.000000000000000000, 0.0000000000000000000, 0.0000000000000000000 ) ) ;
#1387 = DIRECTION ( 'NONE',  ( -0.0000000000000000000, -0.0000000000000000000, 1.000000000000000000 ) ) ;
#1388 = CARTESIAN_POINT ( 'NONE',  ( -0.7740000000000006900, 2.019999999999999600, 0.0000000000000000000 ) ) ;
#1389 = DIRECTION ( 'NONE',  ( 1.000000000000000000, 0.0000000000000000000, 0.0000000000000000000 ) ) ;
#1390 = DIRECTION ( 'NONE',  ( -0.0000000000000000000, -0.0000000000000000000, 1.000000000000000000 ) ) ;
#1391 = CARTESIAN_POINT ( 'NONE',  ( -1.970000000000000600, 0.3749999999999996700, 0.0000000000000000000 ) ) ;
#1392 = DIRECTION ( 'NONE',  ( -1.000000000000000000, 0.0000000000000000000, 0.0000000000000000000 ) ) ;
#1393 = DIRECTION ( 'NONE',  ( 0.0000000000000000000, 0.0000000000000000000, -1.000000000000000000 ) ) ;
#1394 = CARTESIAN_POINT ( 'NONE',  ( -2.490000000000000700, 2.489999999999999800, 0.2500000000000000000 ) ) ;
#1395 = DIRECTION ( 'NONE',  ( 1.000000000000000000, 0.0000000000000000000, 0.0000000000000000000 ) ) ;
#1396 = DIRECTION ( 'NONE',  ( -0.0000000000000000000, -0.0000000000000000000, 1.000000000000000000 ) ) ;
#1397 = CARTESIAN_POINT ( 'NONE',  ( -0.6180000000000014400, 1.793000000000000100, 0.0000000000000000000 ) ) ;
#1398 = DIRECTION ( 'NONE',  ( 1.000000000000000000, 0.0000000000000000000, 0.0000000000000000000 ) ) ;
#1399 = DIRECTION ( 'NONE',  ( -0.0000000000000000000, -0.0000000000000000000, 1.000000000000000000 ) ) ;
#1400 = CARTESIAN_POINT ( 'NONE',  ( 1.019999999999999600, 0.6469999999999999100, 0.0000000000000000000 ) ) ;
#1401 = DIRECTION ( 'NONE',  ( 1.000000000000000000, 0.0000000000000000000, 0.0000000000000000000 ) ) ;
#1402 = DIRECTION ( 'NONE',  ( -0.0000000000000000000, -0.0000000000000000000, 1.000000000000000000 ) ) ;
#1403 = CARTESIAN_POINT ( 'NONE',  ( -1.200000000000000600, 1.773999999999999800, 0.0000000000000000000 ) ) ;
#1404 = DIRECTION ( 'NONE',  ( 1.000000000000000000, 0.0000000000000000000, 0.0000000000000000000 ) ) ;
#1405 = DIRECTION ( 'NONE',  ( -0.0000000000000000000, -0.0000000000000000000, 1.000000000000000000 ) ) ;
#1406 = CARTESIAN_POINT ( 'NONE',  ( 1.684999999999999200, -1.120000000000000100, 0.0000000000000000000 ) ) ;
#1407 = DIRECTION ( 'NONE',  ( 1.000000000000000000, 0.0000000000000000000, 0.0000000000000000000 ) ) ;
#1408 = DIRECTION ( 'NONE',  ( -0.0000000000000000000, -0.0000000000000000000, 1.000000000000000000 ) ) ;
#1409 = CARTESIAN_POINT ( 'NONE',  ( 0.1849999999999992500, -1.120000000000000300, 0.0000000000000000000 ) ) ;
#1410 = DIRECTION ( 'NONE',  ( 1.000000000000000000, 0.0000000000000000000, 0.0000000000000000000 ) ) ;
#1411 = DIRECTION ( 'NONE',  ( -0.0000000000000000000, -0.0000000000000000000, 1.000000000000000000 ) ) ;
#1412 = CARTESIAN_POINT ( 'NONE',  ( 0.2009999999999993500, 1.220000000000000200, 0.0000000000000000000 ) ) ;
#1413 = DIRECTION ( 'NONE',  ( 1.000000000000000000, 0.0000000000000000000, 0.0000000000000000000 ) ) ;
#1414 = DIRECTION ( 'NONE',  ( -0.0000000000000000000, -0.0000000000000000000, 1.000000000000000000 ) ) ;
#1415 = CARTESIAN_POINT ( 'NONE',  ( 2.174999999999999800, 2.175000000000000300, 0.2500000000000000000 ) ) ;
#1416 = DIRECTION ( 'NONE',  ( 1.000000000000000000, 0.0000000000000000000, 0.0000000000000000000 ) ) ;
#1417 = DIRECTION ( 'NONE',  ( -0.0000000000000000000, -0.0000000000000000000, 1.000000000000000000 ) ) ;
#1418 = CARTESIAN_POINT ( 'NONE',  ( 2.174999999999999800, -2.175000000000000300, 0.2500000000000000000 ) ) ;
#1419 = DIRECTION ( 'NONE',  ( 1.000000000000000000, 0.0000000000000000000, 0.0000000000000000000 ) ) ;
#1420 = DIRECTION ( 'NONE',  ( -0.0000000000000000000, -0.0000000000000000000, 1.000000000000000000 ) ) ;
#1421 = CARTESIAN_POINT ( 'NONE',  ( -2.175000000000000700, -2.175000000000000300, 0.2500000000000000000 ) ) ;
#1422 = DIRECTION ( 'NONE',  ( 1.000000000000000000, 0.0000000000000000000, 0.0000000000000000000 ) ) ;
#1423 = DIRECTION ( 'NONE',  ( -0.0000000000000000000, -0.0000000000000000000, 1.000000000000000000 ) ) ;
#1424 = CARTESIAN_POINT ( 'NONE',  ( -1.626000000000000600, 1.527999999999999600, 0.0000000000000000000 ) ) ;
#1425 = CARTESIAN_POINT ( 'NONE',  ( -2.500000000000000400, 2.500000000000000000, 0.2500000000000000000 ) ) ;
#1426 = PLANE ( 'NONE',  #530 ) ;
#1427 = DIRECTION ( 'NONE',  ( -0.0000000000000000000, -0.0000000000000000000, 1.000000000000000000 ) ) ;
#1428 = DIRECTION ( 'NONE',  ( 0.0000000000000000000, -1.000000000000000000, 0.0000000000000000000 ) ) ;
#1429 = DIRECTION ( 'NONE',  ( 0.0000000000000000000, -0.0000000000000000000, -1.000000000000000000 ) ) ;
#1430 = DIRECTION ( 'NONE',  ( 1.000000000000000000, 0.0000000000000000000, 0.0000000000000000000 ) ) ;
#1431 = CARTESIAN_POINT ( 'NONE',  ( 0.9349999999999997200, -0.9350000000000002800, 0.2500000000000000000 ) ) ;
#1432 = DIRECTION ( 'NONE',  ( 1.000000000000000000, 0.0000000000000000000, 0.0000000000000000000 ) ) ;
#1433 = DIRECTION ( 'NONE',  ( -0.0000000000000000000, -0.0000000000000000000, 1.000000000000000000 ) ) ;
#1434 = CARTESIAN_POINT ( 'NONE',  ( -0.8307208996406547600, 0.6597196960030733400, 0.2500000000000000000 ) ) ;
#1435 = DIRECTION ( 'NONE',  ( 1.000000000000000000, 0.0000000000000000000, 0.0000000000000000000 ) ) ;
#1436 = DIRECTION ( 'NONE',  ( -0.0000000000000000000, -0.0000000000000000000, 1.000000000000000000 ) ) ;
#1437 = CARTESIAN_POINT ( 'NONE',  ( -2.175000000000000700, 2.175000000000000300, 0.2500000000000000000 ) ) ;
#1438 = DIRECTION ( 'NONE',  ( 1.000000000000000000, 0.0000000000000000000, 0.0000000000000000000 ) ) ;
#1439 = DIRECTION ( 'NONE',  ( -0.0000000000000000000, -0.0000000000000000000, 1.000000000000000000 ) ) ;
#1440 = CARTESIAN_POINT ( 'NONE',  ( -0.7740000000000006900, 2.019999999999999600, 0.0000000000000000000 ) ) ;
#1441 = DIRECTION ( 'NONE',  ( 1.000000000000000000, 0.0000000000000000000, 0.0000000000000000000 ) ) ;
#1442 = DIRECTION ( 'NONE',  ( -0.0000000000000000000, -0.0000000000000000000, 1.000000000000000000 ) ) ;
#1443 = CARTESIAN_POINT ( 'NONE',  ( -0.6180000000000014400, 1.793000000000000100, 0.0000000000000000000 ) ) ;
#1444 = DIRECTION ( 'NONE',  ( 1.000000000000000000, 0.0000000000000000000, 0.0000000000000000000 ) ) ;
#1445 = DIRECTION ( 'NONE',  ( -0.0000000000000000000, -0.0000000000000000000, 1.000000000000000000 ) ) ;
#1446 = CARTESIAN_POINT ( 'NONE',  ( -1.842000000000000700, -0.1000000000000003000, 0.0000000000000000000 ) ) ;
#1447 = CARTESIAN_POINT ( 'NONE',  ( -2.500000000000000400, -2.500000000000000000, 0.2500000000000000000 ) ) ;
#1448 = PLANE ( 'NONE',  #523 ) ;
#1449 = PLANE ( 'NONE',  #521 ) ;
#1450 = DIRECTION ( 'NONE',  ( 1.000000000000000000, 0.0000000000000000000, 0.0000000000000000000 ) ) ;
#1451 = DIRECTION ( 'NONE',  ( 0.0000000000000000000, 0.0000000000000000000, -1.000000000000000000 ) ) ;
#1452 = CARTESIAN_POINT ( 'NONE',  ( 2.499999999999999600, 2.500000000000000000, 0.0000000000000000000 ) ) ;
#1453 = CARTESIAN_POINT ( 'NONE',  ( -2.098000000000000300, 0.8499999999999995300, 0.0000000000000000000 ) ) ;
#1454 =( LENGTH_UNIT ( ) NAMED_UNIT ( * ) SI_UNIT ( $, .METRE. ) );
#1455 = CARTESIAN_POINT ( 'NONE',  ( -2.500000000000000400, -2.500000000000000000, 0.2500000000000000000 ) ) ;
#1456 = PLANE ( 'NONE',  #520 ) ;
#1457 = DIRECTION ( 'NONE',  ( 0.0000000000000000000, 0.0000000000000000000, -1.000000000000000000 ) ) ;
#1458 = DIRECTION ( 'NONE',  ( -1.000000000000000000, 0.0000000000000000000, -0.0000000000000000000 ) ) ;
#1459 = PLANE ( 'NONE',  #519 ) ;
#1460 = DIRECTION ( 'NONE',  ( 0.0000000000000000000, 1.000000000000000000, 0.0000000000000000000 ) ) ;
#1461 = DIRECTION ( 'NONE',  ( 0.0000000000000000000, -0.0000000000000000000, 1.000000000000000000 ) ) ;
#1462 = CARTESIAN_POINT ( 'NONE',  ( 2.499999999999999600, 2.500000000000000000, 0.2500000000000000000 ) ) ;
#1463 = FILL_AREA_STYLE ('',( #1469 ) ) ;
#1464 = DIRECTION ( 'NONE',  ( 0.0000000000000000000, 0.0000000000000000000, -1.000000000000000000 ) ) ;
#1465 = DIRECTION ( 'NONE',  ( -1.000000000000000000, 0.0000000000000000000, -0.0000000000000000000 ) ) ;
#1466 =( CONVERSION_BASED_UNIT ( 'INCH', #117 ) LENGTH_UNIT ( ) NAMED_UNIT ( #1562 ) );
#1467 =( NAMED_UNIT ( * ) PLANE_ANGLE_UNIT ( ) SI_UNIT ( $, .RADIAN. ) );
#1468 =( NAMED_UNIT ( * ) SI_UNIT ( $, .STERADIAN. ) SOLID_ANGLE_UNIT ( ) );
#1469 = FILL_AREA_STYLE_COLOUR ( '', #119 ) ;
#1470 = SURFACE_SIDE_STYLE ('',( #116 ) ) ;
#1471 = SURFACE_STYLE_USAGE ( .BOTH. , #1470 ) ;
#1472 =( LENGTH_UNIT ( ) NAMED_UNIT ( * ) SI_UNIT ( $, .METRE. ) );
#1473 =( CONVERSION_BASED_UNIT ( 'INCH', #1494 ) LENGTH_UNIT ( ) NAMED_UNIT ( #1557 ) );
#1474 =( NAMED_UNIT ( * ) PLANE_ANGLE_UNIT ( ) SI_UNIT ( $, .RADIAN. ) );
#1475 =( NAMED_UNIT ( * ) SI_UNIT ( $, .STERADIAN. ) SOLID_ANGLE_UNIT ( ) );
#1476 = CARTESIAN_POINT ( 'NONE',  ( 0.0000000000000000000, 0.0000000000000000000, 0.0000000000000000000 ) ) ;
#1477 = DIRECTION ( 'NONE',  ( 0.0000000000000000000, 0.0000000000000000000, 1.000000000000000000 ) ) ;
#1478 = DIRECTION ( 'NONE',  ( 1.000000000000000000, 0.0000000000000000000, 0.0000000000000000000 ) ) ;
#1479 = APPLICATION_CONTEXT ( 'automotive_design' ) ;
#1480 = APPLICATION_PROTOCOL_DEFINITION ( 'draft international standard', 'automotive_design', 1998, #1479 ) ;
#1481 = PRODUCT_CONTEXT ( 'NONE', #1479, 'mechanical' ) ;
#1482 = APPLICATION_CONTEXT ( 'automotive_design' ) ;
#1483 = APPLICATION_PROTOCOL_DEFINITION ( 'draft international standard', 'automotive_design', 1998, #1482 ) ;
#1484 = EDGE_CURVE ( 'NONE', #830, #831, #34, .T. ) ;
#1485 = EDGE_CURVE ( 'NONE', #820, #822, #33, .T. ) ;
#1486 = EDGE_CURVE ( 'NONE', #820, #821, #37, .T. ) ;
#1487 = EDGE_CURVE ( 'NONE', #821, #823, #31, .T. ) ;
#1488 = EDGE_CURVE ( 'NONE', #834, #835, #40, .T. ) ;
#1489 = EDGE_CURVE ( 'NONE', #824, #826, #39, .T. ) ;
#1490 = EDGE_CURVE ( 'NONE', #824, #825, #43, .T. ) ;
#1491 = EDGE_CURVE ( 'NONE', #825, #827, #38, .T. ) ;
#1492 = EDGE_CURVE ( 'NONE', #838, #839, #46, .T. ) ;
#1493 = EDGE_CURVE ( 'NONE', #828, #830, #45, .T. ) ;
#1494 = LENGTH_MEASURE_WITH_UNIT ( LENGTH_MEASURE( 0.02539999999999999900 ), #1472 );
#1495 =( GEOMETRIC_REPRESENTATION_CONTEXT ( 3 ) GLOBAL_UNCERTAINTY_ASSIGNED_CONTEXT ( ( #1508 ) ) GLOBAL_UNIT_ASSIGNED_CONTEXT ( ( #1473, #1474, #1475 ) ) REPRESENTATION_CONTEXT ( 'NONE', 'WORKASPACE' ) );
#1496 = SHAPE_DEFINITION_REPRESENTATION ( #262, #1509 ) ;
#1497 = EDGE_CURVE ( 'NONE', #828, #829, #49, .T. ) ;
#1498 = EDGE_CURVE ( 'NONE', #829, #831, #44, .T. ) ;
#1499 = EDGE_CURVE ( 'NONE', #842, #843, #52, .T. ) ;
#1500 = EDGE_CURVE ( 'NONE', #832, #834, #42, .T. ) ;
#1501 = EDGE_CURVE ( 'NONE', #832, #833, #780, .T. ) ;
#1502 = EDGE_CURVE ( 'NONE', #833, #835, #47, .T. ) ;
#1503 = EDGE_CURVE ( 'NONE', #846, #847, #352, .T. ) ;
#1504 = EDGE_CURVE ( 'NONE', #836, #838, #50, .T. ) ;
#1505 = EDGE_CURVE ( 'NONE', #837, #839, #354, .T. ) ;
#1506 = EDGE_CURVE ( 'NONE', #836, #837, #358, .T. ) ;
#1507 = EDGE_CURVE ( 'NONE', #848, #850, #53, .T. ) ;
#1508 = UNCERTAINTY_MEASURE_WITH_UNIT (LENGTH_MEASURE( 1.000000000000000100E-005 ), #1473, 'distance_accuracy_value', 'NONE');
#1509 = ADVANCED_BREP_SHAPE_REPRESENTATION ( 'am-0978 TB3 Motor Plate', ( #1511, #517 ), #118 ) ;
#1510 = UNCERTAINTY_MEASURE_WITH_UNIT (LENGTH_MEASURE( 1.000000000000000100E-005 ), #1466, 'distance_accuracy_value', 'NONE');
#1511 = MANIFOLD_SOLID_BREP ( 'Cut-Extrude5', #1676 ) ;
#1512 = UNCERTAINTY_MEASURE_WITH_UNIT (LENGTH_MEASURE( 1.000000000000000100E-005 ), #1319, 'distance_accuracy_value', 'NONE');
#1513 = CIRCLE ( 'NONE', #612, 0.2654999999999999600 ) ;
#1514 = CIRCLE ( 'NONE', #611, 0.06700000000000012900 ) ;
#1515 = CIRCLE ( 'NONE', #610, 0.06700000000000012900 ) ;
#1516 = CIRCLE ( 'NONE', #609, 0.07950000000000007100 ) ;
#1517 = LINE ( 'NONE', #1106, #1532 ) ;
#1518 = CIRCLE ( 'NONE', #608, 0.07950000000000000100 ) ;
#1519 = CIRCLE ( 'NONE', #607, 0.06700000000000012900 ) ;
#1520 = CIRCLE ( 'NONE', #617, 0.2654999999999999600 ) ;
#1521 = CIRCLE ( 'NONE', #606, 0.1005000000000000600 ) ;
#1522 = CIRCLE ( 'NONE', #605, 0.4065000000000003100 ) ;
#1523 = CIRCLE ( 'NONE', #604, 0.1005000000000000600 ) ;
#1524 = CIRCLE ( 'NONE', #603, 0.1329999999999999200 ) ;
#1525 = CIRCLE ( 'NONE', #602, 0.1329999999999999200 ) ;
#1526 = CIRCLE ( 'NONE', #601, 0.1329999999999999200 ) ;
#1527 = CIRCLE ( 'NONE', #600, 0.1329999999999999200 ) ;
#1528 = CIRCLE ( 'NONE', #599, 0.4375000000000000000 ) ;
#1529 = CIRCLE ( 'NONE', #598, 0.4375000000000000000 ) ;
#1530 = CIRCLE ( 'NONE', #597, 0.4374999999999998900 ) ;
#1531 = CIRCLE ( 'NONE', #596, 0.01000000000000016700 ) ;
#1532 = VECTOR ( 'NONE', #1107, 39.37007874015748100 ) ;
#1533 = CIRCLE ( 'NONE', #595, 0.01000000000000016700 ) ;
#1534 = LINE ( 'NONE', #1123, #752 ) ;
#1535 = CIRCLE ( 'NONE', #593, 0.01000000000000016700 ) ;
#1536 = EDGE_LOOP ( 'NONE', ( #226, #225, #224, #223 ) ) ;
#1537 = EDGE_LOOP ( 'NONE', ( #222, #221, #220, #219 ) ) ;
#1538 = EDGE_LOOP ( 'NONE', ( #218, #217, #216, #215 ) ) ;
#1539 = EDGE_LOOP ( 'NONE', ( #214, #213, #212, #211 ) ) ;
#1540 = EDGE_LOOP ( 'NONE', ( #250, #249, #248, #247 ) ) ;
#1541 = EDGE_LOOP ( 'NONE', ( #246, #245, #244, #243 ) ) ;
#1542 = EDGE_LOOP ( 'NONE', ( #242, #241, #240, #239 ) ) ;
#1543 = EDGE_LOOP ( 'NONE', ( #238, #237, #236, #235 ) ) ;
#1544 = EDGE_LOOP ( 'NONE', ( #234, #233, #232, #231 ) ) ;
#1545 = EDGE_LOOP ( 'NONE', ( #190, #189, #188, #187 ) ) ;
#1546 = EDGE_LOOP ( 'NONE', ( #186, #185, #184, #183 ) ) ;
#1547 = EDGE_LOOP ( 'NONE', ( #182, #181, #180, #179 ) ) ;
#1548 = EDGE_LOOP ( 'NONE', ( #178, #177, #176, #175 ) ) ;
#1549 = EDGE_LOOP ( 'NONE', ( #174, #173, #172, #171 ) ) ;
#1550 = EDGE_LOOP ( 'NONE', ( #1555, #1554, #1553, #1552 ) ) ;
#1551 = CIRCLE ( 'NONE', #613, 0.01000000000000016700 ) ;
#1552 = ORIENTED_EDGE ( 'NONE', *, *, #693, .T. ) ;
#1553 = ORIENTED_EDGE ( 'NONE', *, *, #650, .T. ) ;
#1554 = ORIENTED_EDGE ( 'NONE', *, *, #715, .F. ) ;
#1555 = ORIENTED_EDGE ( 'NONE', *, *, #653, .F. ) ;
#1556 = ADVANCED_FACE ( 'NONE', ( #364 ), #1323, .F. ) ;
#1557 = DIMENSIONAL_EXPONENTS ( 1.000000000000000000, 0.0000000000000000000, 0.0000000000000000000, 0.0000000000000000000, 0.0000000000000000000, 0.0000000000000000000, 0.0000000000000000000 ) ;
#1558 = ADVANCED_FACE ( 'NONE', ( #366 ), #356, .F. ) ;
#1559 = ADVANCED_FACE ( 'NONE', ( #359 ), #357, .F. ) ;
#1560 = ADVANCED_FACE ( 'NONE', ( #365 ), #368, .F. ) ;
#1561 = ADVANCED_FACE ( 'NONE', ( #367 ), #370, .F. ) ;
#1562 = DIMENSIONAL_EXPONENTS ( 1.000000000000000000, 0.0000000000000000000, 0.0000000000000000000, 0.0000000000000000000, 0.0000000000000000000, 0.0000000000000000000, 0.0000000000000000000 ) ;
#1563 = DIMENSIONAL_EXPONENTS ( 1.000000000000000000, 0.0000000000000000000, 0.0000000000000000000, 0.0000000000000000000, 0.0000000000000000000, 0.0000000000000000000, 0.0000000000000000000 ) ;
#1564 = ADVANCED_FACE ( 'NONE', ( #369 ), #372, .F. ) ;
#1565 = ADVANCED_FACE ( 'NONE', ( #371 ), #374, .F. ) ;
#1566 = ADVANCED_FACE ( 'NONE', ( #373 ), #376, .F. ) ;
#1567 = ADVANCED_FACE ( 'NONE', ( #375 ), #378, .T. ) ;
#1568 = ADVANCED_FACE ( 'NONE', ( #377 ), #380, .T. ) ;
#1569 = ADVANCED_FACE ( 'NONE', ( #379 ), #382, .F. ) ;
#1570 = ADVANCED_FACE ( 'NONE', ( #381 ), #384, .T. ) ;
#1571 = ADVANCED_FACE ( 'NONE', ( #383 ), #386, .F. ) ;
#1572 = ADVANCED_FACE ( 'NONE', ( #385 ), #388, .F. ) ;
#1573 = ADVANCED_FACE ( 'NONE', ( #387 ), #390, .F. ) ;
#1574 = ADVANCED_FACE ( 'NONE', ( #389 ), #392, .F. ) ;
#1575 = ADVANCED_FACE ( 'NONE', ( #391 ), #394, .F. ) ;
#1576 = ADVANCED_FACE ( 'NONE', ( #393 ), #396, .F. ) ;
#1577 = ADVANCED_FACE ( 'NONE', ( #395 ), #398, .F. ) ;
#1578 = ADVANCED_FACE ( 'NONE', ( #397 ), #400, .F. ) ;
#1579 = ADVANCED_FACE ( 'NONE', ( #399 ), #402, .F. ) ;
#1580 = ADVANCED_FACE ( 'NONE', ( #401 ), #404, .F. ) ;
#1581 = ADVANCED_FACE ( 'NONE', ( #403 ), #406, .F. ) ;
#1582 = ADVANCED_FACE ( 'NONE', ( #405 ), #408, .T. ) ;
#1583 = ADVANCED_FACE ( 'NONE', ( #407 ), #410, .F. ) ;
#1584 = ADVANCED_FACE ( 'NONE', ( #409 ), #412, .F. ) ;
#1585 = ADVANCED_FACE ( 'NONE', ( #411 ), #414, .F. ) ;
#1586 = ADVANCED_FACE ( 'NONE', ( #413 ), #416, .F. ) ;
#1587 = ADVANCED_FACE ( 'NONE', ( #415 ), #418, .F. ) ;
#1588 = ADVANCED_FACE ( 'NONE', ( #417 ), #420, .F. ) ;
#1589 = ADVANCED_FACE ( 'NONE', ( #421 ), #419, .F. ) ;
#1590 = ADVANCED_FACE ( 'NONE', ( #56 ), #55, .F. ) ;
#1591 = ADVANCED_FACE ( 'NONE', ( #57 ), #58, .F. ) ;
#1592 = ADVANCED_FACE ( 'NONE', ( #60 ), #61, .F. ) ;
#1593 = ADVANCED_FACE ( 'NONE', ( #59 ), #1426, .F. ) ;
#1594 = ADVANCED_FACE ( 'NONE', ( #62 ), #65, .F. ) ;
#1595 = ADVANCED_FACE ( 'NONE', ( #64 ), #63, .F. ) ;
#1596 = ADVANCED_FACE ( 'NONE', ( #66 ), #68, .F. ) ;
#1597 = ADVANCED_FACE ( 'NONE', ( #67 ), #70, .F. ) ;
#1598 = ADVANCED_FACE ( 'NONE', ( #69 ), #72, .F. ) ;
#1599 = ADVANCED_FACE ( 'NONE', ( #71 ), #74, .F. ) ;
#1600 = ADVANCED_FACE ( 'NONE', ( #73 ), #1448, .F. ) ;
#1601 = ADVANCED_FACE ( 'NONE', ( #75 ), #78, .F. ) ;
#1602 = ADVANCED_FACE ( 'NONE', ( #77, #81, #83, #85, #76, #79, #82, #84, #86, #80, #87, #88, #89, #90, #91, #92, #93, #94, #95 ), #1449, .T. ) ;
#1603 = ADVANCED_FACE ( 'NONE', ( #100 ), #1456, .F. ) ;
#1604 = ADVANCED_FACE ( 'NONE', ( #98, #96, #103, #105, #99, #97, #102, #104, #106, #101, #107, #108, #109, #110, #111, #112, #113, #114, #115 ), #1459, .F. ) ;
#1605 = EDGE_LOOP ( 'NONE', ( #322, #321 ) ) ;
#1606 = EDGE_LOOP ( 'NONE', ( #320, #319 ) ) ;
#1607 = EDGE_LOOP ( 'NONE', ( #318, #317 ) ) ;
#1608 = EDGE_LOOP ( 'NONE', ( #316, #315 ) ) ;
#1609 = EDGE_LOOP ( 'NONE', ( #314, #313 ) ) ;
#1610 = EDGE_LOOP ( 'NONE', ( #312, #311 ) ) ;
#1611 = EDGE_LOOP ( 'NONE', ( #310, #309 ) ) ;
#1612 = EDGE_LOOP ( 'NONE', ( #308, #307 ) ) ;
#1613 = EDGE_LOOP ( 'NONE', ( #306, #305 ) ) ;
#1614 = EDGE_LOOP ( 'NONE', ( #304, #303 ) ) ;
#1615 = EDGE_LOOP ( 'NONE', ( #302, #301 ) ) ;
#1616 = EDGE_LOOP ( 'NONE', ( #300, #299 ) ) ;
#1617 = EDGE_LOOP ( 'NONE', ( #162, #161 ) ) ;
#1618 = EDGE_LOOP ( 'NONE', ( #160, #159 ) ) ;
#1619 = EDGE_LOOP ( 'NONE', ( #158, #157 ) ) ;
#1620 = EDGE_LOOP ( 'NONE', ( #156, #155 ) ) ;
#1621 = EDGE_LOOP ( 'NONE', ( #154, #153 ) ) ;
#1622 = EDGE_LOOP ( 'NONE', ( #152, #151, #150, #149, #148, #147, #146, #145 ) ) ;
#1623 = EDGE_LOOP ( 'NONE', ( #124, #123, #122, #121 ) ) ;
#1624 = EDGE_LOOP ( 'NONE', ( #230, #229, #228, #227 ) ) ;
#1625 = EDGE_LOOP ( 'NONE', ( #140, #139, #138, #137 ) ) ;
#1626 = EDGE_LOOP ( 'NONE', ( #465, #464 ) ) ;
#1627 = EDGE_LOOP ( 'NONE', ( #463, #462 ) ) ;
#1628 = EDGE_LOOP ( 'NONE', ( #461, #460 ) ) ;
#1629 = EDGE_LOOP ( 'NONE', ( #459, #458 ) ) ;
#1630 = EDGE_LOOP ( 'NONE', ( #457, #456 ) ) ;
#1631 = EDGE_LOOP ( 'NONE', ( #455, #454 ) ) ;
#1632 = EDGE_LOOP ( 'NONE', ( #453, #452 ) ) ;
#1633 = EDGE_LOOP ( 'NONE', ( #451, #450 ) ) ;
#1634 = EDGE_LOOP ( 'NONE', ( #449, #448 ) ) ;
#1635 = EDGE_LOOP ( 'NONE', ( #447, #446 ) ) ;
#1636 = EDGE_LOOP ( 'NONE', ( #445, #444 ) ) ;
#1637 = EDGE_LOOP ( 'NONE', ( #443, #442 ) ) ;
#1638 = EDGE_LOOP ( 'NONE', ( #441, #440 ) ) ;
#1639 = EDGE_LOOP ( 'NONE', ( #340, #339 ) ) ;
#1640 = EDGE_LOOP ( 'NONE', ( #338, #337 ) ) ;
#1641 = EDGE_LOOP ( 'NONE', ( #336, #335 ) ) ;
#1642 = EDGE_LOOP ( 'NONE', ( #334, #333 ) ) ;
#1643 = EDGE_LOOP ( 'NONE', ( #332, #331, #330, #329, #328, #327, #326, #325 ) ) ;
#1644 = EDGE_LOOP ( 'NONE', ( #128, #127, #126, #125 ) ) ;
#1645 = EDGE_LOOP ( 'NONE', ( #251, #351, #350, #349 ) ) ;
#1646 = EDGE_LOOP ( 'NONE', ( #348, #347, #346, #345 ) ) ;
#1647 = EDGE_LOOP ( 'NONE', ( #344, #343, #342, #200 ) ) ;
#1648 = EDGE_LOOP ( 'NONE', ( #199, #198, #197, #196 ) ) ;
#1649 = EDGE_LOOP ( 'NONE', ( #195, #194, #193, #192 ) ) ;
#1650 = EDGE_LOOP ( 'NONE', ( #191, #210, #209, #208 ) ) ;
#1651 = EDGE_LOOP ( 'NONE', ( #207, #206, #205, #204 ) ) ;
#1652 = EDGE_LOOP ( 'NONE', ( #203, #202, #201, #439 ) ) ;
#1653 = EDGE_LOOP ( 'NONE', ( #438, #437, #436, #435 ) ) ;
#1654 = EDGE_LOOP ( 'NONE', ( #434, #433, #432, #431 ) ) ;
#1655 = EDGE_LOOP ( 'NONE', ( #430, #341, #479, #480 ) ) ;
#1656 = EDGE_LOOP ( 'NONE', ( #166, #169, #168, #163 ) ) ;
#1657 = EDGE_LOOP ( 'NONE', ( #164, #165, #170, #167 ) ) ;
#1658 = EDGE_LOOP ( 'NONE', ( #429, #428, #427, #422 ) ) ;
#1659 = EDGE_LOOP ( 'NONE', ( #426, #424, #425, #423 ) ) ;
#1660 = EDGE_LOOP ( 'NONE', ( #475, #474, #473, #472 ) ) ;
#1661 = EDGE_LOOP ( 'NONE', ( #471, #470, #469, #468 ) ) ;
#1662 = EDGE_LOOP ( 'NONE', ( #467, #466 ) ) ;
#1663 = EDGE_LOOP ( 'NONE', ( #136, #135, #134, #133 ) ) ;
#1664 = EDGE_LOOP ( 'NONE', ( #144, #143, #142, #141 ) ) ;
#1665 = ORIENTED_EDGE ( 'NONE', *, *, #653, .T. ) ;
#1666 = ORIENTED_EDGE ( 'NONE', *, *, #649, .T. ) ;
#1667 = ORIENTED_EDGE ( 'NONE', *, *, #662, .T. ) ;
#1668 = ORIENTED_EDGE ( 'NONE', *, *, #666, .F. ) ;
#1669 = ORIENTED_EDGE ( 'NONE', *, *, #650, .F. ) ;
#1670 = ORIENTED_EDGE ( 'NONE', *, *, #664, .F. ) ;
#1671 = ORIENTED_EDGE ( 'NONE', *, *, #655, .T. ) ;
#1672 = ORIENTED_EDGE ( 'NONE', *, *, #656, .T. ) ;
#1673 = ORIENTED_EDGE ( 'NONE', *, *, #668, .T. ) ;
#1674 = ORIENTED_EDGE ( 'NONE', *, *, #660, .F. ) ;
#1675 = ORIENTED_EDGE ( 'NONE', *, *, #648, .F. ) ;
#1676 = CLOSED_SHELL ( 'NONE', ( #1586, #1587, #1599, #1601, #1559, #1592, #1597, #1560, #1558, #1598, #1588, #1596, #1589, #1590, #1591, #1595, #1561, #1594, #1556, #1593, #1600, #1603, #1604, #1602, #1571, #1569, #1573, #1572, #1575, #1576, #1574, #1570, #1568, #1567, #1582, #1578, #1583, #1584, #1585, #1580, #1579, #1581, #1565, #1564, #1577, #1566 ) ) ;
#1677 = EDGE_LOOP ( 'NONE', ( #1674, #1673, #1672, #260 ) ) ;
#1678 = EDGE_LOOP ( 'NONE', ( #132, #131, #130, #129 ) ) ;
#1679 = EDGE_LOOP ( 'NONE', ( #259, #258, #257, #256 ) ) ;
#1680 = EDGE_LOOP ( 'NONE', ( #324, #323 ) ) ;
#1681 = EDGE_LOOP ( 'NONE', ( #255, #254, #253, #252 ) ) ;
#1682 = EDGE_LOOP ( 'NONE', ( #1670, #1665, #1667, #1669 ) ) ;
#1683 = EDGE_LOOP ( 'NONE', ( #1675, #1671, #1666, #1668 ) ) ;
ENDSEC;
END-ISO-10303-21;
