ISO-10303-21;
HEADER;
FILE_DESCRIPTION (( 'STEP AP203' ),
    '1' );
FILE_NAME ('REV-41-1607.STEP',
    '2022-02-17T15:39:18',
    ( '' ),
    ( '' ),
    'SwSTEP 2.0',
    'SolidWorks 2022',
    '' );
FILE_SCHEMA (( 'CONFIG_CONTROL_DESIGN' ));
ENDSEC;

DATA;
#1 = VECTOR ( 'NONE', #1729, 1000.000000000000000 ) ;
#2 = CC_DESIGN_PERSON_AND_ORGANIZATION_ASSIGNMENT ( #3313, #1485, ( #1690 ) ) ;
#3 = EDGE_CURVE ( 'NONE', #2568, #991, #2258, .T. ) ;
#4 = CARTESIAN_POINT ( 'NONE',  ( 11.89999999999999858, 5.000000000000000000, -3.349999999999998312 ) ) ;
#5 = CARTESIAN_POINT ( 'NONE',  ( 10.85656603071320347, 5.000000000000000000, 12.82854359489682494 ) ) ;
#6 = ORIENTED_EDGE ( 'NONE', *, *, #2802, .T. ) ;
#7 = ORIENTED_EDGE ( 'NONE', *, *, #368, .F. ) ;
#8 = ORIENTED_EDGE ( 'NONE', *, *, #3073, .T. ) ;
#9 = CARTESIAN_POINT ( 'NONE',  ( -11.04182389825157706, 5.000000000000000000, 18.37500000000001066 ) ) ;
#10 = CARTESIAN_POINT ( 'NONE',  ( 9.237604307034015250, -1.734723475976807094E-15, -14.75000000000000178 ) ) ;
#11 = ORIENTED_EDGE ( 'NONE', *, *, #2770, .F. ) ;
#12 = DIRECTION ( 'NONE',  ( 1.000000000000000000, 0.000000000000000000, -3.162767576288758865E-16 ) ) ;
#13 = CARTESIAN_POINT ( 'NONE',  ( -11.89999999999999858, 2.850000000000000089, 1.536675296194362640E-15 ) ) ;
#14 = DIRECTION ( 'NONE',  ( -0.000000000000000000, 1.000000000000000000, -0.000000000000000000 ) ) ;
#15 = ORIENTED_EDGE ( 'NONE', *, *, #2921, .T. ) ;
#16 = CYLINDRICAL_SURFACE ( 'NONE', #4216, 1.249999999999994227 ) ;
#17 = EDGE_LOOP ( 'NONE', ( #4768, #1460, #3468, #260, #114 ) ) ;
#18 = ADVANCED_FACE ( 'NONE', ( #1825 ), #4555, .T. ) ;
#19 = FACE_OUTER_BOUND ( 'NONE', #4008, .T. ) ;
#20 = ORIENTED_EDGE ( 'NONE', *, *, #4819, .F. ) ;
#21 = CIRCLE ( 'NONE', #5345, 17.00000000000000000 ) ;
#22 = DIRECTION ( 'NONE',  ( 0.000000000000000000, 1.000000000000000000, 0.000000000000000000 ) ) ;
#23 = EDGE_LOOP ( 'NONE', ( #3956, #578, #2437, #3051 ) ) ;
#24 = DIRECTION ( 'NONE',  ( -0.9396926207859082059, 0.000000000000000000, 0.3420201433256693790 ) ) ;
#25 = EDGE_CURVE ( 'NONE', #1721, #3957, #4984, .T. ) ;
#26 = CARTESIAN_POINT ( 'NONE',  ( -11.07425666574143364, 5.000000000000000000, 12.51385921632474840 ) ) ;
#27 = B_SPLINE_CURVE_WITH_KNOTS ( 'NONE', 3,
 ( #2152, #4351, #1654, #2097, #5669, #783, #3457, #2122 ),
 .UNSPECIFIED., .F., .F.,
 ( 4, 2, 2, 4 ),
 ( 0.000000000000000000, 0.0005807575745331931523, 0.0008711363617997936858, 0.001161515149066394328 ),
 .UNSPECIFIED. ) ;
#28 = FACE_OUTER_BOUND ( 'NONE', #4427, .T. ) ;
#29 = CARTESIAN_POINT ( 'NONE',  ( -11.25833024919770153, 0.2500000000000002220, -18.49999999999999645 ) ) ;
#30 = AXIS2_PLACEMENT_3D ( 'NONE', #2894, #3335, #5048 ) ;
#31 = ORIENTED_EDGE ( 'NONE', *, *, #281, .T. ) ;
#32 = ORIENTED_EDGE ( 'NONE', *, *, #1804, .F. ) ;
#33 = EDGE_CURVE ( 'NONE', #1109, #952, #1444, .T. ) ;
#34 = EDGE_CURVE ( 'NONE', #5551, #515, #1011, .T. ) ;
#35 = VECTOR ( 'NONE', #2169, 1000.000000000000114 ) ;
#36 = CARTESIAN_POINT ( 'NONE',  ( -16.41327810473531201, 5.000000000000000000, -3.142931808999769761 ) ) ;
#37 = CARTESIAN_POINT ( 'NONE',  ( 10.39230484541325872, 4.750000000000000000, -19.00000000000000000 ) ) ;
#38 = CIRCLE ( 'NONE', #2652, 1.249999999999987121 ) ;
#39 = ORIENTED_EDGE ( 'NONE', *, *, #3628, .T. ) ;
#40 = ADVANCED_FACE ( 'NONE', ( #4581 ), #2188, .T. ) ;
#41 = CARTESIAN_POINT ( 'NONE',  ( -21.65063509461095137, 4.750000000000000000, 0.5000000000000122125 ) ) ;
#42 = ORIENTED_EDGE ( 'NONE', *, *, #57, .T. ) ;
#43 = DIRECTION ( 'NONE',  ( 1.000000000000000000, 0.000000000000000000, -5.440092820663267048E-15 ) ) ;
#44 = CARTESIAN_POINT ( 'NONE',  ( -5.846330365915309635, 4.000000000000000000, -16.21434092667739080 ) ) ;
#45 = ORIENTED_EDGE ( 'NONE', *, *, #627, .T. ) ;
#46 = DIRECTION ( 'NONE',  ( 0.02784232977355502806, 0.9984484056230057414, -0.04822432976888507000 ) ) ;
#47 = ORIENTED_EDGE ( 'NONE', *, *, #5014, .F. ) ;
#48 = CARTESIAN_POINT ( 'NONE',  ( 11.19966360929586102, 4.604809290093004215, -13.39655067198001603 ) ) ;
#49 =( BOUNDED_CURVE ( )  B_SPLINE_CURVE ( 3, ( #4587, #2781, #4400, #4150 ),
 .UNSPECIFIED., .F., .F. ) 
 B_SPLINE_CURVE_WITH_KNOTS ( ( 4, 4 ),
 ( 0.3485670870932529031, 1.570796326794896780 ),
 .UNSPECIFIED. ) 
 CURVE ( )  GEOMETRIC_REPRESENTATION_ITEM ( )  RATIONAL_B_SPLINE_CURVE ( ( 1.000000000000000000, 0.8793393195858256739, 0.8793393195858256739, 1.000000000000000000 ) ) 
 REPRESENTATION_ITEM ( '' )  );
#50 = EDGE_CURVE ( 'NONE', #1026, #4845, #3036, .T. ) ;
#51 = ORIENTED_EDGE ( 'NONE', *, *, #4488, .F. ) ;
#52 = CIRCLE ( 'NONE', #3134, 1.249999999999999334 ) ;
#53 = CARTESIAN_POINT ( 'NONE',  ( 6.718336870960647467, 4.763083989060735490, -18.34155141660599497 ) ) ;
#54 = ORIENTED_EDGE ( 'NONE', *, *, #2361, .F. ) ;
#55 = LINE ( 'NONE', #5433, #1322 ) ;
#56 = AXIS2_PLACEMENT_3D ( 'NONE', #4438, #3092, #2117 ) ;
#57 = EDGE_CURVE ( 'NONE', #3213, #4332, #3309, .T. ) ;
#58 = CYLINDRICAL_SURFACE ( 'NONE', #4204, 0.9999999999999996669 ) ;
#59 = FACE_OUTER_BOUND ( 'NONE', #3917, .T. ) ;
#60 = ORIENTED_EDGE ( 'NONE', *, *, #5498, .F. ) ;
#61 = VERTEX_POINT ( 'NONE', #4611 ) ;
#62 = CARTESIAN_POINT ( 'NONE',  ( -10.83070769648155185, 5.000000000000001776, -12.92315653767331263 ) ) ;
#63 = DIRECTION ( 'NONE',  ( 0.000000000000000000, -1.000000000000000000, 0.000000000000000000 ) ) ;
#64 = EDGE_CURVE ( 'NONE', #265, #3897, #1251, .T. ) ;
#65 = CARTESIAN_POINT ( 'NONE',  ( -6.952938072138073800, 5.000000000000000000, -18.25616356245450689 ) ) ;
#66 = CIRCLE ( 'NONE', #5764, 0.2500000000000002220 ) ;
#67 = ORIENTED_EDGE ( 'NONE', *, *, #2594, .T. ) ;
#68 = LINE ( 'NONE', #3640, #5175 ) ;
#69 = ORIENTED_EDGE ( 'NONE', *, *, #1638, .F. ) ;
#70 = LINE ( 'NONE', #3202, #2854 ) ;
#71 = VECTOR ( 'NONE', #1361, 1000.000000000000000 ) ;
#72 = EDGE_CURVE ( 'NONE', #3241, #4776, #4242, .T. ) ;
#73 = CARTESIAN_POINT ( 'NONE',  ( -12.40851091858915112, 4.750000000000000000, 16.00782864273040218 ) ) ;
#74 = ORIENTED_EDGE ( 'NONE', *, *, #1997, .T. ) ;
#75 = CARTESIAN_POINT ( 'NONE',  ( 10.93397706289018245, 3.970742523140699642, -13.02822102453371222 ) ) ;
#76 = ORIENTED_EDGE ( 'NONE', *, *, #1468, .T. ) ;
#77 = CARTESIAN_POINT ( 'NONE',  ( 11.19389073660927636, 4.683946675189659459, -13.39612306194667291 ) ) ;
#78 = VECTOR ( 'NONE', #5761, 1000.000000000000000 ) ;
#79 = EDGE_LOOP ( 'NONE', ( #4371, #2687, #1260, #1095 ) ) ;
#80 = VERTEX_POINT ( 'NONE', #2857 ) ;
#81 = CYLINDRICAL_SURFACE ( 'NONE', #111, 1.000000000000000000 ) ;
#82 = CARTESIAN_POINT ( 'NONE',  ( -6.952938072138073800, 5.000000000000000000, -18.25616356245451044 ) ) ;
#83 = DIRECTION ( 'NONE',  ( 0.9984484056230058524, 0.05568465954710994509, 0.000000000000000000 ) ) ;
#84 = CARTESIAN_POINT ( 'NONE',  ( -11.24410345575600978, 3.995326637729602393, 13.39981966018104487 ) ) ;
#85 = ORIENTED_EDGE ( 'NONE', *, *, #3349, .F. ) ;
#86 = VERTEX_POINT ( 'NONE', #4636 ) ;
#87 = DIRECTION ( 'NONE',  ( -0.05568465954710993815, -0.9984484056230058524, 1.013993646392503582E-17 ) ) ;
#88 = AXIS2_PLACEMENT_3D ( 'NONE', #4570, #5034, #1377 ) ;
#89 = EDGE_CURVE ( 'NONE', #233, #4035, #5548, .T. ) ;
#90 = CARTESIAN_POINT ( 'NONE',  ( -16.70813591660274255, 5.000000000000000888, -3.130348547290569883 ) ) ;
#91 = CARTESIAN_POINT ( 'NONE',  ( -6.917738125969479235, 4.760310248187455961, -18.70212708915146393 ) ) ;
#92 = ORIENTED_EDGE ( 'NONE', *, *, #5461, .T. ) ;
#93 = CARTESIAN_POINT ( 'NONE',  ( 20.26303387659164201, 4.000000000000000000, -2.903395810254053799 ) ) ;
#94 = EDGE_LOOP ( 'NONE', ( #4834, #4660, #5757, #4124 ) ) ;
#95 = EDGE_CURVE ( 'NONE', #5560, #2727, #3275, .T. ) ;
#96 = CARTESIAN_POINT ( 'NONE',  ( -16.61823801151497193, 4.783564787009150443, -3.382254491292911336 ) ) ;
#97 = FACE_OUTER_BOUND ( 'NONE', #4191, .T. ) ;
#98 = ORIENTED_EDGE ( 'NONE', *, *, #4665, .F. ) ;
#99 = CARTESIAN_POINT ( 'NONE',  ( 10.39230484541326582, 0.2500000000000002220, 17.99999999999999645 ) ) ;
#100 = CARTESIAN_POINT ( 'NONE',  ( 0.000000000000000000, 4.750000000000000000, 16.71035107903824013 ) ) ;
#101 = ORIENTED_EDGE ( 'NONE', *, *, #2523, .F. ) ;
#102 = EDGE_CURVE ( 'NONE', #1793, #182, #604, .T. ) ;
#103 = CARTESIAN_POINT ( 'NONE',  ( -11.07425666574130219, 4.750000000001811884, 12.51385921632473952 ) ) ;
#104 = EDGE_CURVE ( 'NONE', #1400, #61, #4524, .T. ) ;
#105 = ORIENTED_EDGE ( 'NONE', *, *, #547, .F. ) ;
#106 = FACE_OUTER_BOUND ( 'NONE', #4470, .T. ) ;
#107 = VECTOR ( 'NONE', #1736, 1000.000000000000000 ) ;
#108 = CARTESIAN_POINT ( 'NONE',  ( 0.000000000000000000, 4.000000000000000000, 0.000000000000000000 ) ) ;
#109 = CARTESIAN_POINT ( 'NONE',  ( -7.672873603192445380, 5.000000000000000000, 18.75000000000000355 ) ) ;
#110 = CARTESIAN_POINT ( 'NONE',  ( -12.57189277403564098, 5.000000000000000000, -15.72484296806222304 ) ) ;
#111 = AXIS2_PLACEMENT_3D ( 'NONE', #4473, #4927, #4556 ) ;
#112 = CARTESIAN_POINT ( 'NONE',  ( 5.938394644554836788, 4.000000000000000000, -16.31560519372522577 ) ) ;
#113 = LINE ( 'NONE', #3160, #2129 ) ;
#114 = ORIENTED_EDGE ( 'NONE', *, *, #4536, .F. ) ;
#115 = ORIENTED_EDGE ( 'NONE', *, *, #2956, .T. ) ;
#116 = CARTESIAN_POINT ( 'NONE',  ( -11.00142663608040827, 5.000000000000000888, -12.57831083172951381 ) ) ;
#117 = CARTESIAN_POINT ( 'NONE',  ( 5.988258114645633512, 4.175224291363954343, 16.42575431692500132 ) ) ;
#118 = AXIS2_PLACEMENT_3D ( 'NONE', #1610, #5598, #681 ) ;
#119 = LINE ( 'NONE', #2837, #2145 ) ;
#120 = ADVANCED_FACE ( 'NONE', ( #1068 ), #1499, .F. ) ;
#121 = ORIENTED_EDGE ( 'NONE', *, *, #2175, .F. ) ;
#122 = CARTESIAN_POINT ( 'NONE',  ( 11.27599403506801679, 4.258073441582173047, 12.70403316110502878 ) ) ;
#123 = DIRECTION ( 'NONE',  ( -0.000000000000000000, 1.000000000000000000, -0.000000000000000000 ) ) ;
#124 = ORIENTED_EDGE ( 'NONE', *, *, #4072, .T. ) ;
#125 = AXIS2_PLACEMENT_3D ( 'NONE', #99, #1489, #5007 ) ;
#126 = DIRECTION ( 'NONE',  ( 0.3420201433256652712, 0.000000000000000000, -0.9396926207859096492 ) ) ;
#127 = TOROIDAL_SURFACE ( 'NONE', #4609, 0.7500000000000000000, 0.2500000000000000000 ) ;
#128 = CIRCLE ( 'NONE', #3502, 0.2499999999999994726 ) ;
#129 = ADVANCED_FACE ( 'NONE', ( #4641 ), #3300, .F. ) ;
#130 = CARTESIAN_POINT ( 'NONE',  ( 19.59580470729963864, 5.000000000000000000, 3.112261265486846451 ) ) ;
#131 = CARTESIAN_POINT ( 'NONE',  ( 7.187615404704313704, 4.750000000000000000, 18.90093423453848587 ) ) ;
#132 = DIRECTION ( 'NONE',  ( 3.469446951953614189E-15, 0.000000000000000000, 1.000000000000000000 ) ) ;
#133 = ORIENTED_EDGE ( 'NONE', *, *, #4356, .F. ) ;
#134 = CARTESIAN_POINT ( 'NONE',  ( -5.364018430531427128, 4.258073442563219402, 16.11731386777955777 ) ) ;
#135 = CIRCLE ( 'NONE', #1430, 0.2499999999999999722 ) ;
#136 = ADVANCED_FACE ( 'NONE', ( #1039 ), #2860, .T. ) ;
#137 = ORIENTED_EDGE ( 'NONE', *, *, #876, .T. ) ;
#138 = DIRECTION ( 'NONE',  ( 0.8660254037844395958, 0.000000000000000000, -0.4999999999999985567 ) ) ;
#139 = ORIENTED_EDGE ( 'NONE', *, *, #201, .F. ) ;
#140 = CARTESIAN_POINT ( 'NONE',  ( -12.40851091858917954, 5.000000000000000000, -16.00782864273036665 ) ) ;
#141 = DIRECTION ( 'NONE',  ( -1.000000000000000000, 0.000000000000000000, 0.000000000000000000 ) ) ;
#142 = CARTESIAN_POINT ( 'NONE',  ( -5.379378014046931611, 4.763083989060735490, 16.08428360971529258 ) ) ;
#143 = CARTESIAN_POINT ( 'NONE',  ( 13.50000000000000000, 2.850000000000000089, -1.469576158976824785E-16 ) ) ;
#144 = ORIENTED_EDGE ( 'NONE', *, *, #936, .F. ) ;
#145 = CARTESIAN_POINT ( 'NONE',  ( -9.237604307034011697, -1.734723475976807094E-15, 15.99999999999998934 ) ) ;
#146 = CIRCLE ( 'NONE', #1732, 0.2500000000000005551 ) ;
#147 = CARTESIAN_POINT ( 'NONE',  ( -16.61908721471059636, 4.763083989060735490, -3.383463788133433514 ) ) ;
#148 = FACE_OUTER_BOUND ( 'NONE', #823, .T. ) ;
#149 = ORIENTED_EDGE ( 'NONE', *, *, #1968, .F. ) ;
#150 = FACE_OUTER_BOUND ( 'NONE', #1587, .T. ) ;
#151 = COORDINATED_UNIVERSAL_TIME_OFFSET ( 6, 0, .BEHIND. ) ;
#152 = VERTEX_POINT ( 'NONE', #4173 ) ;
#153 = FACE_OUTER_BOUND ( 'NONE', #5768, .T. ) ;
#154 = EDGE_CURVE ( 'NONE', #3866, #1311, #2403, .T. ) ;
#155 = AXIS2_PLACEMENT_3D ( 'NONE', #5290, #5754, #5341 ) ;
#156 = CARTESIAN_POINT ( 'NONE',  ( -5.982681243818825934, 4.000000000000000000, -16.43728162518627300 ) ) ;
#157 = CARTESIAN_POINT ( 'NONE',  ( -20.06744172332723508, 4.750000000000000000, 2.742171357269666654 ) ) ;
#158 = CARTESIAN_POINT ( 'NONE',  ( -16.39385003501492832, 5.000000000000000888, 3.238359528851693980 ) ) ;
#159 = ORIENTED_EDGE ( 'NONE', *, *, #819, .F. ) ;
#160 = CARTESIAN_POINT ( 'NONE',  ( -10.39230484541324451, 0.2500000000000000000, 18.75000000000000355 ) ) ;
#161 = VECTOR ( 'NONE', #3848, 1000.000000000000000 ) ;
#162 = EDGE_CURVE ( 'NONE', #1457, #1305, #637, .T. ) ;
#163 = ORIENTED_EDGE ( 'NONE', *, *, #4501, .F. ) ;
#164 = DIRECTION ( 'NONE',  ( 0.9798985213499912250, 0.000000000000000000, 0.1994965860763063259 ) ) ;
#165 = CARTESIAN_POINT ( 'NONE',  ( -17.22644407847984382, 4.000000000000000000, 3.037486872701593565 ) ) ;
#166 = CARTESIAN_POINT ( 'NONE',  ( -11.04182389825157173, 0.2500000000000000000, 18.37500000000000711 ) ) ;
#167 = EDGE_CURVE ( 'NONE', #5600, #2302, #5602, .T. ) ;
#168 = PRODUCT_DEFINITION_FORMATION_WITH_SPECIFIED_SOURCE ( 'ANY', '', #1690, .NOT_KNOWN. ) ;
#169 = DIRECTION ( 'NONE',  ( -0.8660254037844328234, 0.000000000000000000, 0.5000000000000101030 ) ) ;
#170 = CARTESIAN_POINT ( 'NONE',  ( -12.77488150001718914, 4.750000000000000000, 15.67512465037551550 ) ) ;
#171 = ORIENTED_EDGE ( 'NONE', *, *, #5393, .T. ) ;
#172 = CARTESIAN_POINT ( 'NONE',  ( -19.39566318705538706, 4.000000000000000000, -3.404561540562720090 ) ) ;
#173 = CC_DESIGN_DATE_AND_TIME_ASSIGNMENT ( #5592, #2872, ( #2503 ) ) ;
#174 = ADVANCED_FACE ( 'NONE', ( #2418 ), #3416, .T. ) ;
#175 = CARTESIAN_POINT ( 'NONE',  ( 21.43412874366484999, 5.000000000000000000, 0.3749999999999840128 ) ) ;
#176 = VECTOR ( 'NONE', #2720, 1000.000000000000000 ) ;
#177 = CARTESIAN_POINT ( 'NONE',  ( 16.61908721471059991, 4.763083989060735490, 3.383463788133442396 ) ) ;
#178 = LINE ( 'NONE', #2809, #1954 ) ;
#179 = EDGE_LOOP ( 'NONE', ( #5480, #1291, #1034, #3955 ) ) ;
#180 = DIRECTION ( 'NONE',  ( -0.9848077530122069101, 0.000000000000000000, 0.1736481776669369093 ) ) ;
#181 = PERSON_AND_ORGANIZATION ( #230, #5683 ) ;
#182 = VERTEX_POINT ( 'NONE', #702 ) ;
#183 = LINE ( 'NONE', #4684, #1384 ) ;
#184 = CARTESIAN_POINT ( 'NONE',  ( -11.18034054110807141, 4.763083989060735490, 13.38642679370089361 ) ) ;
#185 = CARTESIAN_POINT ( 'NONE',  ( 11.24376283466122040, 4.000000000000000000, 13.39979475248478913 ) ) ;
#186 = CARTESIAN_POINT ( 'NONE',  ( -12.80480779752842047, 4.761015611334819653, 15.32222284355475495 ) ) ;
#187 = ORIENTED_EDGE ( 'NONE', *, *, #446, .T. ) ;
#188 = VECTOR ( 'NONE', #2965, 1000.000000000000114 ) ;
#189 = CARTESIAN_POINT ( 'NONE',  ( -5.375439828554155142, 5.000000000000000000, 16.07250847656642634 ) ) ;
#190 = DIRECTION ( 'NONE',  ( -1.000000000000000000, 0.000000000000000000, 1.581383788144378693E-16 ) ) ;
#191 = VECTOR ( 'NONE', #4692, 1000.000000000000114 ) ;
#192 = ORIENTED_EDGE ( 'NONE', *, *, #1770, .F. ) ;
#193 = EDGE_CURVE ( 'NONE', #371, #3894, #4983, .T. ) ;
#194 = CARTESIAN_POINT ( 'NONE',  ( 20.06744172332716758, 5.000000000000000000, -2.742171357269794996 ) ) ;
#195 = ORIENTED_EDGE ( 'NONE', *, *, #3129, .T. ) ;
#196 = LINE ( 'NONE', #4145, #2440 ) ;
#197 = DIRECTION ( 'NONE',  ( 0.000000000000000000, 1.000000000000000000, 0.000000000000000000 ) ) ;
#198 = CARTESIAN_POINT ( 'NONE',  ( -12.33383238466047160, 4.750000000000000000, 15.14950278263864192 ) ) ;
#199 = CARTESIAN_POINT ( 'NONE',  ( -10.92738936467116062, 4.000000000000000000, -13.02275553302263766 ) ) ;
#200 = VECTOR ( 'NONE', #5288, 1000.000000000000000 ) ;
#201 = EDGE_CURVE ( 'NONE', #5033, #489, #4620, .T. ) ;
#202 = ORIENTED_EDGE ( 'NONE', *, *, #4771, .T. ) ;
#203 = CARTESIAN_POINT ( 'NONE',  ( 16.37444831358996922, 5.000000000000000000, 3.333657992398898262 ) ) ;
#204 = LINE ( 'NONE', #1134, #3622 ) ;
#205 = VECTOR ( 'NONE', #3599, 1000.000000000000114 ) ;
#206 = CARTESIAN_POINT ( 'NONE',  ( -12.40851091858917954, 4.750000000000000000, -16.00782864273036665 ) ) ;
#207 = FACE_OUTER_BOUND ( 'NONE', #1605, .T. ) ;
#208 = EDGE_CURVE ( 'NONE', #3423, #5230, #263, .T. ) ;
#209 = ORIENTED_EDGE ( 'NONE', *, *, #730, .T. ) ;
#210 = VERTEX_POINT ( 'NONE', #3338 ) ;
#211 = DIRECTION ( 'NONE',  ( -0.3420201433256652712, 0.000000000000000000, 0.9396926207859096492 ) ) ;
#212 = CALENDAR_DATE ( 2022, 17, 2 ) ;
#213 = VERTEX_POINT ( 'NONE', #3864 ) ;
#214 = CARTESIAN_POINT ( 'NONE',  ( -5.990895020035456930, 4.258073451112958985, -16.42030417026586164 ) ) ;
#215 = B_SPLINE_CURVE_WITH_KNOTS ( 'NONE', 3,
 ( #1176, #5151, #3442, #5091, #1996, #3378, #2844 ),
 .UNSPECIFIED., .F., .F.,
 ( 4, 3, 4 ),
 ( 0.0002375494058362760013, 0.0004755958542684446551, 0.001002670605653884243 ),
 .UNSPECIFIED. ) ;
#216 = AXIS2_PLACEMENT_3D ( 'NONE', #1596, #4176, #1166 ) ;
#217 = DIRECTION ( 'NONE',  ( 0.000000000000000000, 1.000000000000000000, 0.000000000000000000 ) ) ;
#218 = CARTESIAN_POINT ( 'NONE',  ( 7.617102409374799876, 4.000000000000000000, 18.99999999999995026 ) ) ;
#219 = CARTESIAN_POINT ( 'NONE',  ( 11.18811696759122398, 4.763083989060734602, 13.39569437789966599 ) ) ;
#220 = DIRECTION ( 'NONE',  ( 0.000000000000000000, 0.000000000000000000, 1.000000000000000000 ) ) ;
#221 = VERTEX_POINT ( 'NONE', #1952 ) ;
#222 = CARTESIAN_POINT ( 'NONE',  ( -17.22663595971869910, 3.995326637881658538, 3.037769405365468245 ) ) ;
#223 =( BOUNDED_SURFACE ( )  B_SPLINE_SURFACE ( 3, 2, ( 
 ( #700, #4619, #609 ),
 ( #5523, #1503, #1106 ),
 ( #4270, #2896, #1074 ),
 ( #3306, #5616, #4645 ),
 ( #1168, #1598, #4208 ),
 ( #2449, #1983, #3776 ) ),
 .UNSPECIFIED., .F., .F., .T. ) 
 B_SPLINE_SURFACE_WITH_KNOTS ( ( 4, 2, 4 ),
 ( 3, 3 ),
 ( -3.577867169202164632E-18, 0.0005752549034368670700, 0.001150509806873737609 ),
 ( 0.000000000000000000, 1.000000000000000000 ),
 .UNSPECIFIED. ) 
 GEOMETRIC_REPRESENTATION_ITEM ( )  RATIONAL_B_SPLINE_SURFACE ( (
 ( 1.000000000000000000, 0.7253743710122874111, 1.000000000000000000),
 ( 1.000000000000000000, 0.7299077994845903916, 1.000000000000000000),
 ( 1.000000000000000000, 0.7324477354953267128, 1.000000000000000000),
 ( 1.000000000000000000, 0.7324524515202535113, 1.000000000000000000),
 ( 1.000000000000000000, 0.7299405342000828689, 1.000000000000000000),
 ( 1.000000000000000000, 0.7253743710122874111, 1.000000000000000000) ) ) 
 REPRESENTATION_ITEM ( '' )  SURFACE ( )  );
#224 = CARTESIAN_POINT ( 'NONE',  ( 10.96965511460288489, 0.2500000000000002220, -18.75000000000000000 ) ) ;
#225 = CIRCLE ( 'NONE', #688, 0.2500000000000006106 ) ;
#226 = ORIENTED_EDGE ( 'NONE', *, *, #2205, .F. ) ;
#227 = CARTESIAN_POINT ( 'NONE',  ( 19.59580470729956758, 5.000000000000000000, -3.112261265486981010 ) ) ;
#228 = CARTESIAN_POINT ( 'NONE',  ( 7.658930804737840603, 5.000000000000000000, -18.75000000000000000 ) ) ;
#229 = DIRECTION ( 'NONE',  ( 0.8660254037844363761, 0.000000000000000000, -0.5000000000000039968 ) ) ;
#230 = PERSON ( 'UNSPECIFIED', 'UNSPECIFIED', 'UNSPECIFIED', ('UNSPECIFIED'), ('UNSPECIFIED'), ('UNSPECIFIED') ) ;
#231 = EDGE_CURVE ( 'NONE', #991, #2769, #2943, .T. ) ;
#232 = DIRECTION ( 'NONE',  ( 0.6427876096865378086, 0.000000000000000000, -0.7660444431189793457 ) ) ;
#233 = VERTEX_POINT ( 'NONE', #2897 ) ;
#234 = CARTESIAN_POINT ( 'NONE',  ( -12.64694907260720846, 3.963507849820019580, 16.09484164550819330 ) ) ;
#235 = CARTESIAN_POINT ( 'NONE',  ( -16.76648202154833456, 5.000000000000000000, -2.809610005792588794 ) ) ;
#236 = EDGE_CURVE ( 'NONE', #952, #314, #1075, .T. ) ;
#237 = LINE ( 'NONE', #3806, #3690 ) ;
#238 = CARTESIAN_POINT ( 'NONE',  ( 13.50000000000000000, 2.850000000000000089, -1.700000000000000400 ) ) ;
#239 = VERTEX_POINT ( 'NONE', #4180 ) ;
#240 = ORIENTED_EDGE ( 'NONE', *, *, #555, .F. ) ;
#241 = CARTESIAN_POINT ( 'NONE',  ( -21.43412874366484289, 0.2500000000000000000, 0.3750000000000139333 ) ) ;
#242 = EDGE_LOOP ( 'NONE', ( #4274, #5391, #4302, #5146 ) ) ;
#243 = DIRECTION ( 'NONE',  ( -0.8660254037844402619, 0.000000000000000000, 0.4999999999999972800 ) ) ;
#244 = EDGE_CURVE ( 'NONE', #5590, #3277, #1505, .T. ) ;
#245 = CARTESIAN_POINT ( 'NONE',  ( 0.000000000000000000, 5.000000000000000000, 0.000000000000000000 ) ) ;
#246 = DIRECTION ( 'NONE',  ( 0.000000000000000000, 0.000000000000000000, 1.000000000000000000 ) ) ;
#247 = CARTESIAN_POINT ( 'NONE',  ( -5.356160601193185045, 4.000000000000000000, -16.13417316177764249 ) ) ;
#248 = ORIENTED_EDGE ( 'NONE', *, *, #4665, .T. ) ;
#249 = CARTESIAN_POINT ( 'NONE',  ( -16.62913270922249609, 4.520819503231710002, 3.397768435475509996 ) ) ;
#250 = CARTESIAN_POINT ( 'NONE',  ( 19.91219989743324703, 4.000000000000000000, 3.511058087177793663 ) ) ;
#251 = CARTESIAN_POINT ( 'NONE',  ( 7.658930804737840603, 5.000000000000000000, -18.75000000000000000 ) ) ;
#252 = CC_DESIGN_PERSON_AND_ORGANIZATION_ASSIGNMENT ( #181, #3754, ( #1282 ) ) ;
#253 = ADVANCED_FACE ( 'NONE', ( #4738 ), #1625, .T. ) ;
#254 = VERTEX_POINT ( 'NONE', #2514 ) ;
#255 = VECTOR ( 'NONE', #5487, 1000.000000000000000 ) ;
#256 = CARTESIAN_POINT ( 'NONE',  ( 16.63004301208737701, 5.000000000000000000, -3.251943854001868583 ) ) ;
#257 = CARTESIAN_POINT ( 'NONE',  ( 7.353248037346173938, 5.000000000000000000, -18.70191815220468712 ) ) ;
#258 = DIRECTION ( 'NONE',  ( 0.000000000000000000, 1.000000000000000000, 0.000000000000000000 ) ) ;
#259 = DIRECTION ( 'NONE',  ( 0.9984484056230059634, -0.05568465954710989652, 0.000000000000000000 ) ) ;
#260 = ORIENTED_EDGE ( 'NONE', *, *, #4299, .F. ) ;
#261 = DIRECTION ( 'NONE',  ( 1.000000000000000000, -0.000000000000000000, -1.836970198721028948E-16 ) ) ;
#262 = CARTESIAN_POINT ( 'NONE',  ( 5.501348145907468457, 4.766346677532549592, -16.04331047980145897 ) ) ;
#263 = LINE ( 'NONE', #2964, #694 ) ;
#264 = CARTESIAN_POINT ( 'NONE',  ( -9.237604307034009921, 5.000000000000001776, -17.24999999999998579 ) ) ;
#265 = VERTEX_POINT ( 'NONE', #5648 ) ;
#266 = ORIENTED_EDGE ( 'NONE', *, *, #5423, .T. ) ;
#267 = EDGE_CURVE ( 'NONE', #4102, #460, #2697, .T. ) ;
#268 = ORIENTED_EDGE ( 'NONE', *, *, #634, .F. ) ;
#269 = CARTESIAN_POINT ( 'NONE',  ( -5.832248541637504502, 4.496257940867046443, -15.94792952104002026 ) ) ;
#270 = CARTESIAN_POINT ( 'NONE',  ( -11.24376283466122040, 4.000000000000000000, -13.39979475248478913 ) ) ;
#271 = EDGE_CURVE ( 'NONE', #4332, #3241, #1162, .T. ) ;
#272 = CARTESIAN_POINT ( 'NONE',  ( -19.28677045679831181, 5.000000000000000000, -3.106660779815887174 ) ) ;
#273 = CARTESIAN_POINT ( 'NONE',  ( -6.006953148797803621, 4.763083989060734602, 16.38704070339558072 ) ) ;
#274 = CARTESIAN_POINT ( 'NONE',  ( -16.52769630709162385, 5.000000000000000000, 2.972210904669193798 ) ) ;
#275 = ORIENTED_EDGE ( 'NONE', *, *, #2784, .F. ) ;
#276 = CARTESIAN_POINT ( 'NONE',  ( -16.74975890480332552, 3.970742523292732695, 2.954991388583373624 ) ) ;
#277 = CIRCLE ( 'NONE', #4291, 6.500000000000000888 ) ;
#278 = CARTESIAN_POINT ( 'NONE',  ( -6.952938072137730963, 4.750000000000000000, 18.25616356245450689 ) ) ;
#279 = DIRECTION ( 'NONE',  ( -0.000000000000000000, 1.000000000000000000, -0.000000000000000000 ) ) ;
#280 = ORIENTED_EDGE ( 'NONE', *, *, #4158, .T. ) ;
#281 = EDGE_CURVE ( 'NONE', #5157, #4865, #5177, .T. ) ;
#282 = EDGE_CURVE ( 'NONE', #2727, #677, #5081, .T. ) ;
#283 = CARTESIAN_POINT ( 'NONE',  ( 12.52508103611871704, 4.763083989060735490, -14.98902610973696170 ) ) ;
#284 = CARTESIAN_POINT ( 'NONE',  ( -12.54636008864540386, 4.000000000000000000, -14.95216970962379577 ) ) ;
#285 = CARTESIAN_POINT ( 'NONE',  ( 11.89999999999999858, 5.000000000000000000, 1.699999999999999289 ) ) ;
#286 = VERTEX_POINT ( 'NONE', #2930 ) ;
#287 = CARTESIAN_POINT ( 'NONE',  ( 6.676521885776877774, 4.013324438983807418, 18.34155141660600563 ) ) ;
#288 = CARTESIAN_POINT ( 'NONE',  ( -16.41325213889372137, 4.999999999999999112, -3.143059186746176348 ) ) ;
#289 = CARTESIAN_POINT ( 'NONE',  ( -5.379378014047197176, 4.763083989060734602, -16.08428360971521087 ) ) ;
#290 = DIRECTION ( 'NONE',  ( -0.000000000000000000, -1.000000000000000000, -0.000000000000000000 ) ) ;
#291 = CARTESIAN_POINT ( 'NONE',  ( 5.950047371030914967, 5.000000000000000000, 15.92500436565219601 ) ) ;
#292 = ORIENTED_EDGE ( 'NONE', *, *, #3152, .F. ) ;
#293 = ORIENTED_EDGE ( 'NONE', *, *, #154, .T. ) ;
#294 = EDGE_LOOP ( 'NONE', ( #144, #4431, #1050, #2309 ) ) ;
#295 = VECTOR ( 'NONE', #5335, 1000.000000000000114 ) ;
#296 = CARTESIAN_POINT ( 'NONE',  ( 12.61804587030796654, 4.750000000000000000, -16.14490346039194080 ) ) ;
#297 = EDGE_CURVE ( 'NONE', #4631, #3540, #4709, .T. ) ;
#298 = CARTESIAN_POINT ( 'NONE',  ( 17.23842266610772711, 5.000000000000000000, 2.745481798442561239 ) ) ;
#299 = CARTESIAN_POINT ( 'NONE',  ( 11.04182389825159483, 4.750000000000000000, 18.37499999999999645 ) ) ;
#300 = DIRECTION ( 'NONE',  ( -0.9396926207859082059, 0.000000000000000000, 0.3420201433256693790 ) ) ;
#301 = CARTESIAN_POINT ( 'NONE',  ( 0.000000000000000000, 4.763083989060735490, 0.000000000000000000 ) ) ;
#302 = ORIENTED_EDGE ( 'NONE', *, *, #282, .F. ) ;
#303 = FACE_OUTER_BOUND ( 'NONE', #4715, .T. ) ;
#304 = DIRECTION ( 'NONE',  ( 0.9396926207859130908, 0.000000000000000000, 0.3420201433256560009 ) ) ;
#305 = CARTESIAN_POINT ( 'NONE',  ( -11.07425666574142653, 5.000000000000000000, 12.51385921632475551 ) ) ;
#306 = EDGE_CURVE ( 'NONE', #1288, #3311, #237, .T. ) ;
#307 = AXIS2_PLACEMENT_3D ( 'NONE', #552, #2331, #1452 ) ;
#308 = DIRECTION ( 'NONE',  ( -0.9848077530122094636, 0.000000000000000000, -0.1736481776669222543 ) ) ;
#309 = CARTESIAN_POINT ( 'NONE',  ( 6.086523390182564164, 4.750000000000000000, -15.87570878789904327 ) ) ;
#310 = AXIS2_PLACEMENT_3D ( 'NONE', #299, #4307, #4279 ) ;
#311 = ADVANCED_FACE ( 'NONE', ( #4763 ), #1661, .T. ) ;
#312 = AXIS2_PLACEMENT_3D ( 'NONE', #4632, #1151, #5193 ) ;
#313 = DIRECTION ( 'NONE',  ( 0.000000000000000000, 0.000000000000000000, 1.000000000000000000 ) ) ;
#314 = VERTEX_POINT ( 'NONE', #375 ) ;
#315 = CARTESIAN_POINT ( 'NONE',  ( -16.72121681439569585, 4.768243299460927176, -3.141958861331481945 ) ) ;
#316 = CARTESIAN_POINT ( 'NONE',  ( -17.14264676276751231, 5.000000000000000000, -2.728593922581954878 ) ) ;
#317 = VECTOR ( 'NONE', #434, 1000.000000000000114 ) ;
#318 = DIRECTION ( 'NONE',  ( 0.000000000000000000, 1.000000000000000000, 0.000000000000000000 ) ) ;
#319 = DIRECTION ( 'NONE',  ( 0.000000000000000000, 0.000000000000000000, 1.000000000000000000 ) ) ;
#320 = CARTESIAN_POINT ( 'NONE',  ( 5.300191647848582654, 5.000000000000000000, 15.84751720872360004 ) ) ;
#321 = ORIENTED_EDGE ( 'NONE', *, *, #5750, .T. ) ;
#322 = ORIENTED_EDGE ( 'NONE', *, *, #5224, .T. ) ;
#323 = ORIENTED_EDGE ( 'NONE', *, *, #2519, .F. ) ;
#324 = CARTESIAN_POINT ( 'NONE',  ( 13.50000000000000000, 5.000000000000000000, -1.699999999999999512 ) ) ;
#325 = CARTESIAN_POINT ( 'NONE',  ( 6.237416599868309319, 5.000000000000000000, -16.29028447425967485 ) ) ;
#326 = AXIS2_PLACEMENT_3D ( 'NONE', #245, #217, #5623 ) ;
#327 = CARTESIAN_POINT ( 'NONE',  ( -7.223583597816475077, 4.756055831202429474, 19.00000000000000355 ) ) ;
#328 = DIRECTION ( 'NONE',  ( -1.000000000000000000, 0.000000000000000000, 3.162767576288758865E-16 ) ) ;
#329 = CARTESIAN_POINT ( 'NONE',  ( -16.84545391898526034, 5.000000000000000000, 2.755726256575790512 ) ) ;
#330 = ORIENTED_EDGE ( 'NONE', *, *, #1008, .T. ) ;
#331 = EDGE_CURVE ( 'NONE', #1332, #2003, #2509, .T. ) ;
#332 = DIRECTION ( 'NONE',  ( -0.7660444431189802339, 0.000000000000000000, -0.6427876096865368094 ) ) ;
#333 = CARTESIAN_POINT ( 'NONE',  ( -12.54636008864537722, 4.000000000000000000, 14.95216970962383307 ) ) ;
#334 = DIRECTION ( 'NONE',  ( -0.9848077530122069101, 0.000000000000000000, 0.1736481776669369093 ) ) ;
#335 = AXIS2_PLACEMENT_3D ( 'NONE', #3173, #4076, #3728 ) ;
#336 = CARTESIAN_POINT ( 'NONE',  ( 16.85662914978269100, 4.999999999999999112, 2.770960844589660965 ) ) ;
#337 = DIRECTION ( 'NONE',  ( -0.9848077530122081313, 0.000000000000000000, -0.1736481776669306087 ) ) ;
#338 = CARTESIAN_POINT ( 'NONE',  ( 12.64594096200288398, 4.999999999999868550, -15.15093996918849939 ) ) ;
#339 = ADVANCED_FACE ( 'NONE', ( #3951 ), #4809, .T. ) ;
#340 = CARTESIAN_POINT ( 'NONE',  ( 16.62963349182173900, 4.508723330882366653, -3.398482570880983378 ) ) ;
#341 = AXIS2_PLACEMENT_3D ( 'NONE', #1590, #3427, #5198 ) ;
#342 = CARTESIAN_POINT ( 'NONE',  ( 5.356018307136512391, 3.995326637871075004, -16.13447846233826510 ) ) ;
#343 = DIRECTION ( 'NONE',  ( -0.000000000000000000, 1.000000000000000000, -0.000000000000000000 ) ) ;
#344 = EDGE_LOOP ( 'NONE', ( #894, #3927, #1059, #5567 ) ) ;
#345 = CARTESIAN_POINT ( 'NONE',  ( 7.102605034524009042, 5.000000000000000000, 18.52659531686367345 ) ) ;
#346 = ADVANCED_FACE ( 'NONE', ( #4014 ), #4849, .T. ) ;
#347 = CYLINDRICAL_SURFACE ( 'NONE', #3500, 1.699999999999999289 ) ;
#348 = CIRCLE ( 'NONE', #2686, 3.349999999999998757 ) ;
#349 = PLANE ( 'NONE',  #4172 ) ;
#350 = CARTESIAN_POINT ( 'NONE',  ( 20.78460969082651744, 0.2500000000000002220, -1.767249541151372227E-14 ) ) ;
#351 = ORIENTED_EDGE ( 'NONE', *, *, #2023, .F. ) ;
#352 = VERTEX_POINT ( 'NONE', #2665 ) ;
#353 = ADVANCED_FACE ( 'NONE', ( #3049 ), #1724, .F. ) ;
#354 = EDGE_LOOP ( 'NONE', ( #5347, #2384 ) ) ;
#355 = DIRECTION ( 'NONE',  ( 0.9848077530122080203, -1.734723475976807094E-18, 0.1736481776669306087 ) ) ;
#356 = AXIS2_PLACEMENT_3D ( 'NONE', #5238, #4449, #3102 ) ;
#357 = DIRECTION ( 'NONE',  ( -0.000000000000000000, 1.000000000000000000, -0.000000000000000000 ) ) ;
#358 = CARTESIAN_POINT ( 'NONE',  ( -11.22495303999627403, 4.258073441582379104, -13.39841936394166133 ) ) ;
#359 = CARTESIAN_POINT ( 'NONE',  ( -16.79202880849574342, 4.750000000000000000, 2.666770517323080014 ) ) ;
#360 =( BOUNDED_CURVE ( )  B_SPLINE_CURVE ( 3, ( #3593, #895, #3483, #2214 ),
 .UNSPECIFIED., .F., .T. ) 
 B_SPLINE_CURVE_WITH_KNOTS ( ( 4, 4 ),
 ( 0.5229266549113712470, 1.570796326794894338 ),
 .UNSPECIFIED. ) 
 CURVE ( )  GEOMETRIC_REPRESENTATION_ITEM ( )  RATIONAL_B_SPLINE_CURVE ( ( 1.000000000000000000, 0.9105715498086053294, 0.9105715498086053294, 1.000000000000000000 ) ) 
 REPRESENTATION_ITEM ( '' )  );
#361 = CARTESIAN_POINT ( 'NONE',  ( -17.19507011638909333, 4.763083989060735490, 2.991346325495924940 ) ) ;
#362 = CARTESIAN_POINT ( 'NONE',  ( -16.61908721471058570, 4.763083989060736378, 3.383463788133481476 ) ) ;
#363 = CYLINDRICAL_SURFACE ( 'NONE', #608, 0.2500000000000002220 ) ;
#364 = CARTESIAN_POINT ( 'NONE',  ( -10.39230484541324451, 0.000000000000000000, 18.00000000000000355 ) ) ;
#365 = VECTOR ( 'NONE', #63, 1000.000000000000000 ) ;
#366 = CARTESIAN_POINT ( 'NONE',  ( 19.96249690472145488, 4.750000000000000000, 3.225809584163030763 ) ) ;
#367 = EDGE_LOOP ( 'NONE', ( #3186, #2547, #4384, #5410, #4255, #3979, #3727, #4506 ) ) ;
#368 = EDGE_CURVE ( 'NONE', #1685, #352, #5267, .T. ) ;
#369 = CARTESIAN_POINT ( 'NONE',  ( 5.372012573310880335, 4.520819503170129927, -16.10013558683113999 ) ) ;
#370 = CARTESIAN_POINT ( 'NONE',  ( 11.89999999999999858, 5.000000000000000000, 1.469576158976824785E-16 ) ) ;
#371 = VERTEX_POINT ( 'NONE', #4359 ) ;
#372 = CARTESIAN_POINT ( 'NONE',  ( 12.33673723347420825, 5.000000000000000000, -15.15296464664856835 ) ) ;
#373 = DIRECTION ( 'NONE',  ( -1.000000000000000000, -0.000000000000000000, 3.162767576288758865E-16 ) ) ;
#374 = EDGE_CURVE ( 'NONE', #2302, #659, #438, .T. ) ;
#375 = CARTESIAN_POINT ( 'NONE',  ( 20.28394807427336488, 4.750000000000000000, 2.867171357269622245 ) ) ;
#376 = CARTESIAN_POINT ( 'NONE',  ( 11.23970920066359191, 4.763083989060735490, 12.70081982158182576 ) ) ;
#377 = EDGE_LOOP ( 'NONE', ( #31, #3562, #914, #1531 ) ) ;
#378 = EDGE_LOOP ( 'NONE', ( #4741, #8, #1595, #4442, #3459, #2517, #4362, #1898, #1798, #3066, #5420, #2821 ) ) ;
#380 = EDGE_LOOP ( 'NONE', ( #4525, #2849 ) ) ;
#379 = B_SPLINE_CURVE_WITH_KNOTS ( 'NONE', 3,
 ( #2357, #4733, #4294, #5142, #1130, #2831, #5111 ),
 .UNSPECIFIED., .F., .F.,
 ( 4, 3, 4 ),
 ( 0.0002375494058362758387, 0.0004755958542684384752, 0.001002670605653884243 ),
 .UNSPECIFIED. ) ;
#381 = DIRECTION ( 'NONE',  ( 0.000000000000000000, 0.000000000000000000, 1.000000000000000000 ) ) ;
#382 = B_SPLINE_CURVE_WITH_KNOTS ( 'NONE', 3,
 ( #2345, #77, #48, #1492, #2264, #3182, #4550 ),
 .UNSPECIFIED., .F., .F.,
 ( 4, 3, 4 ),
 ( 0.0002375494058362757573, 0.0004755958542684364694, 0.001002670605653884243 ),
 .UNSPECIFIED. ) ;
#383 = EDGE_CURVE ( 'NONE', #5471, #2675, #4187, .T. ) ;
#384 = CARTESIAN_POINT ( 'NONE',  ( 11.04182389825159305, 0.000000000000000000, 18.37499999999999645 ) ) ;
#385 = ORIENTED_EDGE ( 'NONE', *, *, #5533, .T. ) ;
#386 = VECTOR ( 'NONE', #2767, 1000.000000000000000 ) ;
#387 = CARTESIAN_POINT ( 'NONE',  ( 20.78460969082651744, 0.2500000000000002220, -1.767249541151372227E-14 ) ) ;
#388 = DIRECTION ( 'NONE',  ( 0.000000000000000000, 0.000000000000000000, 1.000000000000000000 ) ) ;
#389 =( BOUNDED_SURFACE ( )  B_SPLINE_SURFACE ( 3, 2, ( 
 ( #4439, #5752, #1742 ),
 ( #3539, #2592, #808 ),
 ( #3481, #428, #1299 ),
 ( #3093, #2212, #5339 ),
 ( #5254, #3120, #1245 ),
 ( #4109, #4492, #4055 ) ),
 .UNSPECIFIED., .F., .F., .F. ) 
 B_SPLINE_SURFACE_WITH_KNOTS ( ( 4, 2, 4 ),
 ( 3, 3 ),
 ( 4.712388980384689674, 5.323503600235511612, 5.934618220086334439 ),
 ( 0.000000000000000000, 1.000000000000000000 ),
 .UNSPECIFIED. ) 
 GEOMETRIC_REPRESENTATION_ITEM ( )  RATIONAL_B_SPLINE_SURFACE ( (
 ( 1.000000000000000000, 0.7071067811865475727, 1.000000000000000000),
 ( 1.000000000000000000, 0.7111226099810562529, 1.000000000000000000),
 ( 1.000000000000000000, 0.7150809331574513594, 1.000000000000000000),
 ( 1.000000000000000000, 0.7215476082090505061, 1.000000000000000000),
 ( 1.000000000000000000, 0.7240499912500555357, 1.000000000000000000),
 ( 1.000000000000000000, 0.7253743710122873001, 1.000000000000000000) ) ) 
 REPRESENTATION_ITEM ( '' )  SURFACE ( )  );
#390 = CARTESIAN_POINT ( 'NONE',  ( 6.915434451057945964, 4.000000000000000000, 18.99999999999995381 ) ) ;
#391 = VERTEX_POINT ( 'NONE', #1257 ) ;
#392 = LINE ( 'NONE', #3508, #1397 ) ;
#393 = CARTESIAN_POINT ( 'NONE',  ( -6.676521885777026100, 4.013324438983806530, -18.34155141660601274 ) ) ;
#394 = AXIS2_PLACEMENT_3D ( 'NONE', #1588, #3425, #1096 ) ;
#395 = CARTESIAN_POINT ( 'NONE',  ( -11.11886596516681536, 4.000000000000000000, 13.17024107913762876 ) ) ;
#396 = FACE_OUTER_BOUND ( 'NONE', #1852, .T. ) ;
#397 = ORIENTED_EDGE ( 'NONE', *, *, #479, .T. ) ;
#398 = DIRECTION ( 'NONE',  ( -0.8660254037844409281, 0.000000000000000000, 0.4999999999999962808 ) ) ;
#399 = AXIS2_PLACEMENT_3D ( 'NONE', #5479, #4101, #5390 ) ;
#400 = EDGE_LOOP ( 'NONE', ( #5329, #3238, #2425, #1635 ) ) ;
#401 = CARTESIAN_POINT ( 'NONE',  ( -5.976694344208499210, 5.000000000000000000, -16.25858089714974142 ) ) ;
#402 = ORIENTED_EDGE ( 'NONE', *, *, #774, .T. ) ;
#403 = CARTESIAN_POINT ( 'NONE',  ( 10.93435503495143202, 5.000000000000000000, -13.48167062336885813 ) ) ;
#404 = CARTESIAN_POINT ( 'NONE',  ( -11.10446740519627262, 4.766378307905874578, -13.29627330390256823 ) ) ;
#405 = AXIS2_PLACEMENT_3D ( 'NONE', #3322, #4722, #5630 ) ;
#406 = EDGE_CURVE ( 'NONE', #1109, #3053, #1944, .T. ) ;
#407 =( BOUNDED_CURVE ( )  B_SPLINE_CURVE ( 3, ( #1747, #3097, #4870, #3597 ),
 .UNSPECIFIED., .F., .T. ) 
 B_SPLINE_CURVE_WITH_KNOTS ( ( 4, 4 ),
 ( 4.712388980384690562, 5.934618220086329998 ),
 .UNSPECIFIED. ) 
 CURVE ( )  GEOMETRIC_REPRESENTATION_ITEM ( )  RATIONAL_B_SPLINE_CURVE ( ( 1.000000000000000000, 0.8793393195858265621, 0.8793393195858265621, 1.000000000000000000 ) ) 
 REPRESENTATION_ITEM ( '' )  );
#408 = VECTOR ( 'NONE', #4574, 1000.000000000000000 ) ;
#409 = CARTESIAN_POINT ( 'NONE',  ( -10.39230484541326227, 0.2500000000000002220, -17.99999999999999645 ) ) ;
#410 = CARTESIAN_POINT ( 'NONE',  ( 17.22644407847981896, 4.000000000000000000, -3.037486872701713914 ) ) ;
#411 = EDGE_LOOP ( 'NONE', ( #2365, #887, #2049, #3941 ) ) ;
#412 = VERTEX_POINT ( 'NONE', #3891 ) ;
#413 = AXIS2_PLACEMENT_3D ( 'NONE', #1510, #3312, #2936 ) ;
#414 = ORIENTED_EDGE ( 'NONE', *, *, #758, .T. ) ;
#415 = ADVANCED_FACE ( 'NONE', ( #5676 ), #3729, .T. ) ;
#416 = AXIS2_PLACEMENT_3D ( 'NONE', #206, #1985, #4244 ) ;
#417 = CLOSED_SHELL ( 'NONE', ( #710, #516, #2747, #1171, #3958, #5242, #3823, #1127, #1164, #5596, #1846, #4867, #5468, #2502, #523, #4452, #1714, #3253, #4606, #4495, #979, #2402, #1763, #5199, #4943, #1984, #5079, #129, #4283, #3239, #509, #4179, #5633, #5645, #5605, #2270, #5710, #353, #1533, #2444, #1482, #2633, #3062, #5234, #2926, #1013, #2889, #120, #4435, #1475, #174, #3777, #3681, #2684, #1905, #2778, #917, #3305, #136, #3594, #1272, #3274, #1368, #3103, #40, #2998, #18, #3877, #3743, #5570, #1776, #4923, #3144, #1123, #4192, #1375, #4000, #4120, #3993, #4463, #2066, #5394, #2166, #2832, #1579, #4597, #1937, #3576, #4529, #1215, #1085, #5122, #492, #3709, #1481, #2096, #2091, #2315, #346, #4199, #5216, #1669, #1344, #5250, #5215, #855, #4521, #3424, #2586, #1336, #4376, #4703, #5132, #3888, #311, #5703, #805, #4052, #993, #2477, #5092, #4783, #3652, #4382, #4234, #3218, #2549, #701, #2245, #4038, #3950, #2699, #1094, #5312, #1242, #1383, #2367, #3245, #1101, #5696, #5029, #3643, #4737, #1541, #3511, #3315, #2531, #253, #3091, #5561, #1132, #4423, #339, #2157, #2374, #4841, #3537, #4243, #2609, #1205, #943, #1918, #2395, #1313, #3037, #1399, #3569, #636, #415 ) ) ;
#418 = CARTESIAN_POINT ( 'NONE',  ( -5.488802891232789527, 5.000000000000000000, 15.80418510675011490 ) ) ;
#419 = CARTESIAN_POINT ( 'NONE',  ( -10.99686831613288263, 4.750000000000000000, 13.55617105080150964 ) ) ;
#420 = ORIENTED_EDGE ( 'NONE', *, *, #2227, .F. ) ;
#421 = CARTESIAN_POINT ( 'NONE',  ( 18.47520861406801984, 5.000000000000000000, 1.249999999999976907 ) ) ;
#422 = CYLINDRICAL_SURFACE ( 'NONE', #3115, 1.000000000000000222 ) ;
#423 = DIRECTION ( 'NONE',  ( 0.000000000000000000, -1.000000000000000000, 0.000000000000000000 ) ) ;
#424 = ORIENTED_EDGE ( 'NONE', *, *, #2277, .T. ) ;
#425 = EDGE_CURVE ( 'NONE', #2862, #1312, #3952, .T. ) ;
#426 = DIRECTION ( 'NONE',  ( 0.000000000000000000, 0.000000000000000000, 1.000000000000000000 ) ) ;
#427 = CARTESIAN_POINT ( 'NONE',  ( -10.39230484541326227, 0.000000000000000000, -18.74999999999999645 ) ) ;
#428 = CARTESIAN_POINT ( 'NONE',  ( -7.254308784800901577, 5.000000000000000000, 18.93096542272329685 ) ) ;
#429 = ORIENTED_EDGE ( 'NONE', *, *, #3096, .T. ) ;
#430 = CYLINDRICAL_SURFACE ( 'NONE', #4456, 1.249999999999992450 ) ;
#431 = AXIS2_PLACEMENT_3D ( 'NONE', #916, #334, #3090 ) ;
#432 = EDGE_CURVE ( 'NONE', #5120, #3156, #598, .T. ) ;
#433 = ORIENTED_EDGE ( 'NONE', *, *, #425, .F. ) ;
#434 = DIRECTION ( 'NONE',  ( 0.3420201433256794821, 0.000000000000000000, 0.9396926207859045421 ) ) ;
#435 = ORIENTED_EDGE ( 'NONE', *, *, #4696, .T. ) ;
#436 = CARTESIAN_POINT ( 'NONE',  ( 7.505754990901412960, 5.000000000000000000, 18.74999999990938804 ) ) ;
#437 = DIRECTION ( 'NONE',  ( -0.000000000000000000, 1.000000000000000000, -0.000000000000000000 ) ) ;
#438 = LINE ( 'NONE', #1284, #3458 ) ;
#439 = DIRECTION ( 'NONE',  ( 1.000000000000000000, 0.000000000000000000, -1.581383788144378693E-16 ) ) ;
#440 = VERTEX_POINT ( 'NONE', #4148 ) ;
#441 = EDGE_LOOP ( 'NONE', ( #5659, #4228, #3693, #1082 ) ) ;
#442 = CIRCLE ( 'NONE', #4363, 0.2500000000000005551 ) ;
#443 = ORIENTED_EDGE ( 'NONE', *, *, #3479, .T. ) ;
#444 = CARTESIAN_POINT ( 'NONE',  ( 5.356160601192805792, 4.000000000000000000, -16.13417316177776684 ) ) ;
#445 = DIRECTION ( 'NONE',  ( 0.000000000000000000, 0.000000000000000000, -1.000000000000000000 ) ) ;
#446 = EDGE_CURVE ( 'NONE', #551, #1400, #1391, .T. ) ;
#447 = EDGE_LOOP ( 'NONE', ( #2019, #4654, #1696, #898 ) ) ;
#448 = CARTESIAN_POINT ( 'NONE',  ( 11.25833024919769620, 0.2500000000000002220, -18.50000000000000355 ) ) ;
#449 = CARTESIAN_POINT ( 'NONE',  ( -11.25798898661233061, 4.508723330882366653, -12.70244377410175574 ) ) ;
#450 = ORIENTED_EDGE ( 'NONE', *, *, #5467, .T. ) ;
#451 = AXIS2_PLACEMENT_3D ( 'NONE', #559, #5446, #3231 ) ;
#452 = CARTESIAN_POINT ( 'NONE',  ( 11.04549971931363750, 5.000000000000164313, -13.16882033974680155 ) ) ;
#453 = EDGE_CURVE ( 'NONE', #2986, #2967, #2300, .T. ) ;
#454 = DIRECTION ( 'NONE',  ( -0.000000000000000000, -1.000000000000000000, -0.000000000000000000 ) ) ;
#455 = LINE ( 'NONE', #2623, #200 ) ;
#456 = EDGE_LOOP ( 'NONE', ( #3592, #4287, #3162, #1912 ) ) ;
#457 = CARTESIAN_POINT ( 'NONE',  ( 16.65068412775305262, 4.000000000000000000, -3.428515433506546639 ) ) ;
#458 = EDGE_CURVE ( 'NONE', #5306, #567, #4991, .T. ) ;
#459 = EDGE_CURVE ( 'NONE', #4361, #910, #5380, .T. ) ;
#460 = VERTEX_POINT ( 'NONE', #1830 ) ;
#461 = CARTESIAN_POINT ( 'NONE',  ( 20.78460969082651744, 4.750000000000000000, -1.767249541151372227E-14 ) ) ;
#462 = ORIENTED_EDGE ( 'NONE', *, *, #3796, .T. ) ;
#463 = CARTESIAN_POINT ( 'NONE',  ( -6.718336870960796681, 4.763083989060735490, 18.34155141660600563 ) ) ;
#464 = CARTESIAN_POINT ( 'NONE',  ( -11.18811696759119023, 4.763083989060735490, 13.39569437789969264 ) ) ;
#465 = VECTOR ( 'NONE', #3081, 1000.000000000000000 ) ;
#466 = EDGE_CURVE ( 'NONE', #5368, #2785, #1761, .T. ) ;
#467 = CARTESIAN_POINT ( 'NONE',  ( 5.615591116848497322, 4.000000000000000000, -16.10271009400883457 ) ) ;
#468 = CARTESIAN_POINT ( 'NONE',  ( 5.681561631380009914, 4.999999999999999112, -15.81633377790929806 ) ) ;
#469 = EDGE_LOOP ( 'NONE', ( #4130, #3988, #1287, #2824 ) ) ;
#470 = ORIENTED_EDGE ( 'NONE', *, *, #4305, .T. ) ;
#471 = CARTESIAN_POINT ( 'NONE',  ( -16.92728281175102012, 5.000000000000000000, -2.981273184546220367 ) ) ;
#472 = VECTOR ( 'NONE', #2529, 1000.000000000000000 ) ;
#473 = CYLINDRICAL_SURFACE ( 'NONE', #5372, 0.2500000000000002220 ) ;
#474 = EDGE_LOOP ( 'NONE', ( #3498, #5356, #2224, #3710 ) ) ;
#475 = DIRECTION ( 'NONE',  ( 0.000000000000000000, 0.04824303228071010613, -0.9988356270359814992 ) ) ;
#476 =( NAMED_UNIT ( * ) PLANE_ANGLE_UNIT ( ) SI_UNIT ( $, .RADIAN. ) );
#477 = ORIENTED_EDGE ( 'NONE', *, *, #4251, .T. ) ;
#478 = DIRECTION ( 'NONE',  ( -0.9848077530122080203, 0.000000000000000000, -0.1736481776669306087 ) ) ;
#479 = EDGE_CURVE ( 'NONE', #2376, #4361, #3262, .T. ) ;
#480 = CARTESIAN_POINT ( 'NONE',  ( 20.06744172332724929, 5.000000000000000000, 2.742171357269622689 ) ) ;
#481 = ORIENTED_EDGE ( 'NONE', *, *, #2278, .F. ) ;
#482 = CARTESIAN_POINT ( 'NONE',  ( 10.89518783216069409, 4.496257940945369569, -13.02484015876360779 ) ) ;
#483 = ORIENTED_EDGE ( 'NONE', *, *, #1838, .T. ) ;
#484 = DIRECTION ( 'NONE',  ( 0.000000000000000000, 0.000000000000000000, 1.000000000000000000 ) ) ;
#485 = VECTOR ( 'NONE', #3561, 1000.000000000000000 ) ;
#486 = EDGE_CURVE ( 'NONE', #3156, #2862, #2273, .T. ) ;
#487 = ORIENTED_EDGE ( 'NONE', *, *, #5743, .F. ) ;
#488 = CARTESIAN_POINT ( 'NONE',  ( -6.006953148798073627, 4.763083989060735490, -16.38704070339547769 ) ) ;
#489 = VERTEX_POINT ( 'NONE', #988 ) ;
#490 = CARTESIAN_POINT ( 'NONE',  ( 19.91219989743322216, 4.000000000000000000, -3.511058087177985509 ) ) ;
#491 = CARTESIAN_POINT ( 'NONE',  ( -19.28677045679830471, 5.000000000000000000, 3.106660779815933360 ) ) ;
#492 = ADVANCED_FACE ( 'NONE', ( #28 ), #58, .T. ) ;
#493 = CIRCLE ( 'NONE', #4877, 1.699999999999998401 ) ;
#494 = CARTESIAN_POINT ( 'NONE',  ( 11.89999999999999858, 2.850000000000000089, 1.699999999999999289 ) ) ;
#495 = CARTESIAN_POINT ( 'NONE',  ( -11.18662269158151190, 4.783564787008379504, 13.39558341014884668 ) ) ;
#496 = CIRCLE ( 'NONE', #4418, 1.249999999999997558 ) ;
#497 = ORIENTED_EDGE ( 'NONE', *, *, #1407, .T. ) ;
#498 = VERTEX_POINT ( 'NONE', #3659 ) ;
#499 = AXIS2_PLACEMENT_3D ( 'NONE', #5506, #1932, #4546 ) ;
#500 = DIRECTION ( 'NONE',  ( 4.625929269271481378E-15, 0.000000000000000000, 1.000000000000000000 ) ) ;
#501 = CARTESIAN_POINT ( 'NONE',  ( -11.27626041075792251, 4.254361998983254622, 12.70405638524356995 ) ) ;
#502 = ORIENTED_EDGE ( 'NONE', *, *, #4356, .T. ) ;
#503 = FACE_OUTER_BOUND ( 'NONE', #5405, .T. ) ;
#504 = AXIS2_PLACEMENT_3D ( 'NONE', #1495, #3656, #1036 ) ;
#505 = DIRECTION ( 'NONE',  ( -1.836970198721030427E-16, 0.000000000000000000, -1.000000000000000000 ) ) ;
#506 = VERTEX_POINT ( 'NONE', #1337 ) ;
#507 = B_SPLINE_CURVE_WITH_KNOTS ( 'NONE', 3,
 ( #2812, #449, #3583, #5363 ),
 .UNSPECIFIED., .F., .F.,
 ( 4, 4 ),
 ( 0.0002375320302479720300, 0.001002597511009808073 ),
 .UNSPECIFIED. ) ;
#508 = CARTESIAN_POINT ( 'NONE',  ( -16.74975890480990515, 3.970742523137933855, -2.954991388592726587 ) ) ;
#509 = ADVANCED_FACE ( 'NONE', ( #3159 ), #4929, .F. ) ;
#510 = CARTESIAN_POINT ( 'NONE',  ( 19.65538622699489224, 4.760310248187458626, 3.360126590758212295 ) ) ;
#511 = ORIENTED_EDGE ( 'NONE', *, *, #4006, .F. ) ;
#512 = LINE ( 'NONE', #566, #5621 ) ;
#513 = ORIENTED_EDGE ( 'NONE', *, *, #4998, .F. ) ;
#514 = CARTESIAN_POINT ( 'NONE',  ( -5.380000693444617177, 4.783564761053541226, 16.08294353145297961 ) ) ;
#515 = VERTEX_POINT ( 'NONE', #961 ) ;
#516 = ADVANCED_FACE ( 'NONE', ( #2776 ), #3220, .T. ) ;
#517 = CARTESIAN_POINT ( 'NONE',  ( -10.39230484541326227, 4.750000000000000000, -17.99999999999999645 ) ) ;
#518 = ORIENTED_EDGE ( 'NONE', *, *, #3323, .F. ) ;
#519 = LINE ( 'NONE', #490, #205 ) ;
#520 = CARTESIAN_POINT ( 'NONE',  ( -10.39230484541324451, 4.750000000000000000, 18.75000000000000355 ) ) ;
#521 = DIRECTION ( 'NONE',  ( 0.000000000000000000, 0.04824303228071010613, -0.9988356270359814992 ) ) ;
#522 = CARTESIAN_POINT ( 'NONE',  ( -11.22495303937221145, 4.258073450131963256, 13.39841936389506749 ) ) ;
#523 = ADVANCED_FACE ( 'NONE', ( #4091 ), #1860, .F. ) ;
#524 = VERTEX_POINT ( 'NONE', #1419 ) ;
#525 = ORIENTED_EDGE ( 'NONE', *, *, #2485, .F. ) ;
#526 = DIRECTION ( 'NONE',  ( -0.000000000000000000, 1.000000000000000000, -0.000000000000000000 ) ) ;
#527 = CARTESIAN_POINT ( 'NONE',  ( -11.25833024919770153, 4.750000000000000000, -18.49999999999999645 ) ) ;
#528 = CARTESIAN_POINT ( 'NONE',  ( -11.24376283466122040, 4.000000000000000000, -13.39979475248478913 ) ) ;
#529 = EDGE_CURVE ( 'NONE', #1424, #239, #5511, .T. ) ;
#530 = AXIS2_PLACEMENT_3D ( 'NONE', #2746, #5434, #3298 ) ;
#531 = ORIENTED_EDGE ( 'NONE', *, *, #2299, .F. ) ;
#532 = DIRECTION ( 'NONE',  ( 0.02784232977355503846, -0.9984484056230058524, -0.04822432976888508388 ) ) ;
#533 = VERTEX_POINT ( 'NONE', #576 ) ;
#534 = CARTESIAN_POINT ( 'NONE',  ( 20.78460969082651744, 0.000000000000000000, -1.767249541151372227E-14 ) ) ;
#535 = CARTESIAN_POINT ( 'NONE',  ( -20.26303387659166688, 4.000000000000000000, -2.903395810253849518 ) ) ;
#536 = VERTEX_POINT ( 'NONE', #2353 ) ;
#537 = DIRECTION ( 'NONE',  ( 0.000000000000000000, 0.000000000000000000, 1.000000000000000000 ) ) ;
#538 = CARTESIAN_POINT ( 'NONE',  ( -19.39592061336213646, 4.009231515021574488, -3.404115665120223788 ) ) ;
#539 = ORIENTED_EDGE ( 'NONE', *, *, #2046, .F. ) ;
#540 = CARTESIAN_POINT ( 'NONE',  ( -5.999252259516549834, 4.520819503170323550, 16.40300489433617059 ) ) ;
#541 = ORIENTED_EDGE ( 'NONE', *, *, #34, .F. ) ;
#542 = DIRECTION ( 'NONE',  ( -0.8660254037844395958, 0.000000000000000000, -0.4999999999999985567 ) ) ;
#543 = DIRECTION ( 'NONE',  ( -0.1994965860763076582, -3.753225100242618527E-13, 0.9798985213499908919 ) ) ;
#544 = CARTESIAN_POINT ( 'NONE',  ( 17.21924957210173091, 4.175224291363954343, -3.026893506761318076 ) ) ;
#545 = FACE_OUTER_BOUND ( 'NONE', #5374, .T. ) ;
#546 =( BOUNDED_SURFACE ( )  B_SPLINE_SURFACE ( 3, 2, ( 
 ( #5370, #4347, #3515 ),
 ( #3913, #4407, #1682 ),
 ( #1247, #4812, #5457 ),
 ( #3679, #4057, #3619 ),
 ( #4082, #3708, #1821 ),
 ( #3733, #2711, #5040 ) ),
 .UNSPECIFIED., .F., .F., .T. ) 
 B_SPLINE_SURFACE_WITH_KNOTS ( ( 4, 2, 4 ),
 ( 3, 3 ),
 ( 4.712388980384687898, 5.323503600235509836, 5.934618220086331775 ),
 ( 0.000000000000000000, 1.000000000000000000 ),
 .UNSPECIFIED. ) 
 GEOMETRIC_REPRESENTATION_ITEM ( )  RATIONAL_B_SPLINE_SURFACE ( (
 ( 1.000000000000000000, 0.7071067811865475727, 1.000000000000000000),
 ( 1.000000000000000000, 0.7111226099810890044, 1.000000000000000000),
 ( 1.000000000000000000, 0.7150809331574090599, 1.000000000000000000),
 ( 1.000000000000000000, 0.7215476082090930277, 1.000000000000000000),
 ( 1.000000000000000000, 0.7240499912500244495, 1.000000000000000000),
 ( 1.000000000000000000, 0.7253743710122874111, 1.000000000000000000) ) ) 
 REPRESENTATION_ITEM ( '' )  SURFACE ( )  );
#547 = EDGE_CURVE ( 'NONE', #2805, #4391, #5704, .T. ) ;
#548 = DIRECTION ( 'NONE',  ( -0.000000000000000000, 1.000000000000000000, -0.000000000000000000 ) ) ;
#549 = CARTESIAN_POINT ( 'NONE',  ( 11.04543139784620109, 4.999999999999833911, 13.16845498372359025 ) ) ;
#550 = ORIENTED_EDGE ( 'NONE', *, *, #3210, .F. ) ;
#551 = VERTEX_POINT ( 'NONE', #333 ) ;
#552 = CARTESIAN_POINT ( 'NONE',  ( 0.000000000000000000, 4.763083989060735490, 0.000000000000000000 ) ) ;
#553 = VECTOR ( 'NONE', #3898, 1000.000000000000000 ) ;
#554 = CARTESIAN_POINT ( 'NONE',  ( 6.004437515563686212, 4.683946675189657682, 16.39225527606429722 ) ) ;
#555 = EDGE_CURVE ( 'NONE', #80, #5650, #3008, .T. ) ;
#556 = CARTESIAN_POINT ( 'NONE',  ( -7.658930804738324660, 4.750000000000000000, -18.99999999999999645 ) ) ;
#557 = VERTEX_POINT ( 'NONE', #4402 ) ;
#558 = DIRECTION ( 'NONE',  ( 0.000000000000000000, 0.000000000000000000, -1.000000000000000000 ) ) ;
#559 = CARTESIAN_POINT ( 'NONE',  ( 0.000000000000000000, 0.000000000000000000, 0.000000000000000000 ) ) ;
#560 = ORIENTED_EDGE ( 'NONE', *, *, #72, .T. ) ;
#561 = FACE_OUTER_BOUND ( 'NONE', #3295, .T. ) ;
#562 = EDGE_CURVE ( 'NONE', #1525, #371, #392, .T. ) ;
#563 = UNCERTAINTY_MEASURE_WITH_UNIT (LENGTH_MEASURE( 1.000000000000000082E-05 ), #4485, 'distance_accuracy_value', 'NONE');
#564 = CARTESIAN_POINT ( 'NONE',  ( 19.24341790707968869, 4.763083989060735490, 3.352525306869207800 ) ) ;
#565 = CYLINDRICAL_SURFACE ( 'NONE', #3399, 0.2499999999999998890 ) ;
#566 = CARTESIAN_POINT ( 'NONE',  ( 21.65063509461095492, 4.750000000000000000, -0.5000000000000169864 ) ) ;
#567 = VERTEX_POINT ( 'NONE', #3089 ) ;
#568 = DIRECTION ( 'NONE',  ( -1.000000000000000000, 0.000000000000000000, 0.000000000000000000 ) ) ;
#569 = EDGE_LOOP ( 'NONE', ( #2242, #715, #2969, #2900 ) ) ;
#570 = DIRECTION ( 'NONE',  ( 0.000000000000000000, 0.000000000000000000, -1.000000000000000000 ) ) ;
#571 = VECTOR ( 'NONE', #4748, 1000.000000000000114 ) ;
#572 = DIRECTION ( 'NONE',  ( 0.000000000000000000, 0.000000000000000000, -1.000000000000000000 ) ) ;
#573 = CARTESIAN_POINT ( 'NONE',  ( 17.23842266610770224, 5.000000000000000000, -2.745481798442726884 ) ) ;
#574 = CARTESIAN_POINT ( 'NONE',  ( -11.89999999999999858, 2.850000000000000089, 1.700000000000000844 ) ) ;
#575 = AXIS2_PLACEMENT_3D ( 'NONE', #4317, #3854, #3426 ) ;
#576 = CARTESIAN_POINT ( 'NONE',  ( 11.23970920066359014, 4.763083989060736378, 12.70081982158182399 ) ) ;
#577 = CARTESIAN_POINT ( 'NONE',  ( 16.79202880849571855, 4.750000000000000000, -2.666770517323197254 ) ) ;
#578 = ORIENTED_EDGE ( 'NONE', *, *, #2292, .T. ) ;
#579 = CARTESIAN_POINT ( 'NONE',  ( -7.658930804737987152, 5.000000000000000000, 18.75000000000000355 ) ) ;
#580 = EDGE_CURVE ( 'NONE', #1927, #5556, #1156, .T. ) ;
#581 = CARTESIAN_POINT ( 'NONE',  ( -16.93321542156327553, 4.768239842012923724, -2.997742716798195151 ) ) ;
#582 = AXIS2_PLACEMENT_3D ( 'NONE', #2496, #741, #4280 ) ;
#583 = DIRECTION ( 'NONE',  ( -1.000000000000000000, 0.000000000000000000, 1.836970198721028948E-16 ) ) ;
#584 = VERTEX_POINT ( 'NONE', #861 ) ;
#585 = EDGE_CURVE ( 'NONE', #1694, #286, #4432, .T. ) ;
#586 = DIRECTION ( 'NONE',  ( -0.5000000000000004441, -0.000000000000000000, -0.8660254037844383745 ) ) ;
#587 = CALENDAR_DATE ( 2022, 17, 2 ) ;
#588 = EDGE_LOOP ( 'NONE', ( #595, #2168, #2624, #2741 ) ) ;
#589 = DIRECTION ( 'NONE',  ( 3.469446951953611033E-15, 0.000000000000000000, 1.000000000000000000 ) ) ;
#590 = TOROIDAL_SURFACE ( 'NONE', #312, 16.71035107903824013, 0.2500000000000000000 ) ;
#591 = EDGE_CURVE ( 'NONE', #1811, #4486, #2834, .T. ) ;
#592 = CARTESIAN_POINT ( 'NONE',  ( 20.02185136664372678, 5.000000000000000888, 3.183067016827261675 ) ) ;
#593 = CARTESIAN_POINT ( 'NONE',  ( 7.960204194457796463E-16, 0.000000000000000000, 6.500000000000000888 ) ) ;
#594 = CARTESIAN_POINT ( 'NONE',  ( -16.84545392521771134, 4.999999999999999112, 2.755726267307387456 ) ) ;
#595 = ORIENTED_EDGE ( 'NONE', *, *, #4397, .T. ) ;
#596 = CARTESIAN_POINT ( 'NONE',  ( -5.372012573311028660, 4.520819503170136144, 16.10013558683109025 ) ) ;
#597 = CIRCLE ( 'NONE', #5366, 0.2499999999999997502 ) ;
#598 = B_SPLINE_CURVE_WITH_KNOTS ( 'NONE', 3,
 ( #847, #1014, #467, #4503, #112, #4531 ),
 .UNSPECIFIED., .F., .F.,
 ( 4, 2, 4 ),
 ( 0.000000000000000000, 0.0003829498216017724515, 0.0007658996432035449029 ),
 .UNSPECIFIED. ) ;
#599 = ORIENTED_EDGE ( 'NONE', *, *, #4952, .F. ) ;
#600 = EDGE_CURVE ( 'NONE', #1863, #1109, #3324, .T. ) ;
#601 = ORIENTED_EDGE ( 'NONE', *, *, #730, .F. ) ;
#602 = CARTESIAN_POINT ( 'NONE',  ( -6.952938072138073800, 5.000000000000000000, -18.25616356245451044 ) ) ;
#603 = DIRECTION ( 'NONE',  ( -0.7488687195819805353, 0.000000000000000000, 0.6627183721850821163 ) ) ;
#604 = LINE ( 'NONE', #2411, #3222 ) ;
#605 = CARTESIAN_POINT ( 'NONE',  ( -12.52508103611878099, 4.763083989060735490, 14.98902610973682492 ) ) ;
#606 = ORIENTED_EDGE ( 'NONE', *, *, #2227, .T. ) ;
#607 = DIRECTION ( 'NONE',  ( -0.000000000000000000, 1.000000000000000000, -0.000000000000000000 ) ) ;
#608 = AXIS2_PLACEMENT_3D ( 'NONE', #4916, #5285, #3035 ) ;
#609 = CARTESIAN_POINT ( 'NONE',  ( 6.006953148797959940, 4.763083989060735490, 16.38704070339551677 ) ) ;
#610 = APPLICATION_CONTEXT ( 'configuration controlled 3d designs of mechanical parts and assemblies' ) ;
#611 = DIRECTION ( 'NONE',  ( 0.02784232977355508704, -0.9984484056230057414, 0.04822432976888503531 ) ) ;
#612 = DIRECTION ( 'NONE',  ( 0.7660444431189802339, 0.000000000000000000, -0.6427876096865368094 ) ) ;
#613 = ORIENTED_EDGE ( 'NONE', *, *, #4744, .F. ) ;
#614 = CARTESIAN_POINT ( 'NONE',  ( 17.22663595971867423, 3.995326637881657650, -3.037769405365588593 ) ) ;
#615 = PERSON_AND_ORGANIZATION ( #230, #5683 ) ;
#616 = EDGE_LOOP ( 'NONE', ( #919, #2030, #2619, #2948 ) ) ;
#617 = CARTESIAN_POINT ( 'NONE',  ( 5.930189205541423218E-15, 0.000000000000000000, 18.75000000000000000 ) ) ;
#618 = EDGE_CURVE ( 'NONE', #536, #2445, #4996, .T. ) ;
#619 = CIRCLE ( 'NONE', #341, 0.2500000000000009437 ) ;
#620 = FACE_OUTER_BOUND ( 'NONE', #367, .T. ) ;
#621 = DIRECTION ( 'NONE',  ( -0.000000000000000000, 1.000000000000000000, -0.000000000000000000 ) ) ;
#622 = B_SPLINE_CURVE_WITH_KNOTS ( 'NONE', 3,
 ( #4564, #554, #1837, #2333, #1396, #117, #3195 ),
 .UNSPECIFIED., .F., .F.,
 ( 4, 3, 4 ),
 ( 0.0002375494058362757845, 0.0004755958542684410231, 0.001002670605653884026 ),
 .UNSPECIFIED. ) ;
#623 = DIRECTION ( 'NONE',  ( -0.000000000000000000, 1.000000000000000000, -0.000000000000000000 ) ) ;
#624 = ORIENTED_EDGE ( 'NONE', *, *, #5360, .F. ) ;
#625 = CARTESIAN_POINT ( 'NONE',  ( -5.482986117577866914, 5.000000000000000000, 15.78638177918319840 ) ) ;
#626 = DIRECTION ( 'NONE',  ( -0.9848077530122069101, 3.012315703594267016E-16, 0.1736481776669369093 ) ) ;
#627 = EDGE_CURVE ( 'NONE', #4889, #3124, #1091, .T. ) ;
#628 = ORIENTED_EDGE ( 'NONE', *, *, #4633, .T. ) ;
#629 = DIRECTION ( 'NONE',  ( -0.8660254037844377084, 0.000000000000000000, 0.5000000000000015543 ) ) ;
#630 = ORIENTED_EDGE ( 'NONE', *, *, #1244, .F. ) ;
#631 = CARTESIAN_POINT ( 'NONE',  ( -9.237604307034009921, 5.000000000000000000, -16.00000000000000000 ) ) ;
#632 = CYLINDRICAL_SURFACE ( 'NONE', #2973, 0.9999999999999987788 ) ;
#633 = APPROVAL_PERSON_ORGANIZATION ( #2050, #2935, #1140 ) ;
#634 = EDGE_CURVE ( 'NONE', #3904, #3213, #2851, .T. ) ;
#635 = AXIS2_PLACEMENT_3D ( 'NONE', #1310, #2131, #4876 ) ;
#636 = ADVANCED_FACE ( 'NONE', ( #1520 ), #1616, .T. ) ;
#637 = LINE ( 'NONE', #5494, #1718 ) ;
#638 = DIRECTION ( 'NONE',  ( 0.000000000000000000, 0.000000000000000000, 1.000000000000000000 ) ) ;
#639 = ORIENTED_EDGE ( 'NONE', *, *, #5533, .F. ) ;
#640 = LINE ( 'NONE', #4206, #2928 ) ;
#641 = CARTESIAN_POINT ( 'NONE',  ( 12.54636008864540386, 4.000000000000000000, 14.95216970962379754 ) ) ;
#642 = CARTESIAN_POINT ( 'NONE',  ( 10.96965511460288489, 0.2500000000000002220, -19.00000000000000000 ) ) ;
#643 = DIRECTION ( 'NONE',  ( 0.9848077530122081313, -0.000000000000000000, 0.1736481776669306087 ) ) ;
#644 = VERTEX_POINT ( 'NONE', #3794 ) ;
#645 = ORIENTED_EDGE ( 'NONE', *, *, #2713, .F. ) ;
#646 = CARTESIAN_POINT ( 'NONE',  ( 16.73860376501689728, 4.233548948420264857, -2.939038863057815476 ) ) ;
#647 = APPROVAL_STATUS ( 'not_yet_approved' ) ;
#648 = EDGE_LOOP ( 'NONE', ( #3613, #5722, #248, #3095, #4879, #1805, #429, #1823 ) ) ;
#649 = LINE ( 'NONE', #617, #4021 ) ;
#650 = CARTESIAN_POINT ( 'NONE',  ( 5.639240685710028345, 4.768240051505141075, -16.05190776127061270 ) ) ;
#651 = CARTESIAN_POINT ( 'NONE',  ( 10.39230484541325872, 5.000000000000000000, -18.00000000000000000 ) ) ;
#652 = DIRECTION ( 'NONE',  ( -1.000000000000000000, 0.000000000000000000, 0.000000000000000000 ) ) ;
#653 = DIRECTION ( 'NONE',  ( 0.9848077530122065770, 0.000000000000000000, -0.1736481776669385191 ) ) ;
#654 = ORIENTED_EDGE ( 'NONE', *, *, #3219, .F. ) ;
#655 = AXIS2_PLACEMENT_3D ( 'NONE', #4764, #1199, #3807 ) ;
#656 = EDGE_CURVE ( 'NONE', #3957, #4631, #3355, .T. ) ;
#657 = CARTESIAN_POINT ( 'NONE',  ( 10.39230484541326582, 4.750000000000000000, 18.74999999999999645 ) ) ;
#658 = CARTESIAN_POINT ( 'NONE',  ( -10.83768647578547650, 5.000000000000000000, 12.82780814716221585 ) ) ;
#659 = VERTEX_POINT ( 'NONE', #2882 ) ;
#660 = CARTESIAN_POINT ( 'NONE',  ( 12.62501726953519210, 4.750000000000000000, -16.13282864273053718 ) ) ;
#661 = DIRECTION ( 'NONE',  ( -0.000000000000000000, 1.000000000000000000, -0.000000000000000000 ) ) ;
#662 = EDGE_CURVE ( 'NONE', #3633, #412, #2833, .T. ) ;
#663 = CARTESIAN_POINT ( 'NONE',  ( -10.39230484541324451, 0.000000000000000000, 18.75000000000000355 ) ) ;
#664 = PLANE ( 'NONE',  #2823 ) ;
#665 = CIRCLE ( 'NONE', #4502, 0.2500000000000006106 ) ;
#666 = ORIENTED_EDGE ( 'NONE', *, *, #5430, .F. ) ;
#667 = LINE ( 'NONE', #727, #5442 ) ;
#668 = EDGE_CURVE ( 'NONE', #4906, #5734, #4139, .T. ) ;
#669 = CARTESIAN_POINT ( 'NONE',  ( -16.52805097590768924, 4.999999999999998224, -2.971807742432767796 ) ) ;
#670 = CARTESIAN_POINT ( 'NONE',  ( 16.61908721471059991, 4.763083989060735490, 3.383463788133442396 ) ) ;
#671 = DIRECTION ( 'NONE',  ( 0.000000000000000000, 0.000000000000000000, 1.000000000000000000 ) ) ;
#672 = LINE ( 'NONE', #2515, #188 ) ;
#673 = EDGE_LOOP ( 'NONE', ( #4163, #1639, #3389, #4406 ) ) ;
#674 = ORIENTED_EDGE ( 'NONE', *, *, #2031, .F. ) ;
#675 = DIRECTION ( 'NONE',  ( -0.3420201433256501722, 9.480992564530127419E-15, 0.9396926207859152003 ) ) ;
#676 = EDGE_CURVE ( 'NONE', #1332, #4520, #5160, .T. ) ;
#677 = VERTEX_POINT ( 'NONE', #2914 ) ;
#678 = VECTOR ( 'NONE', #1072, 1000.000000000000114 ) ;
#679 = CARTESIAN_POINT ( 'NONE',  ( 16.70813591660273190, 4.999999999999999112, 3.130348547290489503 ) ) ;
#680 = LINE ( 'NONE', #421, #4426 ) ;
#681 = DIRECTION ( 'NONE',  ( 1.000000000000000000, 0.000000000000000000, -1.836970198721028948E-16 ) ) ;
#682 = CIRCLE ( 'NONE', #874, 16.71035107903824013 ) ;
#683 = CARTESIAN_POINT ( 'NONE',  ( -11.13756045276335982, 4.000000000000000000, -12.91459961146157553 ) ) ;
#684 = ORIENTED_EDGE ( 'NONE', *, *, #1283, .F. ) ;
#685 = CARTESIAN_POINT ( 'NONE',  ( -16.61823801259133404, 4.783564761050626224, 3.382254492825689240 ) ) ;
#686 = LINE ( 'NONE', #3820, #2358 ) ;
#687 = CARTESIAN_POINT ( 'NONE',  ( 19.76208874552180816, 4.000000000000000000, -3.404561540562891953 ) ) ;
#688 = AXIS2_PLACEMENT_3D ( 'NONE', #3612, #3200, #1431 ) ;
#689 = ORIENTED_EDGE ( 'NONE', *, *, #5022, .T. ) ;
#690 = AXIS2_PLACEMENT_3D ( 'NONE', #1991, #180, #784 ) ;
#691 = CARTESIAN_POINT ( 'NONE',  ( 11.04182389825158772, 0.2500000000000002220, -18.37500000000000355 ) ) ;
#692 = CARTESIAN_POINT ( 'NONE',  ( 7.251669733352907876, 4.755665143279745877, -18.93589086960605883 ) ) ;
#693 = CARTESIAN_POINT ( 'NONE',  ( -12.72799656502211008, 5.000000000000000888, 15.34533095532439440 ) ) ;
#694 = VECTOR ( 'NONE', #611, 1000.000000000000227 ) ;
#695 = AXIS2_PLACEMENT_3D ( 'NONE', #3215, #2378, #1064 ) ;
#696 = EDGE_CURVE ( 'NONE', #412, #896, #686, .T. ) ;
#697 = DIRECTION ( 'NONE',  ( 0.8660254037844399289, 0.000000000000000000, 0.4999999999999980016 ) ) ;
#698 = ORIENTED_EDGE ( 'NONE', *, *, #3922, .T. ) ;
#699 = CARTESIAN_POINT ( 'NONE',  ( -17.04548023013997593, 5.000000000000000000, -2.730478852115588051 ) ) ;
#700 = CARTESIAN_POINT ( 'NONE',  ( 6.241554349974893334, 5.000000000000000000, 16.30165284924401448 ) ) ;
#701 = ADVANCED_FACE ( 'NONE', ( #3385 ), #590, .T. ) ;
#702 = CARTESIAN_POINT ( 'NONE',  ( -13.50000000000000000, 5.000000000000000000, 3.350000000000002309 ) ) ;
#703 = CARTESIAN_POINT ( 'NONE',  ( 5.300191647848640386, 4.750000000001810996, 15.84751720872348102 ) ) ;
#704 = ORIENTED_EDGE ( 'NONE', *, *, #4104, .T. ) ;
#705 = ORIENTED_EDGE ( 'NONE', *, *, #1197, .T. ) ;
#706 = AXIS2_PLACEMENT_3D ( 'NONE', #1790, #1764, #4808 ) ;
#707 = ORIENTED_EDGE ( 'NONE', *, *, #580, .T. ) ;
#708 = CARTESIAN_POINT ( 'NONE',  ( -12.82602917210749638, 4.000000000000000000, 15.28546634457734577 ) ) ;
#709 = EDGE_CURVE ( 'NONE', #1201, #1465, #3867, .T. ) ;
#710 = ADVANCED_FACE ( 'NONE', ( #4285 ), #1055, .T. ) ;
#711 = CARTESIAN_POINT ( 'NONE',  ( 5.962751785949595984, 4.766372726975536267, -16.26509452343603002 ) ) ;
#712 = CARTESIAN_POINT ( 'NONE',  ( 19.41691370617495238, 4.762060758070177258, -3.367754561760445409 ) ) ;
#713 = DIRECTION ( 'NONE',  ( -0.000000000000000000, 1.000000000000000000, -0.000000000000000000 ) ) ;
#714 = DIRECTION ( 'NONE',  ( -0.4999999999999986677, 0.000000000000000000, -0.8660254037844395958 ) ) ;
#715 = ORIENTED_EDGE ( 'NONE', *, *, #5430, .T. ) ;
#716 = CARTESIAN_POINT ( 'NONE',  ( -5.982681243818825934, 4.000000000000000000, -16.43728162518627300 ) ) ;
#717 = DIRECTION ( 'NONE',  ( 0.000000000000000000, 0.000000000000000000, 1.000000000000000000 ) ) ;
#718 = CARTESIAN_POINT ( 'NONE',  ( -10.99686831613288263, 5.000000000000000000, 13.55617105080150964 ) ) ;
#719 = B_SPLINE_CURVE_WITH_KNOTS ( 'NONE', 3,
 ( #3155, #5346, #3980, #5294, #4411, #1278 ),
 .UNSPECIFIED., .F., .F.,
 ( 4, 2, 4 ),
 ( 8.673617379884035472E-19, 0.0003837252234144609931, 0.0007674504468289211189 ),
 .UNSPECIFIED. ) ;
#720 = VERTEX_POINT ( 'NONE', #3847 ) ;
#721 = VECTOR ( 'NONE', #5569, 1000.000000000000000 ) ;
#722 = CARTESIAN_POINT ( 'NONE',  ( 16.72104025460724230, 4.768240053429968484, -3.142187238254032344 ) ) ;
#723 = CARTESIAN_POINT ( 'NONE',  ( 12.65620726405016505, 4.762114405148189178, -15.14521721081203331 ) ) ;
#724 = DIRECTION ( 'NONE',  ( 0.3420201433256587209, 0.000000000000000000, -0.9396926207859119806 ) ) ;
#725 = DIRECTION ( 'NONE',  ( -0.05568465954710993815, -0.9984484056230058524, 7.778610774339218655E-18 ) ) ;
#726 = ORIENTED_EDGE ( 'NONE', *, *, #3287, .T. ) ;
#727 = CARTESIAN_POINT ( 'NONE',  ( 19.22080329171854984, 3.952105639380302016, -3.391694969668341830 ) ) ;
#728 = CARTESIAN_POINT ( 'NONE',  ( -6.824587577042152908, 4.000000000000000888, 18.75040026501407198 ) ) ;
#729 = AXIS2_PLACEMENT_3D ( 'NONE', #3641, #4939, #2702 ) ;
#730 = EDGE_CURVE ( 'NONE', #3423, #233, #1335, .T. ) ;
#731 = DIRECTION ( 'NONE',  ( 0.000000000000000000, 0.000000000000000000, 1.000000000000000000 ) ) ;
#732 = CARTESIAN_POINT ( 'NONE',  ( -16.61908721471058570, 4.763083989060736378, 3.383463788133481476 ) ) ;
#733 = CARTESIAN_POINT ( 'NONE',  ( -19.24341790707968869, 4.763083989060735490, -3.352525306869207355 ) ) ;
#734 = ORIENTED_EDGE ( 'NONE', *, *, #3751, .T. ) ;
#735 = ORIENTED_EDGE ( 'NONE', *, *, #668, .F. ) ;
#736 = VERTEX_POINT ( 'NONE', #3878 ) ;
#737 = EDGE_CURVE ( 'NONE', #2637, #3876, #5661, .T. ) ;
#738 = CARTESIAN_POINT ( 'NONE',  ( -5.840468685547154593, 4.758867599826396955, -15.93027447764933235 ) ) ;
#739 = CARTESIAN_POINT ( 'NONE',  ( 10.99686831613279026, 5.000000000000000000, -13.55617105080158780 ) ) ;
#740 = DIRECTION ( 'NONE',  ( 0.000000000000000000, 1.000000000000000000, 0.000000000000000000 ) ) ;
#741 = DIRECTION ( 'NONE',  ( -0.000000000000000000, -1.000000000000000000, -0.000000000000000000 ) ) ;
#742 = CARTESIAN_POINT ( 'NONE',  ( -7.658930804737987152, 5.000000000000000000, 18.75000000000000355 ) ) ;
#743 = ORIENTED_EDGE ( 'NONE', *, *, #1028, .T. ) ;
#744 = EDGE_CURVE ( 'NONE', #1793, #3124, #4194, .T. ) ;
#745 = CARTESIAN_POINT ( 'NONE',  ( -16.71625673078179375, 4.758867573868694301, 2.907142988709782827 ) ) ;
#746 = CIRCLE ( 'NONE', #3269, 0.2499999999999983347 ) ;
#747 = CARTESIAN_POINT ( 'NONE',  ( -19.28677045679830471, 4.750000000000000000, 3.106660779815933804 ) ) ;
#748 = FACE_OUTER_BOUND ( 'NONE', #1103, .T. ) ;
#749 = DIRECTION ( 'NONE',  ( -0.3420201433256721546, -1.186620743767990374E-15, -0.9396926207859073177 ) ) ;
#750 = CYLINDRICAL_SURFACE ( 'NONE', #575, 0.9999999999999996669 ) ;
#751 = CARTESIAN_POINT ( 'NONE',  ( -6.954483709908099165, 5.000000000000000000, -18.26041016732630951 ) ) ;
#752 = ORIENTED_EDGE ( 'NONE', *, *, #696, .T. ) ;
#753 = CARTESIAN_POINT ( 'NONE',  ( 21.93931022920576979, 5.000000000000000000, -1.734827766619825760E-14 ) ) ;
#754 = CARTESIAN_POINT ( 'NONE',  ( 5.689838004696924578, 5.000000000000000000, -15.79951032031013192 ) ) ;
#755 = CARTESIAN_POINT ( 'NONE',  ( 11.24376283466122040, 4.000000000000000000, 13.39979475248478913 ) ) ;
#756 = DIRECTION ( 'NONE',  ( -0.5000000000000002220, 0.000000000000000000, -0.8660254037844384856 ) ) ;
#757 = DIRECTION ( 'NONE',  ( 0.000000000000000000, 0.000000000000000000, 1.000000000000000000 ) ) ;
#758 = EDGE_CURVE ( 'NONE', #1052, #881, #2272, .T. ) ;
#759 = ORIENTED_EDGE ( 'NONE', *, *, #1549, .F. ) ;
#760 = ORIENTED_EDGE ( 'NONE', *, *, #1008, .F. ) ;
#761 = ORIENTED_EDGE ( 'NONE', *, *, #3542, .F. ) ;
#762 = AXIS2_PLACEMENT_3D ( 'NONE', #4542, #505, #3259 ) ;
#763 = CARTESIAN_POINT ( 'NONE',  ( -6.241554349974738791, 5.000000000000000000, 16.30165284924408198 ) ) ;
#764 = CARTESIAN_POINT ( 'NONE',  ( -16.61908721471058570, 4.763083989060736378, 3.383463788133481476 ) ) ;
#765 = EDGE_CURVE ( 'NONE', #286, #213, #5359, .T. ) ;
#766 = AXIS2_PLACEMENT_3D ( 'NONE', #3429, #3773, #697 ) ;
#767 = CARTESIAN_POINT ( 'NONE',  ( 12.54769565147985766, 3.952105639380298907, 14.94985644693782589 ) ) ;
#768 = FACE_OUTER_BOUND ( 'NONE', #1704, .T. ) ;
#769 =( BOUNDED_SURFACE ( )  B_SPLINE_SURFACE ( 3, 2, ( 
 ( #298, #4685, #5654 ),
 ( #1548, #5152, #1641 ),
 ( #3348, #1114, #2494 ),
 ( #1144, #679, #2461 ),
 ( #4252, #2026, #2942 ),
 ( #4718, #3992, #2251 ) ),
 .UNSPECIFIED., .F., .F., .T. ) 
 B_SPLINE_SURFACE_WITH_KNOTS ( ( 4, 2, 4 ),
 ( 3, 3 ),
 ( -3.740497495074990297E-18, 0.0005752549034368671784, 0.001150509806873738043 ),
 ( 0.000000000000000000, 1.000000000000000000 ),
 .UNSPECIFIED. ) 
 GEOMETRIC_REPRESENTATION_ITEM ( )  RATIONAL_B_SPLINE_SURFACE ( (
 ( 1.000000000000000000, 0.7253743710122874111, 1.000000000000000000),
 ( 1.000000000000000000, 0.7299077994845183381, 1.000000000000000000),
 ( 1.000000000000000000, 0.7324477354954221919, 1.000000000000000000),
 ( 1.000000000000000000, 0.7324524515201569219, 1.000000000000000000),
 ( 1.000000000000000000, 0.7299405342001558106, 1.000000000000000000),
 ( 1.000000000000000000, 0.7253743710122874111, 1.000000000000000000) ) ) 
 REPRESENTATION_ITEM ( '' )  SURFACE ( )  );
#770 = CARTESIAN_POINT ( 'NONE',  ( -6.675778765907946166, 4.000000000000000000, -18.34155141660601274 ) ) ;
#771 = ORIENTED_EDGE ( 'NONE', *, *, #89, .T. ) ;
#772 = CARTESIAN_POINT ( 'NONE',  ( 5.840468685547044458, 4.758867599826396955, 15.93027447764937676 ) ) ;
#773 = CARTESIAN_POINT ( 'NONE',  ( -11.13030686827349314, 5.000000000000503597, 12.77689524764700479 ) ) ;
#774 = EDGE_CURVE ( 'NONE', #2675, #5471, #38, .T. ) ;
#775 = AXIS2_PLACEMENT_3D ( 'NONE', #4964, #3194, #965 ) ;
#776 = CARTESIAN_POINT ( 'NONE',  ( -10.39230484541326227, 4.750000000000000000, -17.99999999999999645 ) ) ;
#777 = LINE ( 'NONE', #893, #485 ) ;
#778 = LINE ( 'NONE', #4785, #1881 ) ;
#779 = CARTESIAN_POINT ( 'NONE',  ( 11.10461100885467367, 4.766372654134674924, -13.29644398311518394 ) ) ;
#780 = TOROIDAL_SURFACE ( 'NONE', #4794, 0.7500000000000000000, 0.2500000000000000000 ) ;
#781 =( BOUNDED_SURFACE ( )  B_SPLINE_SURFACE ( 3, 2, ( 
 ( #564, #4517, #2287 ),
 ( #3236, #945, #1029 ),
 ( #510, #1378, #130 ),
 ( #2368, #592, #3204 ),
 ( #3263, #3177, #918 ),
 ( #5036, #4078, #480 ) ),
 .UNSPECIFIED., .F., .F., .T. ) 
 B_SPLINE_SURFACE_WITH_KNOTS ( ( 4, 2, 4 ),
 ( 3, 3 ),
 ( 0.3485670870932497944, 0.9596817069440729542, 1.570796326794896114 ),
 ( 0.000000000000000000, 1.000000000000000000 ),
 .UNSPECIFIED. ) 
 GEOMETRIC_REPRESENTATION_ITEM ( )  RATIONAL_B_SPLINE_SURFACE ( (
 ( 1.000000000000000000, 0.7253743710122874111, 1.000000000000000000),
 ( 1.000000000000000000, 0.7240499912500424351, 1.000000000000000000),
 ( 1.000000000000000000, 0.7215476082090672705, 1.000000000000000000),
 ( 1.000000000000000000, 0.7150809331574337069, 1.000000000000000000),
 ( 1.000000000000000000, 0.7111226099810699086, 1.000000000000000000),
 ( 1.000000000000000000, 0.7071067811865472397, 1.000000000000000000) ) ) 
 REPRESENTATION_ITEM ( '' )  SURFACE ( )  );
#782 = EDGE_CURVE ( 'NONE', #4102, #3755, #2483, .T. ) ;
#783 = CARTESIAN_POINT ( 'NONE',  ( 16.43122723417366160, 5.000000000000000000, -3.148649813202069048 ) ) ;
#784 = DIRECTION ( 'NONE',  ( 0.1736481776669352162, 0.000000000000000000, 0.9848077530122072432 ) ) ;
#785 = ORIENTED_EDGE ( 'NONE', *, *, #231, .T. ) ;
#786 = DIRECTION ( 'NONE',  ( 0.02784232977355517724, -0.9984484056230057414, 0.04822432976888520878 ) ) ;
#787 = B_SPLINE_CURVE_WITH_KNOTS ( 'NONE', 3,
 ( #3171, #972, #4913, #2762, #2730, #2283 ),
 .UNSPECIFIED., .F., .F.,
 ( 4, 2, 4 ),
 ( 0.000000000000000000, 0.0003829498216017747825, 0.0007658996432035495650 ),
 .UNSPECIFIED. ) ;
#788 = CARTESIAN_POINT ( 'NONE',  ( 11.11880296259958101, 4.000000000000000000, 13.16989136329019061 ) ) ;
#789 = CARTESIAN_POINT ( 'NONE',  ( -20.28394807427335778, 4.750000000000000000, -2.867171357269621801 ) ) ;
#790 = DIRECTION ( 'NONE',  ( -0.000000000000000000, 1.000000000000000000, -0.000000000000000000 ) ) ;
#791 = ORIENTED_EDGE ( 'NONE', *, *, #3471, .F. ) ;
#792 = ORIENTED_EDGE ( 'NONE', *, *, #3750, .F. ) ;
#793 = VERTEX_POINT ( 'NONE', #1608 ) ;
#794 = DIRECTION ( 'NONE',  ( -0.000000000000000000, 1.000000000000000000, -0.000000000000000000 ) ) ;
#795 = CARTESIAN_POINT ( 'NONE',  ( -2.965094602770710031E-15, 4.750000000000000000, -18.75000000000000000 ) ) ;
#796 = AXIS2_PLACEMENT_3D ( 'NONE', #2614, #4022, #5332 ) ;
#797 = FACE_OUTER_BOUND ( 'NONE', #3045, .T. ) ;
#798 = CARTESIAN_POINT ( 'NONE',  ( -10.39230484541324451, 5.000000000000000000, 18.00000000000000355 ) ) ;
#799 =( BOUNDED_CURVE ( )  B_SPLINE_CURVE ( 3, ( #1117, #5189, #186, #1964 ),
 .UNSPECIFIED., .F., .T. ) 
 B_SPLINE_CURVE_WITH_KNOTS ( ( 4, 4 ),
 ( 4.712388980384689674, 5.934618220086329998 ),
 .UNSPECIFIED. ) 
 CURVE ( )  GEOMETRIC_REPRESENTATION_ITEM ( )  RATIONAL_B_SPLINE_CURVE ( ( 1.000000000000000000, 0.8793393195858263400, 0.8793393195858263400, 1.000000000000000000 ) ) 
 REPRESENTATION_ITEM ( '' )  );
#800 = FACE_OUTER_BOUND ( 'NONE', #2162, .T. ) ;
#801 = ORIENTED_EDGE ( 'NONE', *, *, #1060, .T. ) ;
#802 = CARTESIAN_POINT ( 'NONE',  ( -7.658930804737987152, 4.750000000000000000, 19.00000000000000355 ) ) ;
#803 = DIRECTION ( 'NONE',  ( 0.6427876096865384747, -0.000000000000000000, 0.7660444431189786796 ) ) ;
#804 = CARTESIAN_POINT ( 'NONE',  ( -5.950047371031025989, 5.000000000000000000, -15.92500436565215693 ) ) ;
#805 = ADVANCED_FACE ( 'NONE', ( #5595 ), #127, .T. ) ;
#806 = AXIS2_PLACEMENT_3D ( 'NONE', #4404, #3973, #1741 ) ;
#807 = CARTESIAN_POINT ( 'NONE',  ( -10.96965511460288845, 5.000000000000000000, -18.99999999999999645 ) ) ;
#808 = CARTESIAN_POINT ( 'NONE',  ( -7.505754990901277068, 5.000000000000000000, 18.74999999990939514 ) ) ;
#809 = ORIENTED_EDGE ( 'NONE', *, *, #5450, .T. ) ;
#810 = CARTESIAN_POINT ( 'NONE',  ( -6.673107640238700178, 3.952105639380300683, 18.34155141660600563 ) ) ;
#811 = EDGE_CURVE ( 'NONE', #4114, #1432, #3900, .T. ) ;
#812 = CIRCLE ( 'NONE', #5200, 3.350000000000000533 ) ;
#813 = DIRECTION ( 'NONE',  ( 0.000000000000000000, 1.000000000000000000, 0.000000000000000000 ) ) ;
#814 = CARTESIAN_POINT ( 'NONE',  ( 16.62913270922253872, 4.520819503231694014, -3.397768435475279958 ) ) ;
#815 = ORIENTED_EDGE ( 'NONE', *, *, #3814, .T. ) ;
#816 = CARTESIAN_POINT ( 'NONE',  ( 10.83768648806378465, 4.999999999999998224, -12.82780814896396038 ) ) ;
#817 = CARTESIAN_POINT ( 'NONE',  ( -10.92859517076708009, 5.000000000000000000, 12.64276371762817774 ) ) ;
#818 =( BOUNDED_CURVE ( )  B_SPLINE_CURVE ( 3, ( #1206, #3872, #4745, #2428 ),
 .UNSPECIFIED., .F., .T. ) 
 B_SPLINE_CURVE_WITH_KNOTS ( ( 4, 4 ),
 ( 4.712388980384689674, 5.934618220086324669 ),
 .UNSPECIFIED. ) 
 CURVE ( )  GEOMETRIC_REPRESENTATION_ITEM ( )  RATIONAL_B_SPLINE_CURVE ( ( 1.000000000000000000, 0.8793393195858272282, 0.8793393195858272282, 1.000000000000000000 ) ) 
 REPRESENTATION_ITEM ( '' )  );
#819 = EDGE_CURVE ( 'NONE', #1032, #584, #818, .T. ) ;
#820 = CIRCLE ( 'NONE', #2305, 16.71035107903824013 ) ;
#821 = DIRECTION ( 'NONE',  ( 0.000000000000000000, -1.000000000000000000, 0.000000000000000000 ) ) ;
#822 = CARTESIAN_POINT ( 'NONE',  ( -10.39230484541324451, 4.750000000000000000, 19.00000000000000355 ) ) ;
#823 = EDGE_LOOP ( 'NONE', ( #1909, #5090, #3550, #4553 ) ) ;
#824 = EDGE_LOOP ( 'NONE', ( #4393, #1994 ) ) ;
#825 = VERTEX_POINT ( 'NONE', #739 ) ;
#826 = CYLINDRICAL_SURFACE ( 'NONE', #1478, 3.349999999999999645 ) ;
#827 = CARTESIAN_POINT ( 'NONE',  ( -11.18811696759122398, 4.763083989060734602, -13.39569437789966599 ) ) ;
#828 = ORIENTED_EDGE ( 'NONE', *, *, #162, .T. ) ;
#829 = CARTESIAN_POINT ( 'NONE',  ( -6.006953148797803621, 4.763083989060734602, 16.38704070339558072 ) ) ;
#830 = CARTESIAN_POINT ( 'NONE',  ( -20.06744172332724574, 5.000000000000000000, -2.742171357269622245 ) ) ;
#831 = CARTESIAN_POINT ( 'NONE',  ( -16.72104025460726362, 4.768240053429969372, 3.142187238253911552 ) ) ;
#832 = ORIENTED_EDGE ( 'NONE', *, *, #4434, .T. ) ;
#833 = DIRECTION ( 'NONE',  ( -0.000000000000000000, -1.000000000000000000, -0.000000000000000000 ) ) ;
#834 = CARTESIAN_POINT ( 'NONE',  ( 21.65063509461095492, 4.750000000000000000, -0.5000000000000179856 ) ) ;
#835 = EDGE_CURVE ( 'NONE', #941, #498, #4375, .T. ) ;
#836 = CARTESIAN_POINT ( 'NONE',  ( 12.62501726953529158, 4.750000000000000000, 16.13282864273036665 ) ) ;
#837 = CIRCLE ( 'NONE', #1019, 0.2499999999999999722 ) ;
#838 = CARTESIAN_POINT ( 'NONE',  ( 5.639592215639228634, 4.768243299460927176, 16.05197797411988958 ) ) ;
#839 = ORIENTED_EDGE ( 'NONE', *, *, #5517, .F. ) ;
#840 = DIRECTION ( 'NONE',  ( -0.9848077530122081313, 0.000000000000000000, -0.1736481776669306365 ) ) ;
#841 = ORIENTED_EDGE ( 'NONE', *, *, #960, .F. ) ;
#842 = EDGE_CURVE ( 'NONE', #5425, #4977, #4304, .T. ) ;
#843 = CARTESIAN_POINT ( 'NONE',  ( -6.915434451058077414, 4.000000000000000000, -18.99999999999990408 ) ) ;
#844 = VERTEX_POINT ( 'NONE', #4218 ) ;
#845 = CARTESIAN_POINT ( 'NONE',  ( -12.84269087299604273, 4.756055831202428585, -15.75580690206973955 ) ) ;
#846 = CARTESIAN_POINT ( 'NONE',  ( 11.89999999999999858, 5.000000000000000000, 1.469576158976824785E-16 ) ) ;
#847 = CARTESIAN_POINT ( 'NONE',  ( 5.356160601192805792, 4.000000000000000000, -16.13417316177776684 ) ) ;
#848 = CARTESIAN_POINT ( 'NONE',  ( 11.07425666574146561, 5.000000000000000000, 12.51385921632472176 ) ) ;
#849 = EDGE_CURVE ( 'NONE', #5303, #2471, #1617, .T. ) ;
#850 = ORIENTED_EDGE ( 'NONE', *, *, #1949, .T. ) ;
#851 = ORIENTED_EDGE ( 'NONE', *, *, #4065, .T. ) ;
#852 = VERTEX_POINT ( 'NONE', #3415 ) ;
#853 = CARTESIAN_POINT ( 'NONE',  ( -6.175028450179346429, 4.999999999999999112, 16.11887444174732664 ) ) ;
#854 = DIRECTION ( 'NONE',  ( -0.000000000000000000, 1.000000000000000000, -0.000000000000000000 ) ) ;
#855 = ADVANCED_FACE ( 'NONE', ( #2082 ), #769, .T. ) ;
#856 = ORIENTED_EDGE ( 'NONE', *, *, #271, .T. ) ;
#857 = AXIS2_PLACEMENT_3D ( 'NONE', #2848, #714, #1612 ) ;
#858 = CARTESIAN_POINT ( 'NONE',  ( -12.52798588493261001, 4.763083989060735490, -14.99248797374658082 ) ) ;
#859 = FACE_OUTER_BOUND ( 'NONE', #4911, .T. ) ;
#860 = ORIENTED_EDGE ( 'NONE', *, *, #5044, .T. ) ;
#861 = CARTESIAN_POINT ( 'NONE',  ( 12.54636008864531505, 4.000000000000000000, -14.95216970962396985 ) ) ;
#862 = FACE_OUTER_BOUND ( 'NONE', #4073, .T. ) ;
#863 = AXIS2_PLACEMENT_3D ( 'NONE', #3460, #1194, #2155 ) ;
#864 = CIRCLE ( 'NONE', #4595, 0.2500000000000011657 ) ;
#865 = CARTESIAN_POINT ( 'NONE',  ( 17.04548023013997593, 5.000000000000000000, 2.730478852115588051 ) ) ;
#866 = CARTESIAN_POINT ( 'NONE',  ( 11.18811696759122398, 4.763083989060734602, 13.39569437789966599 ) ) ;
#867 = ORIENTED_EDGE ( 'NONE', *, *, #3068, .T. ) ;
#868 = CARTESIAN_POINT ( 'NONE',  ( 6.718336870960992080, 4.763083989060735490, 18.34155141660600563 ) ) ;
#869 = AXIS2_PLACEMENT_3D ( 'NONE', #2111, #713, #1146 ) ;
#870 = VERTEX_POINT ( 'NONE', #4909 ) ;
#871 = EDGE_LOOP ( 'NONE', ( #3604, #3496 ) ) ;
#872 = CARTESIAN_POINT ( 'NONE',  ( 7.658930804738178111, 4.750000000000000000, 18.99999999999999645 ) ) ;
#873 = CARTESIAN_POINT ( 'NONE',  ( -11.08162459875651429, 4.768243299460927176, 12.91001911278846315 ) ) ;
#874 = AXIS2_PLACEMENT_3D ( 'NONE', #4630, #1907, #1463 ) ;
#875 = VECTOR ( 'NONE', #5514, 1000.000000000000000 ) ;
#876 = EDGE_CURVE ( 'NONE', #1357, #3642, #5711, .T. ) ;
#877 = AXIS2_PLACEMENT_3D ( 'NONE', #5424, #2316, #4106 ) ;
#878 = CARTESIAN_POINT ( 'NONE',  ( -20.28394807427335778, 5.000000000000000888, -2.867171357269621801 ) ) ;
#879 = CARTESIAN_POINT ( 'NONE',  ( 10.80925591597308966, 5.000000000000000000, 13.21072790386515905 ) ) ;
#880 = VERTEX_POINT ( 'NONE', #4829 ) ;
#881 = VERTEX_POINT ( 'NONE', #827 ) ;
#882 = AXIS2_PLACEMENT_3D ( 'NONE', #1720, #4844, #2217 ) ;
#883 = ORIENTED_EDGE ( 'NONE', *, *, #5467, .F. ) ;
#884 = CARTESIAN_POINT ( 'NONE',  ( -6.036198009244555962, 4.999999999999998224, 15.96645417117253629 ) ) ;
#885 = EDGE_CURVE ( 'NONE', #3178, #1346, #1816, .T. ) ;
#886 = CARTESIAN_POINT ( 'NONE',  ( -9.237604307034009921, -1.734723475976807094E-15, -17.25000000000000000 ) ) ;
#887 = ORIENTED_EDGE ( 'NONE', *, *, #466, .T. ) ;
#888 = CARTESIAN_POINT ( 'NONE',  ( 13.50000000000000000, 5.000000000000000000, -3.349999999999998757 ) ) ;
#889 = CARTESIAN_POINT ( 'NONE',  ( 18.47520861406801984, 5.000000000000001776, -1.560329300041460461E-14 ) ) ;
#890 = ORIENTED_EDGE ( 'NONE', *, *, #3430, .T. ) ;
#891 = CARTESIAN_POINT ( 'NONE',  ( 11.24376283466109427, 4.000000000000000000, -13.39979475248489571 ) ) ;
#892 = CARTESIAN_POINT ( 'NONE',  ( -11.13744724462281077, 4.000000000000000000, 12.91493644165431398 ) ) ;
#893 = CARTESIAN_POINT ( 'NONE',  ( -7.672873603192783776, 4.750000000000000000, -18.99999999999999645 ) ) ;
#894 = ORIENTED_EDGE ( 'NONE', *, *, #5718, .F. ) ;
#895 = CARTESIAN_POINT ( 'NONE',  ( 19.78326825179627235, 4.759514180157349728, -3.367877559616277772 ) ) ;
#896 = VERTEX_POINT ( 'NONE', #2581 ) ;
#897 = CARTESIAN_POINT ( 'NONE',  ( -5.643106593648351321, 5.000000000000000000, -16.03484442730650983 ) ) ;
#898 = ORIENTED_EDGE ( 'NONE', *, *, #2438, .F. ) ;
#899 = CARTESIAN_POINT ( 'NONE',  ( -12.62501726953528980, 4.750000000000000000, -16.13282864273036665 ) ) ;
#900 = LINE ( 'NONE', #3949, #1092 ) ;
#901 = DIRECTION ( 'NONE',  ( 0.000000000000000000, 0.000000000000000000, 1.000000000000000000 ) ) ;
#902 = DIRECTION ( 'NONE',  ( -1.581383788144384363E-16, 0.000000000000000000, -1.000000000000000000 ) ) ;
#903 = B_SPLINE_CURVE_WITH_KNOTS ( 'NONE', 3,
 ( #1243, #1297, #2146, #5287, #336, #865, #5367, #3938 ),
 .UNSPECIFIED., .F., .F.,
 ( 4, 2, 2, 4 ),
 ( 0.000000000000000000, 0.0005807575766184210845, 0.0008711363649276355299, 0.001161515153236849975 ),
 .UNSPECIFIED. ) ;
#904 = ORIENTED_EDGE ( 'NONE', *, *, #4305, .F. ) ;
#905 = VERTEX_POINT ( 'NONE', #886 ) ;
#906 = EDGE_CURVE ( 'NONE', #677, #2393, #5767, .T. ) ;
#907 = AXIS2_PLACEMENT_3D ( 'NONE', #4900, #4500, #4848 ) ;
#908 = CARTESIAN_POINT ( 'NONE',  ( -17.23842266610773066, 4.750000000000000000, -2.745481798442562571 ) ) ;
#909 = CARTESIAN_POINT ( 'NONE',  ( 5.379378014046819700, 4.763083989060734602, -16.08428360971532811 ) ) ;
#910 = VERTEX_POINT ( 'NONE', #2202 ) ;
#911 = EDGE_CURVE ( 'NONE', #5157, #4914, #1700, .T. ) ;
#912 = CARTESIAN_POINT ( 'NONE',  ( 11.25833024919770509, 5.000000000000000000, 18.49999999999999645 ) ) ;
#913 = CARTESIAN_POINT ( 'NONE',  ( 16.23797632095822507, 4.750000000000000000, 9.374999999999984013 ) ) ;
#914 = ORIENTED_EDGE ( 'NONE', *, *, #3720, .F. ) ;
#915 = CC_DESIGN_APPROVAL ( #2935, ( #168 ) ) ;
#916 = CARTESIAN_POINT ( 'NONE',  ( 17.23842266610770224, 4.750000000000000000, -2.745481798442726884 ) ) ;
#917 = ADVANCED_FACE ( 'NONE', ( #4482 ), #5088, .T. ) ;
#918 = CARTESIAN_POINT ( 'NONE',  ( 19.99085381633119241, 5.000000000000000000, 2.874825503252776304 ) ) ;
#919 = ORIENTED_EDGE ( 'NONE', *, *, #1329, .T. ) ;
#920 = CARTESIAN_POINT ( 'NONE',  ( 10.87578804412992994, 4.758867599822705685, -13.02313149051601293 ) ) ;
#921 = ORIENTED_EDGE ( 'NONE', *, *, #2409, .T. ) ;
#922 = CARTESIAN_POINT ( 'NONE',  ( -7.187615404704445154, 4.750000000000000000, -18.90093423453843613 ) ) ;
#923 = AXIS2_PLACEMENT_3D ( 'NONE', #3492, #3465, #3435 ) ;
#924 = VERTEX_POINT ( 'NONE', #2642 ) ;
#925 = CARTESIAN_POINT ( 'NONE',  ( -5.881783092437202320, 5.000000000000000000, -16.15009352429298417 ) ) ;
#926 = ORIENTED_EDGE ( 'NONE', *, *, #1559, .F. ) ;
#927 = LINE ( 'NONE', #2745, #2639 ) ;
#928 = CARTESIAN_POINT ( 'NONE',  ( -10.83768648806387880, 5.000000000000000000, 12.82780814896388577 ) ) ;
#929 = B_SPLINE_CURVE_WITH_KNOTS ( 'NONE', 3,
 ( #5038, #3180, #594, #5484, #2261, #5455, #158, #2289 ),
 .UNSPECIFIED., .F., .F.,
 ( 4, 2, 2, 4 ),
 ( 0.000000000000000000, 0.0005807575745331986818, 0.0008711363617997936858, 0.001161515149066388690 ),
 .UNSPECIFIED. ) ;
#930 = CARTESIAN_POINT ( 'NONE',  ( 6.824587577042001918, 4.000000000000000000, -18.75040026501406487 ) ) ;
#931 = CARTESIAN_POINT ( 'NONE',  ( -11.20579280587334736, 4.520819520502776356, 13.39700730752759839 ) ) ;
#932 = VERTEX_POINT ( 'NONE', #3579 ) ;
#933 = AXIS2_PLACEMENT_3D ( 'NONE', #3339, #1137, #757 ) ;
#934 = EDGE_LOOP ( 'NONE', ( #560, #226, #1970, #3314 ) ) ;
#935 = CARTESIAN_POINT ( 'NONE',  ( -11.89999999999999858, 2.850000000000000089, 3.350000000000000533 ) ) ;
#936 = EDGE_CURVE ( 'NONE', #905, #4921, #52, .T. ) ;
#937 = CARTESIAN_POINT ( 'NONE',  ( -13.50000000000000000, 5.000000000000000000, -3.349999999999997424 ) ) ;
#938 = ORIENTED_EDGE ( 'NONE', *, *, #3673, .T. ) ;
#939 = DIRECTION ( 'NONE',  ( 0.000000000000000000, -0.04824303228071008531, -0.9988356270359814992 ) ) ;
#940 =( NAMED_UNIT ( * ) SI_UNIT ( $, .STERADIAN. ) SOLID_ANGLE_UNIT ( ) );
#941 = VERTEX_POINT ( 'NONE', #909 ) ;
#942 = LINE ( 'NONE', #1404, #5194 ) ;
#943 = ADVANCED_FACE ( 'NONE', ( #5277 ), #2572, .T. ) ;
#944 = VECTOR ( 'NONE', #2398, 1000.000000000000000 ) ;
#945 = CARTESIAN_POINT ( 'NONE',  ( 19.44406938553162689, 5.000000000000065725, 3.376236143258529054 ) ) ;
#946 = VERTEX_POINT ( 'NONE', #384 ) ;
#947 = CARTESIAN_POINT ( 'NONE',  ( -7.683096201682480419, 5.183295314126220354, 19.00000000000000355 ) ) ;
#948 = EDGE_LOOP ( 'NONE', ( #5693, #20, #5681, #4695 ) ) ;
#949 = FACE_OUTER_BOUND ( 'NONE', #456, .T. ) ;
#950 = AXIS2_PLACEMENT_3D ( 'NONE', #3657, #5348, #3187 ) ;
#951 = EDGE_CURVE ( 'NONE', #5306, #3605, #1783, .T. ) ;
#952 = VERTEX_POINT ( 'NONE', #2167 ) ;
#953 = DIRECTION ( 'NONE',  ( -0.000000000000000000, 1.000000000000000000, -0.000000000000000000 ) ) ;
#954 = DIRECTION ( 'NONE',  ( -0.000000000000000000, 1.000000000000000000, -0.000000000000000000 ) ) ;
#955 = FACE_OUTER_BOUND ( 'NONE', #3201, .T. ) ;
#956 = CARTESIAN_POINT ( 'NONE',  ( -20.26303387659167399, 4.000000000000000000, 2.903395810253901477 ) ) ;
#957 =( BOUNDED_SURFACE ( )  B_SPLINE_SURFACE ( 3, 2, ( 
 ( #5726, #3185, #488 ),
 ( #4925, #401, #3566 ),
 ( #5320, #925, #3125 ),
 ( #2267, #897, #2660 ),
 ( #4954, #1331, #4898 ),
 ( #4443, #2189, #2598 ) ),
 .UNSPECIFIED., .F., .F., .T. ) 
 B_SPLINE_SURFACE_WITH_KNOTS ( ( 4, 2, 4 ),
 ( 3, 3 ),
 ( -3.577867169202164632E-18, 0.0005752549034368711900, 0.001150509806873745849 ),
 ( 0.000000000000000000, 1.000000000000000000 ),
 .UNSPECIFIED. ) 
 GEOMETRIC_REPRESENTATION_ITEM ( )  RATIONAL_B_SPLINE_SURFACE ( (
 ( 1.000000000000000000, 0.7253743710122873001, 1.000000000000000000),
 ( 1.000000000000000000, 0.7299077994845735162, 1.000000000000000000),
 ( 1.000000000000000000, 0.7324477354953482511, 1.000000000000000000),
 ( 1.000000000000000000, 0.7324524515202324171, 1.000000000000000000),
 ( 1.000000000000000000, 0.7299405342000987451, 1.000000000000000000),
 ( 1.000000000000000000, 0.7253743710122870780, 1.000000000000000000) ) ) 
 REPRESENTATION_ITEM ( '' )  SURFACE ( )  );
#958 = CIRCLE ( 'NONE', #1328, 1.249999999999997558 ) ;
#959 = CC_DESIGN_PERSON_AND_ORGANIZATION_ASSIGNMENT ( #3784, #2424, ( #168 ) ) ;
#960 = EDGE_CURVE ( 'NONE', #3897, #5560, #4884, .T. ) ;
#961 = CARTESIAN_POINT ( 'NONE',  ( 19.39566318705530534, 4.000000000000000000, -3.404561540562892397 ) ) ;
#962 = CARTESIAN_POINT ( 'NONE',  ( 11.06266562834679767, 4.768243086620736371, 13.16537099598510885 ) ) ;
#963 = VERTEX_POINT ( 'NONE', #10 ) ;
#964 = ORIENTED_EDGE ( 'NONE', *, *, #4782, .T. ) ;
#965 = DIRECTION ( 'NONE',  ( 0.000000000000000000, 0.000000000000000000, -1.000000000000000000 ) ) ;
#966 = AXIS2_PLACEMENT_3D ( 'NONE', #3289, #740, #2055 ) ;
#967 = CARTESIAN_POINT ( 'NONE',  ( 0.000000000000000000, 4.000000000000000000, 0.000000000000000000 ) ) ;
#968 = FACE_OUTER_BOUND ( 'NONE', #469, .T. ) ;
#969 = EDGE_LOOP ( 'NONE', ( #2356, #4023, #3208, #3830 ) ) ;
#970 = CARTESIAN_POINT ( 'NONE',  ( 11.29485907162846381, 3.995326637884426990, 12.70568714828392487 ) ) ;
#971 = AXIS2_PLACEMENT_3D ( 'NONE', #108, #3685, #4087 ) ;
#972 = CARTESIAN_POINT ( 'NONE',  ( 16.67679813767878727, 4.000000000000000000, -3.301691990819633826 ) ) ;
#973 = ORIENTED_EDGE ( 'NONE', *, *, #3702, .F. ) ;
#974 = CARTESIAN_POINT ( 'NONE',  ( 11.29452352656009317, 4.000000000000000000, 12.70565772827131745 ) ) ;
#975 = CARTESIAN_POINT ( 'NONE',  ( 11.89999999999999858, 5.000000000000000000, -3.349999999999998757 ) ) ;
#976 = ORIENTED_EDGE ( 'NONE', *, *, #3321, .F. ) ;
#977 = CARTESIAN_POINT ( 'NONE',  ( 0.000000000000000000, 4.763083989060735490, 0.000000000000000000 ) ) ;
#978 = ORIENTED_EDGE ( 'NONE', *, *, #1453, .F. ) ;
#979 = ADVANCED_FACE ( 'NONE', ( #5358 ), #3555, .T. ) ;
#980 = CARTESIAN_POINT ( 'NONE',  ( 19.22213885455309068, 4.000000000000000000, 3.389381706982200981 ) ) ;
#981 = ORIENTED_EDGE ( 'NONE', *, *, #547, .T. ) ;
#982 = CIRCLE ( 'NONE', #431, 0.2499999999999999722 ) ;
#983 = DIRECTION ( 'NONE',  ( 0.4999999999999993894, 0.000000000000000000, -0.8660254037844390407 ) ) ;
#984 = CARTESIAN_POINT ( 'NONE',  ( 16.37444831358989816, 4.750000000001810996, 3.333657992398787684 ) ) ;
#985 = DIRECTION ( 'NONE',  ( -0.3420201433256742640, 0.000000000000000000, -0.9396926207859064295 ) ) ;
#986 = EDGE_CURVE ( 'NONE', #4549, #3241, #2672, .T. ) ;
#987 = CARTESIAN_POINT ( 'NONE',  ( 6.952938072137925474, 5.000000000000000000, 18.25616356245450334 ) ) ;
#988 = CARTESIAN_POINT ( 'NONE',  ( -11.04182389825159127, 0.000000000000000000, -18.37499999999999645 ) ) ;
#989 = CARTESIAN_POINT ( 'NONE',  ( 10.87175698692597159, 5.000000000000000000, 13.40706912423982367 ) ) ;
#990 = VERTEX_POINT ( 'NONE', #5741 ) ;
#991 = VERTEX_POINT ( 'NONE', #1730 ) ;
#992 = DIRECTION ( 'NONE',  ( 0.000000000000000000, -0.04824303228071012695, -0.9988356270359816103 ) ) ;
#993 = ADVANCED_FACE ( 'NONE', ( #4856 ), #473, .T. ) ;
#994 = CARTESIAN_POINT ( 'NONE',  ( 5.479051137650193581, 4.000000000000000000, 16.09337643528719752 ) ) ;
#995 = CARTESIAN_POINT ( 'NONE',  ( -7.353248037346736155, 5.000000000000000000, -18.70191815220442777 ) ) ;
#996 = VECTOR ( 'NONE', #4318, 1000.000000000000114 ) ;
#997 = ORIENTED_EDGE ( 'NONE', *, *, #737, .T. ) ;
#998 = DIRECTION ( 'NONE',  ( -0.9848077530122069101, -3.012315703594267016E-16, -0.1736481776669369093 ) ) ;
#999 = CARTESIAN_POINT ( 'NONE',  ( 6.241554349974624216, 4.750000000000000000, -16.30165284924412106 ) ) ;
#1000 = EDGE_LOOP ( 'NONE', ( #2901, #2154, #599, #4643 ) ) ;
#1001 = FACE_OUTER_BOUND ( 'NONE', #3818, .T. ) ;
#1002 =( BOUNDED_CURVE ( )  B_SPLINE_CURVE ( 3, ( #2970, #3756, #5653, #2080 ),
 .UNSPECIFIED., .F., .T. ) 
 B_SPLINE_CURVE_WITH_KNOTS ( ( 4, 4 ),
 ( 4.712388980384690562, 5.934618220086322893 ),
 .UNSPECIFIED. ) 
 CURVE ( )  GEOMETRIC_REPRESENTATION_ITEM ( )  RATIONAL_B_SPLINE_CURVE ( ( 1.000000000000000000, 0.8793393195858278943, 0.8793393195858278943, 1.000000000000000000 ) ) 
 REPRESENTATION_ITEM ( '' )  );
#1003 = CARTESIAN_POINT ( 'NONE',  ( 6.718336870960992080, 4.763083989060735490, 18.34155141660600563 ) ) ;
#1004 = DIRECTION ( 'NONE',  ( 0.7660444431189864511, 0.000000000000000000, 0.6427876096865293709 ) ) ;
#1005 = LINE ( 'NONE', #2792, #3100 ) ;
#1006 = ORIENTED_EDGE ( 'NONE', *, *, #4915, .T. ) ;
#1007 = CARTESIAN_POINT ( 'NONE',  ( 13.50000000000000000, 5.000000000000000000, 1.699999999999999067 ) ) ;
#1008 = EDGE_CURVE ( 'NONE', #3623, #3618, #1529, .T. ) ;
#1009 = VERTEX_POINT ( 'NONE', #4539 ) ;
#1010 = FACE_OUTER_BOUND ( 'NONE', #3396, .T. ) ;
#1011 = LINE ( 'NONE', #4987, #2944 ) ;
#1012 = CARTESIAN_POINT ( 'NONE',  ( 17.19832825217297767, 4.683946675189657682, -2.996132214117920967 ) ) ;
#1013 = ADVANCED_FACE ( 'NONE', ( #148 ), #3666, .F. ) ;
#1014 = CARTESIAN_POINT ( 'NONE',  ( 5.479049929317941547, 4.000000000000000000, -16.09337683642467809 ) ) ;
#1015 = CARTESIAN_POINT ( 'NONE',  ( -11.25712013466860917, 4.520819520502556976, 12.70236715124279314 ) ) ;
#1016 = VERTEX_POINT ( 'NONE', #1455 ) ;
#1017 =( BOUNDED_SURFACE ( )  B_SPLINE_SURFACE ( 3, 2, ( 
 ( #5226, #2063, #194 ),
 ( #2008, #1971, #3766 ),
 ( #4697, #1524, #4667 ),
 ( #2439, #5575, #227 ),
 ( #3798, #3360, #1766 ),
 ( #3065, #3910, #3939 ) ),
 .UNSPECIFIED., .F., .F., .F. ) 
 B_SPLINE_SURFACE_WITH_KNOTS ( ( 4, 2, 4 ),
 ( 3, 3 ),
 ( 4.712388980384689674, 5.323503600235516942, 5.934618220086344209 ),
 ( 0.000000000000000000, 1.000000000000000000 ),
 .UNSPECIFIED. ) 
 GEOMETRIC_REPRESENTATION_ITEM ( )  RATIONAL_B_SPLINE_SURFACE ( (
 ( 1.000000000000000000, 0.7071067811865475727, 1.000000000000000000),
 ( 1.000000000000000000, 0.7111226099810948886, 1.000000000000000000),
 ( 1.000000000000000000, 0.7150809331574005112, 1.000000000000000000),
 ( 1.000000000000000000, 0.7215476082091015764, 1.000000000000000000),
 ( 1.000000000000000000, 0.7240499912500172330, 1.000000000000000000),
 ( 1.000000000000000000, 0.7253743710122874111, 1.000000000000000000) ) ) 
 REPRESENTATION_ITEM ( '' )  SURFACE ( )  );
#1018 = ORIENTED_EDGE ( 'NONE', *, *, #4807, .F. ) ;
#1019 = AXIS2_PLACEMENT_3D ( 'NONE', #908, #4480, #2724 ) ;
#1020 = DIRECTION ( 'NONE',  ( 0.8660254037844399289, 0.000000000000000000, 0.4999999999999980016 ) ) ;
#1021 = EDGE_CURVE ( 'NONE', #852, #1079, #4813, .T. ) ;
#1022 = FACE_OUTER_BOUND ( 'NONE', #3105, .T. ) ;
#1023 = EDGE_LOOP ( 'NONE', ( #5340, #1755, #351, #1018 ) ) ;
#1024 = FACE_OUTER_BOUND ( 'NONE', #5383, .T. ) ;
#1025 = DIRECTION ( 'NONE',  ( -0.4999999999999993339, 0.000000000000000000, 0.8660254037844390407 ) ) ;
#1026 = VERTEX_POINT ( 'NONE', #1480 ) ;
#1027 = DIRECTION ( 'NONE',  ( -0.9384048047077415688, 0.05233595624294394566, -0.3415514166059953061 ) ) ;
#1028 = EDGE_CURVE ( 'NONE', #536, #870, #1350, .T. ) ;
#1029 = CARTESIAN_POINT ( 'NONE',  ( 19.43741194361846070, 5.000000000000000000, 3.133222938264249358 ) ) ;
#1030 = CARTESIAN_POINT ( 'NONE',  ( -11.19966360929595517, 4.604809290093003327, 13.39655067197994143 ) ) ;
#1031 = CARTESIAN_POINT ( 'NONE',  ( 11.18811696759109964, 4.763083989060735490, -13.39569437789977080 ) ) ;
#1032 = VERTEX_POINT ( 'NONE', #4070 ) ;
#1033 = CARTESIAN_POINT ( 'NONE',  ( -5.990895019763986085, 4.258073442563388156, 16.42030417083089588 ) ) ;
#1034 = ORIENTED_EDGE ( 'NONE', *, *, #297, .F. ) ;
#1035 = VECTOR ( 'NONE', #4512, 1000.000000000000114 ) ;
#1036 = DIRECTION ( 'NONE',  ( 0.000000000000000000, 0.000000000000000000, 1.000000000000000000 ) ) ;
#1037 = CARTESIAN_POINT ( 'NONE',  ( -12.72799656502213317, 5.000000000000131450, -15.34533095532406577 ) ) ;
#1038 = DIRECTION ( 'NONE',  ( 0.8660254037844377084, 0.000000000000000000, 0.5000000000000015543 ) ) ;
#1039 = FACE_OUTER_BOUND ( 'NONE', #4420, .T. ) ;
#1040 = AXIS2_PLACEMENT_3D ( 'NONE', #1946, #3742, #3302 ) ;
#1041 = CARTESIAN_POINT ( 'NONE',  ( -10.93397706289026949, 3.970742523140699642, 13.02822102453363762 ) ) ;
#1042 = MANIFOLD_SOLID_BREP ( 'Fillet11', #417 ) ;
#1043 = ORIENTED_EDGE ( 'NONE', *, *, #1434, .T. ) ;
#1044 = DIRECTION ( 'NONE',  ( -0.02784232977355501071, -0.9984484056230057414, -0.04822432976888492429 ) ) ;
#1045 = EDGE_CURVE ( 'NONE', #4953, #2785, #178, .T. ) ;
#1046 = DIRECTION ( 'NONE',  ( 0.000000000000000000, 0.000000000000000000, 1.000000000000000000 ) ) ;
#1047 = DIRECTION ( 'NONE',  ( 0.4999999999999993339, -0.000000000000000000, -0.8660254037844389297 ) ) ;
#1048 = AXIS2_PLACEMENT_3D ( 'NONE', #2511, #2414, #1477 ) ;
#1049 = CARTESIAN_POINT ( 'NONE',  ( -7.505754990901559509, 5.000000000000000000, -18.74999999990938804 ) ) ;
#1050 = ORIENTED_EDGE ( 'NONE', *, *, #4059, .T. ) ;
#1051 = CARTESIAN_POINT ( 'NONE',  ( -19.99085381633109648, 5.000000000000000000, 2.874825503252862013 ) ) ;
#1052 = VERTEX_POINT ( 'NONE', #528 ) ;
#1053 = EDGE_CURVE ( 'NONE', #440, #3121, #119, .T. ) ;
#1054 = CARTESIAN_POINT ( 'NONE',  ( -16.72743637380329673, 4.496257940928710006, -2.923089362274306158 ) ) ;
#1055 = TOROIDAL_SURFACE ( 'NONE', #3590, 16.71035107903824013, 0.2500000000000000000 ) ;
#1056 = DIRECTION ( 'NONE',  ( -0.000000000000000000, 1.000000000000000000, -0.000000000000000000 ) ) ;
#1057 = CARTESIAN_POINT ( 'NONE',  ( 9.237604307034015250, 5.000000000000000000, -17.24999999999999289 ) ) ;
#1058 = CARTESIAN_POINT ( 'NONE',  ( 6.952938072137583525, 5.000000000000000000, -18.25616356245449623 ) ) ;
#1059 = ORIENTED_EDGE ( 'NONE', *, *, #3667, .T. ) ;
#1060 = EDGE_CURVE ( 'NONE', #844, #5590, #5527, .T. ) ;
#1061 = DIRECTION ( 'NONE',  ( -0.02784232977355505928, 0.9984484056230057414, 0.04822432976888511857 ) ) ;
#1062 = TOROIDAL_SURFACE ( 'NONE', #5074, 0.7500000000000000000, 0.2500000000000000000 ) ;
#1063 = ORIENTED_EDGE ( 'NONE', *, *, #4883, .F. ) ;
#1064 = DIRECTION ( 'NONE',  ( 0.000000000000000000, 0.000000000000000000, 1.000000000000000000 ) ) ;
#1065 = CARTESIAN_POINT ( 'NONE',  ( -12.65620726405030538, 4.762114405148189178, -15.14521721081191430 ) ) ;
#1066 = EDGE_CURVE ( 'NONE', #3869, #3033, #5522, .T. ) ;
#1067 = CARTESIAN_POINT ( 'NONE',  ( -19.65061674914975143, 4.000000000000000000, 3.464933920436795045 ) ) ;
#1068 = FACE_OUTER_BOUND ( 'NONE', #5295, .T. ) ;
#1069 = AXIS2_PLACEMENT_3D ( 'NONE', #1316, #1809, #445 ) ;
#1070 = DIRECTION ( 'NONE',  ( -0.7660444431189802339, 0.000000000000000000, -0.6427876096865368094 ) ) ;
#1071 = ORIENTED_EDGE ( 'NONE', *, *, #89, .F. ) ;
#1072 = DIRECTION ( 'NONE',  ( -0.4999999999999993339, 0.000000000000000000, 0.8660254037844389297 ) ) ;
#1073 = VECTOR ( 'NONE', #478, 1000.000000000000114 ) ;
#1074 = CARTESIAN_POINT ( 'NONE',  ( 5.870486364024526615, 4.768239842012937046, 16.16346608122720951 ) ) ;
#1075 = LINE ( 'NONE', #2450, #3971 ) ;
#1076 = CARTESIAN_POINT ( 'NONE',  ( 5.356160601193072246, 4.000000000000000000, 16.13417316177767802 ) ) ;
#1077 = EDGE_CURVE ( 'NONE', #2035, #1230, #4395, .T. ) ;
#1078 = VERTEX_POINT ( 'NONE', #2389 ) ;
#1079 = VERTEX_POINT ( 'NONE', #2726 ) ;
#1080 = CARTESIAN_POINT ( 'NONE',  ( -20.02185136664398257, 5.000000000000000888, 3.183067016827306084 ) ) ;
#1081 = SECURITY_CLASSIFICATION_LEVEL ( 'unclassified' ) ;
#1082 = ORIENTED_EDGE ( 'NONE', *, *, #1698, .F. ) ;
#1083 = CARTESIAN_POINT ( 'NONE',  ( -6.241554349975007909, 5.000000000000000000, -16.30165284924397540 ) ) ;
#1084 = CIRCLE ( 'NONE', #2215, 0.7500000000000006661 ) ;
#1085 = ADVANCED_FACE ( 'NONE', ( #968 ), #2308, .T. ) ;
#1086 = CARTESIAN_POINT ( 'NONE',  ( 17.21924957210175933, 4.175224291363955231, 3.026893506761153763 ) ) ;
#1087 = DIRECTION ( 'NONE',  ( -0.4999999999999972800, 1.502314598737161003E-15, -0.8660254037844403729 ) ) ;
#1088 = CARTESIAN_POINT ( 'NONE',  ( 10.39230484541325872, 4.750000000000000000, -19.00000000000000000 ) ) ;
#1089 = EDGE_LOOP ( 'NONE', ( #5300, #39, #3648, #5149 ) ) ;
#1090 = CARTESIAN_POINT ( 'NONE',  ( -13.50000000000000000, 2.850000000000000089, 1.700000000000001066 ) ) ;
#1091 = LINE ( 'NONE', #4312, #3744 ) ;
#1092 = VECTOR ( 'NONE', #2244, 1000.000000000000000 ) ;
#1093 = CARTESIAN_POINT ( 'NONE',  ( -11.23970920066355283, 4.763083989060735490, 12.70081982158185419 ) ) ;
#1094 = ADVANCED_FACE ( 'NONE', ( #1022 ), #1191, .T. ) ;
#1095 = ORIENTED_EDGE ( 'NONE', *, *, #4132, .F. ) ;
#1096 = DIRECTION ( 'NONE',  ( -0.8660254037844377084, 0.000000000000000000, -0.5000000000000015543 ) ) ;
#1097 = CARTESIAN_POINT ( 'NONE',  ( -12.49319967277574328, 5.000000000000000000, -15.41433405137676615 ) ) ;
#1098 = CARTESIAN_POINT ( 'NONE',  ( -12.77312766969203750, 4.755665143279752094, 15.74807564374154012 ) ) ;
#1099 = AXIS2_PLACEMENT_3D ( 'NONE', #4961, #5470, #2751 ) ;
#1100 = CARTESIAN_POINT ( 'NONE',  ( -13.50000000000000000, 5.000000000000000000, 1.700000000000001066 ) ) ;
#1101 = ADVANCED_FACE ( 'NONE', ( #2334 ), #5476, .T. ) ;
#1102 = CARTESIAN_POINT ( 'NONE',  ( -11.89999999999999858, 5.000000000000000000, 1.536675296194362640E-15 ) ) ;
#1103 = EDGE_LOOP ( 'NONE', ( #3837, #5013, #5629, #5071 ) ) ;
#1104 = LINE ( 'NONE', #287, #1982 ) ;
#1105 = CARTESIAN_POINT ( 'NONE',  ( 19.29122094338213955, 5.000000000000000000, 3.107445520677897477 ) ) ;
#1106 = CARTESIAN_POINT ( 'NONE',  ( 5.963106732725430348, 4.766346314700927955, 16.26607377884227645 ) ) ;
#1107 = CYLINDRICAL_SURFACE ( 'NONE', #5422, 1.249999999999994227 ) ;
#1108 = AXIS2_PLACEMENT_3D ( 'NONE', #4855, #794, #4365 ) ;
#1109 = VERTEX_POINT ( 'NONE', #2452 ) ;
#1110 = ORIENTED_EDGE ( 'NONE', *, *, #5413, .F. ) ;
#1111 = CARTESIAN_POINT ( 'NONE',  ( 21.43412874366484644, 0.000000000000000000, 0.3749999999999817923 ) ) ;
#1112 = ORIENTED_EDGE ( 'NONE', *, *, #1498, .T. ) ;
#1113 = CARTESIAN_POINT ( 'NONE',  ( -12.64593146721693095, 4.000000000000000000, 16.09660418974617002 ) ) ;
#1114 = CARTESIAN_POINT ( 'NONE',  ( 16.92728281175101301, 4.999999999999999112, 2.981273184546308297 ) ) ;
#1115 = DIRECTION ( 'NONE',  ( -0.1994965860759725929, 0.000000000000000000, -0.9798985213500591707 ) ) ;
#1116 = CARTESIAN_POINT ( 'NONE',  ( 9.237604307034002815, 5.000000000000000000, 15.99999999999998934 ) ) ;
#1117 = CARTESIAN_POINT ( 'NONE',  ( -12.62501726953526138, 4.750000000000000000, 16.13282864273040218 ) ) ;
#1118 = ORIENTED_EDGE ( 'NONE', *, *, #5138, .T. ) ;
#1119 = AXIS2_PLACEMENT_3D ( 'NONE', #5028, #3696, #4509 ) ;
#1120 = CARTESIAN_POINT ( 'NONE',  ( -5.881500845573558678, 4.999999999999999112, 16.14985167815510181 ) ) ;
#1121 = DIRECTION ( 'NONE',  ( 0.000000000000000000, -1.000000000000000000, 0.000000000000000000 ) ) ;
#1122 = CARTESIAN_POINT ( 'NONE',  ( -11.10527974594664613, 4.766346314700928843, 13.29723880543932601 ) ) ;
#1123 = ADVANCED_FACE ( 'NONE', ( #207 ), #4712, .T. ) ;
#1124 = EDGE_LOOP ( 'NONE', ( #98, #3482, #5679, #4049 ) ) ;
#1125 = CARTESIAN_POINT ( 'NONE',  ( 17.19722617418756982, 5.000000000000000000, -2.979118714101397725 ) ) ;
#1126 = CARTESIAN_POINT ( 'NONE',  ( -12.72405772424667525, 4.999999999999604761, 15.95563873313471248 ) ) ;
#1127 = ADVANCED_FACE ( 'NONE', ( #2017 ), #1107, .F. ) ;
#1128 = FACE_OUTER_BOUND ( 'NONE', #2759, .T. ) ;
#1129 = ORIENTED_EDGE ( 'NONE', *, *, #4141, .F. ) ;
#1130 = CARTESIAN_POINT ( 'NONE',  ( -17.21204835346100381, 4.350448236824117743, -3.016298975675451022 ) ) ;
#1131 = CARTESIAN_POINT ( 'NONE',  ( 5.300191647848321530, 5.000000000000000000, -15.84751720872368885 ) ) ;
#1132 = ADVANCED_FACE ( 'NONE', ( #2898 ), #2992, .T. ) ;
#1133 = EDGE_CURVE ( 'NONE', #1357, #736, #3865, .T. ) ;
#1134 = CARTESIAN_POINT ( 'NONE',  ( 16.23797632095822507, 0.000000000000000000, 9.374999999999984013 ) ) ;
#1135 = AXIS2_PLACEMENT_3D ( 'NONE', #3626, #5406, #3568 ) ;
#1136 = CARTESIAN_POINT ( 'NONE',  ( -16.93293821121666909, 4.768243088545593977, 2.997823255643907725 ) ) ;
#1137 = DIRECTION ( 'NONE',  ( -0.000000000000000000, 1.000000000000000000, -0.000000000000000000 ) ) ;
#1138 = EDGE_LOOP ( 'NONE', ( #1414, #630, #3104, #3661 ) ) ;
#1139 = DIRECTION ( 'NONE',  ( 0.000000000000000000, 0.000000000000000000, 1.000000000000000000 ) ) ;
#1140 = APPROVAL_ROLE ( '' ) ;
#1141 = ORIENTED_EDGE ( 'NONE', *, *, #281, .F. ) ;
#1142 = CARTESIAN_POINT ( 'NONE',  ( -5.982532503968672977, 3.995326637716247298, -16.43758906555644828 ) ) ;
#1143 = CIRCLE ( 'NONE', #5353, 17.00000000000000000 ) ;
#1144 = CARTESIAN_POINT ( 'NONE',  ( 16.52805096820805275, 5.000000000000000000, 2.971807732700310289 ) ) ;
#1145 = DIRECTION ( 'NONE',  ( -0.9798985213500587266, 0.000000000000000000, 0.1994965860759739806 ) ) ;
#1146 = DIRECTION ( 'NONE',  ( 0.000000000000000000, 0.000000000000000000, 1.000000000000000000 ) ) ;
#1147 = AXIS2_PLACEMENT_3D ( 'NONE', #1195, #2570, #5232 ) ;
#1148 = CARTESIAN_POINT ( 'NONE',  ( -11.25833024919768377, 5.000000000000000000, 18.50000000000000711 ) ) ;
#1149 = VERTEX_POINT ( 'NONE', #4678 ) ;
#1150 = FACE_OUTER_BOUND ( 'NONE', #1844, .T. ) ;
#1151 = DIRECTION ( 'NONE',  ( 0.000000000000000000, 1.000000000000000000, 0.000000000000000000 ) ) ;
#1152 = CARTESIAN_POINT ( 'NONE',  ( 20.26303387659164201, 4.000000000000000000, -2.903395810254053799 ) ) ;
#1153 = AXIS2_PLACEMENT_3D ( 'NONE', #3704, #1408, #2707 ) ;
#1154 = EDGE_LOOP ( 'NONE', ( #1868, #613, #4610, #139 ) ) ;
#1155 = EDGE_CURVE ( 'NONE', #880, #1300, #672, .T. ) ;
#1156 = B_SPLINE_CURVE_WITH_KNOTS ( 'NONE', 3,
 ( #2173, #4373, #5284, #1270, #3968, #1738 ),
 .UNSPECIFIED., .F., .F.,
 ( 4, 2, 4 ),
 ( 0.000000000000000000, 0.0003829498214514782321, 0.0007658996429029564642 ),
 .UNSPECIFIED. ) ;
#1157 = CIRCLE ( 'NONE', #1807, 16.71035107903824013 ) ;
#1158 = DIRECTION ( 'NONE',  ( 0.000000000000000000, -1.000000000000000000, 0.000000000000000000 ) ) ;
#1159 = DIRECTION ( 'NONE',  ( 0.000000000000000000, 0.000000000000000000, 1.000000000000000000 ) ) ;
#1160 = CARTESIAN_POINT ( 'NONE',  ( -12.49319967277571131, 5.000000000000000000, 15.41433405137678925 ) ) ;
#1161 = AXIS2_PLACEMENT_3D ( 'NONE', #3834, #4271, #5585 ) ;
#1162 = B_SPLINE_CURVE_WITH_KNOTS ( 'NONE', 3,
 ( #5144, #3748, #1633, #177 ),
 .UNSPECIFIED., .F., .F.,
 ( 4, 4 ),
 ( 0.000000000000000000, 0.0007650654807618351757 ),
 .UNSPECIFIED. ) ;
#1163 = FACE_OUTER_BOUND ( 'NONE', #3052, .T. ) ;
#1164 = ADVANCED_FACE ( 'NONE', ( #3780 ), #2419, .F. ) ;
#1165 = VERTEX_POINT ( 'NONE', #1076 ) ;
#1166 = DIRECTION ( 'NONE',  ( -0.7660444431189802339, 0.000000000000000000, 0.6427876096865368094 ) ) ;
#1167 = CARTESIAN_POINT ( 'NONE',  ( 6.174983958422734176, 5.000000000000000000, -16.11875229656883235 ) ) ;
#1168 = CARTESIAN_POINT ( 'NONE',  ( 5.484780263411148660, 5.000000000000000000, 15.78578170257774183 ) ) ;
#1169 = DIRECTION ( 'NONE',  ( 1.000000000000000000, -0.000000000000000000, -1.836970198721030427E-16 ) ) ;
#1170 = CYLINDRICAL_SURFACE ( 'NONE', #3164, 0.9999999999999998890 ) ;
#1171 = ADVANCED_FACE ( 'NONE', ( #4245 ), #2104, .F. ) ;
#1172 = ORIENTED_EDGE ( 'NONE', *, *, #4072, .F. ) ;
#1173 = ORIENTED_EDGE ( 'NONE', *, *, #1407, .F. ) ;
#1174 = CIRCLE ( 'NONE', #2957, 1.000000000000000888 ) ;
#1175 = ORIENTED_EDGE ( 'NONE', *, *, #4782, .F. ) ;
#1176 = CARTESIAN_POINT ( 'NONE',  ( -6.006953148798075404, 4.763083989060735490, -16.38704070339547769 ) ) ;
#1177 = CARTESIAN_POINT ( 'NONE',  ( -11.19966360929598714, 4.604809290093004215, -13.39655067197991123 ) ) ;
#1178 = FACE_OUTER_BOUND ( 'NONE', #3377, .T. ) ;
#1179 = CYLINDRICAL_SURFACE ( 'NONE', #1607, 0.2500000000000003886 ) ;
#1180 = CARTESIAN_POINT ( 'NONE',  ( 16.37444831358993724, 5.000000000000000000, -3.333657992399055026 ) ) ;
#1181 = ORIENTED_EDGE ( 'NONE', *, *, #5086, .F. ) ;
#1182 = LINE ( 'NONE', #1090, #4232 ) ;
#1183 = DIRECTION ( 'NONE',  ( -0.000000000000000000, 1.000000000000000000, -0.000000000000000000 ) ) ;
#1184 = CARTESIAN_POINT ( 'NONE',  ( -11.17860557439506941, 5.000000000000000000, 13.40367538442254336 ) ) ;
#1185 = AXIS2_PLACEMENT_3D ( 'NONE', #3800, #197, #4263 ) ;
#1186 = AXIS2_PLACEMENT_3D ( 'NONE', #2435, #279, #4693 ) ;
#1187 = FACE_OUTER_BOUND ( 'NONE', #2893, .T. ) ;
#1188 = FACE_OUTER_BOUND ( 'NONE', #2012, .T. ) ;
#1189 = DIRECTION ( 'NONE',  ( 0.000000000000000000, 0.000000000000000000, 1.000000000000000000 ) ) ;
#1190 = EDGE_CURVE ( 'NONE', #1286, #213, #2375, .T. ) ;
#1191 =( BOUNDED_SURFACE ( )  B_SPLINE_SURFACE ( 3, 2, ( 
 ( #3638, #2280, #65 ),
 ( #4098, #1840, #2758 ),
 ( #91, #1398, #4591 ),
 ( #1867, #5000, #995 ),
 ( #4123, #2783, #1049 ),
 ( #556, #3281, #2360 ) ),
 .UNSPECIFIED., .F., .F., .T. ) 
 B_SPLINE_SURFACE_WITH_KNOTS ( ( 4, 2, 4 ),
 ( 3, 3 ),
 ( 0.3485670870932610632, 0.9596817069440788384, 1.570796326794896558 ),
 ( 0.000000000000000000, 1.000000000000000000 ),
 .UNSPECIFIED. ) 
 GEOMETRIC_REPRESENTATION_ITEM ( )  RATIONAL_B_SPLINE_SURFACE ( (
 ( 1.000000000000000000, 0.7253743710122884103, 1.000000000000000000),
 ( 1.000000000000000000, 0.7240499912499783752, 1.000000000000000000),
 ( 1.000000000000000000, 0.7215476082091527577, 1.000000000000000000),
 ( 1.000000000000000000, 0.7150809331573493299, 1.000000000000000000),
 ( 1.000000000000000000, 0.7111226099811334134, 1.000000000000000000),
 ( 1.000000000000000000, 0.7071067811865475727, 1.000000000000000000) ) ) 
 REPRESENTATION_ITEM ( '' )  SURFACE ( )  );
#1192 = CARTESIAN_POINT ( 'NONE',  ( -18.47520861406802339, 5.000000000000001776, 1.249999999999982236 ) ) ;
#1193 = VERTEX_POINT ( 'NONE', #238 ) ;
#1194 = DIRECTION ( 'NONE',  ( -0.000000000000000000, -1.000000000000000000, -0.000000000000000000 ) ) ;
#1195 = CARTESIAN_POINT ( 'NONE',  ( 0.000000000000000000, 4.000000000000000000, 0.000000000000000000 ) ) ;
#1196 = DIRECTION ( 'NONE',  ( -0.000000000000000000, 1.000000000000000000, -0.000000000000000000 ) ) ;
#1197 = EDGE_CURVE ( 'NONE', #4310, #1286, #4201, .T. ) ;
#1198 = CARTESIAN_POINT ( 'NONE',  ( 9.237604307034015250, 5.000000000000001776, -16.00000000000000000 ) ) ;
#1199 = DIRECTION ( 'NONE',  ( -0.7649946058332329768, 0.05233595624294394566, -0.6419066916072718731 ) ) ;
#1200 = ORIENTED_EDGE ( 'NONE', *, *, #5492, .T. ) ;
#1201 = VERTEX_POINT ( 'NONE', #1570 ) ;
#1202 = ORIENTED_EDGE ( 'NONE', *, *, #5492, .F. ) ;
#1203 = CARTESIAN_POINT ( 'NONE',  ( 19.91219989743324703, 4.000000000000000000, 3.511058087177793663 ) ) ;
#1204 = VECTOR ( 'NONE', #5208, 1000.000000000000000 ) ;
#1205 = ADVANCED_FACE ( 'NONE', ( #1507 ), #5179, .T. ) ;
#1206 = CARTESIAN_POINT ( 'NONE',  ( 12.64593146721681016, 4.000000000000000000, -16.09660418974626950 ) ) ;
#1207 = CARTESIAN_POINT ( 'NONE',  ( -11.24410345574476011, 3.995326637884426990, -13.39981966018019222 ) ) ;
#1208 = CARTESIAN_POINT ( 'NONE',  ( 9.237604307034002815, -1.734723475976807094E-15, 15.99999999999998934 ) ) ;
#1209 = CARTESIAN_POINT ( 'NONE',  ( -11.23970920066358836, 4.763083989060736378, -12.70081982158182221 ) ) ;
#1210 = EDGE_LOOP ( 'NONE', ( #2669, #5364, #2952, #1330 ) ) ;
#1211 = CARTESIAN_POINT ( 'NONE',  ( 5.380000694233975089, 4.783564787012069885, 16.08294352975440233 ) ) ;
#1212 = VECTOR ( 'NONE', #3664, 1000.000000000000114 ) ;
#1213 = CARTESIAN_POINT ( 'NONE',  ( -5.982681243818554151, 4.000000000000000000, 16.43728162518636893 ) ) ;
#1214 = CARTESIAN_POINT ( 'NONE',  ( -11.08161932777861125, 4.768243297466652209, 12.91009115705614541 ) ) ;
#1215 = ADVANCED_FACE ( 'NONE', ( #2487 ), #1170, .T. ) ;
#1216 = DIRECTION ( 'NONE',  ( -0.7488687195819900833, 0.000000000000000000, -0.6627183721850712361 ) ) ;
#1217 = CARTESIAN_POINT ( 'NONE',  ( 6.718336870960648355, 4.763083989060735490, -18.34155141660599497 ) ) ;
#1218 = CARTESIAN_POINT ( 'NONE',  ( -12.48509882542941973, 5.000000000000000000, 15.87517449665730496 ) ) ;
#1219 = CARTESIAN_POINT ( 'NONE',  ( 6.004437515563415317, 4.683946675189656794, -16.39225527606439670 ) ) ;
#1220 = ORIENTED_EDGE ( 'NONE', *, *, #3184, .T. ) ;
#1221 = CARTESIAN_POINT ( 'NONE',  ( 10.92859517076699305, 4.999999999999999112, -12.64276371762825057 ) ) ;
#1222 = LINE ( 'NONE', #1105, #5263 ) ;
#1223 =( BOUNDED_SURFACE ( )  B_SPLINE_SURFACE ( 3, 2, ( 
 ( #2456, #4652, #5119 ),
 ( #814, #1542, #1484 ),
 ( #5055, #646, #4214 ),
 ( #3783, #4623, #614 ) ),
 .UNSPECIFIED., .F., .F., .T. ) 
 B_SPLINE_SURFACE_WITH_KNOTS ( ( 4, 4 ),
 ( 3, 3 ),
 ( 0.01644726030280635812, 0.01723760220072713401 ),
 ( 0.000000000000000000, 1.000000000000000000 ),
 .UNSPECIFIED. ) 
 GEOMETRIC_REPRESENTATION_ITEM ( )  RATIONAL_B_SPLINE_SURFACE ( (
 ( 1.000000000000000000, 0.7172570966182879593, 1.000000000000000000),
 ( 1.000000000000000000, 0.7175240602609350704, 1.000000000000000000),
 ( 1.000000000000000000, 0.7177902439938331769, 1.000000000000000000),
 ( 1.000000000000000000, 0.7180556547962350100, 1.000000000000000000) ) ) 
 REPRESENTATION_ITEM ( '' )  SURFACE ( )  );
#1224 = DIRECTION ( 'NONE',  ( 0.000000000000000000, -0.000000000000000000, 1.000000000000000000 ) ) ;
#1225 = CARTESIAN_POINT ( 'NONE',  ( -19.87296023797964750, 5.000000000000000000, -2.982859475432148688 ) ) ;
#1226 = CARTESIAN_POINT ( 'NONE',  ( -5.356160601192918591, 4.000000000000000000, 16.13417316177773131 ) ) ;
#1227 = ORIENTED_EDGE ( 'NONE', *, *, #744, .F. ) ;
#1228 = EDGE_LOOP ( 'NONE', ( #1787, #69, #5211, #4926 ) ) ;
#1229 = EDGE_CURVE ( 'NONE', #1411, #1300, #2151, .T. ) ;
#1230 = VERTEX_POINT ( 'NONE', #264 ) ;
#1231 = LINE ( 'NONE', #2165, #3828 ) ;
#1232 = CARTESIAN_POINT ( 'NONE',  ( -11.18811696759122398, 4.763083989060734602, -13.39569437789966599 ) ) ;
#1233 = EDGE_CURVE ( 'NONE', #2708, #265, #3953, .T. ) ;
#1234 = DIRECTION ( 'NONE',  ( 0.05568465954711040306, -0.9984484056230059634, -8.805881785613947870E-18 ) ) ;
#1235 = PLANE ( 'NONE',  #5724 ) ;
#1236 = CARTESIAN_POINT ( 'NONE',  ( -17.06743325822819557, 5.000000000000000000, 2.953068813105518053 ) ) ;
#1237 = ORIENTED_EDGE ( 'NONE', *, *, #2808, .F. ) ;
#1238 = CARTESIAN_POINT ( 'NONE',  ( 0.000000000000000000, 4.763083989060735490, 0.000000000000000000 ) ) ;
#1239 = VECTOR ( 'NONE', #87, 1000.000000000000114 ) ;
#1240 = CARTESIAN_POINT ( 'NONE',  ( 11.06272905753854552, 4.768239842012929941, -13.16572336442912139 ) ) ;
#1241 = AXIS2_PLACEMENT_3D ( 'NONE', #4341, #3060, #332 ) ;
#1242 = ADVANCED_FACE ( 'NONE', ( #4417 ), #2635, .T. ) ;
#1243 = CARTESIAN_POINT ( 'NONE',  ( 16.37444831358996922, 5.000000000000000000, 3.333657992398898262 ) ) ;
#1244 = EDGE_CURVE ( 'NONE', #1149, #644, #3449, .T. ) ;
#1245 = CARTESIAN_POINT ( 'NONE',  ( -7.005255311552492259, 5.000000000000000000, 18.39990399612880978 ) ) ;
#1246 = ORIENTED_EDGE ( 'NONE', *, *, #1789, .F. ) ;
#1247 = CARTESIAN_POINT ( 'NONE',  ( 12.77312766969208191, 4.755665143279747653, 15.74807564374162894 ) ) ;
#1248 = AXIS2_PLACEMENT_3D ( 'NONE', #5229, #3013, #2818 ) ;
#1249 = CARTESIAN_POINT ( 'NONE',  ( 5.815781841923724826, 3.970742523282151382, -15.98321241311674434 ) ) ;
#1250 = AXIS2_PLACEMENT_3D ( 'NONE', #241, #4154, #1956 ) ;
#1251 = CIRCLE ( 'NONE', #695, 0.2500000000000002220 ) ;
#1252 = CARTESIAN_POINT ( 'NONE',  ( -20.02479740304531575, 4.755665143279748541, 3.187815225864461866 ) ) ;
#1253 = ORIENTED_EDGE ( 'NONE', *, *, #2197, .F. ) ;
#1254 = DIRECTION ( 'NONE',  ( -0.8660254037844395958, 0.000000000000000000, 0.4999999999999985567 ) ) ;
#1255 = CARTESIAN_POINT ( 'NONE',  ( -10.99686831613288263, 5.000000000000000000, 13.55617105080150964 ) ) ;
#1256 = CARTESIAN_POINT ( 'NONE',  ( 11.13756045276335982, 4.000000000000000000, 12.91459961146157553 ) ) ;
#1257 = CARTESIAN_POINT ( 'NONE',  ( 20.28394807427327962, 4.750000000000000000, -2.867171357269796328 ) ) ;
#1258 = DIRECTION ( 'NONE',  ( 0.000000000000000000, 0.000000000000000000, 1.000000000000000000 ) ) ;
#1259 = VERTEX_POINT ( 'NONE', #410 ) ;
#1260 = ORIENTED_EDGE ( 'NONE', *, *, #1155, .F. ) ;
#1261 = ORIENTED_EDGE ( 'NONE', *, *, #4982, .F. ) ;
#1262 = CARTESIAN_POINT ( 'NONE',  ( -5.681561631380120936, 5.000000000000000000, 15.81633377790926254 ) ) ;
#1263 = EDGE_CURVE ( 'NONE', #1457, #1411, #5746, .T. ) ;
#1264 = DIRECTION ( 'NONE',  ( 0.6427876096865348110, 8.552660901193144287E-16, -0.7660444431189818992 ) ) ;
#1265 = EDGE_LOOP ( 'NONE', ( #2134, #5009, #4030, #4716 ) ) ;
#1266 = CARTESIAN_POINT ( 'NONE',  ( 11.25798898661221159, 4.508723330882364877, -12.70244377410186232 ) ) ;
#1267 = DIRECTION ( 'NONE',  ( 0.000000000000000000, 0.000000000000000000, 1.000000000000000000 ) ) ;
#1268 = ORIENTED_EDGE ( 'NONE', *, *, #2101, .T. ) ;
#1269 = DIRECTION ( 'NONE',  ( -1.000000000000000000, 0.000000000000000000, 0.000000000000000000 ) ) ;
#1270 = CARTESIAN_POINT ( 'NONE',  ( -16.75338666904544027, 4.000000000000000000, -3.187844026325232338 ) ) ;
#1271 = LINE ( 'NONE', #393, #4447 ) ;
#1272 = ADVANCED_FACE ( 'NONE', ( #2194 ), #2604, .T. ) ;
#1273 = DIRECTION ( 'NONE',  ( 0.000000000000000000, 0.000000000000000000, 1.000000000000000000 ) ) ;
#1274 = ORIENTED_EDGE ( 'NONE', *, *, #5060, .F. ) ;
#1275 = CARTESIAN_POINT ( 'NONE',  ( 12.40851091858918487, 5.000000000000000000, 16.00782864273036665 ) ) ;
#1276 = EDGE_CURVE ( 'NONE', #3277, #352, #1563, .T. ) ;
#1277 = ORIENTED_EDGE ( 'NONE', *, *, #2963, .T. ) ;
#1278 = CARTESIAN_POINT ( 'NONE',  ( 17.19507011638907557, 4.763083989060736378, -2.991346325496046621 ) ) ;
#1279 = ORIENTED_EDGE ( 'NONE', *, *, #1233, .T. ) ;
#1280 = CARTESIAN_POINT ( 'NONE',  ( -12.52508103611880941, 4.763083989060735490, -14.98902610973678762 ) ) ;
#1281 = CARTESIAN_POINT ( 'NONE',  ( -11.17860557439509783, 5.000000000000000000, -13.40367538442251139 ) ) ;
#1282 = PRODUCT_DEFINITION ( 'UNKNOWN', '', #168, #4599 ) ;
#1283 = EDGE_CURVE ( 'NONE', #2977, #932, #4838, .T. ) ;
#1284 = CARTESIAN_POINT ( 'NONE',  ( 11.04182389825158772, 5.000000000000000000, -18.37499999999999645 ) ) ;
#1285 = CARTESIAN_POINT ( 'NONE',  ( -19.24341790707968869, 4.763083989060735490, -3.352525306869207355 ) ) ;
#1286 = VERTEX_POINT ( 'NONE', #2692 ) ;
#1287 = ORIENTED_EDGE ( 'NONE', *, *, #4032, .F. ) ;
#1288 = VERTEX_POINT ( 'NONE', #4476 ) ;
#1289 = CARTESIAN_POINT ( 'NONE',  ( 11.25833024919769620, 5.000000000000000000, -18.50000000000000355 ) ) ;
#1290 = CARTESIAN_POINT ( 'NONE',  ( -13.50000000000000000, 5.000000000000000000, -3.349999999999998312 ) ) ;
#1291 = ORIENTED_EDGE ( 'NONE', *, *, #3068, .F. ) ;
#1292 = CYLINDRICAL_SURFACE ( 'NONE', #1992, 1.000000000000000444 ) ;
#1293 = DIRECTION ( 'NONE',  ( 0.02784232977355509397, -0.9984484056230059634, 0.04822432976888504919 ) ) ;
#1294 = DIRECTION ( 'NONE',  ( 0.000000000000000000, -1.000000000000000000, -0.000000000000000000 ) ) ;
#1295 = VERTEX_POINT ( 'NONE', #3076 ) ;
#1296 = CARTESIAN_POINT ( 'NONE',  ( 11.23970920066346579, 4.763083989060735490, -12.70081982158193235 ) ) ;
#1297 = CARTESIAN_POINT ( 'NONE',  ( 16.41325213889372137, 4.999999999999999112, 3.143059186746176348 ) ) ;
#1298 = CIRCLE ( 'NONE', #3082, 0.2500000000000007216 ) ;
#1299 = CARTESIAN_POINT ( 'NONE',  ( -7.353248037346317822, 5.000000000000000000, 18.70191815220468712 ) ) ;
#1300 = VERTEX_POINT ( 'NONE', #1285 ) ;
#1301 = EDGE_CURVE ( 'NONE', #4977, #924, #3369, .T. ) ;
#1302 = DIRECTION ( 'NONE',  ( 0.6427876096865384747, 0.000000000000000000, 0.7660444431189786796 ) ) ;
#1303 = ORIENTED_EDGE ( 'NONE', *, *, #562, .F. ) ;
#1304 = CARTESIAN_POINT ( 'NONE',  ( -12.64593146721693095, 4.000000000000000000, 16.09660418974617002 ) ) ;
#1305 = VERTEX_POINT ( 'NONE', #2574 ) ;
#1306 = CARTESIAN_POINT ( 'NONE',  ( 6.952938072137925474, 5.000000000000000000, 18.25616356245450334 ) ) ;
#1307 = EDGE_CURVE ( 'NONE', #5202, #1009, #3635, .T. ) ;
#1308 = DIRECTION ( 'NONE',  ( -0.4999999999999993339, -0.000000000000000000, 0.8660254037844390407 ) ) ;
#1309 = CARTESIAN_POINT ( 'NONE',  ( -19.44406938553163045, 5.000000000000065725, -3.376236143258530387 ) ) ;
#1310 = CARTESIAN_POINT ( 'NONE',  ( 21.72280387825965775, 0.2500000000000002220, 0.1249999999999827083 ) ) ;
#1311 = VERTEX_POINT ( 'NONE', #1226 ) ;
#1312 = VERTEX_POINT ( 'NONE', #3549 ) ;
#1313 = ADVANCED_FACE ( 'NONE', ( #1662 ), #5327, .T. ) ;
#1314 = ORIENTED_EDGE ( 'NONE', *, *, #5766, .T. ) ;
#1315 = CARTESIAN_POINT ( 'NONE',  ( 5.371644505209250298, 4.508723330882365765, -16.10092634498264985 ) ) ;
#1316 = CARTESIAN_POINT ( 'NONE',  ( 10.39230484541326582, 5.000000000000000000, 17.99999999999999645 ) ) ;
#1317 = ORIENTED_EDGE ( 'NONE', *, *, #4558, .T. ) ;
#1318 = AXIS2_PLACEMENT_3D ( 'NONE', #889, #5658, #5715 ) ;
#1319 = CARTESIAN_POINT ( 'NONE',  ( -10.39230484541326227, 0.2500000000000002220, -18.74999999999999645 ) ) ;
#1320 = ORIENTED_EDGE ( 'NONE', *, *, #4952, .T. ) ;
#1321 = CARTESIAN_POINT ( 'NONE',  ( 11.23148072896999139, 4.999999999999999112, -12.69152168632594346 ) ) ;
#1322 = VECTOR ( 'NONE', #5375, 1000.000000000000114 ) ;
#1323 = CIRCLE ( 'NONE', #2074, 0.2499999999999994449 ) ;
#1324 = DIRECTION ( 'NONE',  ( -0.000000000000000000, -1.000000000000000000, -0.000000000000000000 ) ) ;
#1325 = CARTESIAN_POINT ( 'NONE',  ( 5.870551760120342522, 4.768239840018113185, 16.16349771646294187 ) ) ;
#1326 = ORIENTED_EDGE ( 'NONE', *, *, #5385, .F. ) ;
#1327 = DIRECTION ( 'NONE',  ( 0.9384048047077392374, 0.05233595624294393872, 0.3415514166060018009 ) ) ;
#1328 = AXIS2_PLACEMENT_3D ( 'NONE', #1208, #5627, #5247 ) ;
#1329 = EDGE_CURVE ( 'NONE', #4765, #3618, #1693, .T. ) ;
#1330 = ORIENTED_EDGE ( 'NONE', *, *, #1838, .F. ) ;
#1331 = CARTESIAN_POINT ( 'NONE',  ( -5.499962431817755792, 5.000000000000000000, -16.02757612366236373 ) ) ;
#1332 = VERTEX_POINT ( 'NONE', #822 ) ;
#1333 = CARTESIAN_POINT ( 'NONE',  ( 6.241554349974624216, 5.000000000000000000, -16.30165284924412106 ) ) ;
#1334 = CARTESIAN_POINT ( 'NONE',  ( -20.06744172332723863, 5.000000000000000000, 2.742171357269668874 ) ) ;
#1335 = CIRCLE ( 'NONE', #5069, 0.2499999999999999722 ) ;
#1336 = ADVANCED_FACE ( 'NONE', ( #4360 ), #4545, .T. ) ;
#1337 = CARTESIAN_POINT ( 'NONE',  ( -21.65063509461095137, 0.2500000000000002220, -0.4999999999999831246 ) ) ;
#1338 = CARTESIAN_POINT ( 'NONE',  ( -19.41691370617503765, 4.762060758070178146, -3.367754561760273546 ) ) ;
#1339 = VERTEX_POINT ( 'NONE', #2328 ) ;
#1340 = ORIENTED_EDGE ( 'NONE', *, *, #4536, .T. ) ;
#1341 = CIRCLE ( 'NONE', #690, 0.2499999999999999722 ) ;
#1342 = EDGE_LOOP ( 'NONE', ( #2643, #5538, #828, #420, #2007, #867, #2240, #3631 ) ) ;
#1343 = CARTESIAN_POINT ( 'NONE',  ( -17.19722617418759825, 5.000000000000000000, -2.979118714101232523 ) ) ;
#1344 = ADVANCED_FACE ( 'NONE', ( #59 ), #2274, .T. ) ;
#1345 = CARTESIAN_POINT ( 'NONE',  ( 17.19507011638910399, 4.763083989060735490, 2.991346325495881864 ) ) ;
#1346 = VERTEX_POINT ( 'NONE', #1831 ) ;
#1347 = CARTESIAN_POINT ( 'NONE',  ( 11.24410345574476011, 3.995326637884426990, 13.39981966018019222 ) ) ;
#1348 = DIRECTION ( 'NONE',  ( 0.9396926207859130908, 0.000000000000000000, 0.3420201433256560009 ) ) ;
#1349 = CARTESIAN_POINT ( 'NONE',  ( 10.83768647578555466, 5.000000000000000000, -12.82780814716245388 ) ) ;
#1350 = CIRCLE ( 'NONE', #2899, 0.2499999999999997502 ) ;
#1351 = DIRECTION ( 'NONE',  ( 0.000000000000000000, 0.000000000000000000, 1.000000000000000000 ) ) ;
#1352 = ORIENTED_EDGE ( 'NONE', *, *, #432, .T. ) ;
#1353 = DIRECTION ( 'NONE',  ( -0.4999999999999956701, 0.000000000000000000, 0.8660254037844412611 ) ) ;
#1354 = ORIENTED_EDGE ( 'NONE', *, *, #3456, .F. ) ;
#1355 = FACE_OUTER_BOUND ( 'NONE', #2069, .T. ) ;
#1356 = CIRCLE ( 'NONE', #4350, 0.7500000000000000000 ) ;
#1357 = VERTEX_POINT ( 'NONE', #1365 ) ;
#1358 = DIRECTION ( 'NONE',  ( 0.7660444431189739056, 0.000000000000000000, -0.6427876096865442479 ) ) ;
#1359 = ORIENTED_EDGE ( 'NONE', *, *, #2197, .T. ) ;
#1360 = CARTESIAN_POINT ( 'NONE',  ( 20.28394807427336488, 4.750000000000000000, 2.867171357269622245 ) ) ;
#1361 = DIRECTION ( 'NONE',  ( 1.000000000000000000, -0.000000000000000000, -1.836970198721030427E-16 ) ) ;
#1362 =( BOUNDED_CURVE ( )  B_SPLINE_CURVE ( 3, ( #1113, #2394, #708, #2521 ),
 .UNSPECIFIED., .F., .T. ) 
 B_SPLINE_CURVE_WITH_KNOTS ( ( 4, 4 ),
 ( 4.712388980384687898, 5.934618220086329998 ),
 .UNSPECIFIED. ) 
 CURVE ( )  GEOMETRIC_REPRESENTATION_ITEM ( )  RATIONAL_B_SPLINE_CURVE ( ( 1.000000000000000000, 0.8793393195858261180, 0.8793393195858261180, 1.000000000000000000 ) ) 
 REPRESENTATION_ITEM ( '' )  );
#1363 = EDGE_CURVE ( 'NONE', #2058, #391, #113, .T. ) ;
#1364 = CARTESIAN_POINT ( 'NONE',  ( -7.683096201682479531, 5.183295314126220354, 18.00000000000000355 ) ) ;
#1365 = CARTESIAN_POINT ( 'NONE',  ( -13.50000000000000000, 5.000000000000000000, -3.349999999999997868 ) ) ;
#1366 = ORIENTED_EDGE ( 'NONE', *, *, #4090, .T. ) ;
#1367 = AXIS2_PLACEMENT_3D ( 'NONE', #3721, #3370, #4736 ) ;
#1368 = ADVANCED_FACE ( 'NONE', ( #3223 ), #2354, .T. ) ;
#1369 = CARTESIAN_POINT ( 'NONE',  ( 5.982681243818711359, 4.000000000000000000, 16.43728162518631564 ) ) ;
#1370 =( BOUNDED_CURVE ( )  B_SPLINE_CURVE ( 3, ( #2140, #5307, #327, #3002 ),
 .UNSPECIFIED., .F., .T. ) 
 B_SPLINE_CURVE_WITH_KNOTS ( ( 4, 4 ),
 ( 0.3485670870932486842, 1.570796326794897446 ),
 .UNSPECIFIED. ) 
 CURVE ( )  GEOMETRIC_REPRESENTATION_ITEM ( )  RATIONAL_B_SPLINE_CURVE ( ( 1.000000000000000000, 0.8793393195858245637, 0.8793393195858245637, 1.000000000000000000 ) ) 
 REPRESENTATION_ITEM ( '' )  );
#1371 = ORIENTED_EDGE ( 'NONE', *, *, #2344, .F. ) ;
#1372 = CARTESIAN_POINT ( 'NONE',  ( 6.954483709907948175, 5.000000000000000000, 18.26041016732629529 ) ) ;
#1373 = FACE_OUTER_BOUND ( 'NONE', #5456, .T. ) ;
#1374 = EDGE_LOOP ( 'NONE', ( #4822, #1110, #1576, #3682 ) ) ;
#1375 = ADVANCED_FACE ( 'NONE', ( #5409 ), #1405, .F. ) ;
#1376 = CIRCLE ( 'NONE', #729, 0.2500000000000004996 ) ;
#1377 = DIRECTION ( 'NONE',  ( 0.000000000000000000, 0.04824303228071010613, -0.9988356270359814992 ) ) ;
#1378 = CARTESIAN_POINT ( 'NONE',  ( 19.65344471930150405, 5.000000000000000888, 3.350102886928117751 ) ) ;
#1379 = ORIENTED_EDGE ( 'NONE', *, *, #4936, .T. ) ;
#1380 = CARTESIAN_POINT ( 'NONE',  ( 11.25712013466993078, 4.520819520502644906, -12.70236715124161897 ) ) ;
#1381 = ORIENTED_EDGE ( 'NONE', *, *, #591, .T. ) ;
#1382 = CARTESIAN_POINT ( 'NONE',  ( 7.658930804737840603, 4.750000000000000000, -19.00000000000000000 ) ) ;
#1383 = ADVANCED_FACE ( 'NONE', ( #2721 ), #4504, .T. ) ;
#1384 = VECTOR ( 'NONE', #1961, 1000.000000000000114 ) ;
#1385 = ORIENTED_EDGE ( 'NONE', *, *, #1688, .F. ) ;
#1386 = FACE_OUTER_BOUND ( 'NONE', #2593, .T. ) ;
#1387 = EDGE_LOOP ( 'NONE', ( #171, #5671, #6, #3675 ) ) ;
#1388 = FACE_OUTER_BOUND ( 'NONE', #3342, .T. ) ;
#1389 = CARTESIAN_POINT ( 'NONE',  ( 11.78099392287753666, 3.960988482740862349, -15.59471996191591714 ) ) ;
#1390 =( BOUNDED_SURFACE ( )  B_SPLINE_SURFACE ( 3, 2, ( 
 ( #1131, #2512, #4761 ),
 ( #2927, #2127, #262 ),
 ( #754, #3398, #2042 ),
 ( #2540, #3832, #5174 ),
 ( #1167, #4324, #2961 ),
 ( #2100, #4734, #3889 ) ),
 .UNSPECIFIED., .F., .F., .F. ) 
 B_SPLINE_SURFACE_WITH_KNOTS ( ( 4, 2, 4 ),
 ( 3, 3 ),
 ( 0.000000000000000000, 0.0005752549037845047872, 0.001150509807569009574 ),
 ( 0.000000000000000000, 1.000000000000000000 ),
 .UNSPECIFIED. ) 
 GEOMETRIC_REPRESENTATION_ITEM ( )  RATIONAL_B_SPLINE_SURFACE ( (
 ( 1.000000000000000000, 0.7253743710122874111, 1.000000000000000000),
 ( 1.000000000000000000, 0.7299083363405228786, 1.000000000000000000),
 ( 1.000000000000000000, 0.7324480241390218804, 1.000000000000000000),
 ( 1.000000000000000000, 0.7324521636563290361, 1.000000000000000000),
 ( 1.000000000000000000, 0.7299399960709799240, 1.000000000000000000),
 ( 1.000000000000000000, 0.7253743710122874111, 1.000000000000000000) ) ) 
 REPRESENTATION_ITEM ( '' )  SURFACE ( )  );
#1391 = LINE ( 'NONE', #1448, #4477 ) ;
#1392 = CARTESIAN_POINT ( 'NONE',  ( 11.09114924038700245, 5.000000000000083489, 13.30429637246801811 ) ) ;
#1393 = EDGE_LOOP ( 'NONE', ( #3886, #2078, #4569, #3724 ) ) ;
#1394 = ORIENTED_EDGE ( 'NONE', *, *, #5766, .F. ) ;
#1395 = CARTESIAN_POINT ( 'NONE',  ( -11.07425666574146561, 5.000000000000000000, -12.51385921632472353 ) ) ;
#1396 = CARTESIAN_POINT ( 'NONE',  ( 5.993832638386657585, 4.350448236824115966, 16.41422061310104752 ) ) ;
#1397 = VECTOR ( 'NONE', #2588, 1000.000000000000000 ) ;
#1398 = CARTESIAN_POINT ( 'NONE',  ( -6.925448154279583157, 4.999999999999935163, -18.69543384225229943 ) ) ;
#1399 = ADVANCED_FACE ( 'NONE', ( #1890 ), #2881, .T. ) ;
#1400 = VERTEX_POINT ( 'NONE', #605 ) ;
#1401 = FACE_OUTER_BOUND ( 'NONE', #4592, .T. ) ;
#1402 = DIRECTION ( 'NONE',  ( 0.6427876096865378086, 0.000000000000000000, -0.7660444431189793457 ) ) ;
#1403 = EDGE_LOOP ( 'NONE', ( #4878, #1872, #4182, #402 ) ) ;
#1404 = CARTESIAN_POINT ( 'NONE',  ( -12.33673723347427220, 5.000000000000000000, 15.15296464664843512 ) ) ;
#1405 =( BOUNDED_SURFACE ( )  B_SPLINE_SURFACE ( 3, 2, ( 
 ( #495, #4532, #4560 ),
 ( #931, #1474, #1015 ),
 ( #522, #3276, #2301 ),
 ( #84, #1041, #1861 ) ),
 .UNSPECIFIED., .F., .F., .T. ) 
 B_SPLINE_SURFACE_WITH_KNOTS ( ( 4, 4 ),
 ( 3, 3 ),
 ( 0.01664492210721008059, 0.01743526401491875960 ),
 ( 0.000000000000000000, 1.000000000000000000 ),
 .UNSPECIFIED. ) 
 GEOMETRIC_REPRESENTATION_ITEM ( )  RATIONAL_B_SPLINE_SURFACE ( (
 ( 1.000000000000000000, 0.7172570965919136121, 1.000000000000000000),
 ( 1.000000000000000000, 0.7175240602434347359, 1.000000000000000000),
 ( 1.000000000000000000, 0.7177902439854040306, 1.000000000000000000),
 ( 1.000000000000000000, 0.7180556547963865555, 1.000000000000000000) ) ) 
 REPRESENTATION_ITEM ( '' )  SURFACE ( )  );
#1406 = AXIS2_PLACEMENT_3D ( 'NONE', #2431, #3791, #1552 ) ;
#1407 = EDGE_CURVE ( 'NONE', #3700, #557, #4869, .T. ) ;
#1408 = DIRECTION ( 'NONE',  ( 0.000000000000000000, 1.000000000000000000, 0.000000000000000000 ) ) ;
#1409 = VERTEX_POINT ( 'NONE', #3717 ) ;
#1410 = CARTESIAN_POINT ( 'NONE',  ( 19.90405986788078962, 5.000000000000001776, 3.025157031937766305 ) ) ;
#1411 = VERTEX_POINT ( 'NONE', #5495 ) ;
#1412 = DIRECTION ( 'NONE',  ( 0.000000000000000000, -1.000000000000000000, 0.000000000000000000 ) ) ;
#1413 = AXIS2_PLACEMENT_3D ( 'NONE', #753, #4872, #3489 ) ;
#1414 = ORIENTED_EDGE ( 'NONE', *, *, #3581, .T. ) ;
#1415 = CARTESIAN_POINT ( 'NONE',  ( -16.23797632095822152, 4.750000000000000000, -9.374999999999982236 ) ) ;
#1416 = CARTESIAN_POINT ( 'NONE',  ( 11.16053207181532159, 4.000000000000000000, -13.30060419184908405 ) ) ;
#1417 = CARTESIAN_POINT ( 'NONE',  ( 17.22644407847981896, 4.000000000000000000, -3.037486872701713914 ) ) ;
#1418 = CARTESIAN_POINT ( 'NONE',  ( 6.719882508730672832, 4.763083989060735490, -18.34579802147779404 ) ) ;
#1419 = CARTESIAN_POINT ( 'NONE',  ( 9.237604307034015250, -1.734723475976807094E-15, -17.25000000000000000 ) ) ;
#1420 = CARTESIAN_POINT ( 'NONE',  ( 10.83785830239419035, 5.000000000000000000, 12.82729941564090481 ) ) ;
#1421 = VECTOR ( 'NONE', #5454, 1000.000000000000000 ) ;
#1422 = EDGE_LOOP ( 'NONE', ( #3439, #4211, #1483, #302 ) ) ;
#1423 =( BOUNDED_SURFACE ( )  B_SPLINE_SURFACE ( 3, 2, ( 
 ( #1437, #920, #4548 ),
 ( #3148, #482, #1380 ),
 ( #4604, #1908, #4519 ),
 ( #4080, #75, #3649 ) ),
 .UNSPECIFIED., .F., .F., .F. ) 
 B_SPLINE_SURFACE_WITH_KNOTS ( ( 4, 4 ),
 ( 3, 3 ),
 ( 0.01664492210721012916, 0.01743526401491880817 ),
 ( 0.000000000000000000, 1.000000000000000000 ),
 .UNSPECIFIED. ) 
 GEOMETRIC_REPRESENTATION_ITEM ( )  RATIONAL_B_SPLINE_SURFACE ( (
 ( 1.000000000000000000, 0.7172570965919112806, 1.000000000000000000),
 ( 1.000000000000000000, 0.7175240602434399539, 1.000000000000000000),
 ( 1.000000000000000000, 0.7177902439854015881, 1.000000000000000000),
 ( 1.000000000000000000, 0.7180556547963872216, 1.000000000000000000) ) ) 
 REPRESENTATION_ITEM ( '' )  SURFACE ( )  );
#1424 = VERTEX_POINT ( 'NONE', #4041 ) ;
#1425 = CARTESIAN_POINT ( 'NONE',  ( 17.19507011638910399, 4.763083989060735490, 2.991346325495881864 ) ) ;
#1426 = AXIS2_PLACEMENT_3D ( 'NONE', #4815, #813, #313 ) ;
#1427 = CARTESIAN_POINT ( 'NONE',  ( -16.60692055752435081, 5.000000000000000000, -3.380986790240560147 ) ) ;
#1428 = DIRECTION ( 'NONE',  ( 0.000000000000000000, 0.000000000000000000, 1.000000000000000000 ) ) ;
#1429 = ORIENTED_EDGE ( 'NONE', *, *, #1977, .F. ) ;
#1430 = AXIS2_PLACEMENT_3D ( 'NONE', #5002, #998, #5558 ) ;
#1431 = DIRECTION ( 'NONE',  ( -0.8660254037844407060, 0.000000000000000000, 0.4999999999999966138 ) ) ;
#1432 = VERTEX_POINT ( 'NONE', #29 ) ;
#1433 = CARTESIAN_POINT ( 'NONE',  ( 21.43412874366484644, 4.750000000000000000, 0.3749999999999814593 ) ) ;
#1434 = EDGE_CURVE ( 'NONE', #720, #391, #864, .T. ) ;
#1435 = FACE_BOUND ( 'NONE', #4491, .T. ) ;
#1436 = CYLINDRICAL_SURFACE ( 'NONE', #3862, 0.2499999999999999722 ) ;
#1437 = CARTESIAN_POINT ( 'NONE',  ( 11.18662269158142131, 4.783564787008379504, -13.39558341014892484 ) ) ;
#1438 = ORIENTED_EDGE ( 'NONE', *, *, #2641, .T. ) ;
#1439 = DIRECTION ( 'NONE',  ( 0.8660254037844395958, 0.000000000000000000, 0.4999999999999985567 ) ) ;
#1440 = EDGE_CURVE ( 'NONE', #3530, #460, #4959, .T. ) ;
#1441 = EDGE_LOOP ( 'NONE', ( #1172, #4056, #2870, #760 ) ) ;
#1442 = AXIS2_PLACEMENT_3D ( 'NONE', #5338, #3038, #1351 ) ;
#1443 = DIRECTION ( 'NONE',  ( 0.000000000000000000, -1.000000000000000000, 0.000000000000000000 ) ) ;
#1444 = LINE ( 'NONE', #5016, #2750 ) ;
#1445 = LINE ( 'NONE', #109, #4125 ) ;
#1446 = CARTESIAN_POINT ( 'NONE',  ( -12.65620726405023966, 4.762114405147929830, 15.14521721081188588 ) ) ;
#1447 = EDGE_CURVE ( 'NONE', #1965, #3540, #3395, .T. ) ;
#1448 = CARTESIAN_POINT ( 'NONE',  ( -12.54598852871083636, 4.013324438983807418, 14.95281327030851237 ) ) ;
#1449 = CARTESIAN_POINT ( 'NONE',  ( 10.39230484541325872, 0.2500000000000002220, -18.00000000000000000 ) ) ;
#1450 = ORIENTED_EDGE ( 'NONE', *, *, #458, .T. ) ;
#1451 = ORIENTED_EDGE ( 'NONE', *, *, #4819, .T. ) ;
#1452 = DIRECTION ( 'NONE',  ( 0.000000000000000000, 0.000000000000000000, -1.000000000000000000 ) ) ;
#1453 = EDGE_CURVE ( 'NONE', #3869, #3755, #1600, .T. ) ;
#1454 = DIRECTION ( 'NONE',  ( 0.7649946058332324217, 0.05233595624294395954, -0.6419066916072726503 ) ) ;
#1455 = CARTESIAN_POINT ( 'NONE',  ( 11.18811696759122398, 4.763083989060734602, 13.39569437789966599 ) ) ;
#1456 = VECTOR ( 'NONE', #1061, 1000.000000000000114 ) ;
#1457 = VERTEX_POINT ( 'NONE', #3333 ) ;
#1458 = CARTESIAN_POINT ( 'NONE',  ( -11.74690916727860390, 5.183295314126215914, -15.65375649037683381 ) ) ;
#1459 = CARTESIAN_POINT ( 'NONE',  ( -12.99676544637535613, 4.000000000000000000, 15.48894191282221833 ) ) ;
#1460 = ORIENTED_EDGE ( 'NONE', *, *, #1229, .F. ) ;
#1461 = CARTESIAN_POINT ( 'NONE',  ( 5.814342436536195535, 4.000000000000000000, -15.97477455336050767 ) ) ;
#1462 = DIRECTION ( 'NONE',  ( 0.000000000000000000, -1.000000000000000000, 0.000000000000000000 ) ) ;
#1463 = DIRECTION ( 'NONE',  ( 0.000000000000000000, 0.000000000000000000, 1.000000000000000000 ) ) ;
#1464 = LINE ( 'NONE', #538, #3014 ) ;
#1465 = VERTEX_POINT ( 'NONE', #1192 ) ;
#1466 = DIRECTION ( 'NONE',  ( 1.000000000000000000, -0.000000000000000000, -1.836970198721028948E-16 ) ) ;
#1467 = ORIENTED_EDGE ( 'NONE', *, *, #4589, .F. ) ;
#1468 = EDGE_CURVE ( 'NONE', #924, #5100, #3108, .T. ) ;
#1469 = CARTESIAN_POINT ( 'NONE',  ( 16.67679839444964784, 4.000000000000000000, 3.301690743804579498 ) ) ;
#1470 = CARTESIAN_POINT ( 'NONE',  ( 5.379378014047084378, 4.763083989060736378, 16.08428360971524640 ) ) ;
#1471 = CARTESIAN_POINT ( 'NONE',  ( -21.43412874366484289, 0.2500000000000000000, -0.3749999999999845124 ) ) ;
#1472 = AXIS2_PLACEMENT_3D ( 'NONE', #5760, #3548, #4448 ) ;
#1473 = CARTESIAN_POINT ( 'NONE',  ( -17.22650848951828806, 5.000000000000000000, 2.743381007656962911 ) ) ;
#1474 = CARTESIAN_POINT ( 'NONE',  ( -10.89518783215965847, 4.496257940945281639, 13.02484015876444801 ) ) ;
#1475 = ADVANCED_FACE ( 'NONE', ( #2479 ), #4264, .T. ) ;
#1476 = ORIENTED_EDGE ( 'NONE', *, *, #4589, .T. ) ;
#1477 = DIRECTION ( 'NONE',  ( 0.1736481776669352162, 0.000000000000000000, 0.9848077530122072432 ) ) ;
#1478 = AXIS2_PLACEMENT_3D ( 'NONE', #4394, #2279, #2250 ) ;
#1479 = CARTESIAN_POINT ( 'NONE',  ( 11.23970920066359014, 4.763083989060736378, 12.70081982158182399 ) ) ;
#1480 = CARTESIAN_POINT ( 'NONE',  ( 18.47520861406801984, -1.734723475976807094E-15, 1.249999999999982014 ) ) ;
#1481 = ADVANCED_FACE ( 'NONE', ( #2984 ), #5201, .T. ) ;
#1482 = ADVANCED_FACE ( 'NONE', ( #1163 ), #5549, .F. ) ;
#1483 = ORIENTED_EDGE ( 'NONE', *, *, #1869, .F. ) ;
#1484 = CARTESIAN_POINT ( 'NONE',  ( 17.20504506664962463, 4.520819503231802372, -3.005997586711620873 ) ) ;
#1485 = PERSON_AND_ORGANIZATION_ROLE ( 'design_owner' ) ;
#1486 = VERTEX_POINT ( 'NONE', #3829 ) ;
#1487 = CARTESIAN_POINT ( 'NONE',  ( -16.71625672967686782, 4.758867599823476624, -2.907142987133694234 ) ) ;
#1488 = CARTESIAN_POINT ( 'NONE',  ( -19.76208874552188277, 4.000000000000000000, -3.404561540562721422 ) ) ;
#1489 = DIRECTION ( 'NONE',  ( 0.000000000000000000, 1.000000000000000000, 0.000000000000000000 ) ) ;
#1490 = LINE ( 'NONE', #5156, #571 ) ;
#1491 = EDGE_LOOP ( 'NONE', ( #2797, #3329, #4168, #2879 ) ) ;
#1492 = CARTESIAN_POINT ( 'NONE',  ( 11.20543558750459212, 4.525671833992252147, -13.39697721022705146 ) ) ;
#1493 = ORIENTED_EDGE ( 'NONE', *, *, #4853, .F. ) ;
#1494 = CIRCLE ( 'NONE', #2253, 3.349999999999998757 ) ;
#1495 = CARTESIAN_POINT ( 'NONE',  ( 18.47520861406801984, -1.734723475976807094E-15, -1.560329300041460461E-14 ) ) ;
#1496 = FACE_OUTER_BOUND ( 'NONE', #4617, .T. ) ;
#1497 = CARTESIAN_POINT ( 'NONE',  ( 11.07425666574146561, 4.750000000000000000, 12.51385921632472176 ) ) ;
#1498 = EDGE_CURVE ( 'NONE', #3193, #152, #3856, .T. ) ;
#1499 = PLANE ( 'NONE',  #3972 ) ;
#1500 = DIRECTION ( 'NONE',  ( 0.000000000000000000, 1.000000000000000000, 0.000000000000000000 ) ) ;
#1501 = ORIENTED_EDGE ( 'NONE', *, *, #3358, .T. ) ;
#1502 = CARTESIAN_POINT ( 'NONE',  ( -11.04182389825159127, 0.2500000000000000000, -18.37499999999999645 ) ) ;
#1503 = CARTESIAN_POINT ( 'NONE',  ( 5.976694344208554277, 5.000000000000333067, 16.25858089714995103 ) ) ;
#1504 = EDGE_CURVE ( 'NONE', #4332, #2689, #21, .T. ) ;
#1505 = LINE ( 'NONE', #2075, #1901 ) ;
#1506 = VECTOR ( 'NONE', #5582, 1000.000000000000000 ) ;
#1507 = FACE_OUTER_BOUND ( 'NONE', #2682, .T. ) ;
#1508 = ORIENTED_EDGE ( 'NONE', *, *, #5736, .F. ) ;
#1509 = ORIENTED_EDGE ( 'NONE', *, *, #25, .T. ) ;
#1510 = CARTESIAN_POINT ( 'NONE',  ( 10.39230484541325872, 4.750000000000000000, -18.75000000000000000 ) ) ;
#1511 = CIRCLE ( 'NONE', #310, 0.2499999999999994726 ) ;
#1512 = DATE_TIME_ROLE ( 'creation_date' ) ;
#1513 = ORIENTED_EDGE ( 'NONE', *, *, #4800, .T. ) ;
#1514 = EDGE_CURVE ( 'NONE', #924, #941, #1323, .T. ) ;
#1515 = DIRECTION ( 'NONE',  ( -0.4999999999999993339, 0.000000000000000000, 0.8660254037844390407 ) ) ;
#1516 = CARTESIAN_POINT ( 'NONE',  ( 11.20543558750471824, 4.525671833992253035, 13.39697721022694843 ) ) ;
#1517 = CARTESIAN_POINT ( 'NONE',  ( 19.24786839366343116, 4.763083989060735490, -3.353310047731389076 ) ) ;
#1518 = EDGE_LOOP ( 'NONE', ( #4392, #624, #4156, #4577 ) ) ;
#1519 = CARTESIAN_POINT ( 'NONE',  ( 10.39230484541326582, 4.750000000000000000, 17.99999999999999645 ) ) ;
#1520 = FACE_OUTER_BOUND ( 'NONE', #1422, .T. ) ;
#1521 = CARTESIAN_POINT ( 'NONE',  ( 7.658930804737840603, 4.750000000000000000, -19.00000000000000000 ) ) ;
#1522 = B_SPLINE_CURVE_WITH_KNOTS ( 'NONE', 3,
 ( #5691, #2590, #395, #892, #5253, #4863 ),
 .UNSPECIFIED., .F., .F.,
 ( 4, 2, 4 ),
 ( 0.000000000000000000, 0.0003829498214514785574, 0.0007658996429029571147 ),
 .UNSPECIFIED. ) ;
#1523 = ORIENTED_EDGE ( 'NONE', *, *, #4320, .T. ) ;
#1524 = CARTESIAN_POINT ( 'NONE',  ( 20.02185136664363796, 5.000000000000000000, -3.183067016827470397 ) ) ;
#1525 = VERTEX_POINT ( 'NONE', #4731 ) ;
#1526 = CARTESIAN_POINT ( 'NONE',  ( -16.67679813767881569, 4.000000000000000000, 3.301691990819513922 ) ) ;
#1527 = PLANE ( 'NONE',  #5387 ) ;
#1528 = CARTESIAN_POINT ( 'NONE',  ( 0.000000000000000000, 4.000000000000000000, 0.000000000000000000 ) ) ;
#1529 = CIRCLE ( 'NONE', #4624, 1.700000000000000178 ) ;
#1530 = DIRECTION ( 'NONE',  ( 0.000000000000000000, 0.000000000000000000, 1.000000000000000000 ) ) ;
#1531 = ORIENTED_EDGE ( 'NONE', *, *, #911, .F. ) ;
#1532 = CARTESIAN_POINT ( 'NONE',  ( -11.89999999999999858, 0.000000000000000000, -1.699999999999997735 ) ) ;
#1533 = ADVANCED_FACE ( 'NONE', ( #4671 ), #664, .F. ) ;
#1534 = CARTESIAN_POINT ( 'NONE',  ( -12.40851091858915112, 5.000000000000000000, 16.00782864273040218 ) ) ;
#1535 = CIRCLE ( 'NONE', #4627, 0.7500000000000000000 ) ;
#1536 = FACE_OUTER_BOUND ( 'NONE', #4924, .T. ) ;
#1537 = CARTESIAN_POINT ( 'NONE',  ( 0.000000000000000000, 4.750000000000000000, 0.000000000000000000 ) ) ;
#1538 = DIRECTION ( 'NONE',  ( -0.000000000000000000, 1.000000000000000000, -0.000000000000000000 ) ) ;
#1539 = ORIENTED_EDGE ( 'NONE', *, *, #2784, .T. ) ;
#1540 = ORIENTED_EDGE ( 'NONE', *, *, #95, .T. ) ;
#1541 = ADVANCED_FACE ( 'NONE', ( #1627 ), #4236, .T. ) ;
#1542 = CARTESIAN_POINT ( 'NONE',  ( 16.72743637453517351, 4.496257923670437862, -2.923089363321540901 ) ) ;
#1543 = PERSON_AND_ORGANIZATION ( #230, #5683 ) ;
#1544 = ORIENTED_EDGE ( 'NONE', *, *, #1283, .T. ) ;
#1545 =( BOUNDED_CURVE ( )  B_SPLINE_CURVE ( 3, ( #251, #2530, #5223, #2090 ),
 .UNSPECIFIED., .F., .T. ) 
 B_SPLINE_CURVE_WITH_KNOTS ( ( 4, 4 ),
 ( 4.712388980384689674, 5.934618220086345097 ),
 .UNSPECIFIED. ) 
 CURVE ( )  GEOMETRIC_REPRESENTATION_ITEM ( )  RATIONAL_B_SPLINE_CURVE ( ( 1.000000000000000000, 0.8793393195858234535, 0.8793393195858234535, 1.000000000000000000 ) ) 
 REPRESENTATION_ITEM ( '' )  );
#1546 = CARTESIAN_POINT ( 'NONE',  ( -5.356018307132178080, 3.995326637716247298, -16.13447846234825889 ) ) ;
#1547 = CIRCLE ( 'NONE', #155, 0.2499999999999994726 ) ;
#1548 = CARTESIAN_POINT ( 'NONE',  ( 17.04860403747904130, 5.000000000000000000, 2.712011710504380613 ) ) ;
#1549 = EDGE_CURVE ( 'NONE', #1721, #2393, #3294, .T. ) ;
#1550 = CARTESIAN_POINT ( 'NONE',  ( 7.658930804738180775, 4.750000000000000000, 18.74999999999999645 ) ) ;
#1551 = DIRECTION ( 'NONE',  ( 0.000000000000000000, 0.000000000000000000, 1.000000000000000000 ) ) ;
#1552 = DIRECTION ( 'NONE',  ( 1.000000000000000000, 0.000000000000000000, -1.581383788144378693E-16 ) ) ;
#1553 = ORIENTED_EDGE ( 'NONE', *, *, #2132, .F. ) ;
#1554 = CARTESIAN_POINT ( 'NONE',  ( -5.639306155528321263, 4.768240053429965819, 16.05193925731902382 ) ) ;
#1555 = CARTESIAN_POINT ( 'NONE',  ( 12.52508103611880941, 4.763083989060735490, 14.98902610973678939 ) ) ;
#1556 = AXIS2_PLACEMENT_3D ( 'NONE', #5662, #5541, #4752 ) ;
#1557 = CARTESIAN_POINT ( 'NONE',  ( -11.06502932295463637, 5.000000000000166978, 12.90449588001633074 ) ) ;
#1558 = ORIENTED_EDGE ( 'NONE', *, *, #1133, .F. ) ;
#1559 = EDGE_CURVE ( 'NONE', #4865, #4260, #2861, .T. ) ;
#1560 = CARTESIAN_POINT ( 'NONE',  ( 16.61908721471056793, 4.763083989060735490, -3.383463788133599159 ) ) ;
#1561 = CARTESIAN_POINT ( 'NONE',  ( 7.505754990901124302, 5.000000000000000000, -18.74999999990939159 ) ) ;
#1562 = CARTESIAN_POINT ( 'NONE',  ( -12.51971220063314227, 5.000000000000000000, 15.71905867677240565 ) ) ;
#1563 = CIRCLE ( 'NONE', #1847, 3.349999999999998757 ) ;
#1564 = DIRECTION ( 'NONE',  ( 0.6427876096865384747, 0.000000000000000000, 0.7660444431189786796 ) ) ;
#1565 = VERTEX_POINT ( 'NONE', #5139 ) ;
#1566 = LINE ( 'NONE', #234, #2736 ) ;
#1567 = FACE_OUTER_BOUND ( 'NONE', #4099, .T. ) ;
#1568 = FACE_OUTER_BOUND ( 'NONE', #378, .T. ) ;
#1569 = CARTESIAN_POINT ( 'NONE',  ( 12.57189277403553973, 5.000000000000000000, -15.72484296806239712 ) ) ;
#1570 = CARTESIAN_POINT ( 'NONE',  ( -18.47520861406802339, 5.000000000000001776, -1.249999999999992228 ) ) ;
#1571 = VECTOR ( 'NONE', #1666, 1000.000000000000000 ) ;
#1572 = ORIENTED_EDGE ( 'NONE', *, *, #1630, .F. ) ;
#1573 = ORIENTED_EDGE ( 'NONE', *, *, #1440, .T. ) ;
#1574 = CARTESIAN_POINT ( 'NONE',  ( -12.99676544637540232, 4.000000000000000000, -15.48894191282219346 ) ) ;
#1575 = APPROVAL_ROLE ( '' ) ;
#1576 = ORIENTED_EDGE ( 'NONE', *, *, #4537, .F. ) ;
#1577 =( BOUNDED_CURVE ( )  B_SPLINE_CURVE ( 3, ( #4135, #5426, #1410, #4978 ),
 .UNSPECIFIED., .F., .T. ) 
 B_SPLINE_CURVE_WITH_KNOTS ( ( 4, 4 ),
 ( 0.3485670870932496834, 1.570796326794897002 ),
 .UNSPECIFIED. ) 
 CURVE ( )  GEOMETRIC_REPRESENTATION_ITEM ( )  RATIONAL_B_SPLINE_CURVE ( ( 1.000000000000000000, 0.8793393195858248967, 0.8793393195858248967, 1.000000000000000000 ) ) 
 REPRESENTATION_ITEM ( '' )  );
#1578 = CARTESIAN_POINT ( 'NONE',  ( 20.04519140266305399, 4.000000000000000000, 3.280710043144706933 ) ) ;
#1579 = ADVANCED_FACE ( 'NONE', ( #1128 ), #3621, .F. ) ;
#1580 = DIRECTION ( 'NONE',  ( 0.000000000000000000, 0.000000000000000000, -1.000000000000000000 ) ) ;
#1581 = CARTESIAN_POINT ( 'NONE',  ( -10.39230484541324451, 4.750000000000000000, 19.00000000000000355 ) ) ;
#1582 = CARTESIAN_POINT ( 'NONE',  ( -16.41290071340018386, 5.000000000000000000, 3.144785623171566513 ) ) ;
#1583 = ORIENTED_EDGE ( 'NONE', *, *, #4268, .F. ) ;
#1584 = CARTESIAN_POINT ( 'NONE',  ( -6.006953148797803621, 4.763083989060735490, 16.38704070339557717 ) ) ;
#1585 = DIRECTION ( 'NONE',  ( -0.3420201433256794821, 0.000000000000000000, -0.9396926207859044311 ) ) ;
#1586 = EDGE_CURVE ( 'NONE', #3156, #498, #4077, .T. ) ;
#1587 = EDGE_LOOP ( 'NONE', ( #209, #2336, #3822, #1467 ) ) ;
#1588 = CARTESIAN_POINT ( 'NONE',  ( 11.04182389825159483, 0.2500000000000002220, 18.37499999999999645 ) ) ;
#1589 = CARTESIAN_POINT ( 'NONE',  ( 6.788039218371011430, 4.762114405148215823, -18.53320561163462799 ) ) ;
#1590 = CARTESIAN_POINT ( 'NONE',  ( 11.04182389825158417, 4.750000000000000000, -18.37500000000000355 ) ) ;
#1591 = EDGE_CURVE ( 'NONE', #4825, #4466, #5542, .T. ) ;
#1592 =( BOUNDED_CURVE ( )  B_SPLINE_CURVE ( 3, ( #3713, #1067, #4170, #956 ),
 .UNSPECIFIED., .F., .T. ) 
 B_SPLINE_CURVE_WITH_KNOTS ( ( 4, 4 ),
 ( 0.3485670870932557341, 1.570796326794897002 ),
 .UNSPECIFIED. ) 
 CURVE ( )  GEOMETRIC_REPRESENTATION_ITEM ( )  RATIONAL_B_SPLINE_CURVE ( ( 1.000000000000000000, 0.8793393195858261180, 0.8793393195858261180, 1.000000000000000000 ) ) 
 REPRESENTATION_ITEM ( '' )  );
#1593 = CARTESIAN_POINT ( 'NONE',  ( 0.000000000000000000, 4.000000000000000000, 0.000000000000000000 ) ) ;
#1594 = AXIS2_PLACEMENT_3D ( 'NONE', #2526, #5508, #220 ) ;
#1595 = ORIENTED_EDGE ( 'NONE', *, *, #4027, .T. ) ;
#1596 = CARTESIAN_POINT ( 'NONE',  ( -10.70550541831299363, 4.750000000000000000, -13.20893827057593306 ) ) ;
#1597 = CARTESIAN_POINT ( 'NONE',  ( -19.22213885455308713, 4.000000000000000000, -3.389381706982200093 ) ) ;
#1598 = CARTESIAN_POINT ( 'NONE',  ( 5.499962431818377517, 5.000000000000000000, 16.02757612366402284 ) ) ;
#1599 = VECTOR ( 'NONE', #2954, 1000.000000000000114 ) ;
#1600 = CIRCLE ( 'NONE', #766, 17.00000000000000000 ) ;
#1601 = DIRECTION ( 'NONE',  ( 0.000000000000000000, -1.000000000000000000, 0.000000000000000000 ) ) ;
#1602 = DIRECTION ( 'NONE',  ( 0.3171801491646542570, 0.000000000000000000, 0.9483653056580505503 ) ) ;
#1603 = ORIENTED_EDGE ( 'NONE', *, *, #562, .T. ) ;
#1604 = ORIENTED_EDGE ( 'NONE', *, *, #1504, .T. ) ;
#1605 = EDGE_LOOP ( 'NONE', ( #187, #483, #3407, #487 ) ) ;
#1606 = CARTESIAN_POINT ( 'NONE',  ( -13.50000000000000000, 5.000000000000000000, -1.699999999999997513 ) ) ;
#1607 = AXIS2_PLACEMENT_3D ( 'NONE', #359, #2028, #5714 ) ;
#1608 = CARTESIAN_POINT ( 'NONE',  ( 16.61908721471056438, 4.763083989060736378, -3.383463788133598271 ) ) ;
#1609 = DIRECTION ( 'NONE',  ( 0.000000000000000000, 1.000000000000000000, 0.000000000000000000 ) ) ;
#1610 = CARTESIAN_POINT ( 'NONE',  ( -13.50000000000000000, 5.000000000000000000, 3.350000000000001865 ) ) ;
#1611 = TOROIDAL_SURFACE ( 'NONE', #125, 0.7500000000000000000, 0.2500000000000000000 ) ;
#1612 = DIRECTION ( 'NONE',  ( -0.8660254037844395958, 0.000000000000000000, 0.4999999999999985567 ) ) ;
#1613 = VERTEX_POINT ( 'NONE', #2597 ) ;
#1614 = EDGE_CURVE ( 'NONE', #4949, #5429, #27, .T. ) ;
#1615 = DIRECTION ( 'NONE',  ( -0.000000000000000000, 1.000000000000000000, -0.000000000000000000 ) ) ;
#1616 = CYLINDRICAL_SURFACE ( 'NONE', #4468, 0.2500000000000002220 ) ;
#1617 = CIRCLE ( 'NONE', #326, 16.71035107903824013 ) ;
#1618 = FACE_OUTER_BOUND ( 'NONE', #934, .T. ) ;
#1619 = ORIENTED_EDGE ( 'NONE', *, *, #4276, .T. ) ;
#1620 = VECTOR ( 'NONE', #5404, 1000.000000000000000 ) ;
#1621 = CARTESIAN_POINT ( 'NONE',  ( -16.37444831358995856, 4.750000000000000000, 3.333657992398940006 ) ) ;
#1622 = CARTESIAN_POINT ( 'NONE',  ( 6.952938072137583525, 5.000000000000000000, -18.25616356245449623 ) ) ;
#1623 = EDGE_CURVE ( 'NONE', #659, #2708, #5169, .T. ) ;
#1624 = FACE_OUTER_BOUND ( 'NONE', #5755, .T. ) ;
#1625 = TOROIDAL_SURFACE ( 'NONE', #2462, 16.71035107903824013, 0.2500000000000000000 ) ;
#1626 = B_SPLINE_CURVE_WITH_KNOTS ( 'NONE', 3,
 ( #3417, #2908, #3873, #3317, #5656, #1086, #4629 ),
 .UNSPECIFIED., .F., .F.,
 ( 4, 3, 4 ),
 ( 0.0002375494058362758387, 0.0004755958542684384752, 0.001002670605653884243 ),
 .UNSPECIFIED. ) ;
#1627 = FACE_OUTER_BOUND ( 'NONE', #1210, .T. ) ;
#1628 = VERTEX_POINT ( 'NONE', #4976 ) ;
#1629 = CARTESIAN_POINT ( 'NONE',  ( 7.251669733353136138, 4.755665143279752982, 18.93589086960597712 ) ) ;
#1630 = EDGE_CURVE ( 'NONE', #3154, #941, #2656, .T. ) ;
#1631 = CARTESIAN_POINT ( 'NONE',  ( 12.64694907260714096, 3.963507849820008477, -16.09484164550832830 ) ) ;
#1632 = CARTESIAN_POINT ( 'NONE',  ( -9.237604307034009921, 5.000000000000000000, -14.75000000000000533 ) ) ;
#1633 = CARTESIAN_POINT ( 'NONE',  ( 16.62963349182176742, 4.508723330882365765, 3.398482570880824838 ) ) ;
#1634 = DIRECTION ( 'NONE',  ( 0.1736481776669349109, 0.000000000000000000, -0.9848077530122073542 ) ) ;
#1635 = ORIENTED_EDGE ( 'NONE', *, *, #3497, .F. ) ;
#1636 = VERTEX_POINT ( 'NONE', #5482 ) ;
#1637 = CIRCLE ( 'NONE', #1442, 1.249999999999999334 ) ;
#1638 = EDGE_CURVE ( 'NONE', #677, #1432, #4142, .T. ) ;
#1639 = ORIENTED_EDGE ( 'NONE', *, *, #1190, .F. ) ;
#1640 = CARTESIAN_POINT ( 'NONE',  ( -21.43412874366484289, 4.750000000000000000, 0.3750000000000137668 ) ) ;
#1641 = CARTESIAN_POINT ( 'NONE',  ( 17.06838647867198233, 4.766346314700937725, 2.968834973402960209 ) ) ;
#1642 = DIRECTION ( 'NONE',  ( 0.9984484056230059634, 0.05568465954711076388, 0.000000000000000000 ) ) ;
#1643 = DIRECTION ( 'NONE',  ( 0.000000000000000000, -1.000000000000000000, 0.000000000000000000 ) ) ;
#1644 = DIRECTION ( 'NONE',  ( 0.3420201433256728207, 0.000000000000000000, 0.9396926207859068736 ) ) ;
#1645 = ORIENTED_EDGE ( 'NONE', *, *, #1638, .T. ) ;
#1646 = DIRECTION ( 'NONE',  ( 0.000000000000000000, 0.000000000000000000, 1.000000000000000000 ) ) ;
#1647 = DIRECTION ( 'NONE',  ( 0.1736481776669352162, 0.000000000000000000, 0.9848077530122072432 ) ) ;
#1648 = AXIS2_PLACEMENT_3D ( 'NONE', #1497, #603, #3740 ) ;
#1649 = AXIS2_PLACEMENT_3D ( 'NONE', #846, #437, #1687 ) ;
#1650 = DIRECTION ( 'NONE',  ( -0.9798985213500610580, 0.000000000000000000, 0.1994965860759629617 ) ) ;
#1651 = CARTESIAN_POINT ( 'NONE',  ( 12.72799656502204080, 5.000000000000131450, -15.34533095532423097 ) ) ;
#1652 = CARTESIAN_POINT ( 'NONE',  ( -10.39230484541324451, 5.000000000000000000, 18.00000000000000355 ) ) ;
#1653 = EDGE_CURVE ( 'NONE', #1305, #4666, #1782, .T. ) ;
#1654 = CARTESIAN_POINT ( 'NONE',  ( 16.84545392521769713, 5.000000000000000888, -2.755726267307505584 ) ) ;
#1655 = ORIENTED_EDGE ( 'NONE', *, *, #2337, .T. ) ;
#1656 = DIRECTION ( 'NONE',  ( 0.6427876096865324795, 0.000000000000000000, -0.7660444431189838976 ) ) ;
#1657 = DIRECTION ( 'NONE',  ( -0.000000000000000000, 1.000000000000000000, -0.000000000000000000 ) ) ;
#1658 = LOCAL_TIME ( 9, 39, 18.00000000000000000, #4184 ) ;
#1659 = FACE_BOUND ( 'NONE', #1663, .T. ) ;
#1660 = EDGE_CURVE ( 'NONE', #2376, #5039, #4600, .T. ) ;
#1661 = CYLINDRICAL_SURFACE ( 'NONE', #1472, 0.2500000000000009437 ) ;
#1662 = FACE_OUTER_BOUND ( 'NONE', #3859, .T. ) ;
#1663 = EDGE_LOOP ( 'NONE', ( #5070, #435, #3596, #5779 ) ) ;
#1664 = ORIENTED_EDGE ( 'NONE', *, *, #737, .F. ) ;
#1665 = ORIENTED_EDGE ( 'NONE', *, *, #634, .T. ) ;
#1666 = DIRECTION ( 'NONE',  ( -0.000000000000000000, 1.000000000000000000, -0.000000000000000000 ) ) ;
#1667 = VECTOR ( 'NONE', #3602, 1000.000000000000000 ) ;
#1668 = EDGE_CURVE ( 'NONE', #905, #1230, #4946, .T. ) ;
#1669 = ADVANCED_FACE ( 'NONE', ( #2734 ), #781, .T. ) ;
#1670 = CARTESIAN_POINT ( 'NONE',  ( -16.64016576610978149, 4.254361998983255511, 3.413499782783404157 ) ) ;
#1671 = CARTESIAN_POINT ( 'NONE',  ( 16.73860376465653488, 4.233548956975280220, 2.939038862538632113 ) ) ;
#1672 = DIRECTION ( 'NONE',  ( -0.9848077530122065770, 0.000000000000000000, 0.1736481776669385191 ) ) ;
#1673 = ORIENTED_EDGE ( 'NONE', *, *, #842, .F. ) ;
#1674 = CARTESIAN_POINT ( 'NONE',  ( 19.27945875849295732, 3.999999999999999112, -3.399488752578603723 ) ) ;
#1675 = CARTESIAN_POINT ( 'NONE',  ( -5.999404804225278554, 4.525671833992247706, 16.40268048436279358 ) ) ;
#1676 = CARTESIAN_POINT ( 'NONE',  ( 20.06744172332724929, 5.000000000000000000, 2.742171357269621357 ) ) ;
#1677 = AXIS2_PLACEMENT_3D ( 'NONE', #4647, #5555, #2932 ) ;
#1678 = FACE_OUTER_BOUND ( 'NONE', #4993, .T. ) ;
#1679 = DIRECTION ( 'NONE',  ( -0.9483653056579387508, 0.000000000000000000, 0.3171801491649886562 ) ) ;
#1680 = ORIENTED_EDGE ( 'NONE', *, *, #2344, .T. ) ;
#1681 = CARTESIAN_POINT ( 'NONE',  ( 12.43215663206618160, 5.000000000000000000, -15.26668105786465723 ) ) ;
#1682 = CARTESIAN_POINT ( 'NONE',  ( 12.48509882542942151, 5.000000000000000000, 15.87517449665732094 ) ) ;
#1683 = CARTESIAN_POINT ( 'NONE',  ( 6.007604185086263371, 4.783564761053537673, -16.38569114024586071 ) ) ;
#1684 = CARTESIAN_POINT ( 'NONE',  ( -19.59580470729936863, 5.000000000000000000, 3.112261265486852668 ) ) ;
#1685 = VERTEX_POINT ( 'NONE', #975 ) ;
#1686 = CARTESIAN_POINT ( 'NONE',  ( 7.658930804738178999, 5.000000000000000888, 18.99999999999999645 ) ) ;
#1687 = DIRECTION ( 'NONE',  ( 0.000000000000000000, 0.000000000000000000, 1.000000000000000000 ) ) ;
#1688 = EDGE_CURVE ( 'NONE', #5054, #2986, #128, .T. ) ;
#1689 = DIRECTION ( 'NONE',  ( 0.000000000000000000, 1.000000000000000000, 0.000000000000000000 ) ) ;
#1690 = PRODUCT ( 'REV-41-1607', 'REV-41-1607', '', ( #1843 ) ) ;
#1691 = CIRCLE ( 'NONE', #4683, 16.96000846272688278 ) ;
#1692 = CARTESIAN_POINT ( 'NONE',  ( -19.43741194361847135, 5.000000000000000000, -3.133222938264218271 ) ) ;
#1693 = LINE ( 'NONE', #3020, #3074 ) ;
#1694 = VERTEX_POINT ( 'NONE', #1003 ) ;
#1695 = ORIENTED_EDGE ( 'NONE', *, *, #2278, .T. ) ;
#1696 = ORIENTED_EDGE ( 'NONE', *, *, #3547, .F. ) ;
#1697 = AXIS2_PLACEMENT_3D ( 'NONE', #2630, #5643, #1254 ) ;
#1698 = EDGE_CURVE ( 'NONE', #4004, #4886, #4013, .T. ) ;
#1699 = CARTESIAN_POINT ( 'NONE',  ( -5.300191647848431664, 5.000000000000000000, 15.84751720872365155 ) ) ;
#1700 = LINE ( 'NONE', #4455, #2852 ) ;
#1701 = CARTESIAN_POINT ( 'NONE',  ( -9.237604307034011697, -1.734723475976807094E-15, 14.74999999999999112 ) ) ;
#1702 = CARTESIAN_POINT ( 'NONE',  ( -7.658930804738323772, 4.750000000000000000, -18.99999999999999645 ) ) ;
#1703 = FACE_OUTER_BOUND ( 'NONE', #377, .T. ) ;
#1704 = EDGE_LOOP ( 'NONE', ( #2830, #443, #2312, #645, #3078, #832, #4478, #2322 ) ) ;
#1705 = EDGE_CURVE ( 'NONE', #1165, #1311, #3410, .T. ) ;
#1706 = CARTESIAN_POINT ( 'NONE',  ( -19.33744701931488308, 4.000000000000000000, -3.404561540562720090 ) ) ;
#1707 = AXIS2_PLACEMENT_3D ( 'NONE', #145, #526, #4095 ) ;
#1708 = DIRECTION ( 'NONE',  ( -0.000000000000000000, 1.000000000000000000, -0.000000000000000000 ) ) ;
#1709 = CIRCLE ( 'NONE', #3117, 0.2500000000000004996 ) ;
#1710 = CARTESIAN_POINT ( 'NONE',  ( 9.237604307034002815, 5.000000000000000000, 17.24999999999998579 ) ) ;
#1711 = CARTESIAN_POINT ( 'NONE',  ( 6.006953148797959940, 4.763083989060735490, 16.38704070339552032 ) ) ;
#1712 = ORIENTED_EDGE ( 'NONE', *, *, #3, .T. ) ;
#1713 = CARTESIAN_POINT ( 'NONE',  ( 16.61908721471056438, 4.763083989060736378, -3.383463788133598271 ) ) ;
#1714 = ADVANCED_FACE ( 'NONE', ( #97, #1875, #3674, #5452, #5006, #1435, #2790, #2340, #4133, #1906 ), #5597, .T. ) ;
#1715 = VECTOR ( 'NONE', #3504, 1000.000000000000000 ) ;
#1716 = CARTESIAN_POINT ( 'NONE',  ( 5.364018430531693582, 4.258073442563229172, -16.11731386777947250 ) ) ;
#1717 = CIRCLE ( 'NONE', #1250, 0.2500000000000007772 ) ;
#1718 = VECTOR ( 'NONE', #2866, 1000.000000000000227 ) ;
#1719 = AXIS2_PLACEMENT_3D ( 'NONE', #984, #543, #164 ) ;
#1720 = CARTESIAN_POINT ( 'NONE',  ( 9.237604307034002815, -1.734723475976807094E-15, 15.99999999999998934 ) ) ;
#1721 = VERTEX_POINT ( 'NONE', #3380 ) ;
#1722 = CARTESIAN_POINT ( 'NONE',  ( -21.43412874366484644, 5.000000000000000000, -0.3749999999999865108 ) ) ;
#1723 = CARTESIAN_POINT ( 'NONE',  ( -10.80925590356327426, 5.000000000000000000, -13.21072790383361628 ) ) ;
#1724 = PLANE ( 'NONE',  #2704 ) ;
#1725 = CARTESIAN_POINT ( 'NONE',  ( 13.50000000000000000, 5.000000000000000000, -1.469576158976824785E-16 ) ) ;
#1726 = ORIENTED_EDGE ( 'NONE', *, *, #1810, .T. ) ;
#1727 = ORIENTED_EDGE ( 'NONE', *, *, #3857, .T. ) ;
#1728 = ORIENTED_EDGE ( 'NONE', *, *, #906, .T. ) ;
#1729 = DIRECTION ( 'NONE',  ( 1.000000000000000000, -0.000000000000000000, -1.836970198721030427E-16 ) ) ;
#1730 = CARTESIAN_POINT ( 'NONE',  ( 11.29452352655997416, 4.000000000000000000, -12.70565772827142226 ) ) ;
#1731 = EDGE_CURVE ( 'NONE', #1009, #1201, #3842, .T. ) ;
#1732 = AXIS2_PLACEMENT_3D ( 'NONE', #1433, #3261, #4941 ) ;
#1733 = ORIENTED_EDGE ( 'NONE', *, *, #2921, .F. ) ;
#1734 = LINE ( 'NONE', #888, #1715 ) ;
#1735 = DIRECTION ( 'NONE',  ( -0.8660254037844329345, 0.000000000000000000, 0.5000000000000101030 ) ) ;
#1736 = DIRECTION ( 'NONE',  ( -0.000000000000000000, 1.000000000000000000, -0.000000000000000000 ) ) ;
#1737 = ORIENTED_EDGE ( 'NONE', *, *, #3547, .T. ) ;
#1738 = CARTESIAN_POINT ( 'NONE',  ( -16.65068412775308815, 4.000000000000000000, -3.428515433506384991 ) ) ;
#1739 = CARTESIAN_POINT ( 'NONE',  ( -6.241554349975007909, 5.000000000000000000, -16.30165284924397540 ) ) ;
#1740 = EDGE_CURVE ( 'NONE', #1685, #4811, #3350, .T. ) ;
#1741 = DIRECTION ( 'NONE',  ( 0.000000000000000000, 0.000000000000000000, 1.000000000000000000 ) ) ;
#1742 = CARTESIAN_POINT ( 'NONE',  ( -7.658930804737986264, 5.000000000000000000, 18.75000000000000355 ) ) ;
#1743 = EDGE_LOOP ( 'NONE', ( #3812, #5024, #2703, #654 ) ) ;
#1744 = DIRECTION ( 'NONE',  ( -0.000000000000000000, 1.000000000000000000, -0.000000000000000000 ) ) ;
#1745 = EDGE_CURVE ( 'NONE', #5368, #5077, #1511, .T. ) ;
#1746 = ORIENTED_EDGE ( 'NONE', *, *, #1514, .T. ) ;
#1747 = CARTESIAN_POINT ( 'NONE',  ( 12.40851091858918487, 5.000000000000000000, 16.00782864273036665 ) ) ;
#1748 = ORIENTED_EDGE ( 'NONE', *, *, #3400, .F. ) ;
#1749 = CARTESIAN_POINT ( 'NONE',  ( 7.254308784801188459, 5.000000000000000000, 18.93096542272305172 ) ) ;
#1750 = CARTESIAN_POINT ( 'NONE',  ( -10.87175698692597159, 5.000000000000000000, -13.40706912423982367 ) ) ;
#1751 = CARTESIAN_POINT ( 'NONE',  ( -19.28677045679831181, 5.000000000000000000, -3.106660779815888063 ) ) ;
#1752 = CARTESIAN_POINT ( 'NONE',  ( 6.175028450179231854, 5.000000000000000000, -16.11887444174736927 ) ) ;
#1753 = EDGE_LOOP ( 'NONE', ( #3183, #4479, #3257, #4419 ) ) ;
#1754 = VERTEX_POINT ( 'NONE', #5187 ) ;
#1755 = ORIENTED_EDGE ( 'NONE', *, *, #2292, .F. ) ;
#1756 = CARTESIAN_POINT ( 'NONE',  ( -20.78460969082651388, 0.2500000000000002220, 1.387778780781445676E-14 ) ) ;
#1757 = DIRECTION ( 'NONE',  ( 1.000000000000000000, -0.000000000000000000, -1.836970198721028948E-16 ) ) ;
#1758 = ORIENTED_EDGE ( 'NONE', *, *, #1828, .T. ) ;
#1759 = CARTESIAN_POINT ( 'NONE',  ( 10.98909188964979577, 5.000000000000000000, 13.54690346660268219 ) ) ;
#1760 = DIRECTION ( 'NONE',  ( 0.000000000000000000, 0.000000000000000000, 1.000000000000000000 ) ) ;
#1761 = CIRCLE ( 'NONE', #5027, 1.000000000000000888 ) ;
#1762 = CARTESIAN_POINT ( 'NONE',  ( -6.158076064641906378, 4.999999999999998224, -16.12705832506436820 ) ) ;
#1763 = ADVANCED_FACE ( 'NONE', ( #1178 ), #2876, .T. ) ;
#1764 = DIRECTION ( 'NONE',  ( 1.836970198721030427E-16, 0.000000000000000000, 1.000000000000000000 ) ) ;
#1765 = AXIS2_PLACEMENT_3D ( 'NONE', #967, #3695, #1020 ) ;
#1766 = CARTESIAN_POINT ( 'NONE',  ( 19.43741194361838964, 5.000000000000000000, -3.133222938264292434 ) ) ;
#1767 = B_SPLINE_CURVE_WITH_KNOTS ( 'NONE', 3,
 ( #4582, #5782, #3297, #1470 ),
 .UNSPECIFIED., .F., .F.,
 ( 4, 4 ),
 ( 0.000000000000000000, 0.0007650654807618359346 ),
 .UNSPECIFIED. ) ;
#1768 = ORIENTED_EDGE ( 'NONE', *, *, #2416, .T. ) ;
#1769 = CARTESIAN_POINT ( 'NONE',  ( -11.29452352656006120, 4.000000000000000000, 12.70565772827134410 ) ) ;
#1770 = EDGE_CURVE ( 'NONE', #2218, #1486, #4235, .T. ) ;
#1771 = ORIENTED_EDGE ( 'NONE', *, *, #4915, .F. ) ;
#1772 = DIRECTION ( 'NONE',  ( 0.4999999999999993339, -0.000000000000000000, -0.8660254037844389297 ) ) ;
#1773 = ORIENTED_EDGE ( 'NONE', *, *, #3608, .F. ) ;
#1774 = CARTESIAN_POINT ( 'NONE',  ( 12.64593146721697892, 4.000000000000000000, 16.09660418974614515 ) ) ;
#1775 = CARTESIAN_POINT ( 'NONE',  ( -11.04543139784620109, 4.999999999999833911, -13.16845498372359025 ) ) ;
#1776 = ADVANCED_FACE ( 'NONE', ( #620 ), #5124, .T. ) ;
#1777 = DIRECTION ( 'NONE',  ( 0.02784232977355511132, 0.9984484056230057414, 0.04822432976888507694 ) ) ;
#1778 = CARTESIAN_POINT ( 'NONE',  ( 10.94242434294083033, 5.000000000000000888, 12.65553529354817819 ) ) ;
#1779 = ORIENTED_EDGE ( 'NONE', *, *, #5182, .F. ) ;
#1780 = VERTEX_POINT ( 'NONE', #2464 ) ;
#1781 = CARTESIAN_POINT ( 'NONE',  ( -7.658930804737987152, 4.750000000000000000, 18.75000000000000355 ) ) ;
#1782 =( BOUNDED_CURVE ( )  B_SPLINE_CURVE ( 3, ( #535, #2259, #1488, #4918 ),
 .UNSPECIFIED., .F., .T. ) 
 B_SPLINE_CURVE_WITH_KNOTS ( ( 4, 4 ),
 ( 4.712388980384695003, 5.760258652268212209 ),
 .UNSPECIFIED. ) 
 CURVE ( )  GEOMETRIC_REPRESENTATION_ITEM ( )  RATIONAL_B_SPLINE_CURVE ( ( 1.000000000000000000, 0.9105715498086063286, 0.9105715498086063286, 1.000000000000000000 ) ) 
 REPRESENTATION_ITEM ( '' )  );
#1783 = LINE ( 'NONE', #3932, #3606 ) ;
#1784 = ORIENTED_EDGE ( 'NONE', *, *, #580, .F. ) ;
#1785 = CARTESIAN_POINT ( 'NONE',  ( 11.18662269347550264, 4.783564761049849956, 13.39558341028949506 ) ) ;
#1786 = LINE ( 'NONE', #1459, #4469 ) ;
#1787 = ORIENTED_EDGE ( 'NONE', *, *, #4767, .T. ) ;
#1788 = AXIS2_PLACEMENT_3D ( 'NONE', #4758, #1500, #1530 ) ;
#1789 = EDGE_CURVE ( 'NONE', #5429, #793, #3772, .T. ) ;
#1790 = CARTESIAN_POINT ( 'NONE',  ( 11.89999999999999858, 5.000000000000000000, 3.349999999999999201 ) ) ;
#1791 = ORIENTED_EDGE ( 'NONE', *, *, #3528, .F. ) ;
#1792 = FACE_OUTER_BOUND ( 'NONE', #400, .T. ) ;
#1793 = VERTEX_POINT ( 'NONE', #2945 ) ;
#1794 = ORIENTED_EDGE ( 'NONE', *, *, #3787, .F. ) ;
#1795 = EDGE_CURVE ( 'NONE', #1409, #5551, #3764, .T. ) ;
#1796 = VECTOR ( 'NONE', #5564, 1000.000000000000000 ) ;
#1797 = DIRECTION ( 'NONE',  ( 0.000000000000000000, 0.000000000000000000, 1.000000000000000000 ) ) ;
#1798 = ORIENTED_EDGE ( 'NONE', *, *, #2884, .T. ) ;
#1799 = CARTESIAN_POINT ( 'NONE',  ( 20.06627447081260485, 4.756055831202428585, 3.244193097930249792 ) ) ;
#1800 = CARTESIAN_POINT ( 'NONE',  ( -11.10461100885476782, 4.766372654134675813, 13.29644398311510400 ) ) ;
#1801 = AXIS2_PLACEMENT_3D ( 'NONE', #2950, #1183, #717 ) ;
#1802 = CARTESIAN_POINT ( 'NONE',  ( 10.39230484541326582, 4.750000000000000000, 17.99999999999999645 ) ) ;
#1803 = CARTESIAN_POINT ( 'NONE',  ( 11.08173409907875495, 4.768240053429977365, 12.90975201906521086 ) ) ;
#1804 = EDGE_CURVE ( 'NONE', #1295, #3149, #2993, .T. ) ;
#1805 = ORIENTED_EDGE ( 'NONE', *, *, #2014, .T. ) ;
#1806 = ORIENTED_EDGE ( 'NONE', *, *, #1549, .T. ) ;
#1807 = AXIS2_PLACEMENT_3D ( 'NONE', #3753, #5529, #1139 ) ;
#1808 = CARTESIAN_POINT ( 'NONE',  ( -21.65063509461095137, 5.000000000000000000, 0.5000000000000144329 ) ) ;
#1809 = DIRECTION ( 'NONE',  ( 0.000000000000000000, -1.000000000000000000, 0.000000000000000000 ) ) ;
#1810 = EDGE_CURVE ( 'NONE', #4865, #5157, #5068, .T. ) ;
#1811 = VERTEX_POINT ( 'NONE', #5626 ) ;
#1812 = CARTESIAN_POINT ( 'NONE',  ( -10.96965511460287068, 0.2500000000000002220, 19.00000000000000355 ) ) ;
#1813 = VERTEX_POINT ( 'NONE', #272 ) ;
#1814 = LINE ( 'NONE', #5392, #1854 ) ;
#1815 =( BOUNDED_SURFACE ( )  B_SPLINE_SURFACE ( 3, 2, ( 
 ( #4433, #3586, #2621 ),
 ( #3907, #5365, #2679 ),
 ( #5690, #452, #1240 ),
 ( #1349, #4862, #3061 ),
 ( #2144, #2232, #5311 ),
 ( #2589, #1321, #1296 ) ),
 .UNSPECIFIED., .F., .F., .T. ) 
 B_SPLINE_SURFACE_WITH_KNOTS ( ( 4, 2, 4 ),
 ( 3, 3 ),
 ( -2.439454888092384977E-18, 0.0005752549034368715153, 0.001150509806873745416 ),
 ( 0.000000000000000000, 1.000000000000000000 ),
 .UNSPECIFIED. ) 
 GEOMETRIC_REPRESENTATION_ITEM ( )  RATIONAL_B_SPLINE_SURFACE ( (
 ( 1.000000000000000000, 0.7253743710122874111, 1.000000000000000000),
 ( 1.000000000000000000, 0.7299077994847088524, 1.000000000000000000),
 ( 1.000000000000000000, 0.7324477354951686170, 1.000000000000000000),
 ( 1.000000000000000000, 0.7324524515204156039, 1.000000000000000000),
 ( 1.000000000000000000, 0.7299405341999577468, 1.000000000000000000),
 ( 1.000000000000000000, 0.7253743710122891875, 1.000000000000000000) ) ) 
 REPRESENTATION_ITEM ( '' )  SURFACE ( )  );
#1816 = CIRCLE ( 'NONE', #2373, 0.2499999999999997502 ) ;
#1817 = CARTESIAN_POINT ( 'NONE',  ( -5.615939424422786708, 4.000000000000000000, -16.10278046797945350 ) ) ;
#1818 = EDGE_LOOP ( 'NONE', ( #3774, #2249, #1748, #1558 ) ) ;
#1819 = DIRECTION ( 'NONE',  ( 0.000000000000000000, 0.000000000000000000, -1.000000000000000000 ) ) ;
#1820 = ORIENTED_EDGE ( 'NONE', *, *, #4343, .F. ) ;
#1821 = CARTESIAN_POINT ( 'NONE',  ( 12.43215663206630062, 5.000000000000000000, 15.26668105786451157 ) ) ;
#1822 = AXIS2_PLACEMENT_3D ( 'NONE', #5771, #2649, #4403 ) ;
#1823 = ORIENTED_EDGE ( 'NONE', *, *, #3737, .T. ) ;
#1824 = FACE_OUTER_BOUND ( 'NONE', #1000, .T. ) ;
#1825 = FACE_OUTER_BOUND ( 'NONE', #4472, .T. ) ;
#1826 = CARTESIAN_POINT ( 'NONE',  ( -11.89999999999999680, 5.000000000000000000, 3.350000000000075140 ) ) ;
#1827 = CARTESIAN_POINT ( 'NONE',  ( -20.78460969082651388, 4.750000000000000000, 1.387778780781445676E-14 ) ) ;
#1828 = EDGE_CURVE ( 'NONE', #4549, #3213, #1626, .T. ) ;
#1829 = AXIS2_PLACEMENT_3D ( 'NONE', #103, #5510, #1910 ) ;
#1830 = CARTESIAN_POINT ( 'NONE',  ( -17.19507011638909688, 4.763083989060735490, 2.991346325495925385 ) ) ;
#1831 = CARTESIAN_POINT ( 'NONE',  ( -10.99686831613288263, 5.000000000000000000, 13.55617105080150964 ) ) ;
#1832 = ORIENTED_EDGE ( 'NONE', *, *, #960, .T. ) ;
#1833 =( BOUNDED_CURVE ( )  B_SPLINE_CURVE ( 3, ( #3216, #3686, #4988, #2773 ),
 .UNSPECIFIED., .F., .T. ) 
 B_SPLINE_CURVE_WITH_KNOTS ( ( 4, 4 ),
 ( 4.712388980384689674, 5.934618220086344209 ),
 .UNSPECIFIED. ) 
 CURVE ( )  GEOMETRIC_REPRESENTATION_ITEM ( )  RATIONAL_B_SPLINE_CURVE ( ( 1.000000000000000000, 0.8793393195858236755, 0.8793393195858236755, 1.000000000000000000 ) ) 
 REPRESENTATION_ITEM ( '' )  );
#1834 = EDGE_LOOP ( 'NONE', ( #5274, #2324, #1990, #978 ) ) ;
#1835 = CARTESIAN_POINT ( 'NONE',  ( -10.99686831613291460, 5.000000000000000000, -13.55617105080148299 ) ) ;
#1836 = AXIS2_PLACEMENT_3D ( 'NONE', #4296, #5049, #1046 ) ;
#1837 = CARTESIAN_POINT ( 'NONE',  ( 6.001921400372181914, 4.604809290093000662, 16.39746853548036754 ) ) ;
#1838 = EDGE_CURVE ( 'NONE', #1400, #3178, #2396, .T. ) ;
#1839 = B_SPLINE_CURVE_WITH_KNOTS ( 'NONE', 3,
 ( #464, #1800, #5297, #873, #3570, #2271 ),
 .UNSPECIFIED., .F., .F.,
 ( 4, 2, 4 ),
 ( 0.000000000000000000, 0.0003837252277095566308, 0.0007674504554191132616 ),
 .UNSPECIFIED. ) ;
#1840 = CARTESIAN_POINT ( 'NONE',  ( -6.798128423528928543, 4.999999999999933387, -18.52717611244703377 ) ) ;
#1841 = ORIENTED_EDGE ( 'NONE', *, *, #34, .T. ) ;
#1842 = CARTESIAN_POINT ( 'NONE',  ( 0.000000000000000000, 4.763083989060735490, 0.000000000000000000 ) ) ;
#1843 = MECHANICAL_CONTEXT ( 'NONE', #4934, 'mechanical' ) ;
#1844 = EDGE_LOOP ( 'NONE', ( #5765, #4300, #2577, #3467 ) ) ;
#1845 = LINE ( 'NONE', #3286, #1073 ) ;
#1846 = ADVANCED_FACE ( 'NONE', ( #1962 ), #3789, .F. ) ;
#1847 = AXIS2_PLACEMENT_3D ( 'NONE', #1725, #3493, #1258 ) ;
#1848 = EDGE_CURVE ( 'NONE', #1026, #4391, #680, .T. ) ;
#1849 = CARTESIAN_POINT ( 'NONE',  ( -5.938395079915480324, 4.000000000000000000, -16.31560638986757183 ) ) ;
#1850 = ORIENTED_EDGE ( 'NONE', *, *, #3673, .F. ) ;
#1851 = DIRECTION ( 'NONE',  ( 1.000000000000000000, 0.000000000000000000, -3.162767576288758865E-16 ) ) ;
#1852 = EDGE_LOOP ( 'NONE', ( #5282, #4534, #5321, #5489 ) ) ;
#1853 = CARTESIAN_POINT ( 'NONE',  ( -13.50000000000000000, 2.850000000000000089, -1.699999999999998401 ) ) ;
#1854 = VECTOR ( 'NONE', #126, 1000.000000000000114 ) ;
#1855 = VERTEX_POINT ( 'NONE', #448 ) ;
#1856 = DIRECTION ( 'NONE',  ( 0.6427876096865423605, -0.000000000000000000, 0.7660444431189755710 ) ) ;
#1857 = DIRECTION ( 'NONE',  ( -0.000000000000000000, -1.000000000000000000, -0.000000000000000000 ) ) ;
#1858 = PLANE ( 'NONE',  #950 ) ;
#1859 = DIRECTION ( 'NONE',  ( 0.000000000000000000, 1.000000000000000000, 0.000000000000000000 ) ) ;
#1860 = PLANE ( 'NONE',  #4944 ) ;
#1861 = CARTESIAN_POINT ( 'NONE',  ( -11.29485907163954650, 3.995326637729602393, 12.70568714828492674 ) ) ;
#1862 = VERTEX_POINT ( 'NONE', #1701 ) ;
#1863 = VERTEX_POINT ( 'NONE', #3933 ) ;
#1864 = CARTESIAN_POINT ( 'NONE',  ( 0.000000000000000000, 4.000000000000000000, 0.000000000000000000 ) ) ;
#1865 = EDGE_CURVE ( 'NONE', #4899, #1876, #5685, .T. ) ;
#1866 = CARTESIAN_POINT ( 'NONE',  ( -16.37444831358997277, 5.000000000000000000, -3.333657992398889824 ) ) ;
#1867 = CARTESIAN_POINT ( 'NONE',  ( -7.251669733353329761, 4.755665143279754759, -18.93589086960600909 ) ) ;
#1868 = ORIENTED_EDGE ( 'NONE', *, *, #3575, .T. ) ;
#1869 = EDGE_CURVE ( 'NONE', #677, #2413, #3301, .T. ) ;
#1870 = DIRECTION ( 'NONE',  ( -0.5000000000000015543, -3.469446951953621683E-15, 0.8660254037844378194 ) ) ;
#1871 = DIRECTION ( 'NONE',  ( -0.8660254037844395958, 0.000000000000000000, 0.4999999999999985567 ) ) ;
#1872 = ORIENTED_EDGE ( 'NONE', *, *, #4458, .F. ) ;
#1873 = CARTESIAN_POINT ( 'NONE',  ( -16.65087737877208696, 3.995326637726837049, -3.428791314062706430 ) ) ;
#1874 = EDGE_CURVE ( 'NONE', #1565, #4520, #3029, .T. ) ;
#1875 = FACE_BOUND ( 'NONE', #2276, .T. ) ;
#1876 = VERTEX_POINT ( 'NONE', #2230 ) ;
#1877 = CARTESIAN_POINT ( 'NONE',  ( -5.639592215639341433, 4.768243299460927176, -16.05197797411985405 ) ) ;
#1878 = LINE ( 'NONE', #3617, #4314 ) ;
#1879 = ORIENTED_EDGE ( 'NONE', *, *, #267, .F. ) ;
#1880 = LINE ( 'NONE', #1853, #2493 ) ;
#1881 = VECTOR ( 'NONE', #3011, 1000.000000000000114 ) ;
#1882 = EDGE_LOOP ( 'NONE', ( #477, #3224, #5289, #3580 ) ) ;
#1883 = CC_DESIGN_PERSON_AND_ORGANIZATION_ASSIGNMENT ( #615, #5183, ( #168 ) ) ;
#1884 = EDGE_CURVE ( 'NONE', #4906, #4140, #1370, .T. ) ;
#1885 = CARTESIAN_POINT ( 'NONE',  ( 11.89999999999999858, 2.850000000000000089, -1.700000000000000178 ) ) ;
#1886 = CARTESIAN_POINT ( 'NONE',  ( 11.13744724462271485, 4.000000000000000000, -12.91493644165439569 ) ) ;
#1887 = DIRECTION ( 'NONE',  ( -0.000000000000000000, 1.000000000000000000, -0.000000000000000000 ) ) ;
#1888 = CARTESIAN_POINT ( 'NONE',  ( -12.52508103611878099, 4.763083989060735490, 14.98902610973682492 ) ) ;
#1889 = DIRECTION ( 'NONE',  ( 0.8660254037844383745, 0.000000000000000000, -0.5000000000000004441 ) ) ;
#1890 = FACE_OUTER_BOUND ( 'NONE', #2996, .T. ) ;
#1891 = AXIS2_PLACEMENT_3D ( 'NONE', #4675, #3017, #4791 ) ;
#1892 = ORIENTED_EDGE ( 'NONE', *, *, #1660, .F. ) ;
#1893 = ORIENTED_EDGE ( 'NONE', *, *, #4415, .F. ) ;
#1894 = CARTESIAN_POINT ( 'NONE',  ( -19.24786839366350222, 4.763083989060735490, 3.353310047731262955 ) ) ;
#1895 = VECTOR ( 'NONE', #586, 1000.000000000000114 ) ;
#1896 = FACE_OUTER_BOUND ( 'NONE', #1834, .T. ) ;
#1897 = CARTESIAN_POINT ( 'NONE',  ( 11.89999999999999858, 5.000000000000000000, 3.349999999999998757 ) ) ;
#1898 = ORIENTED_EDGE ( 'NONE', *, *, #3169, .T. ) ;
#1899 = VECTOR ( 'NONE', #3230, 1000.000000000000000 ) ;
#1900 = CARTESIAN_POINT ( 'NONE',  ( 10.91458420064190804, 4.233548948216770746, 13.02653665286126206 ) ) ;
#1901 = VECTOR ( 'NONE', #1169, 1000.000000000000000 ) ;
#1902 = DIRECTION ( 'NONE',  ( -0.5000000000000004441, 0.000000000000000000, -0.8660254037844384856 ) ) ;
#1903 = ORIENTED_EDGE ( 'NONE', *, *, #5292, .F. ) ;
#1904 = FACE_OUTER_BOUND ( 'NONE', #1089, .T. ) ;
#1905 = ADVANCED_FACE ( 'NONE', ( #3473 ), #1969, .F. ) ;
#1906 = FACE_BOUND ( 'NONE', #3534, .T. ) ;
#1907 = DIRECTION ( 'NONE',  ( 0.000000000000000000, 1.000000000000000000, 0.000000000000000000 ) ) ;
#1908 = CARTESIAN_POINT ( 'NONE',  ( 10.91458420001007035, 4.233548956771588934, -13.02653665280443995 ) ) ;
#1909 = ORIENTED_EDGE ( 'NONE', *, *, #2565, .T. ) ;
#1910 = DIRECTION ( 'NONE',  ( -0.6627183721853447951, 0.000000000000000000, 0.7488687195817481657 ) ) ;
#1911 = EDGE_CURVE ( 'NONE', #557, #352, #1734, .T. ) ;
#1912 = ORIENTED_EDGE ( 'NONE', *, *, #3176, .F. ) ;
#1913 = AXIS2_PLACEMENT_3D ( 'NONE', #3559, #1708, #5336 ) ;
#1914 = CARTESIAN_POINT ( 'NONE',  ( -16.64016576610979214, 4.254361998983254622, -3.413499782783362413 ) ) ;
#1915 = CARTESIAN_POINT ( 'NONE',  ( 11.19774725679940985, 4.000000000000000000, -12.79168569148274415 ) ) ;
#1916 = CARTESIAN_POINT ( 'NONE',  ( -12.48509882542944460, 5.000000000000000000, -15.87517449665727653 ) ) ;
#1917 = LINE ( 'NONE', #1418, #3063 ) ;
#1918 = ADVANCED_FACE ( 'NONE', ( #4459 ), #780, .T. ) ;
#1919 = CARTESIAN_POINT ( 'NONE',  ( -5.363905355351761273, 4.254361998983255511, 16.11755616802692970 ) ) ;
#1920 = DIRECTION ( 'NONE',  ( 0.000000000000000000, 0.000000000000000000, 1.000000000000000000 ) ) ;
#1921 = EDGE_LOOP ( 'NONE', ( #698, #85, #3080, #2654 ) ) ;
#1922 = CARTESIAN_POINT ( 'NONE',  ( -21.43412874366484289, 0.000000000000000000, 0.3750000000000140998 ) ) ;
#1923 = VECTOR ( 'NONE', #3122, 1000.000000000000114 ) ;
#1924 = CARTESIAN_POINT ( 'NONE',  ( -17.04860403747929709, 5.000000000000000000, -2.712011710504425022 ) ) ;
#1925 = DIRECTION ( 'NONE',  ( -1.836970198721028948E-16, 0.000000000000000000, -1.000000000000000000 ) ) ;
#1926 = VECTOR ( 'NONE', #5099, 1000.000000000000000 ) ;
#1927 = VERTEX_POINT ( 'NONE', #5218 ) ;
#1928 = CARTESIAN_POINT ( 'NONE',  ( -19.65344471930126247, 5.000000000000000888, 3.350102886928147505 ) ) ;
#1929 = DATE_AND_TIME ( #5559, #3908 ) ;
#1930 = ORIENTED_EDGE ( 'NONE', *, *, #758, .F. ) ;
#1931 = DIRECTION ( 'NONE',  ( -0.3171801491649778315, 0.000000000000000000, 0.9483653056579424145 ) ) ;
#1932 = DIRECTION ( 'NONE',  ( -0.000000000000000000, -1.000000000000000000, -0.000000000000000000 ) ) ;
#1933 = CARTESIAN_POINT ( 'NONE',  ( -11.20543558750468627, 4.525671833992252147, 13.39697721022697685 ) ) ;
#1934 = CARTESIAN_POINT ( 'NONE',  ( -21.43412874366484644, 4.750000000000000000, -0.3749999999999865108 ) ) ;
#1936 = ORIENTED_EDGE ( 'NONE', *, *, #774, .F. ) ;
#1935 = LOCAL_TIME ( 9, 39, 18.00000000000000000, #3376 ) ;
#1937 = ADVANCED_FACE ( 'NONE', ( #797 ), #1292, .T. ) ;
#1938 = CARTESIAN_POINT ( 'NONE',  ( -5.982532503973328808, 3.995326637871072339, 16.43758906554635857 ) ) ;
#1939 = ORIENTED_EDGE ( 'NONE', *, *, #1307, .T. ) ;
#1940 = ORIENTED_EDGE ( 'NONE', *, *, #4974, .F. ) ;
#1941 = CARTESIAN_POINT ( 'NONE',  ( -12.51556964292268503, 5.000000000000000000, -14.99700711625963478 ) ) ;
#1942 = EDGE_CURVE ( 'NONE', #536, #2576, #4772, .T. ) ;
#1943 = DIRECTION ( 'NONE',  ( 0.02784232977355518765, -0.9984484056230059634, 0.04822432976888522960 ) ) ;
#1944 = CIRCLE ( 'NONE', #5777, 1.000000000000000000 ) ;
#1945 = DIRECTION ( 'NONE',  ( 0.9848077530122077983, 0.000000000000000000, -0.1736481776669316635 ) ) ;
#1946 = CARTESIAN_POINT ( 'NONE',  ( -10.39230484541326227, 4.750000000000000000, -18.75000000000000000 ) ) ;
#1947 = ORIENTED_EDGE ( 'NONE', *, *, #193, .T. ) ;
#1948 = CARTESIAN_POINT ( 'NONE',  ( 9.237604307034002815, 5.000000000000001776, 15.99999999999998934 ) ) ;
#1949 = EDGE_CURVE ( 'NONE', #870, #1149, #3901, .T. ) ;
#1950 = AXIS2_PLACEMENT_3D ( 'NONE', #1461, #1027, #4515 ) ;
#1951 = CARTESIAN_POINT ( 'NONE',  ( 12.82602917210753013, 4.000000000000000888, 15.28546634457731201 ) ) ;
#1952 = CARTESIAN_POINT ( 'NONE',  ( -6.675778765907946166, 4.000000000000000000, -18.34155141660601274 ) ) ;
#1953 = DIRECTION ( 'NONE',  ( -0.000000000000000000, 1.000000000000000000, -0.000000000000000000 ) ) ;
#1954 = VECTOR ( 'NONE', #3228, 1000.000000000000000 ) ;
#1955 = ORIENTED_EDGE ( 'NONE', *, *, #2989, .F. ) ;
#1956 = DIRECTION ( 'NONE',  ( -0.8660254037844401509, 0.000000000000000000, 0.4999999999999973910 ) ) ;
#1957 = DATE_AND_TIME ( #212, #1935 ) ;
#1958 = ORIENTED_EDGE ( 'NONE', *, *, #2840, .T. ) ;
#1959 = AXIS2_PLACEMENT_3D ( 'NONE', #2749, #548, #3629 ) ;
#1960 =( BOUNDED_SURFACE ( )  B_SPLINE_SURFACE ( 3, 2, ( 
 ( #4414, #4037, #2192 ),
 ( #2719, #3600, #5376 ),
 ( #4012, #2156, #5729 ),
 ( #1723, #1775, #2690 ),
 ( #1750, #3520, #404 ),
 ( #3983, #1281, #3072 ) ),
 .UNSPECIFIED., .F., .F., .T. ) 
 B_SPLINE_SURFACE_WITH_KNOTS ( ( 4, 2, 4 ),
 ( 3, 3 ),
 ( -5.421010862427522170E-20, 0.0005752549037845059799, 0.001150509807569011960 ),
 ( 0.000000000000000000, 1.000000000000000000 ),
 .UNSPECIFIED. ) 
 GEOMETRIC_REPRESENTATION_ITEM ( )  RATIONAL_B_SPLINE_SURFACE ( (
 ( 1.000000000000000000, 0.7253743710122874111, 1.000000000000000000),
 ( 1.000000000000000000, 0.7299083363406904112, 1.000000000000000000),
 ( 1.000000000000000000, 0.7324480241387982815, 1.000000000000000000),
 ( 1.000000000000000000, 0.7324521636565537452, 1.000000000000000000),
 ( 1.000000000000000000, 0.7299399960708089496, 1.000000000000000000),
 ( 1.000000000000000000, 0.7253743710122874111, 1.000000000000000000) ) ) 
 REPRESENTATION_ITEM ( '' )  SURFACE ( )  );
#1961 = DIRECTION ( 'NONE',  ( -0.02784232977355503846, -0.9984484056230057414, 0.04822432976888507694 ) ) ;
#1962 = FACE_OUTER_BOUND ( 'NONE', #2135, .T. ) ;
#1963 = FACE_OUTER_BOUND ( 'NONE', #5462, .T. ) ;
#1964 = CARTESIAN_POINT ( 'NONE',  ( -12.52508103611878099, 4.763083989060735490, 14.98902610973682492 ) ) ;
#1965 = VERTEX_POINT ( 'NONE', #4858 ) ;
#1966 = CARTESIAN_POINT ( 'NONE',  ( -6.001921400372024706, 4.604809290093000662, 16.39746853548042083 ) ) ;
#1967 = CARTESIAN_POINT ( 'NONE',  ( -10.80935071694706018, 5.000000000000000000, 13.21125643195992438 ) ) ;
#1968 = EDGE_CURVE ( 'NONE', #3866, #4486, #1976, .T. ) ;
#1969 =( BOUNDED_SURFACE ( )  B_SPLINE_SURFACE ( 3, 2, ( 
 ( #4399, #2206, #2110 ),
 ( #3445, #5769, #3030 ),
 ( #5246, #4428, #358 ),
 ( #5744, #3963, #1207 ) ),
 .UNSPECIFIED., .F., .F., .T. ) 
 B_SPLINE_SURFACE_WITH_KNOTS ( ( 4, 4 ),
 ( 3, 3 ),
 ( 0.01664492213323795489, 0.01743526401476351226 ),
 ( 0.000000000000000000, 1.000000000000000000 ),
 .UNSPECIFIED. ) 
 GEOMETRIC_REPRESENTATION_ITEM ( )  RATIONAL_B_SPLINE_SURFACE ( (
 ( 1.000000000000000000, 0.7172570966182885144, 1.000000000000000000),
 ( 1.000000000000000000, 0.7175240602609170848, 1.000000000000000000),
 ( 1.000000000000000000, 0.7177902439940379020, 1.000000000000000000),
 ( 1.000000000000000000, 0.7180556547962310132, 1.000000000000000000) ) ) 
 REPRESENTATION_ITEM ( '' )  SURFACE ( )  );
#1970 = ORIENTED_EDGE ( 'NONE', *, *, #3581, .F. ) ;
#1971 = CARTESIAN_POINT ( 'NONE',  ( 20.18001733862564251, 5.000000000000000000, -3.041537861850649005 ) ) ;
#1972 = VECTOR ( 'NONE', #46, 1000.000000000000114 ) ;
#1973 = ORIENTED_EDGE ( 'NONE', *, *, #3850, .T. ) ;
#1974 = DIRECTION ( 'NONE',  ( -0.4999999999999993339, 0.000000000000000000, 0.8660254037844389297 ) ) ;
#1975 = CARTESIAN_POINT ( 'NONE',  ( -12.64594096200303497, 4.999999999999801048, 15.15093996918816721 ) ) ;
#1976 = B_SPLINE_CURVE_WITH_KNOTS ( 'NONE', 3,
 ( #2552, #4337, #5334, #5713, #3057, #829 ),
 .UNSPECIFIED., .F., .F.,
 ( 4, 2, 4 ),
 ( 0.000000000000000000, 0.0003837252234144635952, 0.0007674504468289271904 ),
 .UNSPECIFIED. ) ;
#1977 = EDGE_CURVE ( 'NONE', #881, #1078, #2616, .T. ) ;
#1978 = DIRECTION ( 'NONE',  ( 0.000000000000000000, -1.000000000000000000, 0.000000000000000000 ) ) ;
#1979 = DIRECTION ( 'NONE',  ( 0.02784232977355505928, 0.9984484056230057414, -0.04822432976888511857 ) ) ;
#1980 = ORIENTED_EDGE ( 'NONE', *, *, #4990, .T. ) ;
#1981 = LINE ( 'NONE', #3775, #4792 ) ;
#1982 = VECTOR ( 'NONE', #2481, 1000.000000000000114 ) ;
#1983 = CARTESIAN_POINT ( 'NONE',  ( 5.375439828554315014, 5.000000000000000000, 16.07250847656637305 ) ) ;
#1984 = ADVANCED_FACE ( 'NONE', ( #1024 ), #5478, .F. ) ;
#1985 = DIRECTION ( 'NONE',  ( -0.4999999999999986677, 0.000000000000000000, 0.8660254037844395958 ) ) ;
#1986 = B_SPLINE_CURVE_WITH_KNOTS ( 'NONE', 3,
 ( #1713, #340, #2655, #457 ),
 .UNSPECIFIED., .F., .F.,
 ( 4, 4 ),
 ( 0.0002375320302479720571, 0.001002597511009808290 ),
 .UNSPECIFIED. ) ;
#1987 = AXIS2_PLACEMENT_3D ( 'NONE', #1519, #2913, #2499 ) ;
#1988 = CARTESIAN_POINT ( 'NONE',  ( -13.50000000000000000, 5.000000000000000000, -3.349999999999997868 ) ) ;
#1989 = ORIENTED_EDGE ( 'NONE', *, *, #5324, .T. ) ;
#1990 = ORIENTED_EDGE ( 'NONE', *, *, #782, .T. ) ;
#1991 = CARTESIAN_POINT ( 'NONE',  ( 19.28677045679822655, 4.750000000000000000, -3.106660779816059481 ) ) ;
#1992 = AXIS2_PLACEMENT_3D ( 'NONE', #4024, #1234, #1642 ) ;
#1993 = PERSON_AND_ORGANIZATION ( #230, #5683 ) ;
#1994 = ORIENTED_EDGE ( 'NONE', *, *, #936, .T. ) ;
#1995 =( BOUNDED_CURVE ( )  B_SPLINE_CURVE ( 3, ( #3804, #2482, #2071, #1534 ),
 .UNSPECIFIED., .F., .T. ) 
 B_SPLINE_CURVE_WITH_KNOTS ( ( 4, 4 ),
 ( 0.3485670870932549015, 1.570796326794896780 ),
 .UNSPECIFIED. ) 
 CURVE ( )  GEOMETRIC_REPRESENTATION_ITEM ( )  RATIONAL_B_SPLINE_CURVE ( ( 1.000000000000000000, 0.8793393195858261180, 0.8793393195858261180, 1.000000000000000000 ) ) 
 REPRESENTATION_ITEM ( '' )  );
#1996 = CARTESIAN_POINT ( 'NONE',  ( -5.993832638386773048, 4.350448236824113302, -16.41422061310100844 ) ) ;
#1997 = EDGE_CURVE ( 'NONE', #3053, #2252, #225, .T. ) ;
#1998 = CIRCLE ( 'NONE', #2748, 16.96000846272688278 ) ;
#1999 = DIRECTION ( 'NONE',  ( -0.9396926207859082059, 0.000000000000000000, 0.3420201433256693790 ) ) ;
#2000 = DIRECTION ( 'NONE',  ( 0.6427876096865378086, 2.350520924652496144E-18, -0.7660444431189793457 ) ) ;
#2001 = CARTESIAN_POINT ( 'NONE',  ( 5.379378014047084378, 4.763083989060736378, 16.08428360971524640 ) ) ;
#2002 = CARTESIAN_POINT ( 'NONE',  ( 11.89999999999999858, 5.000000000000000000, 1.699999999999999512 ) ) ;
#2003 = VERTEX_POINT ( 'NONE', #4541 ) ;
#2004 = DIRECTION ( 'NONE',  ( 1.000000000000000000, -0.000000000000000000, -1.581383788144378693E-16 ) ) ;
#2005 = CARTESIAN_POINT ( 'NONE',  ( -6.004437515563529892, 4.683946675189656794, 16.39225527606435762 ) ) ;
#2006 = CARTESIAN_POINT ( 'NONE',  ( -13.50000000000000000, 2.850000000000000089, 1.830590527989727547E-15 ) ) ;
#2007 = ORIENTED_EDGE ( 'NONE', *, *, #1447, .T. ) ;
#2008 = CARTESIAN_POINT ( 'NONE',  ( 20.18191002583201765, 4.752838769551014586, -3.043906441475232594 ) ) ;
#2009 = CARTESIAN_POINT ( 'NONE',  ( 7.454854707855243845, 4.752838769551006592, -19.00000000000000000 ) ) ;
#2010 =( BOUNDED_CURVE ( )  B_SPLINE_CURVE ( 3, ( #2883, #687, #3821, #1152 ),
 .UNSPECIFIED., .F., .T. ) 
 B_SPLINE_CURVE_WITH_KNOTS ( ( 4, 4 ),
 ( 0.5229266549113783524, 1.570796326794896114 ),
 .UNSPECIFIED. ) 
 CURVE ( )  GEOMETRIC_REPRESENTATION_ITEM ( )  RATIONAL_B_SPLINE_CURVE ( ( 1.000000000000000000, 0.9105715498086062176, 0.9105715498086062176, 1.000000000000000000 ) ) 
 REPRESENTATION_ITEM ( '' )  );
#2011 = CARTESIAN_POINT ( 'NONE',  ( 7.960204194457796463E-16, 5.000000000000000000, 6.500000000000000888 ) ) ;
#2012 = EDGE_LOOP ( 'NONE', ( #539, #462, #5221, #32 ) ) ;
#2013 = LINE ( 'NONE', #2960, #678 ) ;
#2014 = EDGE_CURVE ( 'NONE', #3121, #1424, #4484, .T. ) ;
#2015 = DIRECTION ( 'NONE',  ( 0.000000000000000000, 1.000000000000000000, 0.000000000000000000 ) ) ;
#2016 = DIRECTION ( 'NONE',  ( 0.000000000000000000, 0.000000000000000000, 1.000000000000000000 ) ) ;
#2017 = FACE_OUTER_BOUND ( 'NONE', #294, .T. ) ;
#2018 = ORIENTED_EDGE ( 'NONE', *, *, #4032, .T. ) ;
#2019 = ORIENTED_EDGE ( 'NONE', *, *, #3978, .T. ) ;
#2020 = CARTESIAN_POINT ( 'NONE',  ( 11.25833024919769620, 4.750000000000000000, -18.50000000000000355 ) ) ;
#2021 = DATE_AND_TIME ( #3345, #1658 ) ;
#2022 = ORIENTED_EDGE ( 'NONE', *, *, #5207, .T. ) ;
#2023 = EDGE_CURVE ( 'NONE', #5600, #5117, #597, .T. ) ;
#2024 = FACE_OUTER_BOUND ( 'NONE', #441, .T. ) ;
#2025 = AXIS2_PLACEMENT_3D ( 'NONE', #4231, #2038, #229 ) ;
#2026 = CARTESIAN_POINT ( 'NONE',  ( 16.63026930009215931, 5.000000000000000000, 3.250680876017679299 ) ) ;
#2027 = CARTESIAN_POINT ( 'NONE',  ( 16.37444831358993724, 4.750000000000000000, -3.333657992399055026 ) ) ;
#2028 = DIRECTION ( 'NONE',  ( -0.9848077530122077983, 0.000000000000000000, 0.1736481776669316635 ) ) ;
#2029 = CARTESIAN_POINT ( 'NONE',  ( -16.37444831358996566, 5.000000000000000000, 3.333657992398941339 ) ) ;
#2030 = ORIENTED_EDGE ( 'NONE', *, *, #3967, .F. ) ;
#2031 = EDGE_CURVE ( 'NONE', #213, #4830, #5389, .T. ) ;
#2032 = LINE ( 'NONE', #4224, #1456 ) ;
#2033 = DIRECTION ( 'NONE',  ( -0.3420201433256597201, 0.000000000000000000, 0.9396926207859116476 ) ) ;
#2034 = CARTESIAN_POINT ( 'NONE',  ( -10.92849784132357271, 5.000000000000000000, 12.64284989357967603 ) ) ;
#2035 = VERTEX_POINT ( 'NONE', #3170 ) ;
#2036 = LINE ( 'NONE', #3824, #2158 ) ;
#2037 = CARTESIAN_POINT ( 'NONE',  ( 6.925448154279276736, 5.000000000000000888, -18.69543384225228877 ) ) ;
#2038 = DIRECTION ( 'NONE',  ( -0.000000000000000000, -1.000000000000000000, -0.000000000000000000 ) ) ;
#2039 = DIRECTION ( 'NONE',  ( 0.000000000000000000, 0.000000000000000000, 1.000000000000000000 ) ) ;
#2040 = ORIENTED_EDGE ( 'NONE', *, *, #5352, .F. ) ;
#2041 = CARTESIAN_POINT ( 'NONE',  ( 6.718336870960991192, 4.763083989060735490, 18.34155141660600563 ) ) ;
#2042 = CARTESIAN_POINT ( 'NONE',  ( 5.639306155528275966, 4.768240053429968484, -16.05193925731909488 ) ) ;
#2043 = CARTESIAN_POINT ( 'NONE',  ( -5.938394644554951363, 4.000000000000000000, 16.31560519372518669 ) ) ;
#2044 = DIRECTION ( 'NONE',  ( -0.8660254037844433705, 0.000000000000000000, -0.4999999999999919509 ) ) ;
#2045 = CARTESIAN_POINT ( 'NONE',  ( -19.41691370617503765, 4.762060758070178146, -3.367754561760273546 ) ) ;
#2046 = EDGE_CURVE ( 'NONE', #2218, #1295, #68, .T. ) ;
#2047 = AXIS2_PLACEMENT_3D ( 'NONE', #2306, #2359, #500 ) ;
#2048 = ORIENTED_EDGE ( 'NONE', *, *, #662, .T. ) ;
#2049 = ORIENTED_EDGE ( 'NONE', *, *, #1045, .F. ) ;
#2050 = PERSON_AND_ORGANIZATION ( #230, #5683 ) ;
#2051 = ORIENTED_EDGE ( 'NONE', *, *, #64, .T. ) ;
#2052 = DIRECTION ( 'NONE',  ( -1.000000000000000000, -0.000000000000000000, 3.162767576288758865E-16 ) ) ;
#2053 = CARTESIAN_POINT ( 'NONE',  ( -16.65068412775307749, 4.000000000000000000, 3.428515433506427179 ) ) ;
#2054 = EDGE_CURVE ( 'NONE', #3241, #533, #1998, .T. ) ;
#2055 = DIRECTION ( 'NONE',  ( 0.000000000000000000, -0.000000000000000000, 1.000000000000000000 ) ) ;
#2056 = CARTESIAN_POINT ( 'NONE',  ( -9.237604307034011697, -1.734723475976807094E-15, 15.99999999999998934 ) ) ;
#2057 = DIRECTION ( 'NONE',  ( 0.000000000000000000, -1.000000000000000000, 0.000000000000000000 ) ) ;
#2058 = VERTEX_POINT ( 'NONE', #93 ) ;
#2059 = CARTESIAN_POINT ( 'NONE',  ( -16.72743637453610432, 4.496257923670492929, 2.923089363321704770 ) ) ;
#2060 = DIRECTION ( 'NONE',  ( 0.000000000000000000, 1.000000000000000000, 0.000000000000000000 ) ) ;
#2061 = EDGE_CURVE ( 'NONE', #4520, #4953, #2364, .T. ) ;
#2062 = ORIENTED_EDGE ( 'NONE', *, *, #1731, .F. ) ;
#2063 = CARTESIAN_POINT ( 'NONE',  ( 20.28394807427327962, 5.000000000000000888, -2.867171357269795440 ) ) ;
#2064 = CARTESIAN_POINT ( 'NONE',  ( 11.24376283466122040, 4.000000000000000000, 13.39979475248478913 ) ) ;
#2065 = FACE_OUTER_BOUND ( 'NONE', #4153, .T. ) ;
#2066 = ADVANCED_FACE ( 'NONE', ( #503 ), #5140, .F. ) ;
#2067 = DIRECTION ( 'NONE',  ( -0.000000000000000000, 1.000000000000000000, -0.000000000000000000 ) ) ;
#2068 = CIRCLE ( 'NONE', #3288, 0.2500000000000002220 ) ;
#2069 = EDGE_LOOP ( 'NONE', ( #1508, #266, #981, #2722 ) ) ;
#2070 = DIRECTION ( 'NONE',  ( 0.000000000000000000, 0.000000000000000000, 1.000000000000000000 ) ) ;
#2071 = CARTESIAN_POINT ( 'NONE',  ( -12.57189277403560901, 5.000000000000000000, 15.72484296806225501 ) ) ;
#2072 = CARTESIAN_POINT ( 'NONE',  ( 0.000000000000000000, 5.000000000000000000, 0.000000000000000000 ) ) ;
#2073 = AXIS2_PLACEMENT_3D ( 'NONE', #691, #2472, #629 ) ;
#2074 = AXIS2_PLACEMENT_3D ( 'NONE', #2958, #2892, #5076 ) ;
#2075 = CARTESIAN_POINT ( 'NONE',  ( 11.90000000000000036, 5.000000000000000000, 3.350000000000075584 ) ) ;
#2076 = DIRECTION ( 'NONE',  ( 0.000000000000000000, -0.04824303228071012695, -0.9988356270359816103 ) ) ;
#2077 = ORIENTED_EDGE ( 'NONE', *, *, #2678, .F. ) ;
#2078 = ORIENTED_EDGE ( 'NONE', *, *, #4315, .T. ) ;
#2079 = EDGE_LOOP ( 'NONE', ( #2098, #841, #5084, #4505 ) ) ;
#2080 = CARTESIAN_POINT ( 'NONE',  ( -6.718336870961140406, 4.763083989060735490, -18.34155141660601274 ) ) ;
#2081 = AXIS2_PLACEMENT_3D ( 'NONE', #3226, #5308, #4068 ) ;
#2082 = FACE_OUTER_BOUND ( 'NONE', #3251, .T. ) ;
#2083 = DIRECTION ( 'NONE',  ( 0.8660254037844363761, 0.000000000000000000, -0.5000000000000039968 ) ) ;
#2084 = CARTESIAN_POINT ( 'NONE',  ( 17.20504506594209104, 4.520819520486012877, 3.005997585668489958 ) ) ;
#2085 = CARTESIAN_POINT ( 'NONE',  ( -6.824587577042499298, 4.000000000000000000, -18.75040026501406132 ) ) ;
#2086 = ORIENTED_EDGE ( 'NONE', *, *, #3796, .F. ) ;
#2087 = CARTESIAN_POINT ( 'NONE',  ( -16.65087737876568141, 3.995326637881658538, 3.428791314053609263 ) ) ;
#2088 = CARTESIAN_POINT ( 'NONE',  ( 0.000000000000000000, 4.750000000000000000, 0.000000000000000000 ) ) ;
#2089 = VECTOR ( 'NONE', #2907, 1000.000000000000000 ) ;
#2090 = CARTESIAN_POINT ( 'NONE',  ( 6.952938072137583525, 5.000000000000000000, -18.25616356245449623 ) ) ;
#2091 = ADVANCED_FACE ( 'NONE', ( #1401 ), #4969, .T. ) ;
#2092 = AXIS2_PLACEMENT_3D ( 'NONE', #370, #4009, #2716 ) ;
#2093 = CARTESIAN_POINT ( 'NONE',  ( 16.52769630709127568, 5.000000000000000000, -2.972210904669355891 ) ) ;
#2094 = CARTESIAN_POINT ( 'NONE',  ( 12.52508103611871526, 4.763083989060735490, -14.98902610973696170 ) ) ;
#2095 = CARTESIAN_POINT ( 'NONE',  ( -16.65068412775307749, 4.000000000000000000, 3.428515433506427179 ) ) ;
#2096 = ADVANCED_FACE ( 'NONE', ( #3140 ), #2729, .T. ) ;
#2097 = CARTESIAN_POINT ( 'NONE',  ( 16.60713570694878527, 5.000000000000001776, -2.918089737280161522 ) ) ;
#2098 = ORIENTED_EDGE ( 'NONE', *, *, #2139, .T. ) ;
#2099 = CARTESIAN_POINT ( 'NONE',  ( 10.82803705919785386, 5.000000000000000000, -13.21278864359036653 ) ) ;
#2100 = CARTESIAN_POINT ( 'NONE',  ( 6.241554349974623328, 5.000000000000000000, -16.30165284924411750 ) ) ;
#2101 = EDGE_CURVE ( 'NONE', #5368, #1863, #4912, .T. ) ;
#2102 = FACE_BOUND ( 'NONE', #824, .T. ) ;
#2103 = CARTESIAN_POINT ( 'NONE',  ( -20.02479740304511679, 4.755665143279751206, -3.187815225864515156 ) ) ;
#2104 = CYLINDRICAL_SURFACE ( 'NONE', #1677, 1.249999999999994227 ) ;
#2105 = ORIENTED_EDGE ( 'NONE', *, *, #167, .T. ) ;
#2106 = ORIENTED_EDGE ( 'NONE', *, *, #3479, .F. ) ;
#2107 = ORIENTED_EDGE ( 'NONE', *, *, #453, .T. ) ;
#2108 = EDGE_CURVE ( 'NONE', #2445, #3839, #3970, .T. ) ;
#2109 = CARTESIAN_POINT ( 'NONE',  ( -12.40851091858915112, 5.000000000000000000, 16.00782864273040218 ) ) ;
#2110 = CARTESIAN_POINT ( 'NONE',  ( -11.18662269347550264, 4.783564761049852621, -13.39558341028949506 ) ) ;
#2111 = CARTESIAN_POINT ( 'NONE',  ( 9.237604307034015250, -1.734723475976807094E-15, -16.00000000000000000 ) ) ;
#2112 = PLANE ( 'NONE',  #5712 ) ;
#2113 = CARTESIAN_POINT ( 'NONE',  ( 5.356018307132065281, 3.995326637716247298, 16.13447846234829086 ) ) ;
#2114 = CARTESIAN_POINT ( 'NONE',  ( 12.54636008864540386, 4.000000000000000000, 14.95216970962379754 ) ) ;
#2115 = AXIS2_PLACEMENT_3D ( 'NONE', #309, #724, #2475 ) ;
#2116 = EDGE_CURVE ( 'NONE', #1259, #3990, #3670, .T. ) ;
#2117 = DIRECTION ( 'NONE',  ( -0.8660254037844407060, 0.000000000000000000, -0.4999999999999966138 ) ) ;
#2118 = AXIS2_PLACEMENT_3D ( 'NONE', #5262, #4873, #3158 ) ;
#2119 = FACE_OUTER_BOUND ( 'NONE', #3516, .T. ) ;
#2120 = CARTESIAN_POINT ( 'NONE',  ( 12.51556964292259444, 5.000000000000001776, -14.99700711625981242 ) ) ;
#2121 = CARTESIAN_POINT ( 'NONE',  ( -9.237604307034011697, 5.000000000000001776, 17.24999999999997868 ) ) ;
#2122 = CARTESIAN_POINT ( 'NONE',  ( 16.37444831358993724, 5.000000000000000000, -3.333657992399055026 ) ) ;
#2123 = EDGE_CURVE ( 'NONE', #4549, #2995, #135, .T. ) ;
#2124 = LINE ( 'NONE', #4183, #5273 ) ;
#2125 = ORIENTED_EDGE ( 'NONE', *, *, #2937, .T. ) ;
#2126 = CARTESIAN_POINT ( 'NONE',  ( -17.19507011638910399, 4.763083989060735490, -2.991346325495881864 ) ) ;
#2127 = CARTESIAN_POINT ( 'NONE',  ( 5.498755516797957377, 5.000000000000000000, -16.02801164149785151 ) ) ;
#2128 = CC_DESIGN_APPROVAL ( #5101, ( #2503 ) ) ;
#2129 = VECTOR ( 'NONE', #3630, 1000.000000000000227 ) ;
#2130 = DIRECTION ( 'NONE',  ( 0.6427876096865324795, 0.000000000000000000, -0.7660444431189837866 ) ) ;
#2131 = DIRECTION ( 'NONE',  ( -0.5000000000000002220, 0.000000000000000000, -0.8660254037844385966 ) ) ;
#2132 = EDGE_CURVE ( 'NONE', #4561, #4205, #1717, .T. ) ;
#2133 = ORIENTED_EDGE ( 'NONE', *, *, #744, .T. ) ;
#2134 = ORIENTED_EDGE ( 'NONE', *, *, #5324, .F. ) ;
#2135 = EDGE_LOOP ( 'NONE', ( #4797, #5447, #4293, #3243, #2018, #3782, #1268, #2911 ) ) ;
#2136 = CARTESIAN_POINT ( 'NONE',  ( 9.237604307034015250, -1.734723475976807094E-15, -16.00000000000000000 ) ) ;
#2137 = CIRCLE ( 'NONE', #4105, 1.000000000000000888 ) ;
#2138 = CARTESIAN_POINT ( 'NONE',  ( -10.39230484541324451, 0.2500000000000002220, 18.00000000000000355 ) ) ;
#2139 = EDGE_CURVE ( 'NONE', #2708, #5560, #2185, .T. ) ;
#2140 = CARTESIAN_POINT ( 'NONE',  ( -6.718336870960796681, 4.763083989060735490, 18.34155141660600563 ) ) ;
#2141 = CARTESIAN_POINT ( 'NONE',  ( 11.29452352655997416, 4.000000000000000000, -12.70565772827142226 ) ) ;
#2142 = CARTESIAN_POINT ( 'NONE',  ( -18.47520861406802339, 5.000000000000000000, 1.249999999999987343 ) ) ;
#2143 = CARTESIAN_POINT ( 'NONE',  ( 5.832248541638520578, 4.496257940867042890, 15.94792952104054784 ) ) ;
#2144 = CARTESIAN_POINT ( 'NONE',  ( 10.92849784132290480, 5.000000000000000000, -12.64284989357910227 ) ) ;
#2145 = VECTOR ( 'NONE', #3722, 1000.000000000000114 ) ;
#2146 = CARTESIAN_POINT ( 'NONE',  ( 16.52805097590768924, 4.999999999999998224, 2.971807742432767796 ) ) ;
#2147 = CARTESIAN_POINT ( 'NONE',  ( 9.237604307034002815, 5.000000000000000000, 15.99999999999998934 ) ) ;
#2148 = VERTEX_POINT ( 'NONE', #1111 ) ;
#2149 = FACE_OUTER_BOUND ( 'NONE', #3911, .T. ) ;
#2150 = AXIS2_PLACEMENT_3D ( 'NONE', #3190, #5350, #3572 ) ;
#2151 =( BOUNDED_CURVE ( )  B_SPLINE_CURVE ( 3, ( #2045, #3835, #4739, #733 ),
 .UNSPECIFIED., .F., .T. ) 
 B_SPLINE_CURVE_WITH_KNOTS ( ( 4, 4 ),
 ( 5.760258652268209545, 5.934618220086333551 ),
 .UNSPECIFIED. ) 
 CURVE ( )  GEOMETRIC_REPRESENTATION_ITEM ( )  RATIONAL_B_SPLINE_CURVE ( ( 1.000000000000000000, 0.9974681659300650427, 0.9974681659300650427, 1.000000000000000000 ) ) 
 REPRESENTATION_ITEM ( '' )  );
#2152 = CARTESIAN_POINT ( 'NONE',  ( 17.23842266610770224, 5.000000000000000000, -2.745481798442726884 ) ) ;
#2153 = CARTESIAN_POINT ( 'NONE',  ( 11.18034054110798081, 4.763083989060735490, -13.38642679370097177 ) ) ;
#2154 = ORIENTED_EDGE ( 'NONE', *, *, #1060, .F. ) ;
#2155 = DIRECTION ( 'NONE',  ( 0.000000000000000000, 0.000000000000000000, 1.000000000000000000 ) ) ;
#2156 = CARTESIAN_POINT ( 'NONE',  ( -11.06515085037841040, 5.000000000000166978, -12.90414461903448284 ) ) ;
#2157 = ADVANCED_FACE ( 'NONE', ( #150 ), #5192, .T. ) ;
#2158 = VECTOR ( 'NONE', #4229, 1000.000000000000227 ) ;
#2159 = CARTESIAN_POINT ( 'NONE',  ( -19.24341790707968514, 4.763083989060735490, -3.352525306869207355 ) ) ;
#2160 = CARTESIAN_POINT ( 'NONE',  ( 10.87184052187516592, 5.000000000000000000, 13.40716872782067881 ) ) ;
#2161 = ORIENTED_EDGE ( 'NONE', *, *, #1810, .F. ) ;
#2162 = EDGE_LOOP ( 'NONE', ( #1173, #4979, #2204, #4237 ) ) ;
#2163 = ORIENTED_EDGE ( 'NONE', *, *, #4730, .F. ) ;
#2164 = AXIS2_PLACEMENT_3D ( 'NONE', #4316, #308, #5104 ) ;
#2165 = CARTESIAN_POINT ( 'NONE',  ( -17.18315593979966849, 4.763083989060735490, -2.989245534710239571 ) ) ;
#2166 = ADVANCED_FACE ( 'NONE', ( #3487 ), #1223, .F. ) ;
#2167 = CARTESIAN_POINT ( 'NONE',  ( 21.65063509461095848, 4.750000000000000000, 0.4999999999999831246 ) ) ;
#2168 = ORIENTED_EDGE ( 'NONE', *, *, #1630, .T. ) ;
#2169 = DIRECTION ( 'NONE',  ( 0.4999999999999992784, 0.000000000000000000, -0.8660254037844390407 ) ) ;
#2170 = CARTESIAN_POINT ( 'NONE',  ( 0.000000000000000000, 4.750000000000000000, 0.000000000000000000 ) ) ;
#2171 = DIRECTION ( 'NONE',  ( -0.9384048047077364618, 0.05233595624294394566, 0.3415514166060093504 ) ) ;
#2172 = CIRCLE ( 'NONE', #307, 16.96000846272688278 ) ;
#2173 = CARTESIAN_POINT ( 'NONE',  ( -17.22644407847985093, 4.000000000000000000, -3.037486872701549601 ) ) ;
#2174 = DIRECTION ( 'NONE',  ( -0.05568465954711039612, 0.9984484056230057414, 7.236652382626632625E-18 ) ) ;
#2175 = EDGE_CURVE ( 'NONE', #4486, #3005, #5458, .T. ) ;
#2176 = EDGE_CURVE ( 'NONE', #1811, #1636, #2124, .T. ) ;
#2177 = CIRCLE ( 'NONE', #2931, 0.2500000000000002220 ) ;
#2178 = CARTESIAN_POINT ( 'NONE',  ( -16.37444831358996211, 5.000000000000000000, 3.333657992398940451 ) ) ;
#2179 = CYLINDRICAL_SURFACE ( 'NONE', #3484, 1.699999999999999289 ) ;
#2180 = ORIENTED_EDGE ( 'NONE', *, *, #668, .T. ) ;
#2181 = PLANE ( 'NONE',  #3620 ) ;
#2182 = AXIS2_PLACEMENT_3D ( 'NONE', #5534, #4687, #1515 ) ;
#2183 =( BOUNDED_SURFACE ( )  B_SPLINE_SURFACE ( 3, 2, ( 
 ( #2094, #2120, #5694 ),
 ( #723, #338, #1681 ),
 ( #2506, #1651, #2982 ),
 ( #3881, #4755, #5227 ),
 ( #5637, #5666, #3454 ),
 ( #660, #3852, #4754 ) ),
 .UNSPECIFIED., .F., .F., .F. ) 
 B_SPLINE_SURFACE_WITH_KNOTS ( ( 4, 2, 4 ),
 ( 3, 3 ),
 ( 0.3485670870932596754, 0.9596817069440783943, 1.570796326794897002 ),
 ( 0.000000000000000000, 1.000000000000000000 ),
 .UNSPECIFIED. ) 
 GEOMETRIC_REPRESENTATION_ITEM ( )  RATIONAL_B_SPLINE_SURFACE ( (
 ( 1.000000000000000000, 0.7253743710122841915, 1.000000000000000000),
 ( 1.000000000000000000, 0.7240499912501405788, 1.000000000000000000),
 ( 1.000000000000000000, 0.7215476082089404830, 1.000000000000000000),
 ( 1.000000000000000000, 0.7150809331575616046, 1.000000000000000000),
 ( 1.000000000000000000, 0.7111226099809728751, 1.000000000000000000),
 ( 1.000000000000000000, 0.7071067811865475727, 1.000000000000000000) ) ) 
 REPRESENTATION_ITEM ( '' )  SURFACE ( )  );
#2184 = B_SPLINE_CURVE_WITH_KNOTS ( 'NONE', 3,
 ( #1417, #544, #5017, #5465, #4011, #1012, #2800 ),
 .UNSPECIFIED., .F., .F.,
 ( 4, 3, 4 ),
 ( 0.000000000000000000, 0.0005270747513130783629, 0.0007651211997125620346 ),
 .UNSPECIFIED. ) ;
#2185 = CIRCLE ( 'NONE', #413, 0.2500000000000002220 ) ;
#2186 = ORIENTED_EDGE ( 'NONE', *, *, #50, .T. ) ;
#2187 = AXIS2_PLACEMENT_3D ( 'NONE', #2836, #1601, #2044 ) ;
#2188 = CONICAL_SURFACE ( 'NONE', #5460, 17.00000000000000000, 0.05235987755983000091 ) ;
#2189 = CARTESIAN_POINT ( 'NONE',  ( -5.375439828554428701, 5.000000000000000000, -16.07250847656634107 ) ) ;
#2190 = ORIENTED_EDGE ( 'NONE', *, *, #2299, .T. ) ;
#2191 = DIRECTION ( 'NONE',  ( 0.000000000000000000, 1.000000000000000000, 0.000000000000000000 ) ) ;
#2192 = CARTESIAN_POINT ( 'NONE',  ( -11.23970920066359191, 4.763083989060735490, -12.70081982158182576 ) ) ;
#2193 = CARTESIAN_POINT ( 'NONE',  ( -19.99085381633119951, 5.000000000000000000, -2.874825503252755876 ) ) ;
#2194 = FACE_OUTER_BOUND ( 'NONE', #3438, .T. ) ;
#2195 = ORIENTED_EDGE ( 'NONE', *, *, #4207, .F. ) ;
#2196 = VERTEX_POINT ( 'NONE', #2020 ) ;
#2197 = EDGE_CURVE ( 'NONE', #2710, #1409, #1341, .T. ) ;
#2199 = ORIENTED_EDGE ( 'NONE', *, *, #2307, .T. ) ;
#2198 = B_SPLINE_CURVE_WITH_KNOTS ( 'NONE', 3,
 ( #3264, #2369, #1030, #1933, #2318, #2430, #3318 ),
 .UNSPECIFIED., .F., .F.,
 ( 4, 3, 4 ),
 ( 0.0002375494058362758929, 0.0004755958542684367405, 0.001002670605653884026 ),
 .UNSPECIFIED. ) ;
#2200 = CARTESIAN_POINT ( 'NONE',  ( 12.80480779752835119, 4.761015611334819653, -15.32222284355489350 ) ) ;
#2201 =( BOUNDED_SURFACE ( )  B_SPLINE_SURFACE ( 3, 2, ( 
 ( #685, #745, #2978 ),
 ( #249, #2059, #3762 ),
 ( #5066, #2433, #2850 ),
 ( #2087, #276, #222 ) ),
 .UNSPECIFIED., .F., .F., .T. ) 
 B_SPLINE_SURFACE_WITH_KNOTS ( ( 4, 4 ),
 ( 3, 3 ),
 ( 0.01644726030280637893, 0.01723760220072714441 ),
 ( 0.000000000000000000, 1.000000000000000000 ),
 .UNSPECIFIED. ) 
 GEOMETRIC_REPRESENTATION_ITEM ( )  RATIONAL_B_SPLINE_SURFACE ( (
 ( 1.000000000000000000, 0.7172570966182877372, 1.000000000000000000),
 ( 1.000000000000000000, 0.7175240602609350704, 1.000000000000000000),
 ( 1.000000000000000000, 0.7177902439938325108, 1.000000000000000000),
 ( 1.000000000000000000, 0.7180556547962345659, 1.000000000000000000) ) ) 
 REPRESENTATION_ITEM ( '' )  SURFACE ( )  );
#2202 = CARTESIAN_POINT ( 'NONE',  ( 13.50000000000000000, 2.850000000000000089, 1.699999999999999067 ) ) ;
#2203 = AXIS2_PLACEMENT_3D ( 'NONE', #364, #2560, #2651 ) ;
#2204 = ORIENTED_EDGE ( 'NONE', *, *, #1276, .T. ) ;
#2205 = EDGE_CURVE ( 'NONE', #644, #4776, #1157, .T. ) ;
#2206 = CARTESIAN_POINT ( 'NONE',  ( -10.87578804604741656, 4.758867573867922474, -13.02313149068478104 ) ) ;
#2207 = CARTESIAN_POINT ( 'NONE',  ( -19.90405986788078607, 5.000000000000000888, -3.025157031937766750 ) ) ;
#2208 = DIRECTION ( 'NONE',  ( -0.000000000000000000, 1.000000000000000000, -0.000000000000000000 ) ) ;
#2209 = CARTESIAN_POINT ( 'NONE',  ( -5.300191647848693677, 5.000000000000000000, -15.84751720872356096 ) ) ;
#2210 = EDGE_CURVE ( 'NONE', #5039, #4586, #4436, .T. ) ;
#2211 = FACE_OUTER_BOUND ( 'NONE', #1342, .T. ) ;
#2212 = CARTESIAN_POINT ( 'NONE',  ( -6.925448154279425061, 5.000000000000000888, 18.69543384225229232 ) ) ;
#2213 = ORIENTED_EDGE ( 'NONE', *, *, #1307, .F. ) ;
#2214 = CARTESIAN_POINT ( 'NONE',  ( 20.28394807427327962, 4.750000000000000000, -2.867171357269796328 ) ) ;
#2215 = AXIS2_PLACEMENT_3D ( 'NONE', #1652, #5167, #5228 ) ;
#2216 = EDGE_LOOP ( 'NONE', ( #3040, #275, #4118, #3172 ) ) ;
#2217 = DIRECTION ( 'NONE',  ( 0.000000000000000000, 0.000000000000000000, 1.000000000000000000 ) ) ;
#2218 = VERTEX_POINT ( 'NONE', #3811 ) ;
#2219 = CARTESIAN_POINT ( 'NONE',  ( 11.89999999999999858, 2.850000000000000089, -3.349999999999998312 ) ) ;
#2220 = LINE ( 'NONE', #3128, #3153 ) ;
#2221 = DIRECTION ( 'NONE',  ( 0.8660254037844395958, 0.000000000000000000, -0.4999999999999985567 ) ) ;
#2222 = CARTESIAN_POINT ( 'NONE',  ( 10.99686831613291460, 5.000000000000000000, 13.55617105080148299 ) ) ;
#2223 = EDGE_LOOP ( 'NONE', ( #4047, #1771, #2343, #4868 ) ) ;
#2224 = ORIENTED_EDGE ( 'NONE', *, *, #1434, .F. ) ;
#2225 = ORIENTED_EDGE ( 'NONE', *, *, #5461, .F. ) ;
#2226 = CARTESIAN_POINT ( 'NONE',  ( 12.84269087299594680, 4.756055831202428585, -15.75580690206991186 ) ) ;
#2227 = EDGE_CURVE ( 'NONE', #1965, #1305, #5591, .T. ) ;
#2228 = DIRECTION ( 'NONE',  ( -0.7660444431189802339, 0.000000000000000000, -0.6427876096865368094 ) ) ;
#2229 = ORIENTED_EDGE ( 'NONE', *, *, #5678, .T. ) ;
#2230 = CARTESIAN_POINT ( 'NONE',  ( 20.26303387659166688, 4.000000000000000000, 2.903395810253849518 ) ) ;
#2231 = FACE_OUTER_BOUND ( 'NONE', #4398, .T. ) ;
#2232 = CARTESIAN_POINT ( 'NONE',  ( 11.13030686827297089, 5.000000000001174172, -12.77689524764690532 ) ) ;
#2233 = EDGE_CURVE ( 'NONE', #4811, #557, #3916, .T. ) ;
#2234 = DIRECTION ( 'NONE',  ( 0.000000000000000000, 0.000000000000000000, 1.000000000000000000 ) ) ;
#2235 = AXIS2_PLACEMENT_3D ( 'NONE', #1781, #2611, #3578 ) ;
#2236 = CARTESIAN_POINT ( 'NONE',  ( -5.300191647848431664, 5.000000000000000000, 15.84751720872365155 ) ) ;
#2237 = ORIENTED_EDGE ( 'NONE', *, *, #2416, .F. ) ;
#2238 = DIRECTION ( 'NONE',  ( 0.3420201433256652712, 0.000000000000000000, -0.9396926207859096492 ) ) ;
#2239 = EDGE_CURVE ( 'NONE', #239, #1457, #5780, .T. ) ;
#2240 = ORIENTED_EDGE ( 'NONE', *, *, #811, .T. ) ;
#2241 = CARTESIAN_POINT ( 'NONE',  ( 21.43412874366484644, 0.000000000000000000, -0.3750000000000178191 ) ) ;
#2242 = ORIENTED_EDGE ( 'NONE', *, *, #5014, .T. ) ;
#2243 = CARTESIAN_POINT ( 'NONE',  ( 0.000000000000000000, 0.000000000000000000, -6.500000000000000888 ) ) ;
#2244 = DIRECTION ( 'NONE',  ( -0.9848077530122080203, -1.734723475976807094E-18, -0.1736481776669306087 ) ) ;
#2245 = ADVANCED_FACE ( 'NONE', ( #1386 ), #957, .T. ) ;
#2246 = DIRECTION ( 'NONE',  ( 1.734723475976805517E-15, 0.000000000000000000, 1.000000000000000000 ) ) ;
#2247 = CARTESIAN_POINT ( 'NONE',  ( 5.300191647848320642, 5.000000000000000000, -15.84751720872368530 ) ) ;
#2248 = ORIENTED_EDGE ( 'NONE', *, *, #1828, .F. ) ;
#2249 = ORIENTED_EDGE ( 'NONE', *, *, #102, .F. ) ;
#2250 = DIRECTION ( 'NONE',  ( 0.000000000000000000, 0.000000000000000000, 1.000000000000000000 ) ) ;
#2251 = CARTESIAN_POINT ( 'NONE',  ( 16.61908721471059636, 4.763083989060735490, 3.383463788133433514 ) ) ;
#2252 = VERTEX_POINT ( 'NONE', #2241 ) ;
#2253 = AXIS2_PLACEMENT_3D ( 'NONE', #13, #123, #3699 ) ;
#2254 = DIRECTION ( 'NONE',  ( 0.8660254037844377084, 0.000000000000000000, 0.5000000000000015543 ) ) ;
#2255 = CYLINDRICAL_SURFACE ( 'NONE', #4781, 0.2500000000000009437 ) ;
#2256 = ORIENTED_EDGE ( 'NONE', *, *, #244, .F. ) ;
#2257 = DIRECTION ( 'NONE',  ( -0.000000000000000000, -1.000000000000000000, -0.000000000000000000 ) ) ;
#2258 = B_SPLINE_CURVE_WITH_KNOTS ( 'NONE', 3,
 ( #3271, #1416, #4527, #1886, #1915, #2295 ),
 .UNSPECIFIED., .F., .F.,
 ( 4, 2, 4 ),
 ( 0.000000000000000000, 0.0003829498214514787742, 0.0007658996429029575484 ),
 .UNSPECIFIED. ) ;
#2259 = CARTESIAN_POINT ( 'NONE',  ( -20.07960752066869148, 4.000000000000000000, -3.221099578159652754 ) ) ;
#2260 = ORIENTED_EDGE ( 'NONE', *, *, #2559, .T. ) ;
#2261 = CARTESIAN_POINT ( 'NONE',  ( -16.53812766209339102, 5.000000000000000000, 2.987790183012450917 ) ) ;
#2262 = ORIENTED_EDGE ( 'NONE', *, *, #5568, .F. ) ;
#2263 = EDGE_CURVE ( 'NONE', #1525, #4817, #3510, .T. ) ;
#2264 = CARTESIAN_POINT ( 'NONE',  ( 11.21821571507430093, 4.350448236824118631, -13.39792163742572662 ) ) ;
#2265 = CIRCLE ( 'NONE', #2081, 0.2499999999999998057 ) ;
#2266 = EDGE_LOOP ( 'NONE', ( #4823, #5618, #3997, #3285 ) ) ;
#2267 = CARTESIAN_POINT ( 'NONE',  ( -5.690364492422899545, 5.000000000000000000, -15.79961587986264071 ) ) ;
#2268 = ORIENTED_EDGE ( 'NONE', *, *, #1884, .F. ) ;
#2269 = DIRECTION ( 'NONE',  ( -0.000000000000000000, 1.000000000000000000, -0.000000000000000000 ) ) ;
#2270 = ADVANCED_FACE ( 'NONE', ( #1824 ), #3946, .F. ) ;
#2271 = CARTESIAN_POINT ( 'NONE',  ( -11.23970920066356349, 4.763083989060736378, 12.70081982158185419 ) ) ;
#2272 = B_SPLINE_CURVE_WITH_KNOTS ( 'NONE', 3,
 ( #270, #3813, #3472, #5186, #1177, #2974, #1232 ),
 .UNSPECIFIED., .F., .F.,
 ( 4, 3, 4 ),
 ( 0.000000000000000000, 0.0005270747513130838923, 0.0007651211997125604083 ),
 .UNSPECIFIED. ) ;
#2273 = LINE ( 'NONE', #4040, #4489 ) ;
#2274 = CYLINDRICAL_SURFACE ( 'NONE', #5402, 0.2499999999999999722 ) ;
#2275 = ORIENTED_EDGE ( 'NONE', *, *, #5318, .F. ) ;
#2276 = EDGE_LOOP ( 'NONE', ( #137, #5047, #3797, #5620 ) ) ;
#2277 = EDGE_CURVE ( 'NONE', #221, #4004, #4383, .T. ) ;
#2278 = EDGE_CURVE ( 'NONE', #1078, #3112, #4034, .T. ) ;
#2279 = DIRECTION ( 'NONE',  ( -0.000000000000000000, 1.000000000000000000, -0.000000000000000000 ) ) ;
#2280 = CARTESIAN_POINT ( 'NONE',  ( -6.730004321955758151, 5.000000000000000000, -18.33730481173420657 ) ) ;
#2281 = VERTEX_POINT ( 'NONE', #1304 ) ;
#2282 = CARTESIAN_POINT ( 'NONE',  ( -9.237604307034011697, 5.000000000000000000, 15.99999999999998934 ) ) ;
#2283 = CARTESIAN_POINT ( 'NONE',  ( 17.22644407847981896, 4.000000000000000000, -3.037486872701713914 ) ) ;
#2284 = ORIENTED_EDGE ( 'NONE', *, *, #4132, .T. ) ;
#2285 = DIRECTION ( 'NONE',  ( -9.251858538542970644E-15, 0.000000000000000000, 1.000000000000000000 ) ) ;
#2286 = AXIS2_PLACEMENT_3D ( 'NONE', #4967, #5501, #1428 ) ;
#2287 = CARTESIAN_POINT ( 'NONE',  ( 19.28677045679831537, 5.000000000000000000, 3.106660779815888507 ) ) ;
#2288 = ORIENTED_EDGE ( 'NONE', *, *, #3737, .F. ) ;
#2289 = CARTESIAN_POINT ( 'NONE',  ( -16.37444831358996211, 5.000000000000000000, 3.333657992398940451 ) ) ;
#2290 = VERTEX_POINT ( 'NONE', #53 ) ;
#2291 = CARTESIAN_POINT ( 'NONE',  ( -6.007604185086377946, 4.783564761053541226, 16.38569114024581452 ) ) ;
#2292 = EDGE_CURVE ( 'NONE', #5117, #5361, #2628, .T. ) ;
#2293 = ORIENTED_EDGE ( 'NONE', *, *, #4807, .T. ) ;
#2294 = CARTESIAN_POINT ( 'NONE',  ( -16.61908721471059991, 4.763083989060734602, -3.383463788133442396 ) ) ;
#2295 = CARTESIAN_POINT ( 'NONE',  ( 11.29452352655997416, 4.000000000000000000, -12.70565772827142226 ) ) ;
#2296 = CARTESIAN_POINT ( 'NONE',  ( -6.241554349975007909, 4.750000000000000000, -16.30165284924397540 ) ) ;
#2297 = DIRECTION ( 'NONE',  ( -1.000000000000000000, 0.000000000000000000, 1.581383788144378693E-16 ) ) ;
#2298 = VECTOR ( 'NONE', #5577, 1000.000000000000114 ) ;
#2299 = EDGE_CURVE ( 'NONE', #793, #3139, #719, .T. ) ;
#2300 = LINE ( 'NONE', #4116, #5225 ) ;
#2301 = CARTESIAN_POINT ( 'NONE',  ( -11.27599403445509374, 4.258073450131892201, 12.70403316105037383 ) ) ;
#2302 = VERTEX_POINT ( 'NONE', #4471 ) ;
#2303 = ORIENTED_EDGE ( 'NONE', *, *, #4883, .T. ) ;
#2304 = CARTESIAN_POINT ( 'NONE',  ( 19.43000536896108343, 5.183295314126224795, -2.346243509623328283 ) ) ;
#2305 = AXIS2_PLACEMENT_3D ( 'NONE', #2072, #318, #3863 ) ;
#2306 = CARTESIAN_POINT ( 'NONE',  ( -10.39230484541326227, 0.000000000000000000, -17.99999999999999645 ) ) ;
#2307 = EDGE_CURVE ( 'NONE', #3839, #870, #407, .T. ) ;
#2308 = CYLINDRICAL_SURFACE ( 'NONE', #1119, 1.000000000000000666 ) ;
#2309 = ORIENTED_EDGE ( 'NONE', *, *, #3287, .F. ) ;
#2310 = CARTESIAN_POINT ( 'NONE',  ( 12.40851091858918309, 4.750000000000000000, 16.00782864273036665 ) ) ;
#2311 = APPLICATION_PROTOCOL_DEFINITION ( 'international standard', 'config_control_design', 1994, #4934 ) ;
#2312 = ORIENTED_EDGE ( 'NONE', *, *, #2046, .T. ) ;
#2313 = CARTESIAN_POINT ( 'NONE',  ( -17.21584805937064999, 4.258073450335545296, -3.021884806424310899 ) ) ;
#2314 = AXIS2_PLACEMENT_3D ( 'NONE', #3987, #4904, #5733 ) ;
#2315 = ADVANCED_FACE ( 'NONE', ( #5756 ), #4240, .T. ) ;
#2316 = DIRECTION ( 'NONE',  ( 0.000000000000000000, -1.000000000000000000, 0.000000000000000000 ) ) ;
#2317 = ORIENTED_EDGE ( 'NONE', *, *, #2770, .T. ) ;
#2318 = CARTESIAN_POINT ( 'NONE',  ( -11.21821571507439508, 4.350448236824118631, 13.39792163742565201 ) ) ;
#2319 = CARTESIAN_POINT ( 'NONE',  ( -11.24376283466118842, 4.000000000000000000, 13.39979475248481755 ) ) ;
#2320 = ORIENTED_EDGE ( 'NONE', *, *, #2061, .F. ) ;
#2321 = FACE_OUTER_BOUND ( 'NONE', #1753, .T. ) ;
#2322 = ORIENTED_EDGE ( 'NONE', *, *, #2061, .T. ) ;
#2323 = CYLINDRICAL_SURFACE ( 'NONE', #3428, 1.000000000000000000 ) ;
#2324 = ORIENTED_EDGE ( 'NONE', *, *, #4621, .T. ) ;
#2325 = CARTESIAN_POINT ( 'NONE',  ( 10.39230484541326582, 0.2500000000000002220, 18.99999999999999645 ) ) ;
#2326 = PLANE ( 'NONE',  #530 ) ;
#2327 = CARTESIAN_POINT ( 'NONE',  ( -21.93931022920576623, 5.000000000000000000, 1.388162376052700430E-14 ) ) ;
#2328 = CARTESIAN_POINT ( 'NONE',  ( 0.000000000000000000, 4.763083989060735490, 16.96000846272688278 ) ) ;
#2329 = ORIENTED_EDGE ( 'NONE', *, *, #244, .T. ) ;
#2330 = ORIENTED_EDGE ( 'NONE', *, *, #1865, .T. ) ;
#2331 = DIRECTION ( 'NONE',  ( -0.000000000000000000, -1.000000000000000000, -0.000000000000000000 ) ) ;
#2332 = EDGE_CURVE ( 'NONE', #1016, #1149, #4147, .T. ) ;
#2333 = CARTESIAN_POINT ( 'NONE',  ( 5.999404804225434873, 4.525671833992247706, 16.40268048436273673 ) ) ;
#2334 = FACE_OUTER_BOUND ( 'NONE', #179, .T. ) ;
#2335 = ORIENTED_EDGE ( 'NONE', *, *, #4874, .F. ) ;
#2336 = ORIENTED_EDGE ( 'NONE', *, *, #3503, .F. ) ;
#2337 = EDGE_CURVE ( 'NONE', #584, #2568, #4143, .T. ) ;
#2338 = CARTESIAN_POINT ( 'NONE',  ( -5.300191647848430776, 4.750000000000000000, 15.84751720872365155 ) ) ;
#2339 = AXIS2_PLACEMENT_3D ( 'NONE', #366, #337, #3591 ) ;
#2340 = FACE_BOUND ( 'NONE', #5212, .T. ) ;
#2341 = CARTESIAN_POINT ( 'NONE',  ( 11.23099145745620753, 4.175224291363956119, 13.39886081016387465 ) ) ;
#2342 = CARTESIAN_POINT ( 'NONE',  ( 20.78460969082651744, 4.750000000000000000, -1.767249541151372227E-14 ) ) ;
#2343 = ORIENTED_EDGE ( 'NONE', *, *, #3601, .F. ) ;
#2344 = EDGE_CURVE ( 'NONE', #80, #1078, #3123, .T. ) ;
#2345 = CARTESIAN_POINT ( 'NONE',  ( 11.18811696759109964, 4.763083989060735490, -13.39569437789977080 ) ) ;
#2346 = CIRCLE ( 'NONE', #3945, 0.2500000000000015543 ) ;
#2347 = VECTOR ( 'NONE', #1979, 1000.000000000000227 ) ;
#2348 = ORIENTED_EDGE ( 'NONE', *, *, #5086, .T. ) ;
#2349 = CARTESIAN_POINT ( 'NONE',  ( -18.47520861406802339, -1.734723475976807094E-15, -5.060722121622122388E-15 ) ) ;
#2350 = CARTESIAN_POINT ( 'NONE',  ( -10.39230484541326227, 5.000000000000000000, -17.99999999999999645 ) ) ;
#2351 = CARTESIAN_POINT ( 'NONE',  ( 7.102605034523743477, 5.000000000000000000, -18.52659531686341410 ) ) ;
#2352 = DIRECTION ( 'NONE',  ( -0.4999999999999985567, -0.000000000000000000, -0.8660254037844393737 ) ) ;
#2353 = CARTESIAN_POINT ( 'NONE',  ( 12.52508103611880941, 4.763083989060735490, 14.98902610973678939 ) ) ;
#2354 = PLANE ( 'NONE',  #1099 ) ;
#2355 = AXIS2_PLACEMENT_3D ( 'NONE', #1116, #2819, #537 ) ;
#2356 = ORIENTED_EDGE ( 'NONE', *, *, #5286, .T. ) ;
#2357 = CARTESIAN_POINT ( 'NONE',  ( -17.19507011638910399, 4.763083989060735490, -2.991346325495881864 ) ) ;
#2358 = VECTOR ( 'NONE', #5604, 1000.000000000000114 ) ;
#2359 = DIRECTION ( 'NONE',  ( -0.000000000000000000, -1.000000000000000000, -0.000000000000000000 ) ) ;
#2360 = CARTESIAN_POINT ( 'NONE',  ( -7.658930804738324660, 5.000000000000000000, -18.74999999999999645 ) ) ;
#2361 = EDGE_CURVE ( 'NONE', #5556, #2977, #4602, .T. ) ;
#2362 = EDGE_LOOP ( 'NONE', ( #3106, #2555, #3084, #2086 ) ) ;
#2363 = AXIS2_PLACEMENT_3D ( 'NONE', #2688, #5373, #1358 ) ;
#2364 = LINE ( 'NONE', #1812, #4614 ) ;
#2365 = ORIENTED_EDGE ( 'NONE', *, *, #2101, .F. ) ;
#2366 = DIRECTION ( 'NONE',  ( -0.000000000000000000, -1.000000000000000000, -0.000000000000000000 ) ) ;
#2367 = ADVANCED_FACE ( 'NONE', ( #4113 ), #1062, .T. ) ;
#2368 = CARTESIAN_POINT ( 'NONE',  ( 20.02479740304512745, 4.755665143279752094, 3.187815225864510715 ) ) ;
#2369 = CARTESIAN_POINT ( 'NONE',  ( -11.19389073660936695, 4.683946675189657682, 13.39612306194659475 ) ) ;
#2370 = LINE ( 'NONE', #2709, #1972 ) ;
#2371 = EDGE_LOOP ( 'NONE', ( #397, #1202, #4483, #1892 ) ) ;
#2372 = CARTESIAN_POINT ( 'NONE',  ( -5.815781841923838513, 3.970742523282148717, 15.98321241311671237 ) ) ;
#2373 = AXIS2_PLACEMENT_3D ( 'NONE', #419, #1264, #2228 ) ;
#2374 = ADVANCED_FACE ( 'NONE', ( #106 ), #5015, .T. ) ;
#2375 = B_SPLINE_CURVE_WITH_KNOTS ( 'NONE', 3,
 ( #320, #5586, #4272, #291, #5115, #3892, #3308, #3436 ),
 .UNSPECIFIED., .F., .F.,
 ( 4, 2, 2, 4 ),
 ( 0.000000000000000000, 0.0005807575766184211929, 0.0008711363649276352046, 0.001161515153236849325 ),
 .UNSPECIFIED. ) ;
#2376 = VERTEX_POINT ( 'NONE', #1885 ) ;
#2377 = AXIS2_PLACEMENT_3D ( 'NONE', #2680, #3538, #5313 ) ;
#2378 = DIRECTION ( 'NONE',  ( -1.000000000000000000, 0.000000000000000000, 0.000000000000000000 ) ) ;
#2379 = CARTESIAN_POINT ( 'NONE',  ( -17.09892589816082875, 4.000000000000000000, 3.015001976980502540 ) ) ;
#2380 = CARTESIAN_POINT ( 'NONE',  ( -12.33383238466047160, 5.000000000000000000, 15.14950278263864192 ) ) ;
#2381 = B_SPLINE_CURVE_WITH_KNOTS ( 'NONE', 3,
 ( #1711, #4810, #1325, #838, #3010, #3513 ),
 .UNSPECIFIED., .F., .F.,
 ( 4, 2, 4 ),
 ( 0.000000000000000000, 0.0003837252277095574439, 0.0007674504554191148879 ),
 .UNSPECIFIED. ) ;
#2382 = CARTESIAN_POINT ( 'NONE',  ( 18.47520861406801984, 5.000000000000000000, -1.560329300041460461E-14 ) ) ;
#2383 = CARTESIAN_POINT ( 'NONE',  ( -17.19832825217299899, 4.683946675189657682, 2.996132214117799286 ) ) ;
#2384 = ORIENTED_EDGE ( 'NONE', *, *, #3021, .T. ) ;
#2385 = CYLINDRICAL_SURFACE ( 'NONE', #216, 0.2499999999999997502 ) ;
#2386 = AXIS2_PLACEMENT_3D ( 'NONE', #1471, #3217, #3189 ) ;
#2387 = DIRECTION ( 'NONE',  ( -0.4999999999999993339, -0.000000000000000000, 0.8660254037844390407 ) ) ;
#2388 = CARTESIAN_POINT ( 'NONE',  ( -16.72098024331999255, 4.768240051505141075, 3.142228188755485263 ) ) ;
#2389 = CARTESIAN_POINT ( 'NONE',  ( -12.52508103611880941, 4.763083989060735490, -14.98902610973678762 ) ) ;
#2390 = CIRCLE ( 'NONE', #2118, 0.2499999999999995559 ) ;
#2391 = ORIENTED_EDGE ( 'NONE', *, *, #585, .T. ) ;
#2392 = CARTESIAN_POINT ( 'NONE',  ( -20.28394807427334712, 4.750000000000000000, 2.867171357269667098 ) ) ;
#2393 = VERTEX_POINT ( 'NONE', #2771 ) ;
#2394 = CARTESIAN_POINT ( 'NONE',  ( -12.86377394114556161, 4.000000000000000000, 15.71928995685532549 ) ) ;
#2395 = ADVANCED_FACE ( 'NONE', ( #1010 ), #3684, .T. ) ;
#2396 = LINE ( 'NONE', #184, #5731 ) ;
#2397 = LINE ( 'NONE', #1057, #3404 ) ;
#2398 = DIRECTION ( 'NONE',  ( -0.000000000000000000, 1.000000000000000000, -0.000000000000000000 ) ) ;
#2399 = ORIENTED_EDGE ( 'NONE', *, *, #5611, .T. ) ;
#2400 = CARTESIAN_POINT ( 'NONE',  ( -6.036198015422338692, 5.000000000000000000, 15.96645416040939836 ) ) ;
#2401 = DIRECTION ( 'NONE',  ( -0.000000000000000000, 1.000000000000000000, -0.000000000000000000 ) ) ;
#2402 = ADVANCED_FACE ( 'NONE', ( #2743 ), #2323, .T. ) ;
#2403 = B_SPLINE_CURVE_WITH_KNOTS ( 'NONE', 3,
 ( #142, #4202, #1919, #3716 ),
 .UNSPECIFIED., .F., .F.,
 ( 4, 4 ),
 ( 0.0002375320302479720842, 0.001002597511009806989 ),
 .UNSPECIFIED. ) ;
#2404 = ORIENTED_EDGE ( 'NONE', *, *, #5207, .F. ) ;
#2405 = CARTESIAN_POINT ( 'NONE',  ( 16.41290071340148415, 5.000000000000000000, -3.144785623171875599 ) ) ;
#2406 = ORIENTED_EDGE ( 'NONE', *, *, #1028, .F. ) ;
#2407 = LINE ( 'NONE', #2920, #1599 ) ;
#2408 = DIRECTION ( 'NONE',  ( 0.000000000000000000, -0.000000000000000000, 1.000000000000000000 ) ) ;
#2409 = EDGE_CURVE ( 'NONE', #1009, #5202, #2674, .T. ) ;
#2410 =( BOUNDED_CURVE ( )  B_SPLINE_CURVE ( 3, ( #4020, #2226, #2200, #5243 ),
 .UNSPECIFIED., .F., .T. ) 
 B_SPLINE_CURVE_WITH_KNOTS ( ( 4, 4 ),
 ( 4.712388980384689674, 5.934618220086325557 ),
 .UNSPECIFIED. ) 
 CURVE ( )  GEOMETRIC_REPRESENTATION_ITEM ( )  RATIONAL_B_SPLINE_CURVE ( ( 1.000000000000000000, 0.8793393195858272282, 0.8793393195858272282, 1.000000000000000000 ) ) 
 REPRESENTATION_ITEM ( '' )  );
#2411 = CARTESIAN_POINT ( 'NONE',  ( -13.50000000000000000, 5.000000000000000000, 3.350000000000001421 ) ) ;
#2412 = CARTESIAN_POINT ( 'NONE',  ( 7.683096201682334758, 5.183295314126228348, -18.00000000000000000 ) ) ;
#2413 = VERTEX_POINT ( 'NONE', #427 ) ;
#2414 = DIRECTION ( 'NONE',  ( -0.9848077530122066880, 1.607680559066591400E-14, 0.1736481776669381860 ) ) ;
#2415 = CC_DESIGN_PERSON_AND_ORGANIZATION_ASSIGNMENT ( #1543, #5503, ( #2503 ) ) ;
#2416 = EDGE_CURVE ( 'NONE', #4817, #3894, #3909, .T. ) ;
#2417 = DIRECTION ( 'NONE',  ( 0.000000000000000000, 0.000000000000000000, 1.000000000000000000 ) ) ;
#2418 = FACE_OUTER_BOUND ( 'NONE', #5310, .T. ) ;
#2419 = CYLINDRICAL_SURFACE ( 'NONE', #933, 1.249999999999994227 ) ;
#2420 = AXIS2_PLACEMENT_3D ( 'NONE', #703, #5209, #1602 ) ;
#2421 = ORIENTED_EDGE ( 'NONE', *, *, #3810, .F. ) ;
#2422 = EDGE_LOOP ( 'NONE', ( #2186, #3079 ) ) ;
#2423 = CARTESIAN_POINT ( 'NONE',  ( -19.44406938553178321, 5.000000000000000000, 3.376236143258663613 ) ) ;
#2424 = PERSON_AND_ORGANIZATION_ROLE ( 'design_supplier' ) ;
#2425 = ORIENTED_EDGE ( 'NONE', *, *, #2123, .F. ) ;
#2426 = AXIS2_PLACEMENT_3D ( 'NONE', #4559, #3689, #5469 ) ;
#2427 = DIRECTION ( 'NONE',  ( -1.836970198721028948E-16, 0.000000000000000000, -1.000000000000000000 ) ) ;
#2428 = CARTESIAN_POINT ( 'NONE',  ( 12.54636008864531505, 4.000000000000000000, -14.95216970962396985 ) ) ;
#2429 = CARTESIAN_POINT ( 'NONE',  ( 19.24341790707959632, 4.763083989060735490, -3.352525306869379218 ) ) ;
#2430 = CARTESIAN_POINT ( 'NONE',  ( -11.23099145745617555, 4.175224291363955231, 13.39886081016390129 ) ) ;
#2431 = CARTESIAN_POINT ( 'NONE',  ( 10.96965511460288489, 5.000000000000000000, -19.00000000000000000 ) ) ;
#2432 = EDGE_LOOP ( 'NONE', ( #1366, #2040, #192, #2106 ) ) ;
#2433 = CARTESIAN_POINT ( 'NONE',  ( -16.73860376501534830, 4.233548948420182256, 2.939038863057812812 ) ) ;
#2434 = CARTESIAN_POINT ( 'NONE',  ( -12.40153951936195043, 5.000000000000000000, -16.01990346039177382 ) ) ;
#2435 = CARTESIAN_POINT ( 'NONE',  ( -13.50000000000000000, 5.000000000000000000, 1.830590527989727547E-15 ) ) ;
#2436 = VECTOR ( 'NONE', #1672, 1000.000000000000114 ) ;
#2437 = ORIENTED_EDGE ( 'NONE', *, *, #3931, .T. ) ;
#2438 = EDGE_CURVE ( 'NONE', #3736, #5041, #4259, .T. ) ;
#2439 = CARTESIAN_POINT ( 'NONE',  ( 19.65538622699483540, 4.760310248187459514, -3.360126590758372611 ) ) ;
#2440 = VECTOR ( 'NONE', #1974, 1000.000000000000114 ) ;
#2441 = FACE_OUTER_BOUND ( 'NONE', #3132, .T. ) ;
#2442 = CARTESIAN_POINT ( 'NONE',  ( -21.93931022920576623, 0.2500000000000002220, 1.388162376052700430E-14 ) ) ;
#2443 = DIRECTION ( 'NONE',  ( -0.5000000000000025535, 0.000000000000000000, -0.8660254037844373753 ) ) ;
#2444 = ADVANCED_FACE ( 'NONE', ( #3480 ), #3588, .F. ) ;
#2445 = VERTEX_POINT ( 'NONE', #836 ) ;
#2446 = CARTESIAN_POINT ( 'NONE',  ( 6.730004321955608049, 5.000000000000000000, 18.33730481173420301 ) ) ;
#2447 = DIRECTION ( 'NONE',  ( 0.000000000000000000, 0.000000000000000000, 1.000000000000000000 ) ) ;
#2448 = CIRCLE ( 'NONE', #3954, 0.7500000000000006661 ) ;
#2449 = CARTESIAN_POINT ( 'NONE',  ( 5.300191647848590648, 5.000000000000000000, 15.84751720872360004 ) ) ;
#2450 = CARTESIAN_POINT ( 'NONE',  ( 20.29091947350058689, 4.750000000000000000, 2.855096539608220851 ) ) ;
#2451 = AXIS2_PLACEMENT_3D ( 'NONE', #1238, #833, #5251 ) ;
#2452 = CARTESIAN_POINT ( 'NONE',  ( 21.65063509461095848, 0.2500000000000002220, 0.4999999999999831246 ) ) ;
#2453 = EDGE_CURVE ( 'NONE', #5319, #3869, #1522, .T. ) ;
#2454 = ORIENTED_EDGE ( 'NONE', *, *, #1705, .F. ) ;
#2455 = ORIENTED_EDGE ( 'NONE', *, *, #4251, .F. ) ;
#2456 = CARTESIAN_POINT ( 'NONE',  ( 16.61823801259130917, 4.783564761050632441, -3.382254492825806036 ) ) ;
#2457 = VECTOR ( 'NONE', #1462, 1000.000000000000000 ) ;
#2458 = VERTEX_POINT ( 'NONE', #2178 ) ;
#2459 = FACE_OUTER_BOUND ( 'NONE', #1818, .T. ) ;
#2460 = AXIS2_PLACEMENT_3D ( 'NONE', #461, #22, #1797 ) ;
#2461 = CARTESIAN_POINT ( 'NONE',  ( 16.72127657107269627, 4.768243297466649544, 3.141918274396913624 ) ) ;
#2462 = AXIS2_PLACEMENT_3D ( 'NONE', #1537, #4677, #2016 ) ;
#2463 = VECTOR ( 'NONE', #1978, 1000.000000000000000 ) ;
#2464 = CARTESIAN_POINT ( 'NONE',  ( -11.07425666574143364, 5.000000000000000000, 12.51385921632474840 ) ) ;
#2465 = CARTESIAN_POINT ( 'NONE',  ( -10.96965511460287068, 5.000000000000000000, 19.00000000000000355 ) ) ;
#2466 = LINE ( 'NONE', #1148, #944 ) ;
#2467 = ORIENTED_EDGE ( 'NONE', *, *, #2108, .F. ) ;
#2468 = CARTESIAN_POINT ( 'NONE',  ( -2.965094602770710031E-15, 0.000000000000000000, -18.75000000000000000 ) ) ;
#2469 = CARTESIAN_POINT ( 'NONE',  ( -6.952938072138073800, 4.750000000000000000, -18.25616356245451044 ) ) ;
#2470 = DIRECTION ( 'NONE',  ( 0.000000000000000000, 0.000000000000000000, 1.000000000000000000 ) ) ;
#2471 = VERTEX_POINT ( 'NONE', #4344 ) ;
#2472 = DIRECTION ( 'NONE',  ( -0.5000000000000015543, 3.469446951953621683E-15, -0.8660254037844378194 ) ) ;
#2473 = B_SPLINE_CURVE_WITH_KNOTS ( 'NONE', 3,
 ( #247, #2583, #2553, #3843 ),
 .UNSPECIFIED., .F., .F.,
 ( 4, 4 ),
 ( 0.000000000000000000, 0.0007650654807618344167 ),
 .UNSPECIFIED. ) ;
#2474 = CARTESIAN_POINT ( 'NONE',  ( 7.658930804737839715, 5.000000000000000888, -19.00000000000000000 ) ) ;
#2475 = DIRECTION ( 'NONE',  ( -0.9396926207859130908, 0.000000000000000000, -0.3420201433256560009 ) ) ;
#2476 = B_SPLINE_CURVE_WITH_KNOTS ( 'NONE', 3,
 ( #2990, #3463, #1256, #788, #3890, #755 ),
 .UNSPECIFIED., .F., .F.,
 ( 4, 2, 4 ),
 ( 0.000000000000000000, 0.0003829498216017732104, 0.0007658996432035464208 ),
 .UNSPECIFIED. ) ;
#2477 = ADVANCED_FACE ( 'NONE', ( #4892 ), #3512, .T. ) ;
#2478 = AXIS2_PLACEMENT_3D ( 'NONE', #2798, #4554, #138 ) ;
#2479 = FACE_OUTER_BOUND ( 'NONE', #3412, .T. ) ;
#2480 = ORIENTED_EDGE ( 'NONE', *, *, #2840, .F. ) ;
#2481 = DIRECTION ( 'NONE',  ( 0.05568465954711022264, 0.9984484056230057414, -1.809163095656656230E-17 ) ) ;
#2482 = CARTESIAN_POINT ( 'NONE',  ( -12.54358419725705964, 5.000000000000000000, 15.39947525885377466 ) ) ;
#2483 = B_SPLINE_CURVE_WITH_KNOTS ( 'NONE', 3,
 ( #764, #2550, #1670, #2053 ),
 .UNSPECIFIED., .F., .F.,
 ( 4, 4 ),
 ( 0.0002375320302479720571, 0.001002597511009808073 ),
 .UNSPECIFIED. ) ;
#2484 = CARTESIAN_POINT ( 'NONE',  ( -5.356160601192918591, 4.000000000000000000, 16.13417316177773131 ) ) ;
#2485 = EDGE_CURVE ( 'NONE', #4776, #2995, #903, .T. ) ;
#2486 = CARTESIAN_POINT ( 'NONE',  ( 12.40851091858908184, 5.000000000000000000, -16.00782864273053718 ) ) ;
#2487 = FACE_OUTER_BOUND ( 'NONE', #5399, .T. ) ;
#2488 = ORIENTED_EDGE ( 'NONE', *, *, #2989, .T. ) ;
#2489 = ORIENTED_EDGE ( 'NONE', *, *, #2594, .F. ) ;
#2490 = ORIENTED_EDGE ( 'NONE', *, *, #1688, .T. ) ;
#2491 = CARTESIAN_POINT ( 'NONE',  ( -9.237604307034011697, 5.000000000000001776, 15.99999999999998934 ) ) ;
#2492 = EDGE_CURVE ( 'NONE', #1109, #2148, #3984, .T. ) ;
#2493 = VECTOR ( 'NONE', #1466, 1000.000000000000000 ) ;
#2494 = CARTESIAN_POINT ( 'NONE',  ( 16.93321542156323645, 4.768239842012919283, 2.997742716798220908 ) ) ;
#2495 = CARTESIAN_POINT ( 'NONE',  ( 7.181417461517574985, 4.000000000000000000, 18.99999999999999645 ) ) ;
#2496 = CARTESIAN_POINT ( 'NONE',  ( 10.39230484541325872, 0.000000000000000000, -18.00000000000000000 ) ) ;
#2497 = LINE ( 'NONE', #3352, #5342 ) ;
#2498 = ORIENTED_EDGE ( 'NONE', *, *, #5772, .T. ) ;
#2499 = DIRECTION ( 'NONE',  ( 0.000000000000000000, 0.000000000000000000, 1.000000000000000000 ) ) ;
#2500 = DIRECTION ( 'NONE',  ( -0.9848077530122080203, 0.000000000000000000, -0.1736481776669306087 ) ) ;
#2501 = CARTESIAN_POINT ( 'NONE',  ( -11.04549971931389685, 4.999999999999833911, 13.16882033974648536 ) ) ;
#2502 = ADVANCED_FACE ( 'NONE', ( #2211 ), #4001, .F. ) ;
#2503 = SECURITY_CLASSIFICATION ( '', '', #1081 ) ;
#2504 = ORIENTED_EDGE ( 'NONE', *, *, #2890, .F. ) ;
#2505 = CARTESIAN_POINT ( 'NONE',  ( 16.93287854694333916, 4.768243086620745252, -2.997863969728851607 ) ) ;
#2506 = CARTESIAN_POINT ( 'NONE',  ( 12.73764810102556666, 4.760310248187458626, -15.34200049839340529 ) ) ;
#2507 = CARTESIAN_POINT ( 'NONE',  ( -12.86377394114558825, 4.000000000000000000, -15.71928995685528641 ) ) ;
#2508 = DIRECTION ( 'NONE',  ( 0.000000000000000000, 0.000000000000000000, -1.000000000000000000 ) ) ;
#2509 = CIRCLE ( 'NONE', #923, 1.000000000000000888 ) ;
#2510 = ORIENTED_EDGE ( 'NONE', *, *, #3601, .T. ) ;
#2511 = CARTESIAN_POINT ( 'NONE',  ( -17.23842266610772000, 4.749999999999945821, 2.745481798442608312 ) ) ;
#2512 = CARTESIAN_POINT ( 'NONE',  ( 5.375439828554045008, 5.000000000000000000, -16.07250847656646542 ) ) ;
#2513 = CARTESIAN_POINT ( 'NONE',  ( -5.615591116848609232, 4.000000000000000000, 16.10271009400879194 ) ) ;
#2514 = CARTESIAN_POINT ( 'NONE',  ( -11.29452352656009317, 4.000000000000000000, -12.70565772827131745 ) ) ;
#2515 = CARTESIAN_POINT ( 'NONE',  ( -19.22251041448762976, 4.013324438983808307, -3.388738146297520348 ) ) ;
#2516 = CIRCLE ( 'NONE', #5603, 0.2500000000000013878 ) ;
#2517 = ORIENTED_EDGE ( 'NONE', *, *, #2678, .T. ) ;
#2518 = EDGE_LOOP ( 'NONE', ( #92, #2838, #792, #5642 ) ) ;
#2519 = EDGE_CURVE ( 'NONE', #4921, #905, #1637, .T. ) ;
#2520 = ORIENTED_EDGE ( 'NONE', *, *, #297, .T. ) ;
#2521 = CARTESIAN_POINT ( 'NONE',  ( -12.54636008864537722, 4.000000000000000000, 14.95216970962383307 ) ) ;
#2522 = CARTESIAN_POINT ( 'NONE',  ( 10.39230484541325872, 4.750000000000000000, -18.00000000000000000 ) ) ;
#2523 = EDGE_CURVE ( 'NONE', #4114, #2393, #1174, .T. ) ;
#2524 = CARTESIAN_POINT ( 'NONE',  ( 0.000000000000000000, 4.000000000000000000, 0.000000000000000000 ) ) ;
#2525 = CARTESIAN_POINT ( 'NONE',  ( -21.43412874366484644, 5.000000000000000000, 0.3750000000000173195 ) ) ;
#2526 = CARTESIAN_POINT ( 'NONE',  ( -7.658930804738323772, 4.750000000000000000, -18.74999999999999645 ) ) ;
#2527 = ORIENTED_EDGE ( 'NONE', *, *, #4357, .F. ) ;
#2528 = CARTESIAN_POINT ( 'NONE',  ( -5.689838004696952112, 5.000000000000000000, 15.79951032031009284 ) ) ;
#2529 = DIRECTION ( 'NONE',  ( 0.4999999999999993339, 0.000000000000000000, -0.8660254037844390407 ) ) ;
#2530 = CARTESIAN_POINT ( 'NONE',  ( 7.332167093844915939, 5.000000000000000000, -18.75000000000000000 ) ) ;
#2531 = ADVANCED_FACE ( 'NONE', ( #1678 ), #3521, .T. ) ;
#2532 = EDGE_CURVE ( 'NONE', #4561, #5033, #1356, .T. ) ;
#2533 = CARTESIAN_POINT ( 'NONE',  ( 17.06743325822807122, 5.000000000000000888, -2.953068813106181079 ) ) ;
#2534 = CARTESIAN_POINT ( 'NONE',  ( -5.300191647848693677, 5.000000000000000000, -15.84751720872356096 ) ) ;
#2535 = CARTESIAN_POINT ( 'NONE',  ( -12.62501726953525960, 4.750000000000000000, 16.13282864273040218 ) ) ;
#2536 = CARTESIAN_POINT ( 'NONE',  ( 5.993832638386386691, 4.350448236824116854, -16.41422061310114344 ) ) ;
#2537 = CIRCLE ( 'NONE', #2916, 16.96000846272688634 ) ;
#2538 = ORIENTED_EDGE ( 'NONE', *, *, #368, .T. ) ;
#2539 = CARTESIAN_POINT ( 'NONE',  ( 10.88740416549813972, 5.000000000000000000, -13.39657947294895024 ) ) ;
#2540 = CARTESIAN_POINT ( 'NONE',  ( 6.036198015422140628, 5.000000000000000000, -15.96645416040943743 ) ) ;
#2541 = PLANE ( 'NONE',  #5674 ) ;
#2542 = AXIS2_PLACEMENT_3D ( 'NONE', #170, #232, #1070 ) ;
#2543 = DIRECTION ( 'NONE',  ( 0.000000000000000000, 0.000000000000000000, 1.000000000000000000 ) ) ;
#2544 = DIRECTION ( 'NONE',  ( 0.000000000000000000, -1.000000000000000000, 0.000000000000000000 ) ) ;
#2545 = EDGE_LOOP ( 'NONE', ( #639, #5581, #4857, #4017 ) ) ;
#2546 = ORIENTED_EDGE ( 'NONE', *, *, #374, .T. ) ;
#2547 = ORIENTED_EDGE ( 'NONE', *, *, #1804, .T. ) ;
#2548 = CARTESIAN_POINT ( 'NONE',  ( 21.65063509461095492, 0.2500000000000002220, -0.5000000000000179856 ) ) ;
#2549 = ADVANCED_FACE ( 'NONE', ( #4837 ), #5474, .T. ) ;
#2550 = CARTESIAN_POINT ( 'NONE',  ( -16.62963349182176032, 4.508723330882366653, 3.398482570880867026 ) ) ;
#2551 = AXIS2_PLACEMENT_3D ( 'NONE', #5061, #1609, #4657 ) ;
#2552 = CARTESIAN_POINT ( 'NONE',  ( -5.379378014046931611, 4.763083989060735490, 16.08428360971529258 ) ) ;
#2553 = CARTESIAN_POINT ( 'NONE',  ( -5.371644505209628662, 4.508723330882364877, -16.10092634498252195 ) ) ;
#2554 = LINE ( 'NONE', #4888, #1035 ) ;
#2555 = ORIENTED_EDGE ( 'NONE', *, *, #3636, .F. ) ;
#2556 = CARTESIAN_POINT ( 'NONE',  ( -5.988258114645478081, 4.175224291363954343, 16.42575431692505816 ) ) ;
#2557 = VECTOR ( 'NONE', #2401, 1000.000000000000000 ) ;
#2558 = DIRECTION ( 'NONE',  ( 0.000000000000000000, 0.000000000000000000, 1.000000000000000000 ) ) ;
#2559 = EDGE_CURVE ( 'NONE', #1052, #3112, #2622, .T. ) ;
#2560 = DIRECTION ( 'NONE',  ( -0.000000000000000000, -1.000000000000000000, -0.000000000000000000 ) ) ;
#2561 = CARTESIAN_POINT ( 'NONE',  ( 11.06266020105170256, 4.768243088545593977, 13.16544302380393816 ) ) ;
#2562 = CARTESIAN_POINT ( 'NONE',  ( 5.356160601192805792, 4.000000000000000000, -16.13417316177776684 ) ) ;
#2563 = CARTESIAN_POINT ( 'NONE',  ( 11.23970920066347468, 4.763083989060734602, -12.70081982158193057 ) ) ;
#2564 =( BOUNDED_CURVE ( )  B_SPLINE_CURVE ( 3, ( #2859, #110, #3627, #3658 ),
 .UNSPECIFIED., .F., .T. ) 
 B_SPLINE_CURVE_WITH_KNOTS ( ( 4, 4 ),
 ( 4.712388980384687898, 5.934618220086328222 ),
 .UNSPECIFIED. ) 
 CURVE ( )  GEOMETRIC_REPRESENTATION_ITEM ( )  RATIONAL_B_SPLINE_CURVE ( ( 1.000000000000000000, 0.8793393195858263400, 0.8793393195858263400, 1.000000000000000000 ) ) 
 REPRESENTATION_ITEM ( '' )  );
#2565 = EDGE_CURVE ( 'NONE', #5301, #3642, #3535, .T. ) ;
#2566 = CARTESIAN_POINT ( 'NONE',  ( 5.999252259516154595, 4.520819503170284470, -16.40300489433544939 ) ) ;
#2567 = CARTESIAN_POINT ( 'NONE',  ( -6.241554349974736127, 4.749999999999944045, 16.30165284924408553 ) ) ;
#2568 = VERTEX_POINT ( 'NONE', #891 ) ;
#2569 = CARTESIAN_POINT ( 'NONE',  ( 6.917738125969374430, 4.760310248187457738, 18.70212708915149591 ) ) ;
#2570 = DIRECTION ( 'NONE',  ( -0.000000000000000000, 1.000000000000000000, 0.000000000000000000 ) ) ;
#2571 = FACE_OUTER_BOUND ( 'NONE', #23, .T. ) ;
#2572 = TOROIDAL_SURFACE ( 'NONE', #3884, 0.7500000000000000000, 0.2500000000000000000 ) ;
#2573 = CARTESIAN_POINT ( 'NONE',  ( 11.89999999999999858, 5.000000000000000000, -1.699999999999999289 ) ) ;
#2574 = CARTESIAN_POINT ( 'NONE',  ( -20.26303387659166688, 4.000000000000000000, -2.903395810253849518 ) ) ;
#2575 =( BOUNDED_SURFACE ( )  B_SPLINE_SURFACE ( 3, 2, ( 
 ( #4598, #1487, #96 ),
 ( #5059, #1054, #5421 ),
 ( #2313, #4103, #4050 ),
 ( #3614, #508, #1873 ) ),
 .UNSPECIFIED., .F., .F., .T. ) 
 B_SPLINE_SURFACE_WITH_KNOTS ( ( 4, 4 ),
 ( 3, 3 ),
 ( 0.01644726027677849770, 0.01723760220088238482 ),
 ( 0.000000000000000000, 1.000000000000000000 ),
 .UNSPECIFIED. ) 
 GEOMETRIC_REPRESENTATION_ITEM ( )  RATIONAL_B_SPLINE_SURFACE ( (
 ( 1.000000000000000000, 0.7172570965919117247, 1.000000000000000000),
 ( 1.000000000000000000, 0.7175240602434553860, 1.000000000000000000),
 ( 1.000000000000000000, 0.7177902439851956418, 1.000000000000000000),
 ( 1.000000000000000000, 0.7180556547963901082, 1.000000000000000000) ) ) 
 REPRESENTATION_ITEM ( '' )  SURFACE ( )  );
#2576 = VERTEX_POINT ( 'NONE', #2114 ) ;
#2577 = ORIENTED_EDGE ( 'NONE', *, *, #1440, .F. ) ;
#2578 = AXIS2_PLACEMENT_3D ( 'NONE', #2349, #953, #3145 ) ;
#2579 = EDGE_LOOP ( 'NONE', ( #2607, #2731, #2772, #1129 ) ) ;
#2580 = FACE_OUTER_BOUND ( 'NONE', #4932, .T. ) ;
#2581 = CARTESIAN_POINT ( 'NONE',  ( -6.006953148798075404, 4.763083989060735490, -16.38704070339547769 ) ) ;
#2582 = DIRECTION ( 'NONE',  ( -1.000000000000000000, -0.000000000000000000, -0.000000000000000000 ) ) ;
#2583 = CARTESIAN_POINT ( 'NONE',  ( -5.363905355352028614, 4.254361998983254622, -16.11755616802684443 ) ) ;
#2584 = CARTESIAN_POINT ( 'NONE',  ( 13.50000000000000000, 5.000000000000000000, -1.469576158976824785E-16 ) ) ;
#2585 = VERTEX_POINT ( 'NONE', #834 ) ;
#2586 = ADVANCED_FACE ( 'NONE', ( #4890 ), #1815, .T. ) ;
#2587 = CARTESIAN_POINT ( 'NONE',  ( 5.999252260065039088, 4.520819520424386617, 16.40300489319880484 ) ) ;
#2588 = DIRECTION ( 'NONE',  ( -0.000000000000000000, 1.000000000000000000, -0.000000000000000000 ) ) ;
#2589 = CARTESIAN_POINT ( 'NONE',  ( 11.07425666574134127, 5.000000000000000000, -12.51385921632483189 ) ) ;
#2590 = CARTESIAN_POINT ( 'NONE',  ( -11.16053207181541396, 4.000000000000000000, 13.30060419184900589 ) ) ;
#2591 = TOROIDAL_SURFACE ( 'NONE', #3341, 0.7500000000000000000, 0.2500000000000000000 ) ;
#2592 = CARTESIAN_POINT ( 'NONE',  ( -7.455959614378103950, 5.000000000000000000, 18.99717659498431033 ) ) ;
#2593 = EDGE_LOOP ( 'NONE', ( #2934, #1820, #4247, #2763 ) ) ;
#2594 = EDGE_CURVE ( 'NONE', #5077, #3839, #3143, .T. ) ;
#2595 = LINE ( 'NONE', #5317, #4735 ) ;
#2596 =( BOUNDED_CURVE ( )  B_SPLINE_CURVE ( 3, ( #4706, #728, #3368, #3461 ),
 .UNSPECIFIED., .F., .T. ) 
 B_SPLINE_CURVE_WITH_KNOTS ( ( 4, 4 ),
 ( 0.3485670870932492948, 1.570796326794897002 ),
 .UNSPECIFIED. ) 
 CURVE ( )  GEOMETRIC_REPRESENTATION_ITEM ( )  RATIONAL_B_SPLINE_CURVE ( ( 1.000000000000000000, 0.8793393195858248967, 0.8793393195858248967, 1.000000000000000000 ) ) 
 REPRESENTATION_ITEM ( '' )  );
#2597 = CARTESIAN_POINT ( 'NONE',  ( 10.39230484541326582, 0.000000000000000000, 18.74999999999999645 ) ) ;
#2598 = CARTESIAN_POINT ( 'NONE',  ( -5.379378014047205170, 4.763083989060735490, -16.08428360971520377 ) ) ;
#2599 = VERTEX_POINT ( 'NONE', #4026 ) ;
#2600 = CARTESIAN_POINT ( 'NONE',  ( -17.06736377380180514, 4.766372654134675813, -2.968653241255056585 ) ) ;
#2601 = EDGE_CURVE ( 'NONE', #2727, #1628, #4902, .T. ) ;
#2602 = CARTESIAN_POINT ( 'NONE',  ( 11.89999999999999858, -1.734723475976807094E-15, -1.699999999999999289 ) ) ;
#2603 = ADVANCED_BREP_SHAPE_REPRESENTATION ( 'REV-41-1607', ( #1042, #451 ), #3452 ) ;
#2604 = CONICAL_SURFACE ( 'NONE', #2314, 17.00000000000000000, 0.05235987755983000091 ) ;
#2605 = CARTESIAN_POINT ( 'NONE',  ( 16.23797632095821797, 4.750000000000000000, -9.375000000000001776 ) ) ;
#2606 = CARTESIAN_POINT ( 'NONE',  ( 11.07425666574146739, 5.000000000000000000, 12.51385921632472353 ) ) ;
#2607 = ORIENTED_EDGE ( 'NONE', *, *, #2890, .T. ) ;
#2608 = ORIENTED_EDGE ( 'NONE', *, *, #3930, .F. ) ;
#2609 = ADVANCED_FACE ( 'NONE', ( #3937 ), #363, .T. ) ;
#2610 = ORIENTED_EDGE ( 'NONE', *, *, #951, .F. ) ;
#2611 = DIRECTION ( 'NONE',  ( -1.000000000000000000, 0.000000000000000000, 0.000000000000000000 ) ) ;
#2612 =( BOUNDED_CURVE ( )  B_SPLINE_CURVE ( 3, ( #3977, #4441, #3150, #868 ),
 .UNSPECIFIED., .F., .T. ) 
 B_SPLINE_CURVE_WITH_KNOTS ( ( 4, 4 ),
 ( 4.712388980384687009, 5.934618220086329998 ),
 .UNSPECIFIED. ) 
 CURVE ( )  GEOMETRIC_REPRESENTATION_ITEM ( )  RATIONAL_B_SPLINE_CURVE ( ( 1.000000000000000000, 0.8793393195858257849, 0.8793393195858257849, 1.000000000000000000 ) ) 
 REPRESENTATION_ITEM ( '' )  );
#2613 = CIRCLE ( 'NONE', #2047, 0.7500000000000006661 ) ;
#2614 = CARTESIAN_POINT ( 'NONE',  ( 0.000000000000000000, 4.000000000000000000, 0.000000000000000000 ) ) ;
#2615 = ORIENTED_EDGE ( 'NONE', *, *, #2233, .T. ) ;
#2616 = LINE ( 'NONE', #858, #2742 ) ;
#2617 = CARTESIAN_POINT ( 'NONE',  ( -19.60812887774581625, 5.000000000000000888, -3.163324939906801081 ) ) ;
#2618 = CARTESIAN_POINT ( 'NONE',  ( -17.06714415943859109, 4.766378307906211198, 2.968614216444976250 ) ) ;
#2619 = ORIENTED_EDGE ( 'NONE', *, *, #306, .T. ) ;
#2620 = CARTESIAN_POINT ( 'NONE',  ( 5.824019564684496331, 4.233548957753251685, 15.96557551529021524 ) ) ;
#2621 = CARTESIAN_POINT ( 'NONE',  ( 11.18811696759109786, 4.763083989060735490, -13.39569437789976902 ) ) ;
#2622 = LINE ( 'NONE', #5751, #4997 ) ;
#2623 = CARTESIAN_POINT ( 'NONE',  ( -6.719882508730819382, 4.763083989060735490, 18.34579802147779759 ) ) ;
#2624 = ORIENTED_EDGE ( 'NONE', *, *, #3042, .T. ) ;
#2625 = DIRECTION ( 'NONE',  ( 0.000000000000000000, 0.000000000000000000, 1.000000000000000000 ) ) ;
#2626 = EDGE_CURVE ( 'NONE', #4949, #3139, #982, .T. ) ;
#2627 = EDGE_LOOP ( 'NONE', ( #2629, #2940, #1930, #5255 ) ) ;
#2628 = LINE ( 'NONE', #2153, #5737 ) ;
#2629 = ORIENTED_EDGE ( 'NONE', *, *, #5750, .F. ) ;
#2630 = CARTESIAN_POINT ( 'NONE',  ( -16.23797632095821442, 4.750000000000000000, 9.375000000000005329 ) ) ;
#2631 = CARTESIAN_POINT ( 'NONE',  ( -10.88740416549823387, 5.000000000000000888, 13.39657947294887386 ) ) ;
#2632 = CIRCLE ( 'NONE', #4408, 1.000000000000000000 ) ;
#2633 = ADVANCED_FACE ( 'NONE', ( #3478, #862 ), #5252, .F. ) ;
#2634 = CARTESIAN_POINT ( 'NONE',  ( 6.675778765907454115, 4.000000000000000000, -18.34155141660599497 ) ) ;
#2635 = CYLINDRICAL_SURFACE ( 'NONE', #4649, 0.2500000000000002220 ) ;
#2636 = VERTEX_POINT ( 'NONE', #1676 ) ;
#2637 = VERTEX_POINT ( 'NONE', #4806 ) ;
#2638 = ORIENTED_EDGE ( 'NONE', *, *, #1911, .T. ) ;
#2639 = VECTOR ( 'NONE', #1887, 1000.000000000000000 ) ;
#2640 = LINE ( 'NONE', #3470, #553 ) ;
#2641 = EDGE_CURVE ( 'NONE', #221, #412, #1271, .T. ) ;
#2642 = CARTESIAN_POINT ( 'NONE',  ( 5.300191647848320642, 5.000000000000000000, -15.84751720872368530 ) ) ;
#2643 = ORIENTED_EDGE ( 'NONE', *, *, #4951, .T. ) ;
#2644 = DIRECTION ( 'NONE',  ( -0.6427876096865385858, 4.754756468501404965E-21, -0.7660444431189786796 ) ) ;
#2645 = CARTESIAN_POINT ( 'NONE',  ( -10.39230484541324451, 0.2500000000000002220, 19.00000000000000355 ) ) ;
#2646 = FACE_BOUND ( 'NONE', #4213, .T. ) ;
#2647 = ORIENTED_EDGE ( 'NONE', *, *, #1447, .F. ) ;
#2648 = AXIS2_PLACEMENT_3D ( 'NONE', #5412, #1293, #992 ) ;
#2649 = DIRECTION ( 'NONE',  ( 0.000000000000000000, -1.000000000000000000, 0.000000000000000000 ) ) ;
#2650 = VECTOR ( 'NONE', #5037, 1000.000000000000000 ) ;
#2651 = DIRECTION ( 'NONE',  ( 0.000000000000000000, 0.000000000000000000, 1.000000000000000000 ) ) ;
#2652 = AXIS2_PLACEMENT_3D ( 'NONE', #3000, #3444, #5217 ) ;
#2653 = DIRECTION ( 'NONE',  ( -0.6627183721850723463, 0.000000000000000000, 0.7488687195819891951 ) ) ;
#2654 = ORIENTED_EDGE ( 'NONE', *, *, #4621, .F. ) ;
#2655 = CARTESIAN_POINT ( 'NONE',  ( 16.64016576610976017, 4.254361998983254622, -3.413499782783521841 ) ) ;
#2656 = CIRCLE ( 'NONE', #499, 16.96000846272688634 ) ;
#2657 = AXIS2_PLACEMENT_3D ( 'NONE', #1458, #3258, #939 ) ;
#2658 = ORIENTED_EDGE ( 'NONE', *, *, #2453, .T. ) ;
#2659 = VECTOR ( 'NONE', #4209, 1000.000000000000000 ) ;
#2660 = CARTESIAN_POINT ( 'NONE',  ( -5.639657243294168509, 4.768243297466653097, -16.05200943145286629 ) ) ;
#2661 = ORIENTED_EDGE ( 'NONE', *, *, #2641, .F. ) ;
#2662 = CARTESIAN_POINT ( 'NONE',  ( 7.353248037346587829, 5.000000000000000000, 18.70191815220442777 ) ) ;
#2663 = EDGE_CURVE ( 'NONE', #5100, #2793, #3147, .T. ) ;
#2664 = B_SPLINE_CURVE_WITH_KNOTS ( 'NONE', 3,
 ( #1369, #3165, #3227, #4908, #994, #4999 ),
 .UNSPECIFIED., .F., .F.,
 ( 4, 2, 4 ),
 ( 0.000000000000000000, 0.0003829498214514794247, 0.0007658996429029588495 ),
 .UNSPECIFIED. ) ;
#2665 = CARTESIAN_POINT ( 'NONE',  ( 13.50000000000000000, 5.000000000000000000, -3.349999999999998757 ) ) ;
#2666 = CARTESIAN_POINT ( 'NONE',  ( 0.000000000000000000, 4.763083989060735490, 0.000000000000000000 ) ) ;
#2667 = ORIENTED_EDGE ( 'NONE', *, *, #555, .T. ) ;
#2668 = ORIENTED_EDGE ( 'NONE', *, *, #911, .T. ) ;
#2669 = ORIENTED_EDGE ( 'NONE', *, *, #104, .T. ) ;
#2670 = EDGE_CURVE ( 'NONE', #910, #1193, #5379, .T. ) ;
#2671 = CARTESIAN_POINT ( 'NONE',  ( -11.23970920066356349, 4.763083989060736378, 12.70081982158185419 ) ) ;
#2672 = B_SPLINE_CURVE_WITH_KNOTS ( 'NONE', 3,
 ( #1345, #2673, #4046, #3137, #3609, #3960 ),
 .UNSPECIFIED., .F., .F.,
 ( 4, 2, 4 ),
 ( 0.000000000000000000, 0.0003837252277095571187, 0.0007674504554191142374 ),
 .UNSPECIFIED. ) ;
#2673 = CARTESIAN_POINT ( 'NONE',  ( 17.06736377380180514, 4.766372654134675813, 2.968653241255056585 ) ) ;
#2674 = CIRCLE ( 'NONE', #2578, 1.249999999999997558 ) ;
#2675 = VERTEX_POINT ( 'NONE', #3645 ) ;
#2676 = CARTESIAN_POINT ( 'NONE',  ( -7.617102409374945537, 4.000000000000000000, -18.99999999999989697 ) ) ;
#2677 = VERTEX_POINT ( 'NONE', #2732 ) ;
#2678 = EDGE_CURVE ( 'NONE', #2252, #2148, #1535, .T. ) ;
#2679 = CARTESIAN_POINT ( 'NONE',  ( 11.10527974594654665, 4.766346314700935949, -13.29723880543939529 ) ) ;
#2680 = CARTESIAN_POINT ( 'NONE',  ( 5.930189205541423218E-15, 4.750000000000000000, 18.75000000000000000 ) ) ;
#2681 = CARTESIAN_POINT ( 'NONE',  ( -13.50000000000000000, 5.000000000000000000, 1.830590527989727547E-15 ) ) ;
#2682 = EDGE_LOOP ( 'NONE', ( #3567, #4081, #4994, #5396 ) ) ;
#2683 = LINE ( 'NONE', #810, #1923 ) ;
#2684 = ADVANCED_FACE ( 'NONE', ( #561 ), #2575, .F. ) ;
#2685 = AXIS2_PLACEMENT_3D ( 'NONE', #166, #2352, #2774 ) ;
#2686 = AXIS2_PLACEMENT_3D ( 'NONE', #2006, #3795, #2470 ) ;
#2687 = ORIENTED_EDGE ( 'NONE', *, *, #1229, .T. ) ;
#2688 = CARTESIAN_POINT ( 'NONE',  ( 10.99686831613291815, 4.749999999999944045, 13.55617105080148121 ) ) ;
#2689 = VERTEX_POINT ( 'NONE', #974 ) ;
#2690 = CARTESIAN_POINT ( 'NONE',  ( -11.06266562834679767, 4.768243086620736371, -13.16537099598510885 ) ) ;
#2691 = CARTESIAN_POINT ( 'NONE',  ( 7.181417461517232148, 4.000000000000000000, -19.00000000000000000 ) ) ;
#2692 = CARTESIAN_POINT ( 'NONE',  ( 5.300191647848582654, 5.000000000000000000, 15.84751720872360004 ) ) ;
#2693 = ORIENTED_EDGE ( 'NONE', *, *, #529, .T. ) ;
#2694 = CIRCLE ( 'NONE', #5401, 0.2499999999999995004 ) ;
#2695 = ORIENTED_EDGE ( 'NONE', *, *, #4357, .T. ) ;
#2696 = FACE_OUTER_BOUND ( 'NONE', #1882, .T. ) ;
#2697 = B_SPLINE_CURVE_WITH_KNOTS ( 'NONE', 3,
 ( #732, #3779, #2388, #1136, #3371, #3403 ),
 .UNSPECIFIED., .F., .F.,
 ( 4, 2, 4 ),
 ( 1.301042606982605321E-18, 0.0003837252234144607221, 0.0007674504468289201431 ),
 .UNSPECIFIED. ) ;
#2698 = DIRECTION ( 'NONE',  ( 1.000000000000000000, -0.000000000000000000, -1.581383788144378693E-16 ) ) ;
#2699 = ADVANCED_FACE ( 'NONE', ( #153 ), #2764, .T. ) ;
#2700 = ORIENTED_EDGE ( 'NONE', *, *, #3323, .T. ) ;
#2701 = CARTESIAN_POINT ( 'NONE',  ( 12.33383238466040766, 4.750000000000000000, -15.14950278263877870 ) ) ;
#2702 = DIRECTION ( 'NONE',  ( 0.8660254037844410391, 0.000000000000000000, 0.4999999999999960032 ) ) ;
#2703 = ORIENTED_EDGE ( 'NONE', *, *, #5286, .F. ) ;
#2704 = AXIS2_PLACEMENT_3D ( 'NONE', #2573, #5298, #3522 ) ;
#2705 = CARTESIAN_POINT ( 'NONE',  ( 10.39230484541325872, 0.2500000000000002220, -18.75000000000000000 ) ) ;
#2706 = EDGE_CURVE ( 'NONE', #1346, #61, #942, .T. ) ;
#2707 = DIRECTION ( 'NONE',  ( 0.000000000000000000, 0.000000000000000000, 1.000000000000000000 ) ) ;
#2708 = VERTEX_POINT ( 'NONE', #4487 ) ;
#2709 = CARTESIAN_POINT ( 'NONE',  ( 19.22251041448763331, 4.013324438983808307, 3.388738146297521237 ) ) ;
#2710 = VERTEX_POINT ( 'NONE', #5449 ) ;
#2711 = CARTESIAN_POINT ( 'NONE',  ( 12.51556964292268681, 5.000000000000000000, 14.99700711625963478 ) ) ;
#2712 = AXIS2_PLACEMENT_3D ( 'NONE', #5617, #643, #1634 ) ;
#2713 = EDGE_CURVE ( 'NONE', #3409, #1295, #70, .T. ) ;
#2714 = EDGE_CURVE ( 'NONE', #952, #3193, #146, .T. ) ;
#2715 = ORIENTED_EDGE ( 'NONE', *, *, #2739, .F. ) ;
#2716 = DIRECTION ( 'NONE',  ( 0.000000000000000000, 0.000000000000000000, 1.000000000000000000 ) ) ;
#2717 = EDGE_LOOP ( 'NONE', ( #3809, #2190, #47, #5635 ) ) ;
#2718 = CARTESIAN_POINT ( 'NONE',  ( -9.237604307034009921, -1.734723475976807094E-15, -14.75000000000000178 ) ) ;
#2719 = CARTESIAN_POINT ( 'NONE',  ( -10.92991459582319536, 5.000000000000000000, -12.64159615601096043 ) ) ;
#2720 = DIRECTION ( 'NONE',  ( -0.000000000000000000, 1.000000000000000000, -0.000000000000000000 ) ) ;
#2721 = FACE_OUTER_BOUND ( 'NONE', #2223, .T. ) ;
#2722 = ORIENTED_EDGE ( 'NONE', *, *, #1848, .F. ) ;
#2723 = ORIENTED_EDGE ( 'NONE', *, *, #1591, .T. ) ;
#2724 = DIRECTION ( 'NONE',  ( -0.1736481776669352162, 0.000000000000000000, 0.9848077530122072432 ) ) ;
#2725 = CIRCLE ( 'NONE', #857, 0.2500000000000009437 ) ;
#2726 = CARTESIAN_POINT ( 'NONE',  ( 13.50000000000000000, -1.734723475976807094E-15, -1.699999999999999512 ) ) ;
#2727 = VERTEX_POINT ( 'NONE', #4973 ) ;
#2728 = CIRCLE ( 'NONE', #3388, 0.2500000000000003331 ) ;
#2729 = CYLINDRICAL_SURFACE ( 'NONE', #4335, 1.000000000000000222 ) ;
#2730 = CARTESIAN_POINT ( 'NONE',  ( 17.09892589816079678, 4.000000000000000000, -3.015001976980623333 ) ) ;
#2731 = ORIENTED_EDGE ( 'NONE', *, *, #4814, .F. ) ;
#2732 = CARTESIAN_POINT ( 'NONE',  ( 5.982681243818711359, 4.000000000000000000, 16.43728162518631564 ) ) ;
#2733 = EDGE_CURVE ( 'NONE', #3476, #2252, #4544, .T. ) ;
#2734 = FACE_OUTER_BOUND ( 'NONE', #1374, .T. ) ;
#2735 = EDGE_LOOP ( 'NONE', ( #2766, #1603, #1947, #2237 ) ) ;
#2736 = VECTOR ( 'NONE', #3278, 1000.000000000000114 ) ;
#2737 = FACE_OUTER_BOUND ( 'NONE', #94, .T. ) ;
#2738 = ORIENTED_EDGE ( 'NONE', *, *, #1740, .T. ) ;
#2739 = EDGE_CURVE ( 'NONE', #2599, #1813, #1845, .T. ) ;
#2740 = CIRCLE ( 'NONE', #405, 1.249999999999987121 ) ;
#2741 = ORIENTED_EDGE ( 'NONE', *, *, #4552, .F. ) ;
#2742 = VECTOR ( 'NONE', #2644, 1000.000000000000114 ) ;
#2743 = FACE_OUTER_BOUND ( 'NONE', #2545, .T. ) ;
#2744 = CARTESIAN_POINT ( 'NONE',  ( 0.000000000000000000, 4.000000000000000000, 0.000000000000000000 ) ) ;
#2745 = CARTESIAN_POINT ( 'NONE',  ( -21.65063509461095137, 5.000000000000000000, -0.4999999999999831246 ) ) ;
#2746 = CARTESIAN_POINT ( 'NONE',  ( 16.74173180120751425, 4.000000000000000000, -2.952019020337959709 ) ) ;
#2747 = ADVANCED_FACE ( 'NONE', ( #1001 ), #2789, .T. ) ;
#2748 = AXIS2_PLACEMENT_3D ( 'NONE', #1842, #4048, #558 ) ;
#2749 = CARTESIAN_POINT ( 'NONE',  ( 9.237604307034015250, 5.000000000000000000, -16.00000000000000000 ) ) ;
#2750 = VECTOR ( 'NONE', #954, 1000.000000000000000 ) ;
#2751 = DIRECTION ( 'NONE',  ( -0.8660254037844432595, 0.000000000000000000, -0.4999999999999919509 ) ) ;
#2752 = ORIENTED_EDGE ( 'NONE', *, *, #453, .F. ) ;
#2753 = ORIENTED_EDGE ( 'NONE', *, *, #5486, .F. ) ;
#2754 = DIRECTION ( 'NONE',  ( 0.000000000000000000, 0.000000000000000000, 1.000000000000000000 ) ) ;
#2755 = EDGE_CURVE ( 'NONE', #3866, #5303, #746, .T. ) ;
#2756 = CARTESIAN_POINT ( 'NONE',  ( -17.19507011638910399, 4.763083989060735490, -2.991346325495881420 ) ) ;
#2757 =( BOUNDED_CURVE ( )  B_SPLINE_CURVE ( 3, ( #1334, #3490, #5783, #491 ),
 .UNSPECIFIED., .F., .T. ) 
 B_SPLINE_CURVE_WITH_KNOTS ( ( 4, 4 ),
 ( 4.712388980384689674, 5.934618220086329998 ),
 .UNSPECIFIED. ) 
 CURVE ( )  GEOMETRIC_REPRESENTATION_ITEM ( )  RATIONAL_B_SPLINE_CURVE ( ( 1.000000000000000000, 0.8793393195858263400, 0.8793393195858263400, 1.000000000000000000 ) ) 
 REPRESENTATION_ITEM ( '' )  );
#2758 = CARTESIAN_POINT ( 'NONE',  ( -7.005255311552626374, 5.000000000000000000, -18.39990399612869965 ) ) ;
#2759 = EDGE_LOOP ( 'NONE', ( #3962, #3146, #4340, #4605 ) ) ;
#2760 = B_SPLINE_CURVE_WITH_KNOTS ( 'NONE', 3,
 ( #1835, #4535, #3058, #62, #4995, #3532, #116, #1395 ),
 .UNSPECIFIED., .F., .F.,
 ( 4, 2, 2, 4 ),
 ( 0.000000000000000000, 0.0005807575745331959713, 0.0008711363617997966132, 0.001161515149066397147 ),
 .UNSPECIFIED. ) ;
#2761 = DIRECTION ( 'NONE',  ( -0.000000000000000000, 1.000000000000000000, -0.000000000000000000 ) ) ;
#2762 = CARTESIAN_POINT ( 'NONE',  ( 16.96486196699034110, 4.000000000000000000, -3.044220143639976506 ) ) ;
#2763 = ORIENTED_EDGE ( 'NONE', *, *, #2663, .F. ) ;
#2764 = CYLINDRICAL_SURFACE ( 'NONE', #335, 0.2500000000000006661 ) ;
#2765 = DIRECTION ( 'NONE',  ( -0.8660254037844377084, 0.000000000000000000, 0.5000000000000015543 ) ) ;
#2766 = ORIENTED_EDGE ( 'NONE', *, *, #2263, .F. ) ;
#2767 = DIRECTION ( 'NONE',  ( -0.05568465954711007693, 0.9984484056230058524, 1.761176357122780330E-17 ) ) ;
#2768 = CARTESIAN_POINT ( 'NONE',  ( -5.840468684734462457, 4.758867573871610190, 15.93027447939434893 ) ) ;
#2769 = VERTEX_POINT ( 'NONE', #4131 ) ;
#2770 = EDGE_CURVE ( 'NONE', #5734, #3005, #1814, .T. ) ;
#2771 = CARTESIAN_POINT ( 'NONE',  ( -10.39230484541326227, 4.750000000000000000, -18.99999999999999645 ) ) ;
#2772 = ORIENTED_EDGE ( 'NONE', *, *, #3129, .F. ) ;
#2773 = CARTESIAN_POINT ( 'NONE',  ( 19.28677045679822655, 5.000000000000000000, -3.106660779816059481 ) ) ;
#2774 = DIRECTION ( 'NONE',  ( -0.8660254037844377084, 0.000000000000000000, 0.5000000000000015543 ) ) ;
#2775 = CIRCLE ( 'NONE', #1648, 0.2500000000000004996 ) ;
#2776 = FACE_OUTER_BOUND ( 'NONE', #242, .T. ) ;
#2777 = CARTESIAN_POINT ( 'NONE',  ( 11.17860557439509783, 5.000000000000000000, 13.40367538442251139 ) ) ;
#2778 = ADVANCED_FACE ( 'NONE', ( #1904 ), #3701, .T. ) ;
#2779 = EDGE_LOOP ( 'NONE', ( #2488, #4421, #5343, #1940, #5127, #5545, #385, #2229 ) ) ;
#2780 = ORIENTED_EDGE ( 'NONE', *, *, #2307, .F. ) ;
#2781 = CARTESIAN_POINT ( 'NONE',  ( -19.67183812372882556, 4.761015611334819653, 3.428177421459384533 ) ) ;
#2782 = CARTESIAN_POINT ( 'NONE',  ( -20.28394807427334712, 4.750000000000000000, 2.867171357269667542 ) ) ;
#2783 = CARTESIAN_POINT ( 'NONE',  ( -7.455959614378314448, 5.000000000000000000, -18.99717659498430322 ) ) ;
#2784 = EDGE_CURVE ( 'NONE', #5560, #2196, #2137, .T. ) ;
#2785 = VERTEX_POINT ( 'NONE', #4157 ) ;
#2786 = DIRECTION ( 'NONE',  ( 0.000000000000000000, -1.000000000000000000, 0.000000000000000000 ) ) ;
#2787 = DIRECTION ( 'NONE',  ( -0.3420201433256586099, 0.000000000000000000, 0.9396926207859120916 ) ) ;
#2788 = ORIENTED_EDGE ( 'NONE', *, *, #2626, .T. ) ;
#2789 = CYLINDRICAL_SURFACE ( 'NONE', #88, 1.000000000000000222 ) ;
#2790 = FACE_BOUND ( 'NONE', #5509, .T. ) ;
#2791 = CARTESIAN_POINT ( 'NONE',  ( 11.21821571507442705, 4.350448236824119519, 13.39792163742562359 ) ) ;
#2792 = CARTESIAN_POINT ( 'NONE',  ( 18.47520861406801984, 5.000000000000000000, -1.250000000000007994 ) ) ;
#2793 = VERTEX_POINT ( 'NONE', #1083 ) ;
#2794 = CARTESIAN_POINT ( 'NONE',  ( -11.04182389825158950, 4.750000000000000000, -18.37499999999999645 ) ) ;
#2795 =( BOUNDED_SURFACE ( )  B_SPLINE_SURFACE ( 3, 2, ( 
 ( #3846, #189, #3793 ),
 ( #625, #3421, #4193 ),
 ( #2528, #5601, #1554 ),
 ( #2400, #1120, #2949 ),
 ( #5539, #4284, #4256 ),
 ( #4750, #3354, #1584 ) ),
 .UNSPECIFIED., .F., .F., .T. ) 
 B_SPLINE_SURFACE_WITH_KNOTS ( ( 4, 2, 4 ),
 ( 3, 3 ),
 ( 0.000000000000000000, 0.0005752549037845091241, 0.001150509807569018248 ),
 ( 0.000000000000000000, 1.000000000000000000 ),
 .UNSPECIFIED. ) 
 GEOMETRIC_REPRESENTATION_ITEM ( )  RATIONAL_B_SPLINE_SURFACE ( (
 ( 1.000000000000000000, 0.7253743710122874111, 1.000000000000000000),
 ( 1.000000000000000000, 0.7299083363405231006, 1.000000000000000000),
 ( 1.000000000000000000, 0.7324480241390224355, 1.000000000000000000),
 ( 1.000000000000000000, 0.7324521636563295912, 1.000000000000000000),
 ( 1.000000000000000000, 0.7299399960709760382, 1.000000000000000000),
 ( 1.000000000000000000, 0.7253743710122864119, 1.000000000000000000) ) ) 
 REPRESENTATION_ITEM ( '' )  SURFACE ( )  );
#2796 = CIRCLE ( 'NONE', #2235, 0.2500000000000002220 ) ;
#2797 = ORIENTED_EDGE ( 'NONE', *, *, #1021, .F. ) ;
#2798 = CARTESIAN_POINT ( 'NONE',  ( -21.72280387825965420, 0.2500000000000002220, -0.1249999999999862332 ) ) ;
#2799 = DIRECTION ( 'NONE',  ( -0.02784232977355501418, -0.9984484056230057414, -0.04822432976888492429 ) ) ;
#2800 = CARTESIAN_POINT ( 'NONE',  ( 17.19507011638907557, 4.763083989060736378, -2.991346325496046621 ) ) ;
#2801 = CARTESIAN_POINT ( 'NONE',  ( -12.62501726953528980, 4.750000000000000000, -16.13282864273036665 ) ) ;
#2802 = EDGE_CURVE ( 'NONE', #1424, #4466, #1298, .T. ) ;
#2803 = DIRECTION ( 'NONE',  ( -0.000000000000000000, -1.000000000000000000, -0.000000000000000000 ) ) ;
#2804 = CARTESIAN_POINT ( 'NONE',  ( 11.18811696759122043, 4.763083989060735490, 13.39569437789966244 ) ) ;
#2805 = VERTEX_POINT ( 'NONE', #5562 ) ;
#2806 = DIRECTION ( 'NONE',  ( -0.9848077530122077983, 1.452614590917276399E-18, 0.1736481776669316912 ) ) ;
#2807 = DIRECTION ( 'NONE',  ( 0.000000000000000000, 0.000000000000000000, 1.000000000000000000 ) ) ;
#2808 = EDGE_CURVE ( 'NONE', #1876, #3904, #3357, .T. ) ;
#2809 = CARTESIAN_POINT ( 'NONE',  ( 10.39230484541326582, 5.000000000000000000, 18.99999999999999645 ) ) ;
#2810 = ORIENTED_EDGE ( 'NONE', *, *, #2963, .F. ) ;
#2811 = DIRECTION ( 'NONE',  ( -0.05568465954711022264, -0.9984484056230057414, 1.761176357122784952E-17 ) ) ;
#2812 = CARTESIAN_POINT ( 'NONE',  ( -11.23970920066358836, 4.763083989060736378, -12.70081982158182221 ) ) ;
#2813 = ORIENTED_EDGE ( 'NONE', *, *, #383, .F. ) ;
#2814 =( BOUNDED_SURFACE ( )  B_SPLINE_SURFACE ( 3, 2, ( 
 ( #4698, #2474, #228 ),
 ( #2009, #5576, #1561 ),
 ( #692, #4262, #257 ),
 ( #4728, #2037, #2351 ),
 ( #1589, #4289, #3912 ),
 ( #1217, #5197, #1622 ) ),
 .UNSPECIFIED., .F., .F., .F. ) 
 B_SPLINE_SURFACE_WITH_KNOTS ( ( 4, 2, 4 ),
 ( 3, 3 ),
 ( 4.712388980384689674, 5.323503600235516942, 5.934618220086345097 ),
 ( 0.000000000000000000, 1.000000000000000000 ),
 .UNSPECIFIED. ) 
 GEOMETRIC_REPRESENTATION_ITEM ( )  RATIONAL_B_SPLINE_SURFACE ( (
 ( 1.000000000000000000, 0.7071067811865475727, 1.000000000000000000),
 ( 1.000000000000000000, 0.7111226099810562529, 1.000000000000000000),
 ( 1.000000000000000000, 0.7150809331574513594, 1.000000000000000000),
 ( 1.000000000000000000, 0.7215476082090505061, 1.000000000000000000),
 ( 1.000000000000000000, 0.7240499912500545365, 1.000000000000000000),
 ( 1.000000000000000000, 0.7253743710122874111, 1.000000000000000000) ) ) 
 REPRESENTATION_ITEM ( '' )  SURFACE ( )  );
#2815 = CARTESIAN_POINT ( 'NONE',  ( 10.39230484541325872, 4.750000000000000000, -18.00000000000000000 ) ) ;
#2816 = EDGE_CURVE ( 'NONE', #896, #4004, #215, .T. ) ;
#2817 = VECTOR ( 'NONE', #623, 1000.000000000000000 ) ;
#2818 = DIRECTION ( 'NONE',  ( 0.000000000000000000, 0.000000000000000000, 1.000000000000000000 ) ) ;
#2819 = DIRECTION ( 'NONE',  ( -0.000000000000000000, 1.000000000000000000, -0.000000000000000000 ) ) ;
#2820 = DIRECTION ( 'NONE',  ( -0.000000000000000000, -1.000000000000000000, -0.000000000000000000 ) ) ;
#2821 = ORIENTED_EDGE ( 'NONE', *, *, #2532, .T. ) ;
#2822 = CARTESIAN_POINT ( 'NONE',  ( -5.356018307136625189, 3.995326637871072339, 16.13447846233822602 ) ) ;
#2823 = AXIS2_PLACEMENT_3D ( 'NONE', #285, #3365, #5519 ) ;
#2824 = ORIENTED_EDGE ( 'NONE', *, *, #3184, .F. ) ;
#2825 = CARTESIAN_POINT ( 'NONE',  ( 17.09892715173073441, 4.000000000000000000, 3.015002198018654767 ) ) ;
#2826 = CARTESIAN_POINT ( 'NONE',  ( -12.43215663206625976, 5.000000000000000000, -15.26668105786446361 ) ) ;
#2827 = CIRCLE ( 'NONE', #1707, 1.249999999999997558 ) ;
#2828 = DIRECTION ( 'NONE',  ( 0.6427876096865347000, 0.000000000000000000, -0.7660444431189818992 ) ) ;
#2829 = DIRECTION ( 'NONE',  ( 3.162767576288768726E-16, 0.000000000000000000, 1.000000000000000000 ) ) ;
#2830 = ORIENTED_EDGE ( 'NONE', *, *, #1045, .T. ) ;
#2831 = CARTESIAN_POINT ( 'NONE',  ( -17.21924957210175933, 4.175224291363955231, -3.026893506761153763 ) ) ;
#2832 = ADVANCED_FACE ( 'NONE', ( #2024 ), #4177, .F. ) ;
#2833 = CIRCLE ( 'NONE', #4885, 0.2499999999999998890 ) ;
#2834 = B_SPLINE_CURVE_WITH_KNOTS ( 'NONE', 3,
 ( #1213, #2556, #5689, #1675, #1966, #2005, #3422 ),
 .UNSPECIFIED., .F., .F.,
 ( 4, 3, 4 ),
 ( 0.000000000000000000, 0.0005270747513130785798, 0.0007651211997125604083 ),
 .UNSPECIFIED. ) ;
#2835 = CARTESIAN_POINT ( 'NONE',  ( 11.29452352656009317, 4.000000000000000000, 12.70565772827131745 ) ) ;
#2836 = CARTESIAN_POINT ( 'NONE',  ( 0.000000000000000000, 4.000000000000000000, 0.000000000000000000 ) ) ;
#2837 = CARTESIAN_POINT ( 'NONE',  ( -20.29603077274559197, 5.183295314126217690, 2.846243509623201273 ) ) ;
#2838 = ORIENTED_EDGE ( 'NONE', *, *, #2845, .F. ) ;
#2839 = VECTOR ( 'NONE', #4986, 1000.000000000000114 ) ;
#2840 = EDGE_CURVE ( 'NONE', #4496, #412, #1002, .T. ) ;
#2841 = CARTESIAN_POINT ( 'NONE',  ( -19.87296023797989264, 5.000000000000000000, 2.982859475432199758 ) ) ;
#2842 = CALENDAR_DATE ( 2022, 17, 2 ) ;
#2843 = ORIENTED_EDGE ( 'NONE', *, *, #1190, .T. ) ;
#2844 = CARTESIAN_POINT ( 'NONE',  ( -5.982681243818825934, 4.000000000000000000, -16.43728162518627300 ) ) ;
#2845 = EDGE_CURVE ( 'NONE', #2196, #3668, #5594, .T. ) ;
#2846 = DIRECTION ( 'NONE',  ( -0.4999999999999972800, 0.000000000000000000, 0.8660254037844403729 ) ) ;
#2847 =( BOUNDED_CURVE ( )  B_SPLINE_CURVE ( 3, ( #1360, #1799, #4115, #4957 ),
 .UNSPECIFIED., .F., .T. ) 
 B_SPLINE_CURVE_WITH_KNOTS ( ( 4, 4 ),
 ( 4.712388980384687009, 5.934618220086333551 ),
 .UNSPECIFIED. ) 
 CURVE ( )  GEOMETRIC_REPRESENTATION_ITEM ( )  RATIONAL_B_SPLINE_CURVE ( ( 1.000000000000000000, 0.8793393195858252298, 0.8793393195858252298, 1.000000000000000000 ) ) 
 REPRESENTATION_ITEM ( '' )  );
#2848 = CARTESIAN_POINT ( 'NONE',  ( 12.40851091858908184, 4.750000000000000000, -16.00782864273053718 ) ) ;
#2849 = ORIENTED_EDGE ( 'NONE', *, *, #2263, .T. ) ;
#2850 = CARTESIAN_POINT ( 'NONE',  ( -17.21584805971788867, 4.258073441785648505, 3.021884806940577040 ) ) ;
#2851 = LINE ( 'NONE', #250, #3188 ) ;
#2852 = VECTOR ( 'NONE', #4367, 1000.000000000000000 ) ;
#2853 = ORIENTED_EDGE ( 'NONE', *, *, #2755, .T. ) ;
#2854 = VECTOR ( 'NONE', #43, 1000.000000000000000 ) ;
#2855 = EDGE_CURVE ( 'NONE', #2281, #551, #1362, .T. ) ;
#2856 = CARTESIAN_POINT ( 'NONE',  ( -10.39230484541326227, 5.000000000000000000, -17.99999999999999645 ) ) ;
#2857 = CARTESIAN_POINT ( 'NONE',  ( -12.33383238466050003, 5.000000000000000000, -15.14950278263860817 ) ) ;
#2858 = CARTESIAN_POINT ( 'NONE',  ( -12.52508103611880586, 4.763083989060735490, -14.98902610973678406 ) ) ;
#2859 = CARTESIAN_POINT ( 'NONE',  ( -12.40851091858917954, 5.000000000000000000, -16.00782864273036665 ) ) ;
#2860 = PLANE ( 'NONE',  #5459 ) ;
#2861 = LINE ( 'NONE', #2011, #4975 ) ;
#2862 = VERTEX_POINT ( 'NONE', #5213 ) ;
#2863 = DIRECTION ( 'NONE',  ( 0.5000000000000016653, 0.000000000000000000, -0.8660254037844378194 ) ) ;
#2864 = AXIS2_PLACEMENT_3D ( 'NONE', #3768, #3393, #4669 ) ;
#2865 = CARTESIAN_POINT ( 'NONE',  ( 11.27626041075795271, 4.254361998983255511, 12.70405638524353975 ) ) ;
#2866 = DIRECTION ( 'NONE',  ( 0.02784232977355503846, -0.9984484056230057414, -0.04822432976888507694 ) ) ;
#2867 = CARTESIAN_POINT ( 'NONE',  ( 19.39592061336214002, 3.960988482740864125, 2.405280038084242289 ) ) ;
#2868 = CIRCLE ( 'NONE', #1556, 0.2499999999999991673 ) ;
#2869 = ORIENTED_EDGE ( 'NONE', *, *, #3930, .T. ) ;
#2870 = ORIENTED_EDGE ( 'NONE', *, *, #3967, .T. ) ;
#2871 = CARTESIAN_POINT ( 'NONE',  ( -19.24341790707967803, 4.763083989060735490, 3.352525306869252208 ) ) ;
#2872 = DATE_TIME_ROLE ( 'classification_date' ) ;
#2873 = ORIENTED_EDGE ( 'NONE', *, *, #1363, .F. ) ;
#2874 = DIRECTION ( 'NONE',  ( -0.000000000000000000, 1.000000000000000000, -0.000000000000000000 ) ) ;
#2875 = EDGE_CURVE ( 'NONE', #4650, #3876, #3920, .T. ) ;
#2876 = CYLINDRICAL_SURFACE ( 'NONE', #4051, 1.000000000000000888 ) ;
#2877 = CARTESIAN_POINT ( 'NONE',  ( -5.379378014047197176, 4.763083989060734602, -16.08428360971521087 ) ) ;
#2878 = FACE_OUTER_BOUND ( 'NONE', #3781, .T. ) ;
#2879 = ORIENTED_EDGE ( 'NONE', *, *, #2971, .F. ) ;
#2880 = LINE ( 'NONE', #2468, #3999 ) ;
#2881 = TOROIDAL_SURFACE ( 'NONE', #3929, 0.7500000000000000000, 0.2500000000000000000 ) ;
#2882 = CARTESIAN_POINT ( 'NONE',  ( 11.04182389825158417, 5.000000000000000000, -18.37500000000000355 ) ) ;
#2883 = CARTESIAN_POINT ( 'NONE',  ( 19.39566318705530534, 4.000000000000000000, -3.404561540562892397 ) ) ;
#2884 = EDGE_CURVE ( 'NONE', #1613, #3736, #649, .T. ) ;
#2885 = ORIENTED_EDGE ( 'NONE', *, *, #835, .F. ) ;
#2886 = CARTESIAN_POINT ( 'NONE',  ( 17.04674094534860629, 5.000000000000000000, -2.711683172328888780 ) ) ;
#2887 = CARTESIAN_POINT ( 'NONE',  ( -12.33383238466049825, 5.000000000000000000, -15.14950278263860284 ) ) ;
#2888 = CARTESIAN_POINT ( 'NONE',  ( 0.000000000000000000, 4.000000000000000000, 0.000000000000000000 ) ) ;
#2889 = ADVANCED_FACE ( 'NONE', ( #3840 ), #5622, .F. ) ;
#2890 = EDGE_CURVE ( 'NONE', #3868, #2977, #2516, .T. ) ;
#2891 = CIRCLE ( 'NONE', #4387, 1.249999999999999334 ) ;
#2892 = DIRECTION ( 'NONE',  ( -0.9483653056579454121, 0.000000000000000000, -0.3171801491649688942 ) ) ;
#2893 = EDGE_LOOP ( 'NONE', ( #2788, #531, #1246, #5382 ) ) ;
#2894 = CARTESIAN_POINT ( 'NONE',  ( 6.952938072137583525, 4.750000000000000000, -18.25616356245449623 ) ) ;
#2895 = CARTESIAN_POINT ( 'NONE',  ( 13.50000000000000000, 5.000000000000000000, -1.469576158976824785E-16 ) ) ;
#2896 = CARTESIAN_POINT ( 'NONE',  ( 5.881783092437178340, 5.000000000000000000, 16.15009352429269640 ) ) ;
#2897 = CARTESIAN_POINT ( 'NONE',  ( -19.28677045679830471, 5.000000000000000000, 3.106660779815933360 ) ) ;
#2898 = FACE_OUTER_BOUND ( 'NONE', #5738, .T. ) ;
#2899 = AXIS2_PLACEMENT_3D ( 'NONE', #5443, #4152, #612 ) ;
#2900 = ORIENTED_EDGE ( 'NONE', *, *, #2116, .F. ) ;
#2901 = ORIENTED_EDGE ( 'NONE', *, *, #3456, .T. ) ;
#2902 = CARTESIAN_POINT ( 'NONE',  ( 11.89999999999999858, -1.734723475976807094E-15, 1.469576158976824785E-16 ) ) ;
#2903 = APPROVAL_DATE_TIME ( #3838, #5101 ) ;
#2904 = ORIENTED_EDGE ( 'NONE', *, *, #1884, .T. ) ;
#2905 = AXIS2_PLACEMENT_3D ( 'NONE', #5408, #4960, #521 ) ;
#2906 = CARTESIAN_POINT ( 'NONE',  ( -5.815781841919251072, 3.970742523127346324, -15.98321241312700103 ) ) ;
#2907 = DIRECTION ( 'NONE',  ( 0.000000000000000000, -1.000000000000000000, 0.000000000000000000 ) ) ;
#2908 = CARTESIAN_POINT ( 'NONE',  ( 17.19832825217300609, 4.683946675189657682, 2.996132214117755321 ) ) ;
#2909 = CYLINDRICAL_SURFACE ( 'NONE', #2355, 1.249999999999994227 ) ;
#2910 = CARTESIAN_POINT ( 'NONE',  ( 19.41691370617495238, 4.762060758070177258, -3.367754561760445409 ) ) ;
#2911 = ORIENTED_EDGE ( 'NONE', *, *, #600, .T. ) ;
#2912 = EDGE_CURVE ( 'NONE', #314, #1876, #183, .T. ) ;
#2913 = DIRECTION ( 'NONE',  ( 0.000000000000000000, 1.000000000000000000, 0.000000000000000000 ) ) ;
#2914 = CARTESIAN_POINT ( 'NONE',  ( -10.39230484541326227, 0.2500000000000002220, -18.99999999999999645 ) ) ;
#2915 = CARTESIAN_POINT ( 'NONE',  ( 7.223583597816327639, 4.756055831202428585, -19.00000000000000000 ) ) ;
#2916 = AXIS2_PLACEMENT_3D ( 'NONE', #977, #4576, #1819 ) ;
#2917 = ORIENTED_EDGE ( 'NONE', *, *, #3163, .F. ) ;
#2918 = FACE_OUTER_BOUND ( 'NONE', #5241, .T. ) ;
#2919 = CIRCLE ( 'NONE', #1135, 1.000000000000000888 ) ;
#2920 = CARTESIAN_POINT ( 'NONE',  ( 12.52798588493261001, 4.763083989060735490, 14.99248797374658082 ) ) ;
#2921 = EDGE_CURVE ( 'NONE', #3668, #5117, #2410, .T. ) ;
#2922 = CARTESIAN_POINT ( 'NONE',  ( -11.89999999999999858, 5.000000000000000000, 1.536675296194362640E-15 ) ) ;
#2923 = CARTESIAN_POINT ( 'NONE',  ( -17.20158500966808290, 4.604809290093003327, 3.000917863500526028 ) ) ;
#2924 = ORIENTED_EDGE ( 'NONE', *, *, #2523, .T. ) ;
#2925 = CYLINDRICAL_SURFACE ( 'NONE', #5257, 0.2499999999999997502 ) ;
#2926 = ADVANCED_FACE ( 'NONE', ( #2459 ), #5304, .F. ) ;
#2927 = CARTESIAN_POINT ( 'NONE',  ( 5.482986117577701712, 5.000000000000000000, -15.78638177918325880 ) ) ;
#2928 = VECTOR ( 'NONE', #261, 1000.000000000000000 ) ;
#2929 = CARTESIAN_POINT ( 'NONE',  ( 11.25798898661233061, 4.508723330882366653, 12.70244377410175574 ) ) ;
#2930 = CARTESIAN_POINT ( 'NONE',  ( 6.006953148797959940, 4.763083989060735490, 16.38704070339552032 ) ) ;
#2931 = AXIS2_PLACEMENT_3D ( 'NONE', #657, #1269, #1646 ) ;
#2932 = DIRECTION ( 'NONE',  ( 0.000000000000000000, 0.000000000000000000, 1.000000000000000000 ) ) ;
#2933 = ORIENTED_EDGE ( 'NONE', *, *, #193, .F. ) ;
#2934 = ORIENTED_EDGE ( 'NONE', *, *, #5270, .T. ) ;
#2935 = APPROVAL ( #5148, 'UNSPECIFIED' ) ;
#2936 = DIRECTION ( 'NONE',  ( 0.000000000000000000, 0.000000000000000000, 1.000000000000000000 ) ) ;
#2937 = EDGE_CURVE ( 'NONE', #1300, #5371, #1231, .T. ) ;
#2938 = AXIS2_PLACEMENT_3D ( 'NONE', #3113, #3085, #4368 ) ;
#2939 = SHAPE_DEFINITION_REPRESENTATION ( #4306, #2603 ) ;
#2940 = ORIENTED_EDGE ( 'NONE', *, *, #5587, .T. ) ;
#2941 = AXIS2_PLACEMENT_3D ( 'NONE', #2310, #1870, #2254 ) ;
#2942 = CARTESIAN_POINT ( 'NONE',  ( 16.64483858685687423, 4.766378674295124185, 3.256111239775707045 ) ) ;
#2943 = CIRCLE ( 'NONE', #2187, 17.00000000000000000 ) ;
#2944 = VECTOR ( 'NONE', #2799, 1000.000000000000227 ) ;
#2945 = CARTESIAN_POINT ( 'NONE',  ( -13.50000000000000000, 2.850000000000000089, 3.350000000000000977 ) ) ;
#2946 = CARTESIAN_POINT ( 'NONE',  ( 16.61823801151497193, 4.783564787009150443, 3.382254491292911336 ) ) ;
#2947 = CARTESIAN_POINT ( 'NONE',  ( -16.64458850926293110, 4.766346677532614429, 3.257347990482324374 ) ) ;
#2948 = ORIENTED_EDGE ( 'NONE', *, *, #4753, .T. ) ;
#2949 = CARTESIAN_POINT ( 'NONE',  ( -5.870212918596615204, 4.768243086620747917, 16.16323496571392226 ) ) ;
#2950 = CARTESIAN_POINT ( 'NONE',  ( -18.47520861406802339, 5.000000000000001776, -5.060722121622122388E-15 ) ) ;
#2951 = LINE ( 'NONE', #4724, #161 ) ;
#2952 = ORIENTED_EDGE ( 'NONE', *, *, #885, .F. ) ;
#2953 = CARTESIAN_POINT ( 'NONE',  ( 16.64458850926291333, 4.766346677532466991, -3.257347990482431843 ) ) ;
#2954 = DIRECTION ( 'NONE',  ( 0.6427876096865385858, 4.754756468501404965E-21, 0.7660444431189786796 ) ) ;
#2955 = CARTESIAN_POINT ( 'NONE',  ( -12.73764810102563416, 4.760310248187458626, 15.34200049839326496 ) ) ;
#2956 = EDGE_CURVE ( 'NONE', #844, #3700, #5740, .T. ) ;
#2957 = AXIS2_PLACEMENT_3D ( 'NONE', #776, #1324, #5720 ) ;
#2958 = CARTESIAN_POINT ( 'NONE',  ( 5.300191647848320642, 4.750000000000000000, -15.84751720872368530 ) ) ;
#2959 = ORIENTED_EDGE ( 'NONE', *, *, #5022, .F. ) ;
#2960 = CARTESIAN_POINT ( 'NONE',  ( -10.96965511460288845, 0.2500000000000002220, -18.99999999999999645 ) ) ;
#2961 = CARTESIAN_POINT ( 'NONE',  ( 5.962676754242151489, 4.766378307906216527, -16.26488752034754981 ) ) ;
#2962 = CYLINDRICAL_SURFACE ( 'NONE', #4828, 1.249999999999992450 ) ;
#2963 = EDGE_CURVE ( 'NONE', #880, #1927, #2640, .T. ) ;
#2964 = CARTESIAN_POINT ( 'NONE',  ( -19.22080329171863156, 3.952105639380299795, 3.391694969668216153 ) ) ;
#2965 = DIRECTION ( 'NONE',  ( -0.02784232977355504193, 0.9984484056230057414, 0.04822432976888507000 ) ) ;
#2966 = ORIENTED_EDGE ( 'NONE', *, *, #2884, .F. ) ;
#2967 = VERTEX_POINT ( 'NONE', #9 ) ;
#2968 = CIRCLE ( 'NONE', #2386, 0.2500000000000003331 ) ;
#2969 = ORIENTED_EDGE ( 'NONE', *, *, #4730, .T. ) ;
#2970 = CARTESIAN_POINT ( 'NONE',  ( -7.658930804738323772, 4.750000000000000000, -18.99999999999999645 ) ) ;
#2971 = EDGE_CURVE ( 'NONE', #1079, #1193, #3959, .T. ) ;
#2972 = EDGE_CURVE ( 'NONE', #4140, #4625, #2796, .T. ) ;
#2973 = AXIS2_PLACEMENT_3D ( 'NONE', #1389, #1943, #4958 ) ;
#2974 = CARTESIAN_POINT ( 'NONE',  ( -11.19389073660940248, 4.683946675189657682, -13.39612306194656810 ) ) ;
#2975 = DIRECTION ( 'NONE',  ( 0.000000000000000000, 1.000000000000000000, 0.000000000000000000 ) ) ;
#2976 = FACE_OUTER_BOUND ( 'NONE', #5354, .T. ) ;
#2977 = VERTEX_POINT ( 'NONE', #5276 ) ;
#2978 = CARTESIAN_POINT ( 'NONE',  ( -17.19422687856179977, 4.783564761050626224, 2.990107729956530846 ) ) ;
#2979 = DIRECTION ( 'NONE',  ( 0.000000000000000000, 1.000000000000000000, 0.000000000000000000 ) ) ;
#2980 = CARTESIAN_POINT ( 'NONE',  ( -11.23148072897007665, 5.000000000000000888, 12.69152168632586353 ) ) ;
#2981 = CARTESIAN_POINT ( 'NONE',  ( 16.37444831358994080, 5.000000000000000000, -3.333657992399055914 ) ) ;
#2982 = CARTESIAN_POINT ( 'NONE',  ( 12.49319967277564380, 5.000000000000000000, -15.41433405137692958 ) ) ;
#2983 = FACE_OUTER_BOUND ( 'NONE', #3836, .T. ) ;
#2984 = FACE_OUTER_BOUND ( 'NONE', #4543, .T. ) ;
#2985 = AXIS2_PLACEMENT_3D ( 'NONE', #1198, #2991, #2543 ) ;
#2986 = VERTEX_POINT ( 'NONE', #2109 ) ;
#2987 = CARTESIAN_POINT ( 'NONE',  ( 7.960204194457796463E-16, 5.000000000000000000, 6.500000000000000888 ) ) ;
#2988 = FACE_OUTER_BOUND ( 'NONE', #1491, .T. ) ;
#2989 = EDGE_CURVE ( 'NONE', #1855, #2196, #3527, .T. ) ;
#2990 = CARTESIAN_POINT ( 'NONE',  ( 11.29452352656009317, 4.000000000000000000, 12.70565772827131745 ) ) ;
#2991 = DIRECTION ( 'NONE',  ( -0.000000000000000000, 1.000000000000000000, -0.000000000000000000 ) ) ;
#2992 = CYLINDRICAL_SURFACE ( 'NONE', #2712, 0.2500000000000003886 ) ;
#2993 =( BOUNDED_CURVE ( )  B_SPLINE_CURVE ( 3, ( #218, #2495, #5093, #4746 ),
 .UNSPECIFIED., .F., .T. ) 
 B_SPLINE_CURVE_WITH_KNOTS ( ( 4, 4 ),
 ( 4.712388980384690562, 5.934618220086329998 ),
 .UNSPECIFIED. ) 
 CURVE ( )  GEOMETRIC_REPRESENTATION_ITEM ( )  RATIONAL_B_SPLINE_CURVE ( ( 1.000000000000000000, 0.8793393195858265621, 0.8793393195858265621, 1.000000000000000000 ) ) 
 REPRESENTATION_ITEM ( '' )  );
#2994 = CIRCLE ( 'NONE', #1367, 0.7500000000000006661 ) ;
#2995 = VERTEX_POINT ( 'NONE', #5331 ) ;
#2996 = EDGE_LOOP ( 'NONE', ( #4197, #3366, #4273, #2917 ) ) ;
#2997 = EDGE_LOOP ( 'NONE', ( #1746, #1572, #4704, #4412 ) ) ;
#2998 = ADVANCED_FACE ( 'NONE', ( #2580 ), #4334, .T. ) ;
#2999 = CARTESIAN_POINT ( 'NONE',  ( -6.241554349974738791, 5.000000000000000000, 16.30165284924408198 ) ) ;
#3000 = CARTESIAN_POINT ( 'NONE',  ( 9.237604307034015250, 5.000000000000001776, -16.00000000000000000 ) ) ;
#3001 = AXIS2_PLACEMENT_3D ( 'NONE', #3130, #4903, #901 ) ;
#3002 = CARTESIAN_POINT ( 'NONE',  ( -7.658930804737987152, 4.750000000000000000, 19.00000000000000355 ) ) ;
#3003 = DIRECTION ( 'NONE',  ( -3.162767576288758865E-16, 0.000000000000000000, -1.000000000000000000 ) ) ;
#3004 = DIRECTION ( 'NONE',  ( -0.000000000000000000, 1.000000000000000000, -0.000000000000000000 ) ) ;
#3005 = VERTEX_POINT ( 'NONE', #2999 ) ;
#3006 = EDGE_CURVE ( 'NONE', #1288, #567, #3735, .T. ) ;
#3007 = CARTESIAN_POINT ( 'NONE',  ( 5.990895020035975627, 4.258073451113042474, 16.42030417026763089 ) ) ;
#3008 = LINE ( 'NONE', #4805, #5236 ) ;
#3009 = CARTESIAN_POINT ( 'NONE',  ( -13.50000000000000000, -1.734723475976807094E-15, -1.699999999999997513 ) ) ;
#3010 = CARTESIAN_POINT ( 'NONE',  ( 5.502335493950202050, 4.766373091983559185, 16.04297880220811123 ) ) ;
#3011 = DIRECTION ( 'NONE',  ( -0.5000000000000004441, 0.000000000000000000, -0.8660254037844383745 ) ) ;
#3012 = CARTESIAN_POINT ( 'NONE',  ( -12.64593146721697892, 4.000000000000000000, -16.09660418974614160 ) ) ;
#3013 = DIRECTION ( 'NONE',  ( 0.000000000000000000, 1.000000000000000000, 0.000000000000000000 ) ) ;
#3014 = VECTOR ( 'NONE', #5008, 1000.000000000000114 ) ;
#3015 = EDGE_LOOP ( 'NONE', ( #3303, #674, #3845, #5333 ) ) ;
#3016 = LINE ( 'NONE', #3046, #5153 ) ;
#3017 = DIRECTION ( 'NONE',  ( -0.4999999999999993339, 0.000000000000000000, 0.8660254037844390407 ) ) ;
#3018 = FACE_BOUND ( 'NONE', #5513, .T. ) ;
#3019 = CARTESIAN_POINT ( 'NONE',  ( -19.65344471930152181, 5.000000000000000888, -3.350102886928075563 ) ) ;
#3020 = CARTESIAN_POINT ( 'NONE',  ( -11.89999999999999858, 5.000000000000000000, -1.699999999999997735 ) ) ;
#3021 = EDGE_CURVE ( 'NONE', #524, #963, #2891, .T. ) ;
#3022 = EDGE_LOOP ( 'NONE', ( #1619, #883, #3761, #3232 ) ) ;
#3023 = EDGE_LOOP ( 'NONE', ( #4061, #4195, #801, #2329 ) ) ;
#3024 = ORIENTED_EDGE ( 'NONE', *, *, #4656, .T. ) ;
#3025 = CARTESIAN_POINT ( 'NONE',  ( -13.50000000000000000, 5.000000000000000000, 1.830590527989727547E-15 ) ) ;
#3026 = VECTOR ( 'NONE', #1656, 1000.000000000000114 ) ;
#3027 = CARTESIAN_POINT ( 'NONE',  ( 5.502332770110556659, 4.766373019121068033, -16.04297971722095895 ) ) ;
#3028 = EDGE_CURVE ( 'NONE', #3005, #5303, #3077, .T. ) ;
#3029 = CIRCLE ( 'NONE', #2938, 1.000000000000000888 ) ;
#3030 = CARTESIAN_POINT ( 'NONE',  ( -11.20579280713085524, 4.520819503248595161, -13.39700730761940051 ) ) ;
#3031 = CARTESIAN_POINT ( 'NONE',  ( 17.22663595972506201, 3.995326637726837049, 3.037769405374784348 ) ) ;
#3032 = CARTESIAN_POINT ( 'NONE',  ( 17.22650848951827385, 5.000000000000000000, -2.743381007657085480 ) ) ;
#3033 = VERTEX_POINT ( 'NONE', #2671 ) ;
#3034 = CARTESIAN_POINT ( 'NONE',  ( 19.39566318705530534, 4.000000000000000000, -3.404561540562892397 ) ) ;
#3035 = DIRECTION ( 'NONE',  ( 0.000000000000000000, 0.000000000000000000, -1.000000000000000000 ) ) ;
#3036 = CIRCLE ( 'NONE', #504, 1.249999999999997558 ) ;
#3037 = ADVANCED_FACE ( 'NONE', ( #3991 ), #3554, .T. ) ;
#3038 = DIRECTION ( 'NONE',  ( -0.000000000000000000, 1.000000000000000000, -0.000000000000000000 ) ) ;
#3039 = CARTESIAN_POINT ( 'NONE',  ( 11.08173955760977947, 4.768240051505141075, 12.90967957251509546 ) ) ;
#3040 = ORIENTED_EDGE ( 'NONE', *, *, #3750, .T. ) ;
#3041 = DIRECTION ( 'NONE',  ( -0.4999999999999975575, 0.000000000000000000, -0.8660254037844401509 ) ) ;
#3042 = EDGE_CURVE ( 'NONE', #941, #5120, #5314, .T. ) ;
#3043 = CARTESIAN_POINT ( 'NONE',  ( 6.001921400371910131, 4.604809290093000662, -16.39746853548046346 ) ) ;
#3044 = CARTESIAN_POINT ( 'NONE',  ( -19.43741194361865254, 5.000000000000000000, 3.133222938264198287 ) ) ;
#3045 = EDGE_LOOP ( 'NONE', ( #2404, #1958, #2661, #3573 ) ) ;
#3046 = CARTESIAN_POINT ( 'NONE',  ( 7.683096201682334758, 5.183295314126228348, -19.00000000000000000 ) ) ;
#3047 = FACE_OUTER_BOUND ( 'NONE', #2266, .T. ) ;
#3048 = CARTESIAN_POINT ( 'NONE',  ( 12.99676544637524778, 4.000000000000000000, -15.48894191282230892 ) ) ;
#3049 = FACE_OUTER_BOUND ( 'NONE', #3893, .T. ) ;
#3050 = CARTESIAN_POINT ( 'NONE',  ( -2.965094602770710031E-15, 4.750000000000000000, -18.75000000000000000 ) ) ;
#3051 = ORIENTED_EDGE ( 'NONE', *, *, #2337, .F. ) ;
#3052 = EDGE_LOOP ( 'NONE', ( #163, #1175, #330, #4937 ) ) ;
#3053 = VERTEX_POINT ( 'NONE', #2548 ) ;
#3054 = FACE_OUTER_BOUND ( 'NONE', #344, .T. ) ;
#3055 = DIRECTION ( 'NONE',  ( -0.000000000000000000, 1.000000000000000000, -0.000000000000000000 ) ) ;
#3056 = ORIENTED_EDGE ( 'NONE', *, *, #5102, .F. ) ;
#3057 = CARTESIAN_POINT ( 'NONE',  ( -5.962751785949708783, 4.766372726975536267, 16.26509452343599094 ) ) ;
#3058 = CARTESIAN_POINT ( 'NONE',  ( -10.80925591597308966, 5.000000000000000000, -13.21072790386515905 ) ) ;
#3059 = LINE ( 'NONE', #4833, #295 ) ;
#3060 = DIRECTION ( 'NONE',  ( 0.6427876096865347000, 0.000000000000000000, -0.7660444431189818992 ) ) ;
#3061 = CARTESIAN_POINT ( 'NONE',  ( 11.08161932777852599, 4.768243297466639774, -12.91009115705620935 ) ) ;
#3062 = ADVANCED_FACE ( 'NONE', ( #3054 ), #826, .F. ) ;
#3063 = VECTOR ( 'NONE', #5493, 1000.000000000000114 ) ;
#3064 = CARTESIAN_POINT ( 'NONE',  ( -20.78460969082651388, 0.000000000000000000, 1.387778780781445676E-14 ) ) ;
#3065 = CARTESIAN_POINT ( 'NONE',  ( 19.24341790707959632, 4.763083989060735490, -3.352525306869378774 ) ) ;
#3066 = ORIENTED_EDGE ( 'NONE', *, *, #2438, .T. ) ;
#3067 = CARTESIAN_POINT ( 'NONE',  ( 11.18811696759109964, 4.763083989060735490, -13.39569437789977080 ) ) ;
#3068 = EDGE_CURVE ( 'NONE', #3540, #4114, #4096, .T. ) ;
#3069 = ORIENTED_EDGE ( 'NONE', *, *, #3751, .F. ) ;
#3070 = ORIENTED_EDGE ( 'NONE', *, *, #2123, .T. ) ;
#3071 = CARTESIAN_POINT ( 'NONE',  ( 7.455959614378254940, 5.000000000000000000, 18.99717659498431033 ) ) ;
#3072 = CARTESIAN_POINT ( 'NONE',  ( -11.18811696759122043, 4.763083989060735490, -13.39569437789966244 ) ) ;
#3073 = EDGE_CURVE ( 'NONE', #489, #2413, #2613, .T. ) ;
#3074 = VECTOR ( 'NONE', #790, 1000.000000000000000 ) ;
#3075 = DIRECTION ( 'NONE',  ( 0.000000000000000000, 0.000000000000000000, 1.000000000000000000 ) ) ;
#3076 = CARTESIAN_POINT ( 'NONE',  ( 7.617102409374799876, 4.000000000000000000, 18.99999999999995026 ) ) ;
#3077 = B_SPLINE_CURVE_WITH_KNOTS ( 'NONE', 3,
 ( #763, #853, #884, #4422, #1262, #418, #5709, #1699 ),
 .UNSPECIFIED., .F., .F.,
 ( 4, 2, 2, 4 ),
 ( 0.000000000000000000, 0.0005807575745331980312, 0.0008711363617997970469, 0.001161515149066396062 ),
 .UNSPECIFIED. ) ;
#3078 = ORIENTED_EDGE ( 'NONE', *, *, #5378, .T. ) ;
#3079 = ORIENTED_EDGE ( 'NONE', *, *, #5736, .T. ) ;
#3080 = ORIENTED_EDGE ( 'NONE', *, *, #5138, .F. ) ;
#3081 = DIRECTION ( 'NONE',  ( -0.000000000000000000, 1.000000000000000000, -0.000000000000000000 ) ) ;
#3082 = AXIS2_PLACEMENT_3D ( 'NONE', #1640, #4277, #243 ) ;
#3083 = CARTESIAN_POINT ( 'NONE',  ( -11.89999999999999858, 2.850000000000000089, 1.536675296194362640E-15 ) ) ;
#3084 = ORIENTED_EDGE ( 'NONE', *, *, #5166, .F. ) ;
#3085 = DIRECTION ( 'NONE',  ( 0.000000000000000000, 1.000000000000000000, 0.000000000000000000 ) ) ;
#3086 = FACE_OUTER_BOUND ( 'NONE', #4054, .T. ) ;
#3087 = CARTESIAN_POINT ( 'NONE',  ( -16.92693224341932279, 5.000000000000000000, 2.981396694431182048 ) ) ;
#3088 = ORIENTED_EDGE ( 'NONE', *, *, #4171, .T. ) ;
#3089 = CARTESIAN_POINT ( 'NONE',  ( -13.50000000000000000, 2.850000000000000089, 1.700000000000001066 ) ) ;
#3090 = DIRECTION ( 'NONE',  ( 0.1736481776669352162, 0.000000000000000000, 0.9848077530122072432 ) ) ;
#3091 = ADVANCED_FACE ( 'NONE', ( #4538 ), #4778, .T. ) ;
#3092 = DIRECTION ( 'NONE',  ( 0.4999999999999977796, 1.314525273895015459E-15, -0.8660254037844401509 ) ) ;
#3093 = CARTESIAN_POINT ( 'NONE',  ( -6.917738125969068008, 4.760310248187463955, 18.70212708915141775 ) ) ;
#3094 = ORIENTED_EDGE ( 'NONE', *, *, #1848, .T. ) ;
#3095 = ORIENTED_EDGE ( 'NONE', *, *, #3364, .F. ) ;
#3096 = EDGE_CURVE ( 'NONE', #1424, #4205, #4121, .T. ) ;
#3097 = CARTESIAN_POINT ( 'NONE',  ( 12.57189277403564276, 4.999999999999999112, 15.72484296806222304 ) ) ;
#3098 = ORIENTED_EDGE ( 'NONE', *, *, #4633, .F. ) ;
#3099 = CARTESIAN_POINT ( 'NONE',  ( 10.39230484541326582, 5.000000000000000000, 17.99999999999999645 ) ) ;
#3100 = VECTOR ( 'NONE', #3706, 1000.000000000000000 ) ;
#3101 = CARTESIAN_POINT ( 'NONE',  ( -19.65538622699490645, 4.760310248187459514, -3.360126590758206522 ) ) ;
#3102 = DIRECTION ( 'NONE',  ( 0.000000000000000000, 0.000000000000000000, 1.000000000000000000 ) ) ;
#3103 = ADVANCED_FACE ( 'NONE', ( #2696 ), #5415, .T. ) ;
#3104 = ORIENTED_EDGE ( 'NONE', *, *, #2332, .F. ) ;
#3105 = EDGE_LOOP ( 'NONE', ( #2048, #2480, #4971, #3639 ) ) ;
#3106 = ORIENTED_EDGE ( 'NONE', *, *, #1770, .T. ) ;
#3107 = AXIS2_PLACEMENT_3D ( 'NONE', #5636, #749, #3390 ) ;
#3108 = CIRCLE ( 'NONE', #5625, 16.71035107903824013 ) ;
#3109 = DIRECTION ( 'NONE',  ( -0.000000000000000000, 1.000000000000000000, -0.000000000000000000 ) ) ;
#3110 = DIRECTION ( 'NONE',  ( 0.000000000000000000, 0.000000000000000000, 1.000000000000000000 ) ) ;
#3111 = EDGE_CURVE ( 'NONE', #2677, #1165, #2664, .T. ) ;
#3112 = VERTEX_POINT ( 'NONE', #3637 ) ;
#3113 = CARTESIAN_POINT ( 'NONE',  ( -10.39230484541324451, 0.2500000000000002220, 18.00000000000000355 ) ) ;
#3114 = CYLINDRICAL_SURFACE ( 'NONE', #3665, 6.500000000000000888 ) ;
#3115 = AXIS2_PLACEMENT_3D ( 'NONE', #2304, #4429, #5025 ) ;
#3116 = DIRECTION ( 'NONE',  ( -0.6427876096865384747, 0.000000000000000000, -0.7660444431189786796 ) ) ;
#3117 = AXIS2_PLACEMENT_3D ( 'NONE', #157, #1087, #5094 ) ;
#3118 = DIRECTION ( 'NONE',  ( 0.000000000000000000, 1.000000000000000000, 0.000000000000000000 ) ) ;
#3119 = VECTOR ( 'NONE', #1121, 1000.000000000000000 ) ;
#3120 = CARTESIAN_POINT ( 'NONE',  ( -6.798128423528739361, 5.000000000000065725, 18.52717611244689522 ) ) ;
#3121 = VERTEX_POINT ( 'NONE', #2782 ) ;
#3122 = DIRECTION ( 'NONE',  ( 0.05568465954711008387, -0.9984484056230058524, -1.864458433471345278E-17 ) ) ;
#3123 = CIRCLE ( 'NONE', #3595, 0.2499999999999995559 ) ;
#3124 = VERTEX_POINT ( 'NONE', #935 ) ;
#3125 = CARTESIAN_POINT ( 'NONE',  ( -5.870486364024837478, 4.768239842012917507, -16.16346608122726280 ) ) ;
#3126 = ORIENTED_EDGE ( 'NONE', *, *, #3169, .F. ) ;
#3127 = CARTESIAN_POINT ( 'NONE',  ( -9.237604307034011697, 5.000000000000000000, 14.74999999999999645 ) ) ;
#3128 = CARTESIAN_POINT ( 'NONE',  ( 7.672873603192638114, 4.750000000000000000, 18.99999999999999645 ) ) ;
#3129 = EDGE_CURVE ( 'NONE', #2599, #5371, #837, .T. ) ;
#3130 = CARTESIAN_POINT ( 'NONE',  ( 18.47520861406801984, 5.000000000000001776, -1.560329300041460461E-14 ) ) ;
#3131 = CARTESIAN_POINT ( 'NONE',  ( 10.83070769648155185, 5.000000000000001776, 12.92315653767331263 ) ) ;
#3132 = EDGE_LOOP ( 'NONE', ( #2051, #518, #5496, #976 ) ) ;
#3133 = ORIENTED_EDGE ( 'NONE', *, *, #3028, .F. ) ;
#3134 = AXIS2_PLACEMENT_3D ( 'NONE', #3501, #357, #4425 ) ;
#3135 = CARTESIAN_POINT ( 'NONE',  ( -16.63026930009246840, 5.000000000000000000, -3.250680876017677523 ) ) ;
#3136 = EDGE_CURVE ( 'NONE', #286, #2677, #622, .T. ) ;
#3137 = CARTESIAN_POINT ( 'NONE',  ( 16.72121681439569585, 4.768243299460927176, 3.141958861331483721 ) ) ;
#3138 = AXIS2_PLACEMENT_3D ( 'NONE', #2705, #4836, #426 ) ;
#3139 = VERTEX_POINT ( 'NONE', #4965 ) ;
#3140 = FACE_OUTER_BOUND ( 'NONE', #79, .T. ) ;
#3141 = CARTESIAN_POINT ( 'NONE',  ( -6.952938072137731851, 5.000000000000000000, 18.25616356245450689 ) ) ;
#3142 = EDGE_LOOP ( 'NONE', ( #2520, #1063, #1371, #4330 ) ) ;
#3143 = LINE ( 'NONE', #4374, #3703 ) ;
#3144 = ADVANCED_FACE ( 'NONE', ( #1896 ), #5129, .T. ) ;
#3145 = DIRECTION ( 'NONE',  ( 0.000000000000000000, 0.000000000000000000, 1.000000000000000000 ) ) ;
#3146 = ORIENTED_EDGE ( 'NONE', *, *, #835, .T. ) ;
#3147 = B_SPLINE_CURVE_WITH_KNOTS ( 'NONE', 3,
 ( #2209, #5749, #3509, #804, #3998, #1762, #5717, #1739 ),
 .UNSPECIFIED., .F., .F.,
 ( 4, 2, 2, 4 ),
 ( 0.000000000000000000, 0.0005807575766184219519, 0.0008711363649276362888, 0.001161515153236850843 ),
 .UNSPECIFIED. ) ;
#3148 = CARTESIAN_POINT ( 'NONE',  ( 11.20579280587235615, 4.520819520502703526, -13.39700730752659652 ) ) ;
#3149 = VERTEX_POINT ( 'NONE', #5475 ) ;
#3150 = CARTESIAN_POINT ( 'NONE',  ( 6.867030326200502799, 4.761015611334819653, 18.75040026501406487 ) ) ;
#3151 = CIRCLE ( 'NONE', #1829, 0.2499999999999999722 ) ;
#3152 = EDGE_CURVE ( 'NONE', #4260, #4914, #277, .T. ) ;
#3153 = VECTOR ( 'NONE', #373, 1000.000000000000000 ) ;
#3154 = VERTEX_POINT ( 'NONE', #289 ) ;
#3155 = CARTESIAN_POINT ( 'NONE',  ( 16.61908721471056438, 4.763083989060736378, -3.383463788133598271 ) ) ;
#3156 = VERTEX_POINT ( 'NONE', #5176 ) ;
#3157 = CARTESIAN_POINT ( 'NONE',  ( -10.39230484541324451, 5.000000000000000000, 18.75000000000000355 ) ) ;
#3158 = DIRECTION ( 'NONE',  ( 0.7660444431189739056, 0.000000000000000000, -0.6427876096865442479 ) ) ;
#3159 = FACE_OUTER_BOUND ( 'NONE', #1403, .T. ) ;
#3160 = CARTESIAN_POINT ( 'NONE',  ( 20.29603077274552447, 5.183295314126224795, -2.846243509623329615 ) ) ;
#3161 = ORIENTED_EDGE ( 'NONE', *, *, #2912, .F. ) ;
#3162 = ORIENTED_EDGE ( 'NONE', *, *, #591, .F. ) ;
#3163 = EDGE_CURVE ( 'NONE', #1855, #2727, #5035, .T. ) ;
#3164 = AXIS2_PLACEMENT_3D ( 'NONE', #2867, #5145, #2076 ) ;
#3165 = CARTESIAN_POINT ( 'NONE',  ( 5.938395079915365748, 4.000000000000000000, 16.31560638986760381 ) ) ;
#3166 =( BOUNDED_CURVE ( )  B_SPLINE_CURVE ( 3, ( #987, #3687, #3273, #4557 ),
 .UNSPECIFIED., .F., .T. ) 
 B_SPLINE_CURVE_WITH_KNOTS ( ( 4, 4 ),
 ( 0.3485670870932556786, 1.570796326794899667 ),
 .UNSPECIFIED. ) 
 CURVE ( )  GEOMETRIC_REPRESENTATION_ITEM ( )  RATIONAL_B_SPLINE_CURVE ( ( 1.000000000000000000, 0.8793393195858256739, 0.8793393195858256739, 1.000000000000000000 ) ) 
 REPRESENTATION_ITEM ( '' )  );
#3167 = CARTESIAN_POINT ( 'NONE',  ( -11.23970920066356349, 4.763083989060736378, 12.70081982158185419 ) ) ;
#3168 = ORIENTED_EDGE ( 'NONE', *, *, #4656, .F. ) ;
#3169 = EDGE_CURVE ( 'NONE', #946, #1613, #2994, .T. ) ;
#3170 = CARTESIAN_POINT ( 'NONE',  ( -9.237604307034009921, 5.000000000000001776, -14.75000000000001243 ) ) ;
#3171 = CARTESIAN_POINT ( 'NONE',  ( 16.65068412775305262, 4.000000000000000000, -3.428515433506546639 ) ) ;
#3172 = ORIENTED_EDGE ( 'NONE', *, *, #1623, .F. ) ;
#3173 = CARTESIAN_POINT ( 'NONE',  ( -6.086523390182676962, 4.750000000000000000, 15.87570878789900952 ) ) ;
#3174 = B_SPLINE_CURVE_WITH_KNOTS ( 'NONE', 3,
 ( #185, #2341, #2791, #1516, #3730, #3790, #219 ),
 .UNSPECIFIED., .F., .F.,
 ( 4, 3, 4 ),
 ( 0.000000000000000000, 0.0005270747513130838923, 0.0007651211997125604083 ),
 .UNSPECIFIED. ) ;
#3175 = B_SPLINE_CURVE_WITH_KNOTS ( 'NONE', 3,
 ( #26, #817, #928, #4928, #4446, #2631, #5349, #1255 ),
 .UNSPECIFIED., .F., .F.,
 ( 4, 2, 2, 4 ),
 ( 0.000000000000000000, 0.0005807575766184232529, 0.0008711363649276374814, 0.001161515153236851710 ),
 .UNSPECIFIED. ) ;
#3176 = EDGE_CURVE ( 'NONE', #1311, #1811, #5082, .T. ) ;
#3177 = CARTESIAN_POINT ( 'NONE',  ( 20.18001733862590541, 5.000000000000000888, 3.041537861850629021 ) ) ;
#3178 = VERTEX_POINT ( 'NONE', #5143 ) ;
#3179 =( BOUNDED_CURVE ( )  B_SPLINE_CURVE ( 3, ( #641, #1951, #3805, #4241 ),
 .UNSPECIFIED., .F., .T. ) 
 B_SPLINE_CURVE_WITH_KNOTS ( ( 4, 4 ),
 ( 0.3485670870932535692, 1.570796326794899667 ),
 .UNSPECIFIED. ) 
 CURVE ( )  GEOMETRIC_REPRESENTATION_ITEM ( )  RATIONAL_B_SPLINE_CURVE ( ( 1.000000000000000000, 0.8793393195858252298, 0.8793393195858252298, 1.000000000000000000 ) ) 
 REPRESENTATION_ITEM ( '' )  );
#3180 = CARTESIAN_POINT ( 'NONE',  ( -17.04686897205457896, 5.000000000000000888, 2.711705713926662487 ) ) ;
#3181 = ORIENTED_EDGE ( 'NONE', *, *, #842, .T. ) ;
#3182 = CARTESIAN_POINT ( 'NONE',  ( 11.23099145745608318, 4.175224291363956119, -13.39886081016397767 ) ) ;
#3183 = ORIENTED_EDGE ( 'NONE', *, *, #2409, .F. ) ;
#3184 = EDGE_CURVE ( 'NONE', #2576, #4899, #3179, .T. ) ;
#3185 = CARTESIAN_POINT ( 'NONE',  ( -6.018620599792690484, 5.000000000000000000, -16.38279409852367863 ) ) ;
#3186 = ORIENTED_EDGE ( 'NONE', *, *, #2713, .T. ) ;
#3187 = DIRECTION ( 'NONE',  ( 0.9848077530122076872, 0.000000000000000000, -0.1736481776669316635 ) ) ;
#3188 = VECTOR ( 'NONE', #2500, 1000.000000000000000 ) ;
#3189 = DIRECTION ( 'NONE',  ( -0.8660254037844417052, 0.000000000000000000, -0.4999999999999950040 ) ) ;
#3190 = CARTESIAN_POINT ( 'NONE',  ( 11.89999999999999858, 2.850000000000000089, 1.469576158976824785E-16 ) ) ;
#3191 = DIRECTION ( 'NONE',  ( 0.9848077530122066880, 0.000000000000000000, -0.1736481776669385468 ) ) ;
#3192 = ORIENTED_EDGE ( 'NONE', *, *, #3636, .T. ) ;
#3193 = VERTEX_POINT ( 'NONE', #175 ) ;
#3194 = DIRECTION ( 'NONE',  ( 0.000000000000000000, -1.000000000000000000, -0.000000000000000000 ) ) ;
#3195 = CARTESIAN_POINT ( 'NONE',  ( 5.982681243818711359, 4.000000000000000000, 16.43728162518631564 ) ) ;
#3196 = CIRCLE ( 'NONE', #1594, 0.2500000000000002220 ) ;
#3197 = DIRECTION ( 'NONE',  ( 0.000000000000000000, 0.000000000000000000, 1.000000000000000000 ) ) ;
#3198 = ORIENTED_EDGE ( 'NONE', *, *, #2233, .F. ) ;
#3199 = AXIS2_PLACEMENT_3D ( 'NONE', #2296, #985, #24 ) ;
#3200 = DIRECTION ( 'NONE',  ( -0.4999999999999978906, 5.633679745264350558E-16, -0.8660254037844399289 ) ) ;
#3201 = EDGE_LOOP ( 'NONE', ( #5680, #2693, #5272, #5504 ) ) ;
#3202 = CARTESIAN_POINT ( 'NONE',  ( -6.915434451057767440, 4.000000000000000000, 19.00000000000003197 ) ) ;
#3203 = EDGE_CURVE ( 'NONE', #2148, #946, #204, .T. ) ;
#3204 = CARTESIAN_POINT ( 'NONE',  ( 19.87296023797964750, 5.000000000000000000, 2.982859475432115826 ) ) ;
#3205 = ORIENTED_EDGE ( 'NONE', *, *, #2739, .T. ) ;
#3206 = CIRCLE ( 'NONE', #4966, 0.2499999999999994726 ) ;
#3207 = DIRECTION ( 'NONE',  ( 0.5000000000000002220, -0.000000000000000000, 0.8660254037844384856 ) ) ;
#3208 = ORIENTED_EDGE ( 'NONE', *, *, #4097, .F. ) ;
#3209 = DIRECTION ( 'NONE',  ( 0.9396926207859033209, 0.000000000000000000, -0.3420201433256828127 ) ) ;
#3210 = EDGE_CURVE ( 'NONE', #533, #2689, #5268, .T. ) ;
#3211 = AXIS2_PLACEMENT_3D ( 'NONE', #3290, #652, #1551 ) ;
#3212 =( BOUNDED_SURFACE ( )  B_SPLINE_SURFACE ( 3, 2, ( 
 ( #514, #2768, #2291 ),
 ( #596, #4137, #540 ),
 ( #134, #3267, #1033 ),
 ( #2822, #2372, #1938 ) ),
 .UNSPECIFIED., .F., .F., .T. ) 
 B_SPLINE_SURFACE_WITH_KNOTS ( ( 4, 4 ),
 ( 3, 3 ),
 ( 0.01569361284447143984, 0.01648395480281710998 ),
 ( 0.000000000000000000, 1.000000000000000000 ),
 .UNSPECIFIED. ) 
 GEOMETRIC_REPRESENTATION_ITEM ( )  RATIONAL_B_SPLINE_SURFACE ( (
 ( 1.000000000000000000, 0.7172570966182842955, 1.000000000000000000),
 ( 1.000000000000000000, 0.7175240602609965768, 1.000000000000000000),
 ( 1.000000000000000000, 0.7177902439930453626, 1.000000000000000000),
 ( 1.000000000000000000, 0.7180556547962450020, 1.000000000000000000) ) ) 
 REPRESENTATION_ITEM ( '' )  SURFACE ( )  );
#3213 = VERTEX_POINT ( 'NONE', #4708 ) ;
#3214 = CARTESIAN_POINT ( 'NONE',  ( 12.99676544637524778, 4.000000000000000000, -15.48894191282230892 ) ) ;
#3215 = CARTESIAN_POINT ( 'NONE',  ( 7.658930804737840603, 4.750000000000000000, -18.75000000000000000 ) ) ;
#3216 = CARTESIAN_POINT ( 'NONE',  ( 20.06744172332716758, 5.000000000000000000, -2.742171357269794552 ) ) ;
#3217 = DIRECTION ( 'NONE',  ( 0.4999999999999956701, 0.000000000000000000, -0.8660254037844411501 ) ) ;
#3218 = ADVANCED_FACE ( 'NONE', ( #3747 ), #223, .T. ) ;
#3219 = EDGE_CURVE ( 'NONE', #5429, #3556, #3715, .T. ) ;
#3220 = CYLINDRICAL_SURFACE ( 'NONE', #2905, 1.000000000000000222 ) ;
#3221 = AXIS2_PLACEMENT_3D ( 'NONE', #5178, #290, #671 ) ;
#3222 = VECTOR ( 'NONE', #3741, 1000.000000000000000 ) ;
#3223 = FACE_OUTER_BOUND ( 'NONE', #5613, .T. ) ;
#3224 = ORIENTED_EDGE ( 'NONE', *, *, #5060, .T. ) ;
#3225 = ORIENTED_EDGE ( 'NONE', *, *, #1066, .F. ) ;
#3226 = CARTESIAN_POINT ( 'NONE',  ( 19.28677045679831537, 4.750000000000000000, 3.106660779815889395 ) ) ;
#3227 = CARTESIAN_POINT ( 'NONE',  ( 5.846330365915195948, 4.000000000000000000, 16.21434092667744054 ) ) ;
#3228 = DIRECTION ( 'NONE',  ( -0.000000000000000000, 1.000000000000000000, -0.000000000000000000 ) ) ;
#3229 = ORIENTED_EDGE ( 'NONE', *, *, #5664, .F. ) ;
#3230 = DIRECTION ( 'NONE',  ( 0.9848077530122065770, 0.000000000000000000, -0.1736481776669385191 ) ) ;
#3231 = DIRECTION ( 'NONE',  ( 1.000000000000000000, 0.000000000000000000, 0.000000000000000000 ) ) ;
#3232 = ORIENTED_EDGE ( 'NONE', *, *, #2014, .F. ) ;
#3233 =( BOUNDED_SURFACE ( )  B_SPLINE_SURFACE ( 3, 2, ( 
 ( #2029, #3817, #5599 ),
 ( #1582, #3382, #2947 ),
 ( #274, #3844, #831 ),
 ( #329, #3087, #3506 ),
 ( #4339, #1236, #2618 ),
 ( #4401, #4370, #361 ) ),
 .UNSPECIFIED., .F., .F., .T. ) 
 B_SPLINE_SURFACE_WITH_KNOTS ( ( 4, 2, 4 ),
 ( 3, 3 ),
 ( -5.421010862427522170E-20, 0.0005752549037845044620, 0.001150509807569008924 ),
 ( 0.000000000000000000, 1.000000000000000000 ),
 .UNSPECIFIED. ) 
 GEOMETRIC_REPRESENTATION_ITEM ( )  RATIONAL_B_SPLINE_SURFACE ( (
 ( 1.000000000000000000, 0.7253743710122873001, 1.000000000000000000),
 ( 1.000000000000000000, 0.7299083363405128866, 1.000000000000000000),
 ( 1.000000000000000000, 0.7324480241390343149, 1.000000000000000000),
 ( 1.000000000000000000, 0.7324521636563201543, 1.000000000000000000),
 ( 1.000000000000000000, 0.7299399960709840318, 1.000000000000000000),
 ( 1.000000000000000000, 0.7253743710122874111, 1.000000000000000000) ) ) 
 REPRESENTATION_ITEM ( '' )  SURFACE ( )  );
#3234 = CARTESIAN_POINT ( 'NONE',  ( 16.23797632095821797, 0.000000000000000000, -9.375000000000001776 ) ) ;
#3235 = VECTOR ( 'NONE', #4464, 1000.000000000000000 ) ;
#3236 = CARTESIAN_POINT ( 'NONE',  ( 19.44424648242148734, 4.762114405148216711, 3.387988400822734114 ) ) ;
#3237 = CARTESIAN_POINT ( 'NONE',  ( -20.06744172332724574, 4.750000000000000000, -2.742171357269622245 ) ) ;
#3238 = ORIENTED_EDGE ( 'NONE', *, *, #4171, .F. ) ;
#3239 = ADVANCED_FACE ( 'NONE', ( #1536 ), #2962, .F. ) ;
#3240 = CYLINDRICAL_SURFACE ( 'NONE', #5103, 0.2500000000000002220 ) ;
#3241 = VERTEX_POINT ( 'NONE', #670 ) ;
#3242 = CARTESIAN_POINT ( 'NONE',  ( -12.33383238466050003, 4.750000000000000000, -15.14950278263860817 ) ) ;
#3243 = ORIENTED_EDGE ( 'NONE', *, *, #1865, .F. ) ;
#3244 = DIRECTION ( 'NONE',  ( 1.000000000000000000, 0.000000000000000000, -3.162767576288758865E-16 ) ) ;
#3245 = ADVANCED_FACE ( 'NONE', ( #5584 ), #3899, .T. ) ;
#3246 = CARTESIAN_POINT ( 'NONE',  ( -10.75314876365677819, 0.2500000000000002220, -18.87499999999999645 ) ) ;
#3247 = AXIS2_PLACEMENT_3D ( 'NONE', #4691, #5660, #3293 ) ;
#3248 = CARTESIAN_POINT ( 'NONE',  ( -13.50000000000000000, 5.000000000000000000, 1.700000000000001066 ) ) ;
#3249 = DIRECTION ( 'NONE',  ( 0.000000000000000000, 1.000000000000000000, 0.000000000000000000 ) ) ;
#3250 = ORIENTED_EDGE ( 'NONE', *, *, #2031, .T. ) ;
#3251 = EDGE_LOOP ( 'NONE', ( #3070, #525, #4166, #3692 ) ) ;
#3252 = LINE ( 'NONE', #1894, #4508 ) ;
#3253 = ADVANCED_FACE ( 'NONE', ( #1568, #1659, #5265, #5702, #3018, #5235, #5206, #2102, #4793, #3434 ), #5675, .F. ) ;
#3254 = CARTESIAN_POINT ( 'NONE',  ( 0.000000000000000000, 0.000000000000000000, 0.000000000000000000 ) ) ;
#3255 = DIRECTION ( 'NONE',  ( 0.000000000000000000, 0.000000000000000000, 1.000000000000000000 ) ) ;
#3256 = APPROVAL_PERSON_ORGANIZATION ( #1993, #4572, #5530 ) ;
#3257 = ORIENTED_EDGE ( 'NONE', *, *, #709, .T. ) ;
#3258 = DIRECTION ( 'NONE',  ( -0.02784232977355506275, -0.9984484056230058524, 0.04822432976888512551 ) ) ;
#3259 = DIRECTION ( 'NONE',  ( -1.000000000000000000, 0.000000000000000000, 1.836970198721030427E-16 ) ) ;
#3260 = ORIENTED_EDGE ( 'NONE', *, *, #4628, .F. ) ;
#3261 = DIRECTION ( 'NONE',  ( -0.4999999999999972800, -1.126735949052870703E-15, 0.8660254037844403729 ) ) ;
#3262 = CIRCLE ( 'NONE', #2150, 1.700000000000000178 ) ;
#3263 = CARTESIAN_POINT ( 'NONE',  ( 20.18191002583209581, 4.752838769551011922, 3.043906441475070057 ) ) ;
#3264 = CARTESIAN_POINT ( 'NONE',  ( -11.18811696759119023, 4.763083989060735490, 13.39569437789969264 ) ) ;
#3265 = DIRECTION ( 'NONE',  ( 0.8660254037844417052, 0.000000000000000000, 0.4999999999999950040 ) ) ;
#3266 = ORIENTED_EDGE ( 'NONE', *, *, #819, .T. ) ;
#3267 = CARTESIAN_POINT ( 'NONE',  ( -5.824019564416125228, 4.233548949198308264, 15.96557551586403179 ) ) ;
#3268 = EDGE_CURVE ( 'NONE', #2689, #5118, #2476, .T. ) ;
#3269 = AXIS2_PLACEMENT_3D ( 'NONE', #2338, #5481, #1931 ) ;
#3270 = ORIENTED_EDGE ( 'NONE', *, *, #656, .T. ) ;
#3271 = CARTESIAN_POINT ( 'NONE',  ( 11.24376283466109427, 4.000000000000000000, -13.39979475248489571 ) ) ;
#3272 = CARTESIAN_POINT ( 'NONE',  ( -12.77312766969207836, 4.755665143279752094, -15.74807564374161650 ) ) ;
#3273 = CARTESIAN_POINT ( 'NONE',  ( 7.332167093845261441, 5.000000000000000888, 18.74999999999999645 ) ) ;
#3274 = ADVANCED_FACE ( 'NONE', ( #2571 ), #349, .T. ) ;
#3275 = LINE ( 'NONE', #5045, #2463 ) ;
#3276 = CARTESIAN_POINT ( 'NONE',  ( -10.91458420000897434, 4.233548956771512550, 13.02653665280481654 ) ) ;
#3277 = VERTEX_POINT ( 'NONE', #3921 ) ;
#3278 = DIRECTION ( 'NONE',  ( -0.02784232977355510785, -0.9984484056230057414, -0.04822432976888507000 ) ) ;
#3279 = DIRECTION ( 'NONE',  ( 0.000000000000000000, 0.000000000000000000, 1.000000000000000000 ) ) ;
#3280 = EDGE_CURVE ( 'NONE', #4223, #3868, #820, .T. ) ;
#3281 = CARTESIAN_POINT ( 'NONE',  ( -7.658930804738326437, 5.000000000000000888, -18.99999999999999645 ) ) ;
#3282 = ORIENTED_EDGE ( 'NONE', *, *, #2239, .F. ) ;
#3283 = CARTESIAN_POINT ( 'NONE',  ( -19.24557396487817229, 5.000000000000000000, 3.340297695474604200 ) ) ;
#3284 = APPROVAL_DATE_TIME ( #1929, #2935 ) ;
#3285 = ORIENTED_EDGE ( 'NONE', *, *, #4573, .F. ) ;
#3286 = CARTESIAN_POINT ( 'NONE',  ( -19.29122094338213600, 5.000000000000000000, -3.107445520677896589 ) ) ;
#3287 = EDGE_CURVE ( 'NONE', #4921, #2035, #5647, .T. ) ;
#3288 = AXIS2_PLACEMENT_3D ( 'NONE', #100, #4920, #4948 ) ;
#3289 = CARTESIAN_POINT ( 'NONE',  ( 0.000000000000000000, 5.000000000000000000, 0.000000000000000000 ) ) ;
#3290 = CARTESIAN_POINT ( 'NONE',  ( 10.39230484541326582, 0.2500000000000000000, 18.74999999999999645 ) ) ;
#3291 = CARTESIAN_POINT ( 'NONE',  ( -7.332167093845066042, 5.000000000000000888, 18.75000000000000355 ) ) ;
#3292 = ORIENTED_EDGE ( 'NONE', *, *, #1077, .F. ) ;
#3293 = DIRECTION ( 'NONE',  ( 0.000000000000000000, 0.000000000000000000, 1.000000000000000000 ) ) ;
#3294 = CIRCLE ( 'NONE', #1040, 0.2500000000000002220 ) ;
#3295 = EDGE_LOOP ( 'NONE', ( #3260, #5355, #54, #1784 ) ) ;
#3296 = CARTESIAN_POINT ( 'NONE',  ( 16.75338666904544027, 4.000000000000000000, 3.187844026325232338 ) ) ;
#3297 = CARTESIAN_POINT ( 'NONE',  ( 5.371644505209515863, 4.508723330882366653, 16.10092634498255748 ) ) ;
#3298 = DIRECTION ( 'NONE',  ( -0.9848077530122065770, 0.000000000000000000, 0.1736481776669385191 ) ) ;
#3299 = AXIS2_PLACEMENT_3D ( 'NONE', #2170, #3719, #388 ) ;
#3300 = CYLINDRICAL_SURFACE ( 'NONE', #5739, 1.249999999999992450 ) ;
#3301 = CIRCLE ( 'NONE', #5451, 0.2500000000000002220 ) ;
#3302 = DIRECTION ( 'NONE',  ( 0.000000000000000000, 0.000000000000000000, 1.000000000000000000 ) ) ;
#3303 = ORIENTED_EDGE ( 'NONE', *, *, #5166, .T. ) ;
#3304 = DIRECTION ( 'NONE',  ( 0.000000000000000000, 0.000000000000000000, 1.000000000000000000 ) ) ;
#3305 = ADVANCED_FACE ( 'NONE', ( #4762 ), #2541, .T. ) ;
#3306 = CARTESIAN_POINT ( 'NONE',  ( 5.690364492422791187, 5.000000000000000000, 15.79961587986268157 ) ) ;
#3307 = DIRECTION ( 'NONE',  ( 0.000000000000000000, 0.000000000000000000, 1.000000000000000000 ) ) ;
#3308 = CARTESIAN_POINT ( 'NONE',  ( 6.208291727816025229, 4.999999999999998224, 16.21026454595067534 ) ) ;
#3309 = B_SPLINE_CURVE_WITH_KNOTS ( 'NONE', 3,
 ( #3711, #2825, #5490, #3296, #1469, #5432 ),
 .UNSPECIFIED., .F., .F.,
 ( 4, 2, 4 ),
 ( 0.000000000000000000, 0.0003829498214514782321, 0.0007658996429029564642 ),
 .UNSPECIFIED. ) ;
#3310 = ORIENTED_EDGE ( 'NONE', *, *, #4065, .F. ) ;
#3311 = VERTEX_POINT ( 'NONE', #3009 ) ;
#3312 = DIRECTION ( 'NONE',  ( -1.000000000000000000, 0.000000000000000000, 0.000000000000000000 ) ) ;
#3313 = PERSON_AND_ORGANIZATION ( #230, #5683 ) ;
#3314 = ORIENTED_EDGE ( 'NONE', *, *, #2054, .F. ) ;
#3315 = ADVANCED_FACE ( 'NONE', ( #748 ), #4210, .T. ) ;
#3316 = CARTESIAN_POINT ( 'NONE',  ( -5.380000694234087888, 4.783564787012069885, -16.08294352975436325 ) ) ;
#3317 = CARTESIAN_POINT ( 'NONE',  ( 17.20484039173007318, 4.525671833992250370, 3.005703274135814951 ) ) ;
#3318 = CARTESIAN_POINT ( 'NONE',  ( -11.24376283466118842, 4.000000000000000000, 13.39979475248481755 ) ) ;
#3319 = CARTESIAN_POINT ( 'NONE',  ( -11.16053125360580367, 4.000000000000000000, -13.30060321674469570 ) ) ;
#3320 = EDGE_LOOP ( 'NONE', ( #502, #2320, #3543, #2966 ) ) ;
#3321 = EDGE_CURVE ( 'NONE', #265, #5425, #1545, .T. ) ;
#3322 = CARTESIAN_POINT ( 'NONE',  ( -9.237604307034009921, 5.000000000000001776, -16.00000000000000000 ) ) ;
#3323 = EDGE_CURVE ( 'NONE', #2290, #3897, #5377, .T. ) ;
#3324 = LINE ( 'NONE', #4663, #472 ) ;
#3325 = CARTESIAN_POINT ( 'NONE',  ( 13.50000000000000000, 5.000000000000000000, 3.349999999999998757 ) ) ;
#3326 = VECTOR ( 'NONE', #2698, 1000.000000000000000 ) ;
#3327 = ORIENTED_EDGE ( 'NONE', *, *, #2492, .T. ) ;
#3328 = DIRECTION ( 'NONE',  ( -0.1994965860759635723, 6.311346481762070455E-16, -0.9798985213500609470 ) ) ;
#3329 = ORIENTED_EDGE ( 'NONE', *, *, #3895, .F. ) ;
#3330 = CARTESIAN_POINT ( 'NONE',  ( -16.96486196699036242, 4.000000000000000000, 3.044220143639856602 ) ) ;
#3331 = CARTESIAN_POINT ( 'NONE',  ( -12.62501726953526138, 5.000000000000001776, 16.13282864273040218 ) ) ;
#3332 = DIRECTION ( 'NONE',  ( 0.000000000000000000, 0.000000000000000000, 1.000000000000000000 ) ) ;
#3333 = CARTESIAN_POINT ( 'NONE',  ( -20.28394807427335778, 4.750000000000000000, -2.867171357269622245 ) ) ;
#3334 = EDGE_LOOP ( 'NONE', ( #3373, #2256, #1354, #2538 ) ) ;
#3335 = DIRECTION ( 'NONE',  ( -0.3420201433256586099, 0.000000000000000000, 0.9396926207859120916 ) ) ;
#3336 = PLANE ( 'NONE',  #1147 ) ;
#3337 = CIRCLE ( 'NONE', #3247, 1.000000000000000000 ) ;
#3338 = CARTESIAN_POINT ( 'NONE',  ( -20.06744172332724574, 5.000000000000000000, -2.742171357269622245 ) ) ;
#3339 = CARTESIAN_POINT ( 'NONE',  ( -9.237604307034011697, 5.000000000000000000, 15.99999999999998934 ) ) ;
#3340 = EDGE_CURVE ( 'NONE', #1357, #182, #5205, .T. ) ;
#3341 = AXIS2_PLACEMENT_3D ( 'NONE', #1827, #1859, #5073 ) ;
#3342 = EDGE_LOOP ( 'NONE', ( #1573, #1317, #4596, #3229 ) ) ;
#3343 = ORIENTED_EDGE ( 'NONE', *, *, #1997, .F. ) ;
#3344 = DIRECTION ( 'NONE',  ( 0.9396926207859134239, 0.000000000000000000, 0.3420201433256548906 ) ) ;
#3345 = CALENDAR_DATE ( 2022, 17, 2 ) ;
#3346 = ORIENTED_EDGE ( 'NONE', *, *, #4007, .F. ) ;
#3347 = DIRECTION ( 'NONE',  ( 0.5000000000000002220, -0.000000000000000000, 0.8660254037844384856 ) ) ;
#3348 = CARTESIAN_POINT ( 'NONE',  ( 16.84595904446152304, 5.000000000000000000, 2.755544103311647230 ) ) ;
#3349 = EDGE_CURVE ( 'NONE', #2458, #1780, #4366, .T. ) ;
#3350 = LINE ( 'NONE', #4253, #1796 ) ;
#3351 = LINE ( 'NONE', #4221, #1421 ) ;
#3352 = CARTESIAN_POINT ( 'NONE',  ( 6.915434451057945964, 4.000000000000000000, 18.99999999999995381 ) ) ;
#3353 = ORIENTED_EDGE ( 'NONE', *, *, #1053, .F. ) ;
#3354 = CARTESIAN_POINT ( 'NONE',  ( -6.018620599792422254, 5.000000000000001776, 16.38279409852377455 ) ) ;
#3355 = LINE ( 'NONE', #2434, #191 ) ;
#3356 = CARTESIAN_POINT ( 'NONE',  ( 6.867030326200154633, 4.761015611334819653, -18.75040026501406487 ) ) ;
#3357 =( BOUNDED_CURVE ( )  B_SPLINE_CURVE ( 3, ( #5532, #1578, #4217, #3786 ),
 .UNSPECIFIED., .F., .T. ) 
 B_SPLINE_CURVE_WITH_KNOTS ( ( 4, 4 ),
 ( 4.712388980384695891, 5.934618220086338880 ),
 .UNSPECIFIED. ) 
 CURVE ( )  GEOMETRIC_REPRESENTATION_ITEM ( )  RATIONAL_B_SPLINE_CURVE ( ( 1.000000000000000000, 0.8793393195858257849, 0.8793393195858257849, 1.000000000000000000 ) ) 
 REPRESENTATION_ITEM ( '' )  );
#3358 = EDGE_CURVE ( 'NONE', #4223, #932, #2868, .T. ) ;
#3359 = ORIENTED_EDGE ( 'NONE', *, *, #2532, .F. ) ;
#3360 = CARTESIAN_POINT ( 'NONE',  ( 19.44406938553151676, 5.000000000000266454, -3.376236143258756872 ) ) ;
#3361 = CARTESIAN_POINT ( 'NONE',  ( -20.06744172332723863, 5.000000000000000000, 2.742171357269668874 ) ) ;
#3362 = DIRECTION ( 'NONE',  ( 0.000000000000000000, 0.04824303228071008531, -0.9988356270359814992 ) ) ;
#3363 = AXIS2_PLACEMENT_3D ( 'NONE', #1756, #3499, #3553 ) ;
#3364 = EDGE_CURVE ( 'NONE', #440, #2281, #4664, .T. ) ;
#3365 = DIRECTION ( 'NONE',  ( 1.836970198721030427E-16, 0.000000000000000000, 1.000000000000000000 ) ) ;
#3366 = ORIENTED_EDGE ( 'NONE', *, *, #4481, .F. ) ;
#3367 = FACE_OUTER_BOUND ( 'NONE', #4919, .T. ) ;
#3368 = CARTESIAN_POINT ( 'NONE',  ( -7.181417461517379586, 4.000000000000000888, 19.00000000000000711 ) ) ;
#3369 = B_SPLINE_CURVE_WITH_KNOTS ( 'NONE', 3,
 ( #5705, #1752, #5677, #4821, #468, #4795, #4850, #2247 ),
 .UNSPECIFIED., .F., .F.,
 ( 4, 2, 2, 4 ),
 ( 0.000000000000000000, 0.0005807575745331949955, 0.0008711363617997937943, 0.001161515149066392593 ),
 .UNSPECIFIED. ) ;
#3370 = DIRECTION ( 'NONE',  ( -0.000000000000000000, -1.000000000000000000, -0.000000000000000000 ) ) ;
#3371 = CARTESIAN_POINT ( 'NONE',  ( -17.06736094522557323, 4.766372726975536267, 2.968652738624477649 ) ) ;
#3372 = CARTESIAN_POINT ( 'NONE',  ( 10.75314876365678174, 0.2500000000000002220, 18.87499999999999645 ) ) ;
#3373 = ORIENTED_EDGE ( 'NONE', *, *, #1276, .F. ) ;
#3374 = EDGE_LOOP ( 'NONE', ( #4680, #2489, #3808, #1791 ) ) ;
#3375 = DIRECTION ( 'NONE',  ( -0.4999999999999992784, 0.000000000000000000, 0.8660254037844390407 ) ) ;
#3376 = COORDINATED_UNIVERSAL_TIME_OFFSET ( 6, 0, .BEHIND. ) ;
#3377 = EDGE_LOOP ( 'NONE', ( #5557, #1539, #1955, #5195 ) ) ;
#3378 = CARTESIAN_POINT ( 'NONE',  ( -5.988258114645748975, 4.175224291363953455, -16.42575431692495869 ) ) ;
#3379 = CARTESIAN_POINT ( 'NONE',  ( 5.870278010164789784, 4.768243088545593977, -16.16326627944788186 ) ) ;
#3380 = CARTESIAN_POINT ( 'NONE',  ( -10.39230484541326227, 5.000000000000000000, -18.75000000000000000 ) ) ;
#3381 = CARTESIAN_POINT ( 'NONE',  ( 16.72743637380329673, 4.496257940928710006, 2.923089362274306158 ) ) ;
#3382 = CARTESIAN_POINT ( 'NONE',  ( -16.63004301208476932, 5.000000000000000888, 3.251943854001258405 ) ) ;
#3383 = ORIENTED_EDGE ( 'NONE', *, *, #4998, .T. ) ;
#3384 = LINE ( 'NONE', #5159, #721 ) ;
#3385 = FACE_OUTER_BOUND ( 'NONE', #3732, .T. ) ;
#3386 = CARTESIAN_POINT ( 'NONE',  ( -19.91219989743325058, 4.000000000000000000, 3.511058087177846510 ) ) ;
#3387 = EDGE_CURVE ( 'NONE', #3277, #3700, #5161, .T. ) ;
#3388 = AXIS2_PLACEMENT_3D ( 'NONE', #1934, #1353, #3265 ) ;
#3389 = ORIENTED_EDGE ( 'NONE', *, *, #1197, .F. ) ;
#3390 = DIRECTION ( 'NONE',  ( -0.9396926207859082059, 0.000000000000000000, 0.3420201433256693790 ) ) ;
#3391 = AXIS2_PLACEMENT_3D ( 'NONE', #631, #661, #1159 ) ;
#3392 = CARTESIAN_POINT ( 'NONE',  ( -12.62501726953528802, 4.750000000000000000, -16.13282864273036665 ) ) ;
#3393 = DIRECTION ( 'NONE',  ( -0.000000000000000000, 1.000000000000000000, -0.000000000000000000 ) ) ;
#3394 = EDGE_CURVE ( 'NONE', #515, #2058, #2010, .T. ) ;
#3395 = LINE ( 'NONE', #3858, #2347 ) ;
#3396 = EDGE_LOOP ( 'NONE', ( #1737, #2288, #1553, #3056 ) ) ;
#3397 = DIRECTION ( 'NONE',  ( -0.000000000000000000, 1.000000000000000000, -0.000000000000000000 ) ) ;
#3398 = CARTESIAN_POINT ( 'NONE',  ( 5.642741629002588688, 5.000000000000000000, -16.03477404265216322 ) ) ;
#3399 = AXIS2_PLACEMENT_3D ( 'NONE', #131, #5280, #300 ) ;
#3400 = EDGE_CURVE ( 'NONE', #736, #1793, #348, .T. ) ;
#3401 = EDGE_CURVE ( 'NONE', #2636, #3193, #2951, .T. ) ;
#3402 = CARTESIAN_POINT ( 'NONE',  ( 0.000000000000000000, 5.000000000000000000, 0.000000000000000000 ) ) ;
#3403 = CARTESIAN_POINT ( 'NONE',  ( -17.19507011638909688, 4.763083989060735490, 2.991346325495925385 ) ) ;
#3404 = VECTOR ( 'NONE', #3759, 1000.000000000000000 ) ;
#3405 = DIRECTION ( 'NONE',  ( 0.4999999999999993339, 0.000000000000000000, -0.8660254037844390407 ) ) ;
#3406 =( BOUNDED_SURFACE ( )  B_SPLINE_SURFACE ( 3, 2, ( 
 ( #5688, #772, #1211 ),
 ( #2587, #2143, #3507 ),
 ( #3007, #2620, #3936 ),
 ( #4777, #5222, #2113 ) ),
 .UNSPECIFIED., .F., .F., .T. ) 
 B_SPLINE_SURFACE_WITH_KNOTS ( ( 4, 4 ),
 ( 3, 3 ),
 ( 0.01569361281844358288, 0.01648395480297237814 ),
 ( 0.000000000000000000, 1.000000000000000000 ),
 .UNSPECIFIED. ) 
 GEOMETRIC_REPRESENTATION_ITEM ( )  RATIONAL_B_SPLINE_SURFACE ( (
 ( 1.000000000000000000, 0.7172570965919081720, 1.000000000000000000),
 ( 1.000000000000000000, 0.7175240602435170034, 1.000000000000000000),
 ( 1.000000000000000000, 0.7177902439844074944, 1.000000000000000000),
 ( 1.000000000000000000, 0.7180556547964008773, 1.000000000000000000) ) ) 
 REPRESENTATION_ITEM ( '' )  SURFACE ( )  );
#3407 = ORIENTED_EDGE ( 'NONE', *, *, #4268, .T. ) ;
#3408 = VECTOR ( 'NONE', #5684, 1000.000000000000227 ) ;
#3409 = VERTEX_POINT ( 'NONE', #5572 ) ;
#3410 = CIRCLE ( 'NONE', #877, 17.00000000000000355 ) ;
#3411 = COORDINATED_UNIVERSAL_TIME_OFFSET ( 6, 0, .BEHIND. ) ;
#3412 = EDGE_LOOP ( 'NONE', ( #414, #5753, #1695, #4019 ) ) ;
#3413 = DIRECTION ( 'NONE',  ( 0.000000000000000000, 0.000000000000000000, 1.000000000000000000 ) ) ;
#3414 = AXIS2_PLACEMENT_3D ( 'NONE', #2902, #343, #4248 ) ;
#3415 = CARTESIAN_POINT ( 'NONE',  ( 13.50000000000000000, -1.734723475976807094E-15, 1.699999999999998179 ) ) ;
#3416 = CONICAL_SURFACE ( 'NONE', #3221, 17.00000000000000000, 0.05235987755983000091 ) ;
#3417 = CARTESIAN_POINT ( 'NONE',  ( 17.19507011638910399, 4.763083989060735490, 2.991346325495881864 ) ) ;
#3418 = CARTESIAN_POINT ( 'NONE',  ( 16.62913270850807024, 4.520819520485826359, 3.397768434456688968 ) ) ;
#3419 = CARTESIAN_POINT ( 'NONE',  ( -7.064544680488644701, 5.000000000000000888, 18.56280019876055931 ) ) ;
#3420 = ORIENTED_EDGE ( 'NONE', *, *, #3401, .T. ) ;
#3421 = CARTESIAN_POINT ( 'NONE',  ( -5.498755516797999121, 5.000000000000000000, 16.02801164149768454 ) ) ;
#3422 = CARTESIAN_POINT ( 'NONE',  ( -6.006953148797803621, 4.763083989060734602, 16.38704070339558072 ) ) ;
#3423 = VERTEX_POINT ( 'NONE', #5632 ) ;
#3424 = ADVANCED_FACE ( 'NONE', ( #1618 ), #3443, .T. ) ;
#3425 = DIRECTION ( 'NONE',  ( 0.5000000000000015543, -3.469446951953621683E-15, -0.8660254037844378194 ) ) ;
#3426 = DIRECTION ( 'NONE',  ( 0.9984484056230058524, -0.05568465954711037530, 0.000000000000000000 ) ) ;
#3427 = DIRECTION ( 'NONE',  ( -0.4999999999999955591, 0.000000000000000000, -0.8660254037844412611 ) ) ;
#3428 = AXIS2_PLACEMENT_3D ( 'NONE', #5463, #1443, #570 ) ;
#3429 = CARTESIAN_POINT ( 'NONE',  ( 0.000000000000000000, 4.000000000000000000, 0.000000000000000000 ) ) ;
#3430 = EDGE_CURVE ( 'NONE', #5039, #1079, #5701, .T. ) ;
#3431 = ORIENTED_EDGE ( 'NONE', *, *, #3136, .T. ) ;
#3432 = CARTESIAN_POINT ( 'NONE',  ( 7.658930804738178111, 5.000000000000000000, 18.74999999999999645 ) ) ;
#3433 = CARTESIAN_POINT ( 'NONE',  ( -11.07425666574146561, 5.000000000000000000, -12.51385921632472353 ) ) ;
#3434 = FACE_BOUND ( 'NONE', #3616, .T. ) ;
#3435 = DIRECTION ( 'NONE',  ( 0.000000000000000000, 0.000000000000000000, 1.000000000000000000 ) ) ;
#3436 = CARTESIAN_POINT ( 'NONE',  ( 6.241554349974893334, 5.000000000000000000, 16.30165284924401803 ) ) ;
#3437 = EDGE_CURVE ( 'NONE', #1780, #1346, #3175, .T. ) ;
#3438 = EDGE_LOOP ( 'NONE', ( #5001, #4444, #815, #4112 ) ) ;
#3439 = ORIENTED_EDGE ( 'NONE', *, *, #2601, .T. ) ;
#3440 = CIRCLE ( 'NONE', #1185, 6.500000000000000888 ) ;
#3441 = ORIENTED_EDGE ( 'NONE', *, *, #3268, .F. ) ;
#3442 = CARTESIAN_POINT ( 'NONE',  ( -6.001921400372297377, 4.604809290092997998, -16.39746853548032846 ) ) ;
#3443 = TOROIDAL_SURFACE ( 'NONE', #907, 16.71035107903824013, 0.2500000000000000000 ) ;
#3444 = DIRECTION ( 'NONE',  ( -0.000000000000000000, 1.000000000000000000, -0.000000000000000000 ) ) ;
#3445 = CARTESIAN_POINT ( 'NONE',  ( -11.25712013590848670, 4.520819503248457494, -12.70236715135179040 ) ) ;
#3446 = DIRECTION ( 'NONE',  ( 0.000000000000000000, 0.000000000000000000, -1.000000000000000000 ) ) ;
#3447 = FACE_OUTER_BOUND ( 'NONE', #2371, .T. ) ;
#3448 = ORIENTED_EDGE ( 'NONE', *, *, #1660, .T. ) ;
#3449 = B_SPLINE_CURVE_WITH_KNOTS ( 'NONE', 3,
 ( #2222, #2160, #879, #3131, #5, #1778, #5269, #848 ),
 .UNSPECIFIED., .F., .F.,
 ( 4, 2, 2, 4 ),
 ( 0.000000000000000000, 0.0005807575745331959713, 0.0008711363617997966132, 0.001161515149066397147 ),
 .UNSPECIFIED. ) ;
#3450 = CARTESIAN_POINT ( 'NONE',  ( -11.18811696759119023, 4.763083989060735490, 13.39569437789969264 ) ) ;
#3451 = B_SPLINE_CURVE_WITH_KNOTS ( 'NONE', 3,
 ( #3799, #1526, #5515, #3330, #2379, #165 ),
 .UNSPECIFIED., .F., .F.,
 ( 4, 2, 4 ),
 ( 0.000000000000000000, 0.0003829498216017747283, 0.0007658996432035494566 ),
 .UNSPECIFIED. ) ;
#3452 =( GEOMETRIC_REPRESENTATION_CONTEXT ( 3 ) GLOBAL_UNCERTAINTY_ASSIGNED_CONTEXT ( ( #563 ) ) GLOBAL_UNIT_ASSIGNED_CONTEXT ( ( #4485, #476, #940 ) ) REPRESENTATION_CONTEXT ( 'NONE', 'WORKASPACE' ) );
#3453 = CARTESIAN_POINT ( 'NONE',  ( 17.23842266610770224, 5.000000000000000000, -2.745481798442726884 ) ) ;
#3454 = CARTESIAN_POINT ( 'NONE',  ( 12.48509882542935401, 5.000000000000000000, -15.87517449665743641 ) ) ;
#3455 = CARTESIAN_POINT ( 'NONE',  ( -12.40851091858915112, 5.000000000000000000, 16.00782864273040218 ) ) ;
#3456 = EDGE_CURVE ( 'NONE', #1685, #5590, #4640, .T. ) ;
#3457 = CARTESIAN_POINT ( 'NONE',  ( 16.39385003501491056, 5.000000000000001776, -3.238359528851810332 ) ) ;
#3458 = VECTOR ( 'NONE', #756, 1000.000000000000114 ) ;
#3459 = ORIENTED_EDGE ( 'NONE', *, *, #2733, .T. ) ;
#3460 = CARTESIAN_POINT ( 'NONE',  ( 0.000000000000000000, 4.000000000000000000, 0.000000000000000000 ) ) ;
#3461 = CARTESIAN_POINT ( 'NONE',  ( -7.617102409374608918, 4.000000000000000000, 19.00000000000003553 ) ) ;
#3462 = B_SPLINE_CURVE_WITH_KNOTS ( 'NONE', 3,
 ( #2141, #3474, #1266, #5219 ),
 .UNSPECIFIED., .F., .F.,
 ( 4, 4 ),
 ( 0.000000000000000000, 0.0007650654807618341999 ),
 .UNSPECIFIED. ) ;
#3463 = CARTESIAN_POINT ( 'NONE',  ( 11.19774820836069651, 4.000000000000000000, 12.79168484560514152 ) ) ;
#3464 = EDGE_CURVE ( 'NONE', #3178, #3033, #1839, .T. ) ;
#3465 = DIRECTION ( 'NONE',  ( -0.000000000000000000, -1.000000000000000000, -0.000000000000000000 ) ) ;
#3466 = CARTESIAN_POINT ( 'NONE',  ( -20.28394807427335778, 4.750000000000000000, -2.867171357269622245 ) ) ;
#3467 = ORIENTED_EDGE ( 'NONE', *, *, #5051, .F. ) ;
#3468 = ORIENTED_EDGE ( 'NONE', *, *, #1263, .F. ) ;
#3469 = ORIENTED_EDGE ( 'NONE', *, *, #5158, .F. ) ;
#3470 = CARTESIAN_POINT ( 'NONE',  ( -19.91219989743324703, 4.000000000000000000, -3.511058087177793663 ) ) ;
#3471 = EDGE_CURVE ( 'NONE', #5650, #881, #2390, .T. ) ;
#3472 = CARTESIAN_POINT ( 'NONE',  ( -11.21821571507442705, 4.350448236824119519, -13.39792163742562359 ) ) ;
#3473 = FACE_OUTER_BOUND ( 'NONE', #2627, .T. ) ;
#3474 = CARTESIAN_POINT ( 'NONE',  ( 11.27626041075783370, 4.254361998983254622, -12.70405638524364811 ) ) ;
#3475 = CARTESIAN_POINT ( 'NONE',  ( -11.18811696759122398, 4.763083989060734602, -13.39569437789966599 ) ) ;
#3476 = VERTEX_POINT ( 'NONE', #4386 ) ;
#3477 = CARTESIAN_POINT ( 'NONE',  ( 19.33744701931479781, 3.999999999999999112, -3.404561540562891064 ) ) ;
#3478 = FACE_BOUND ( 'NONE', #1441, .T. ) ;
#3479 = EDGE_CURVE ( 'NONE', #2785, #2218, #2220, .T. ) ;
#3480 = FACE_OUTER_BOUND ( 'NONE', #3023, .T. ) ;
#3481 = CARTESIAN_POINT ( 'NONE',  ( -7.251669733353051761, 4.755665143279746765, 18.93589086960606238 ) ) ;
#3482 = ORIENTED_EDGE ( 'NONE', *, *, #5525, .T. ) ;
#3483 = CARTESIAN_POINT ( 'NONE',  ( 20.10066390960430383, 4.755099093071767591, -3.184628842699279261 ) ) ;
#3484 = AXIS2_PLACEMENT_3D ( 'NONE', #2681, #4465, #4029 ) ;
#3485 = CARTESIAN_POINT ( 'NONE',  ( 5.832248541098059569, 4.496257923608881768, -15.94792952219994930 ) ) ;
#3486 = CIRCLE ( 'NONE', #863, 17.00000000000000000 ) ;
#3487 = FACE_OUTER_BOUND ( 'NONE', #2717, .T. ) ;
#3488 = EDGE_LOOP ( 'NONE', ( #4880, #2924, #3671, #1645 ) ) ;
#3489 = DIRECTION ( 'NONE',  ( 0.5000000000000002220, 0.000000000000000000, 0.8660254037844384856 ) ) ;
#3490 = CARTESIAN_POINT ( 'NONE',  ( -19.90405986788077541, 5.000000000000000000, 3.025157031937808938 ) ) ;
#3491 = CARTESIAN_POINT ( 'NONE',  ( 0.000000000000000000, 0.000000000000000000, 0.000000000000000000 ) ) ;
#3492 = CARTESIAN_POINT ( 'NONE',  ( -10.39230484541324451, 4.750000000000000000, 18.00000000000000355 ) ) ;
#3493 = DIRECTION ( 'NONE',  ( -0.000000000000000000, 1.000000000000000000, -0.000000000000000000 ) ) ;
#3494 = CIRCLE ( 'NONE', #5536, 1.699999999999998401 ) ;
#3495 = ORIENTED_EDGE ( 'NONE', *, *, #4628, .T. ) ;
#3496 = ORIENTED_EDGE ( 'NONE', *, *, #4608, .T. ) ;
#3497 = EDGE_CURVE ( 'NONE', #4215, #4549, #900, .T. ) ;
#3498 = ORIENTED_EDGE ( 'NONE', *, *, #3770, .T. ) ;
#3499 = DIRECTION ( 'NONE',  ( 0.000000000000000000, 1.000000000000000000, 0.000000000000000000 ) ) ;
#3500 = AXIS2_PLACEMENT_3D ( 'NONE', #2895, #1657, #2447 ) ;
#3501 = CARTESIAN_POINT ( 'NONE',  ( -9.237604307034009921, -1.734723475976807094E-15, -16.00000000000000000 ) ) ;
#3502 = AXIS2_PLACEMENT_3D ( 'NONE', #73, #4053, #2765 ) ;
#3503 = EDGE_CURVE ( 'NONE', #5030, #233, #2757, .T. ) ;
#3504 = DIRECTION ( 'NONE',  ( -0.000000000000000000, 1.000000000000000000, -0.000000000000000000 ) ) ;
#3505 = CARTESIAN_POINT ( 'NONE',  ( -11.89999999999999858, -1.734723475976807094E-15, 1.536675296194362640E-15 ) ) ;
#3506 = CARTESIAN_POINT ( 'NONE',  ( -16.93287854694335692, 4.768243086620746141, 2.997863969728729483 ) ) ;
#3507 = CARTESIAN_POINT ( 'NONE',  ( 5.372012573836177474, 4.520819520424264937, 16.10013558570296155 ) ) ;
#3508 = CARTESIAN_POINT ( 'NONE',  ( 9.237604307034002815, 5.000000000000000000, 14.74999999999999645 ) ) ;
#3509 = CARTESIAN_POINT ( 'NONE',  ( -5.690364487843972974, 4.999999999999999112, -15.79961589139656297 ) ) ;
#3510 = CIRCLE ( 'NONE', #882, 1.249999999999997558 ) ;
#3511 = ADVANCED_FACE ( 'NONE', ( #3047 ), #1960, .T. ) ;
#3512 = CYLINDRICAL_SURFACE ( 'NONE', #2377, 0.2500000000000002220 ) ;
#3513 = CARTESIAN_POINT ( 'NONE',  ( 5.379378014047084378, 4.763083989060736378, 16.08428360971524640 ) ) ;
#3514 = EDGE_LOOP ( 'NONE', ( #5042, #4322, #3094, #4843 ) ) ;
#3515 = CARTESIAN_POINT ( 'NONE',  ( 12.40851091858918132, 5.000000000000000000, 16.00782864273036665 ) ) ;
#3516 = EDGE_LOOP ( 'NONE', ( #2180, #839, #3525, #2268 ) ) ;
#3517 = DIRECTION ( 'NONE',  ( -0.6427876096865324795, 4.754756468501790151E-21, 0.7660444431189837866 ) ) ;
#3518 = ORIENTED_EDGE ( 'NONE', *, *, #1301, .F. ) ;
#3519 = CARTESIAN_POINT ( 'NONE',  ( 12.54598852871077419, 4.013324438983806530, -14.95281327030864915 ) ) ;
#3520 = CARTESIAN_POINT ( 'NONE',  ( -11.09114924038700423, 5.000000000000083489, -13.30429637246801811 ) ) ;
#3521 = TOROIDAL_SURFACE ( 'NONE', #4725, 16.71035107903824013, 0.2500000000000000000 ) ;
#3522 = DIRECTION ( 'NONE',  ( -1.000000000000000000, 0.000000000000000000, 1.836970198721030427E-16 ) ) ;
#3523 = DIRECTION ( 'NONE',  ( -0.000000000000000000, -1.000000000000000000, -0.000000000000000000 ) ) ;
#3524 = ORIENTED_EDGE ( 'NONE', *, *, #4165, .F. ) ;
#3525 = ORIENTED_EDGE ( 'NONE', *, *, #2972, .F. ) ;
#3526 = ORIENTED_EDGE ( 'NONE', *, *, #57, .F. ) ;
#3527 = LINE ( 'NONE', #1289, #465 ) ;
#3528 = EDGE_CURVE ( 'NONE', #2445, #5368, #3546, .T. ) ;
#3529 = DIRECTION ( 'NONE',  ( 1.000000000000000000, 0.000000000000000000, -1.581383788144378693E-16 ) ) ;
#3530 = VERTEX_POINT ( 'NONE', #5759 ) ;
#3531 = DIRECTION ( 'NONE',  ( -0.000000000000000000, 1.000000000000000000, -0.000000000000000000 ) ) ;
#3532 = CARTESIAN_POINT ( 'NONE',  ( -10.94242434294083033, 5.000000000000000888, -12.65553529354817819 ) ) ;
#3533 = FACE_OUTER_BOUND ( 'NONE', #5477, .T. ) ;
#3534 = EDGE_LOOP ( 'NONE', ( #1141, #2161 ) ) ;
#3535 = LINE ( 'NONE', #3969, #4159 ) ;
#3536 = CIRCLE ( 'NONE', #2685, 0.2499999999999994726 ) ;
#3537 = ADVANCED_FACE ( 'NONE', ( #5323 ), #2591, .T. ) ;
#3538 = DIRECTION ( 'NONE',  ( -1.000000000000000000, 0.000000000000000000, 3.162767576288758865E-16 ) ) ;
#3539 = CARTESIAN_POINT ( 'NONE',  ( -7.454854707855393059, 4.752838769551007481, 19.00000000000000355 ) ) ;
#3540 = VERTEX_POINT ( 'NONE', #2801 ) ;
#3541 = CARTESIAN_POINT ( 'NONE',  ( 18.47520861406801984, 5.000000000000000000, -1.560329300041460461E-14 ) ) ;
#3542 = EDGE_CURVE ( 'NONE', #5230, #440, #1592, .T. ) ;
#3543 = ORIENTED_EDGE ( 'NONE', *, *, #3978, .F. ) ;
#3544 = ORIENTED_EDGE ( 'NONE', *, *, #1301, .T. ) ;
#3545 = LINE ( 'NONE', #372, #3026 ) ;
#3546 = LINE ( 'NONE', #4474, #5107 ) ;
#3547 = EDGE_CURVE ( 'NONE', #5041, #1565, #3536, .T. ) ;
#3548 = DIRECTION ( 'NONE',  ( 0.5000000000000002220, -0.000000000000000000, 0.8660254037844385966 ) ) ;
#3549 = CARTESIAN_POINT ( 'NONE',  ( 7.617102409374464145, 4.000000000000000000, -19.00000000000008527 ) ) ;
#3550 = ORIENTED_EDGE ( 'NONE', *, *, #1133, .T. ) ;
#3551 = ORIENTED_EDGE ( 'NONE', *, *, #1653, .T. ) ;
#3552 = ORIENTED_EDGE ( 'NONE', *, *, #1668, .F. ) ;
#3553 = DIRECTION ( 'NONE',  ( 0.000000000000000000, 0.000000000000000000, 1.000000000000000000 ) ) ;
#3554 = TOROIDAL_SURFACE ( 'NONE', #3363, 0.7500000000000000000, 0.2500000000000000000 ) ;
#3555 = CYLINDRICAL_SURFACE ( 'NONE', #1069, 1.000000000000000888 ) ;
#3556 = VERTEX_POINT ( 'NONE', #4530 ) ;
#3557 = DIRECTION ( 'NONE',  ( 0.000000000000000000, 1.000000000000000000, 0.000000000000000000 ) ) ;
#3558 = CYLINDRICAL_SURFACE ( 'NONE', #3571, 3.349999999999998757 ) ;
#3559 = CARTESIAN_POINT ( 'NONE',  ( 13.50000000000000000, 2.850000000000000089, -1.469576158976824785E-16 ) ) ;
#3560 = DIRECTION ( 'NONE',  ( 0.4999999999999993339, 0.000000000000000000, -0.8660254037844389297 ) ) ;
#3561 = DIRECTION ( 'NONE',  ( 1.000000000000000000, -0.000000000000000000, -1.581383788144378693E-16 ) ) ;
#3562 = ORIENTED_EDGE ( 'NONE', *, *, #1559, .T. ) ;
#3563 = EDGE_CURVE ( 'NONE', #4631, #80, #2564, .T. ) ;
#3564 = CARTESIAN_POINT ( 'NONE',  ( -16.37444831358996922, 5.000000000000000000, -3.333657992398898262 ) ) ;
#3565 = ORIENTED_EDGE ( 'NONE', *, *, #3575, .F. ) ;
#3566 = CARTESIAN_POINT ( 'NONE',  ( -5.963106732725505843, 4.766346314700951936, -16.26607377884213079 ) ) ;
#3567 = ORIENTED_EDGE ( 'NONE', *, *, #5182, .T. ) ;
#3568 = DIRECTION ( 'NONE',  ( 0.000000000000000000, 0.000000000000000000, 1.000000000000000000 ) ) ;
#3569 = ADVANCED_FACE ( 'NONE', ( #4613 ), #5407, .T. ) ;
#3570 = CARTESIAN_POINT ( 'NONE',  ( -11.14245944811239930, 4.766373091983559185, 12.78665171900970421 ) ) ;
#3571 = AXIS2_PLACEMENT_3D ( 'NONE', #2584, #2208, #1267 ) ;
#3572 = DIRECTION ( 'NONE',  ( 0.000000000000000000, 0.000000000000000000, 1.000000000000000000 ) ) ;
#3573 = ORIENTED_EDGE ( 'NONE', *, *, #5670, .F. ) ;
#3574 = ORIENTED_EDGE ( 'NONE', *, *, #4901, .F. ) ;
#3575 = EDGE_CURVE ( 'NONE', #5033, #506, #2968, .T. ) ;
#3576 = ADVANCED_FACE ( 'NONE', ( #545 ), #632, .T. ) ;
#3577 = EDGE_LOOP ( 'NONE', ( #1583, #3584, #3225, #4947 ) ) ;
#3578 = DIRECTION ( 'NONE',  ( 0.000000000000000000, 0.000000000000000000, 1.000000000000000000 ) ) ;
#3579 = CARTESIAN_POINT ( 'NONE',  ( -11.23970920066358836, 4.763083989060736378, -12.70081982158182221 ) ) ;
#3580 = ORIENTED_EDGE ( 'NONE', *, *, #3850, .F. ) ;
#3581 = EDGE_CURVE ( 'NONE', #533, #644, #2775, .T. ) ;
#3582 = CARTESIAN_POINT ( 'NONE',  ( 10.89518783343504005, 4.496257923687214664, 13.02484015887533708 ) ) ;
#3583 = CARTESIAN_POINT ( 'NONE',  ( -11.27626041075795271, 4.254361998983255511, -12.70405638524353975 ) ) ;
#3584 = ORIENTED_EDGE ( 'NONE', *, *, #3464, .T. ) ;
#3585 = CIRCLE ( 'NONE', #1048, 0.2499999999999999722 ) ;
#3586 = CARTESIAN_POINT ( 'NONE',  ( 11.17860557439497704, 5.000000000000000000, -13.40367538442261619 ) ) ;
#3587 = AXIS2_PLACEMENT_3D ( 'NONE', #2524, #2975, #2083 ) ;
#3588 = PLANE ( 'NONE',  #706 ) ;
#3589 = EDGE_LOOP ( 'NONE', ( #1936, #2813 ) ) ;
#3590 = AXIS2_PLACEMENT_3D ( 'NONE', #2088, #2979, #4751 ) ;
#3591 = DIRECTION ( 'NONE',  ( -0.1736481776669349109, 0.000000000000000000, 0.9848077530122073542 ) ) ;
#3592 = ORIENTED_EDGE ( 'NONE', *, *, #154, .F. ) ;
#3593 = CARTESIAN_POINT ( 'NONE',  ( 19.41691370617495238, 4.762060758070177258, -3.367754561760445409 ) ) ;
#3594 = ADVANCED_FACE ( 'NONE', ( #4063 ), #2326, .T. ) ;
#3595 = AXIS2_PLACEMENT_3D ( 'NONE', #3242, #1856, #4086 ) ;
#3596 = ORIENTED_EDGE ( 'NONE', *, *, #951, .T. ) ;
#3597 = CARTESIAN_POINT ( 'NONE',  ( 12.33383238466050180, 5.000000000000000000, 15.14950278263860639 ) ) ;
#3598 = ORIENTED_EDGE ( 'NONE', *, *, #5344, .T. ) ;
#3599 = DIRECTION ( 'NONE',  ( -0.5000000000000086597, 0.000000000000000000, -0.8660254037844336006 ) ) ;
#3600 = CARTESIAN_POINT ( 'NONE',  ( -11.13128749528979178, 5.000000000000247802, -12.77606778749450989 ) ) ;
#3601 = EDGE_CURVE ( 'NONE', #1332, #4931, #4635, .T. ) ;
#3602 = DIRECTION ( 'NONE',  ( 1.000000000000000000, -0.000000000000000000, -1.836970198721030427E-16 ) ) ;
#3603 = CARTESIAN_POINT ( 'NONE',  ( 20.06744172332716758, 4.750000000000000000, -2.742171357269794552 ) ) ;
#3604 = ORIENTED_EDGE ( 'NONE', *, *, #4488, .T. ) ;
#3605 = VERTEX_POINT ( 'NONE', #4146 ) ;
#3606 = VECTOR ( 'NONE', #1757, 1000.000000000000000 ) ;
#3607 =( BOUNDED_CURVE ( )  B_SPLINE_CURVE ( 3, ( #3663, #2617, #2207, #830 ),
 .UNSPECIFIED., .F., .F. ) 
 B_SPLINE_CURVE_WITH_KNOTS ( ( 4, 4 ),
 ( 0.3485670870932496279, 1.570796326794895670 ),
 .UNSPECIFIED. ) 
 CURVE ( )  GEOMETRIC_REPRESENTATION_ITEM ( )  RATIONAL_B_SPLINE_CURVE ( ( 1.000000000000000000, 0.8793393195858252298, 0.8793393195858252298, 1.000000000000000000 ) ) 
 REPRESENTATION_ITEM ( '' )  );
#3608 = EDGE_CURVE ( 'NONE', #86, #1721, #5018, .T. ) ;
#3609 = CARTESIAN_POINT ( 'NONE',  ( 16.64479494206255694, 4.766373091983559185, 3.256327083198462091 ) ) ;
#3610 = VECTOR ( 'NONE', #5005, 1000.000000000000114 ) ;
#3611 = ORIENTED_EDGE ( 'NONE', *, *, #3720, .T. ) ;
#3612 = CARTESIAN_POINT ( 'NONE',  ( 21.43412874366484644, 0.2500000000000002220, -0.3750000000000176525 ) ) ;
#3613 = ORIENTED_EDGE ( 'NONE', *, *, #5486, .T. ) ;
#3614 = CARTESIAN_POINT ( 'NONE',  ( -17.22663595972506201, 3.995326637726837049, -3.037769405374784348 ) ) ;
#3615 = CARTESIAN_POINT ( 'NONE',  ( -5.356160601193185045, 4.000000000000000000, -16.13417316177764249 ) ) ;
#3616 = EDGE_LOOP ( 'NONE', ( #3611, #4682 ) ) ;
#3617 = CARTESIAN_POINT ( 'NONE',  ( 10.39230484541326582, 5.000000000000000000, 18.74999999999999645 ) ) ;
#3618 = VERTEX_POINT ( 'NONE', #4089 ) ;
#3619 = CARTESIAN_POINT ( 'NONE',  ( 12.49319967277561183, 5.000000000000000000, 15.41433405137676615 ) ) ;
#3620 = AXIS2_PLACEMENT_3D ( 'NONE', #4467, #4866, #840 ) ;
#3621 =( BOUNDED_SURFACE ( )  B_SPLINE_SURFACE ( 3, 2, ( 
 ( #4787, #4381, #1683 ),
 ( #369, #3485, #2566 ),
 ( #1716, #5697, #5258 ),
 ( #342, #1249, #5725 ) ),
 .UNSPECIFIED., .F., .F., .T. ) 
 B_SPLINE_SURFACE_WITH_KNOTS ( ( 4, 4 ),
 ( 3, 3 ),
 ( 0.01569361284447143290, 0.01648395480281709263 ),
 ( 0.000000000000000000, 1.000000000000000000 ),
 .UNSPECIFIED. ) 
 GEOMETRIC_REPRESENTATION_ITEM ( )  RATIONAL_B_SPLINE_SURFACE ( (
 ( 1.000000000000000000, 0.7172570966182837404, 1.000000000000000000),
 ( 1.000000000000000000, 0.7175240602609953555, 1.000000000000000000),
 ( 1.000000000000000000, 0.7177902439930471390, 1.000000000000000000),
 ( 1.000000000000000000, 0.7180556547962440028, 1.000000000000000000) ) ) 
 REPRESENTATION_ITEM ( '' )  SURFACE ( )  );
#3622 = VECTOR ( 'NONE', #2387, 1000.000000000000000 ) ;
#3623 = VERTEX_POINT ( 'NONE', #574 ) ;
#3624 = CARTESIAN_POINT ( 'NONE',  ( -20.29091947350058689, 4.750000000000000000, -2.855096539608215522 ) ) ;
#3625 = ORIENTED_EDGE ( 'NONE', *, *, #282, .T. ) ;
#3626 = CARTESIAN_POINT ( 'NONE',  ( 10.39230484541326582, 0.2500000000000002220, 17.99999999999999645 ) ) ;
#3627 = CARTESIAN_POINT ( 'NONE',  ( -12.54358419725709339, 5.000000000000000000, -15.39947525885374269 ) ) ;
#3628 = EDGE_CURVE ( 'NONE', #498, #2290, #1917, .T. ) ;
#3629 = DIRECTION ( 'NONE',  ( 0.000000000000000000, 0.000000000000000000, 1.000000000000000000 ) ) ;
#3630 = DIRECTION ( 'NONE',  ( 0.02784232977355501071, 0.9984484056230057414, 0.04822432976888492429 ) ) ;
#3631 = ORIENTED_EDGE ( 'NONE', *, *, #4744, .T. ) ;
#3632 = LOCAL_TIME ( 9, 39, 18.00000000000000000, #3411 ) ;
#3633 = VERTEX_POINT ( 'NONE', #82 ) ;
#3634 = CARTESIAN_POINT ( 'NONE',  ( 11.89999999999999858, 0.000000000000000000, 1.699999999999999512 ) ) ;
#3635 = CIRCLE ( 'NONE', #356, 1.249999999999997558 ) ;
#3636 = EDGE_CURVE ( 'NONE', #4830, #1486, #3166, .T. ) ;
#3637 = CARTESIAN_POINT ( 'NONE',  ( -12.54636008864540386, 4.000000000000000000, -14.95216970962379577 ) ) ;
#3638 = CARTESIAN_POINT ( 'NONE',  ( -6.718336870961140406, 4.763083989060735490, -18.34155141660600918 ) ) ;
#3639 = ORIENTED_EDGE ( 'NONE', *, *, #5044, .F. ) ;
#3640 = CARTESIAN_POINT ( 'NONE',  ( 7.615067198594286602, 3.963507849820015583, 18.99999999999999645 ) ) ;
#3641 = CARTESIAN_POINT ( 'NONE',  ( 20.06744172332724929, 4.750000000000000000, 2.742171357269620913 ) ) ;
#3642 = VERTEX_POINT ( 'NONE', #5043 ) ;
#3643 = ADVANCED_FACE ( 'NONE', ( #4989 ), #5550, .T. ) ;
#3644 =( BOUNDED_SURFACE ( )  B_SPLINE_SURFACE ( 3, 2, ( 
 ( #3902, #5686, #2946 ),
 ( #2084, #3381, #3418 ),
 ( #5155, #1671, #4747 ),
 ( #3031, #4803, #4719 ) ),
 .UNSPECIFIED., .F., .F., .F. ) 
 B_SPLINE_SURFACE_WITH_KNOTS ( ( 4, 4 ),
 ( 3, 3 ),
 ( 0.01644726027677849770, 0.01723760220088238482 ),
 ( 0.000000000000000000, 1.000000000000000000 ),
 .UNSPECIFIED. ) 
 GEOMETRIC_REPRESENTATION_ITEM ( )  RATIONAL_B_SPLINE_SURFACE ( (
 ( 1.000000000000000000, 0.7172570965919117247, 1.000000000000000000),
 ( 1.000000000000000000, 0.7175240602434553860, 1.000000000000000000),
 ( 1.000000000000000000, 0.7177902439851956418, 1.000000000000000000),
 ( 1.000000000000000000, 0.7180556547963901082, 1.000000000000000000) ) ) 
 REPRESENTATION_ITEM ( '' )  SURFACE ( )  );
#3645 = CARTESIAN_POINT ( 'NONE',  ( 9.237604307034015250, 5.000000000000001776, -14.75000000000001243 ) ) ;
#3646 = AXIS2_PLACEMENT_3D ( 'NONE', #4590, #1454, #5357 ) ;
#3647 = CARTESIAN_POINT ( 'NONE',  ( -5.479051137650307268, 4.000000000000000000, -16.09337643528715134 ) ) ;
#3648 = ORIENTED_EDGE ( 'NONE', *, *, #4565, .T. ) ;
#3649 = CARTESIAN_POINT ( 'NONE',  ( 11.29485907163946123, 3.995326637729603281, -12.70568714828500667 ) ) ;
#3650 = ORIENTED_EDGE ( 'NONE', *, *, #5224, .F. ) ;
#3651 = CARTESIAN_POINT ( 'NONE',  ( -18.47520861406802339, 5.000000000000000000, -5.060722121622122388E-15 ) ) ;
#3652 = ADVANCED_FACE ( 'NONE', ( #2983 ), #3826, .T. ) ;
#3653 = AXIS2_PLACEMENT_3D ( 'NONE', #5053, #4181, #4298 ) ;
#3654 = EDGE_LOOP ( 'NONE', ( #4789, #3802, #4453, #1664 ) ) ;
#3655 = DIRECTION ( 'NONE',  ( 0.000000000000000000, 0.000000000000000000, 1.000000000000000000 ) ) ;
#3656 = DIRECTION ( 'NONE',  ( -0.000000000000000000, 1.000000000000000000, -0.000000000000000000 ) ) ;
#3657 = CARTESIAN_POINT ( 'NONE',  ( -16.74173180120753557, 4.000000000000000000, 2.952019020337842470 ) ) ;
#3658 = CARTESIAN_POINT ( 'NONE',  ( -12.33383238466050003, 5.000000000000000000, -15.14950278263860817 ) ) ;
#3659 = CARTESIAN_POINT ( 'NONE',  ( 6.006953148797689046, 4.763083989060734602, -16.38704070339561980 ) ) ;
#3660 = CARTESIAN_POINT ( 'NONE',  ( 10.92991459582319358, 5.000000000000000000, 12.64159615601096220 ) ) ;
#3661 = ORIENTED_EDGE ( 'NONE', *, *, #5278, .F. ) ;
#3662 = ORIENTED_EDGE ( 'NONE', *, *, #5664, .T. ) ;
#3663 = CARTESIAN_POINT ( 'NONE',  ( -19.28677045679831181, 5.000000000000000000, -3.106660779815887174 ) ) ;
#3664 = DIRECTION ( 'NONE',  ( 0.4999999999999993339, -0.000000000000000000, -0.8660254037844389297 ) ) ;
#3665 = AXIS2_PLACEMENT_3D ( 'NONE', #5770, #1294, #5248 ) ;
#3666 = PLANE ( 'NONE',  #4348 ) ;
#3667 = EDGE_CURVE ( 'NONE', #4889, #3642, #812, .T. ) ;
#3668 = VERTEX_POINT ( 'NONE', #5667 ) ;
#3669 = VECTOR ( 'NONE', #4385, 1000.000000000000114 ) ;
#3670 = LINE ( 'NONE', #5445, #1899 ) ;
#3671 = ORIENTED_EDGE ( 'NONE', *, *, #906, .F. ) ;
#3672 = DIRECTION ( 'NONE',  ( -0.6427876096865378086, 0.000000000000000000, 0.7660444431189793457 ) ) ;
#3673 = EDGE_CURVE ( 'NONE', #3112, #1965, #4945, .T. ) ;
#3674 = FACE_BOUND ( 'NONE', #3334, .T. ) ;
#3675 = ORIENTED_EDGE ( 'NONE', *, *, #1591, .F. ) ;
#3676 = DIRECTION ( 'NONE',  ( 0.8660254037844410391, 0.000000000000000000, 0.4999999999999960032 ) ) ;
#3677 = CARTESIAN_POINT ( 'NONE',  ( 11.25833024919770509, 4.750000000000000000, 18.49999999999999645 ) ) ;
#3678 = ORIENTED_EDGE ( 'NONE', *, *, #1698, .T. ) ;
#3679 = CARTESIAN_POINT ( 'NONE',  ( 12.73764810102565370, 4.760310248187463067, 15.34200049839310509 ) ) ;
#3680 = TOROIDAL_SURFACE ( 'NONE', #1987, 0.7500000000000000000, 0.2500000000000000000 ) ;
#3681 = ADVANCED_FACE ( 'NONE', ( #2065 ), #1527, .T. ) ;
#3682 = ORIENTED_EDGE ( 'NONE', *, *, #4936, .F. ) ;
#3683 = AXIS2_PLACEMENT_3D ( 'NONE', #2282, #2761, #4568 ) ;
#3684 = CYLINDRICAL_SURFACE ( 'NONE', #2478, 0.2500000000000009437 ) ;
#3685 = DIRECTION ( 'NONE',  ( 0.000000000000000000, 1.000000000000000000, 0.000000000000000000 ) ) ;
#3686 = CARTESIAN_POINT ( 'NONE',  ( 19.90405986788071147, 5.000000000000000000, -3.025157031937941721 ) ) ;
#3687 = CARTESIAN_POINT ( 'NONE',  ( 7.064544680488838324, 5.000000000000000888, 18.56280019876054865 ) ) ;
#3688 = AXIS2_PLACEMENT_3D ( 'NONE', #2567, #675, #3344 ) ;
#3689 = DIRECTION ( 'NONE',  ( -0.000000000000000000, -1.000000000000000000, -0.000000000000000000 ) ) ;
#3690 = VECTOR ( 'NONE', #821, 1000.000000000000000 ) ;
#3691 = DIRECTION ( 'NONE',  ( -0.000000000000000000, 1.000000000000000000, -0.000000000000000000 ) ) ;
#3692 = ORIENTED_EDGE ( 'NONE', *, *, #986, .F. ) ;
#3693 = ORIENTED_EDGE ( 'NONE', *, *, #4397, .F. ) ;
#3694 = LINE ( 'NONE', #5497, #1239 ) ;
#3695 = DIRECTION ( 'NONE',  ( -0.000000000000000000, -1.000000000000000000, -0.000000000000000000 ) ) ;
#3696 = DIRECTION ( 'NONE',  ( 0.02784232977355506275, -0.9984484056230058524, -0.04822432976888512551 ) ) ;
#3697 = ORIENTED_EDGE ( 'NONE', *, *, #1795, .F. ) ;
#3698 = CARTESIAN_POINT ( 'NONE',  ( 10.93397706287888305, 3.970742523295502036, 13.02822102453261799 ) ) ;
#3699 = DIRECTION ( 'NONE',  ( 0.000000000000000000, 0.000000000000000000, 1.000000000000000000 ) ) ;
#3700 = VERTEX_POINT ( 'NONE', #3855 ) ;
#3701 = PLANE ( 'NONE',  #1950 ) ;
#3702 = EDGE_CURVE ( 'NONE', #1465, #1201, #4083, .T. ) ;
#3703 = VECTOR ( 'NONE', #4461, 1000.000000000000000 ) ;
#3704 = CARTESIAN_POINT ( 'NONE',  ( -10.39230484541326227, 0.2500000000000002220, -17.99999999999999645 ) ) ;
#3705 = CARTESIAN_POINT ( 'NONE',  ( -5.870551760120457985, 4.768239840018113185, -16.16349771646289923 ) ) ;
#3706 = DIRECTION ( 'NONE',  ( -0.000000000000000000, 1.000000000000000000, -0.000000000000000000 ) ) ;
#3707 = EDGE_LOOP ( 'NONE', ( #1438, #752, #4579, #4410 ) ) ;
#3708 = CARTESIAN_POINT ( 'NONE',  ( 12.64594096200299234, 5.000000000000532907, 15.15093996918843899 ) ) ;
#3709 = ADVANCED_FACE ( 'NONE', ( #5136 ), #4699, .T. ) ;
#3710 = ORIENTED_EDGE ( 'NONE', *, *, #4990, .F. ) ;
#3711 = CARTESIAN_POINT ( 'NONE',  ( 17.22644407847985093, 4.000000000000000000, 3.037486872701549601 ) ) ;
#3712 = CARTESIAN_POINT ( 'NONE',  ( -12.64594096200323214, 4.999999999999866773, -15.15093996918809616 ) ) ;
#3713 = CARTESIAN_POINT ( 'NONE',  ( -19.22213885455308002, 4.000000000000000000, 3.389381706982246723 ) ) ;
#3714 = EDGE_CURVE ( 'NONE', #2967, #4931, #1084, .T. ) ;
#3715 = CIRCLE ( 'NONE', #4084, 16.71035107903824013 ) ;
#3716 = CARTESIAN_POINT ( 'NONE',  ( -5.356160601192918591, 4.000000000000000000, 16.13417316177773131 ) ) ;
#3717 = CARTESIAN_POINT ( 'NONE',  ( 19.24341790707959632, 4.763083989060735490, -3.352525306869379218 ) ) ;
#3718 = ORIENTED_EDGE ( 'NONE', *, *, #5278, .T. ) ;
#3719 = DIRECTION ( 'NONE',  ( 0.000000000000000000, 1.000000000000000000, 0.000000000000000000 ) ) ;
#3720 = EDGE_CURVE ( 'NONE', #4914, #4260, #3440, .T. ) ;
#3721 = CARTESIAN_POINT ( 'NONE',  ( 10.39230484541326582, 0.000000000000000000, 17.99999999999999645 ) ) ;
#3722 = DIRECTION ( 'NONE',  ( -0.02784232977355508704, 0.9984484056230057414, -0.04822432976888503531 ) ) ;
#3723 = CC_DESIGN_SECURITY_CLASSIFICATION ( #2503, ( #168 ) ) ;
#3724 = ORIENTED_EDGE ( 'NONE', *, *, #4349, .F. ) ;
#3725 = CARTESIAN_POINT ( 'NONE',  ( -19.44424648242159037, 4.762114405148207830, 3.387988400822798507 ) ) ;
#3726 = APPROVAL_DATE_TIME ( #2021, #4572 ) ;
#3727 = ORIENTED_EDGE ( 'NONE', *, *, #2176, .T. ) ;
#3728 = DIRECTION ( 'NONE',  ( 0.9396926207859086499, 0.000000000000000000, 0.3420201433256683243 ) ) ;
#3729 = TOROIDAL_SURFACE ( 'NONE', #5500, 0.7500000000000000000, 0.2500000000000000000 ) ;
#3730 = CARTESIAN_POINT ( 'NONE',  ( 11.19966360929598714, 4.604809290093004215, 13.39655067197991123 ) ) ;
#3731 = CARTESIAN_POINT ( 'NONE',  ( -6.952938072137731851, 5.000000000000000000, 18.25616356245450689 ) ) ;
#3732 = EDGE_LOOP ( 'NONE', ( #2275, #5652, #705, #4107 ) ) ;
#3733 = CARTESIAN_POINT ( 'NONE',  ( 12.52508103611880763, 4.763083989060735490, 14.98902610973678406 ) ) ;
#3734 = B_SPLINE_CURVE_WITH_KNOTS ( 'NONE', 3,
 ( #5615, #288, #669, #235, #3861, #699, #316, #4239 ),
 .UNSPECIFIED., .F., .F.,
 ( 4, 2, 2, 4 ),
 ( 0.000000000000000000, 0.0005807575766184210845, 0.0008711363649276355299, 0.001161515153236849975 ),
 .UNSPECIFIED. ) ;
#3735 = CIRCLE ( 'NONE', #1108, 1.700000000000000178 ) ;
#3736 = VERTEX_POINT ( 'NONE', #663 ) ;
#3737 = EDGE_CURVE ( 'NONE', #4205, #1565, #5547, .T. ) ;
#3738 = EDGE_LOOP ( 'NONE', ( #2490, #5573, #4518, #4962 ) ) ;
#3739 = CARTESIAN_POINT ( 'NONE',  ( -12.62501726953526138, 4.750000000000000000, 16.13282864273040218 ) ) ;
#3740 = DIRECTION ( 'NONE',  ( 0.6627183721850796738, 0.000000000000000000, 0.7488687195819826448 ) ) ;
#3741 = DIRECTION ( 'NONE',  ( -0.000000000000000000, 1.000000000000000000, -0.000000000000000000 ) ) ;
#3742 = DIRECTION ( 'NONE',  ( -1.000000000000000000, 0.000000000000000000, 0.000000000000000000 ) ) ;
#3743 = ADVANCED_FACE ( 'NONE', ( #1624 ), #4551, .T. ) ;
#3744 = VECTOR ( 'NONE', #4723, 1000.000000000000000 ) ;
#3745 = ORIENTED_EDGE ( 'NONE', *, *, #4558, .F. ) ;
#3746 = DIRECTION ( 'NONE',  ( 0.6427876096865385858, -0.000000000000000000, 0.7660444431189786796 ) ) ;
#3747 = FACE_OUTER_BOUND ( 'NONE', #673, .T. ) ;
#3748 = CARTESIAN_POINT ( 'NONE',  ( 16.64016576610979214, 4.254361998983254622, 3.413499782783362413 ) ) ;
#3749 = CARTESIAN_POINT ( 'NONE',  ( -11.25798898661229863, 4.508723330882366653, 12.70244377410178593 ) ) ;
#3750 = EDGE_CURVE ( 'NONE', #659, #2196, #619, .T. ) ;
#3751 = EDGE_CURVE ( 'NONE', #2793, #3633, #4756, .T. ) ;
#3752 = ORIENTED_EDGE ( 'NONE', *, *, #5553, .T. ) ;
#3753 = CARTESIAN_POINT ( 'NONE',  ( 0.000000000000000000, 5.000000000000000000, 0.000000000000000000 ) ) ;
#3754 = PERSON_AND_ORGANIZATION_ROLE ( 'creator' ) ;
#3755 = VERTEX_POINT ( 'NONE', #2095 ) ;
#3756 = CARTESIAN_POINT ( 'NONE',  ( -7.223583597816818802, 4.756055831202428585, -18.99999999999998934 ) ) ;
#3757 = CIRCLE ( 'NONE', #5050, 0.2499999999999994449 ) ;
#3758 = DIRECTION ( 'NONE',  ( 0.000000000000000000, -1.000000000000000000, 0.000000000000000000 ) ) ;
#3759 = DIRECTION ( 'NONE',  ( -0.000000000000000000, 1.000000000000000000, -0.000000000000000000 ) ) ;
#3760 = CARTESIAN_POINT ( 'NONE',  ( -11.29452352656009317, 4.000000000000000000, -12.70565772827131745 ) ) ;
#3761 = ORIENTED_EDGE ( 'NONE', *, *, #2802, .F. ) ;
#3762 = CARTESIAN_POINT ( 'NONE',  ( -17.20504506665149336, 4.520819503231891190, 3.005997586711820713 ) ) ;
#3763 = DIRECTION ( 'NONE',  ( 0.000000000000000000, 0.000000000000000000, 1.000000000000000000 ) ) ;
#3764 =( BOUNDED_CURVE ( )  B_SPLINE_CURVE ( 3, ( #2429, #3815, #4220, #712 ),
 .UNSPECIFIED., .F., .T. ) 
 B_SPLINE_CURVE_WITH_KNOTS ( ( 4, 4 ),
 ( 0.3485670870932405241, 0.5229266549113712470 ),
 .UNSPECIFIED. ) 
 CURVE ( )  GEOMETRIC_REPRESENTATION_ITEM ( )  RATIONAL_B_SPLINE_CURVE ( ( 1.000000000000000000, 0.9974681659300649317, 0.9974681659300649317, 1.000000000000000000 ) ) 
 REPRESENTATION_ITEM ( '' )  );
#3765 = ORIENTED_EDGE ( 'NONE', *, *, #986, .T. ) ;
#3766 = CARTESIAN_POINT ( 'NONE',  ( 19.99085381633107872, 5.000000000000000000, -2.874825503252904202 ) ) ;
#3767 = EDGE_LOOP ( 'NONE', ( #1779, #3574, #133, #3126 ) ) ;
#3768 = CARTESIAN_POINT ( 'NONE',  ( -18.47520861406802339, 5.000000000000001776, -5.060722121622122388E-15 ) ) ;
#3769 = CIRCLE ( 'NONE', #582, 0.7500000000000006661 ) ;
#3770 = EDGE_CURVE ( 'NONE', #152, #2585, #442, .T. ) ;
#3771 = DIRECTION ( 'NONE',  ( -0.000000000000000000, 1.000000000000000000, -0.000000000000000000 ) ) ;
#3772 = CIRCLE ( 'NONE', #4516, 0.2499999999999986122 ) ;
#3773 = DIRECTION ( 'NONE',  ( -0.000000000000000000, -1.000000000000000000, 0.000000000000000000 ) ) ;
#3774 = ORIENTED_EDGE ( 'NONE', *, *, #3340, .T. ) ;
#3775 = CARTESIAN_POINT ( 'NONE',  ( -11.89999999999999858, 5.000000000000000000, 1.700000000000000844 ) ) ;
#3776 = CARTESIAN_POINT ( 'NONE',  ( 5.379378014047091483, 4.763083989060735490, 16.08428360971524285 ) ) ;
#3777 = ADVANCED_FACE ( 'NONE', ( #19 ), #2181, .T. ) ;
#3778 = VECTOR ( 'NONE', #1945, 1000.000000000000227 ) ;
#3779 = CARTESIAN_POINT ( 'NONE',  ( -16.64479437256714789, 4.766373019121067145, 3.256329899618979340 ) ) ;
#3780 = FACE_OUTER_BOUND ( 'NONE', #3654, .T. ) ;
#3781 = EDGE_LOOP ( 'NONE', ( #1118, #1326, #3098, #1879 ) ) ;
#3782 = ORIENTED_EDGE ( 'NONE', *, *, #3528, .T. ) ;
#3783 = CARTESIAN_POINT ( 'NONE',  ( 16.65087737876565299, 3.995326637881657650, -3.428791314053725614 ) ) ;
#3784 = PERSON_AND_ORGANIZATION ( #230, #5683 ) ;
#3785 = ORIENTED_EDGE ( 'NONE', *, *, #271, .F. ) ;
#3786 = CARTESIAN_POINT ( 'NONE',  ( 19.22213885455309068, 4.000000000000000000, 3.389381706982200981 ) ) ;
#3787 = EDGE_CURVE ( 'NONE', #4906, #1636, #2683, .T. ) ;
#3788 = CARTESIAN_POINT ( 'NONE',  ( 5.379378014046819700, 4.763083989060734602, -16.08428360971532811 ) ) ;
#3789 = PLANE ( 'NONE',  #2182 ) ;
#3790 = CARTESIAN_POINT ( 'NONE',  ( 11.19389073660940248, 4.683946675189657682, 13.39612306194656810 ) ) ;
#3791 = DIRECTION ( 'NONE',  ( 1.581383788144378693E-16, -0.000000000000000000, 1.000000000000000000 ) ) ;
#3792 = ORIENTED_EDGE ( 'NONE', *, *, #5291, .T. ) ;
#3793 = CARTESIAN_POINT ( 'NONE',  ( -5.379378014046931611, 4.763083989060735490, 16.08428360971529258 ) ) ;
#3794 = CARTESIAN_POINT ( 'NONE',  ( 11.07425666574146561, 5.000000000000000000, 12.51385921632472176 ) ) ;
#3795 = DIRECTION ( 'NONE',  ( -0.000000000000000000, 1.000000000000000000, -0.000000000000000000 ) ) ;
#3796 = EDGE_CURVE ( 'NONE', #2218, #1694, #2612, .T. ) ;
#3797 = ORIENTED_EDGE ( 'NONE', *, *, #4771, .F. ) ;
#3798 = CARTESIAN_POINT ( 'NONE',  ( 19.44424648242137010, 4.762114405148208718, -3.387988400822901980 ) ) ;
#3799 = CARTESIAN_POINT ( 'NONE',  ( -16.65068412775307749, 4.000000000000000000, 3.428515433506427179 ) ) ;
#3800 = CARTESIAN_POINT ( 'NONE',  ( 0.000000000000000000, 0.000000000000000000, 0.000000000000000000 ) ) ;
#3801 = CARTESIAN_POINT ( 'NONE',  ( -17.21924957210175222, 4.175224291363955231, 3.026893506761196839 ) ) ;
#3802 = ORIENTED_EDGE ( 'NONE', *, *, #4982, .T. ) ;
#3803 = CARTESIAN_POINT ( 'NONE',  ( -13.50000000000000000, -1.734723475976807094E-15, 1.830590527989727547E-15 ) ) ;
#3804 = CARTESIAN_POINT ( 'NONE',  ( -12.33383238466046983, 5.000000000000000000, 15.14950278263864369 ) ) ;
#3805 = CARTESIAN_POINT ( 'NONE',  ( 12.86377394114559181, 4.000000000000000888, 15.71928995685528996 ) ) ;
#3806 = CARTESIAN_POINT ( 'NONE',  ( -13.50000000000000000, 5.000000000000000000, -1.699999999999997513 ) ) ;
#3807 = DIRECTION ( 'NONE',  ( -0.6427876096865378086, 0.000000000000000000, 0.7660444431189793457 ) ) ;
#3808 = ORIENTED_EDGE ( 'NONE', *, *, #1745, .F. ) ;
#3809 = ORIENTED_EDGE ( 'NONE', *, *, #3814, .F. ) ;
#3810 = EDGE_CURVE ( 'NONE', #2003, #2967, #1547, .T. ) ;
#3811 = CARTESIAN_POINT ( 'NONE',  ( 7.658930804738180775, 4.750000000000000000, 18.99999999999999645 ) ) ;
#3812 = ORIENTED_EDGE ( 'NONE', *, *, #1789, .T. ) ;
#3813 = CARTESIAN_POINT ( 'NONE',  ( -11.23099145745620753, 4.175224291363956119, -13.39886081016387465 ) ) ;
#3814 = EDGE_CURVE ( 'NONE', #793, #2769, #1986, .T. ) ;
#3815 = CARTESIAN_POINT ( 'NONE',  ( 19.30073009511529492, 4.762807290509758040, -3.362645716803810636 ) ) ;
#3816 = LINE ( 'NONE', #1581, #5634 ) ;
#3817 = CARTESIAN_POINT ( 'NONE',  ( -16.60692055752434726, 5.000000000000000000, 3.380986790240610329 ) ) ;
#3818 = EDGE_LOOP ( 'NONE', ( #4275, #1841, #5606, #2163 ) ) ;
#3819 = CARTESIAN_POINT ( 'NONE',  ( -17.23842266610771645, 5.000000000000000000, 2.745481798442604315 ) ) ;
#3820 = CARTESIAN_POINT ( 'NONE',  ( -6.002815398691761395, 4.763083989060735490, -16.37567232841103859 ) ) ;
#3821 = CARTESIAN_POINT ( 'NONE',  ( 20.07960752066861687, 4.000000000000000000, -3.221099578159822840 ) ) ;
#3822 = ORIENTED_EDGE ( 'NONE', *, *, #4276, .F. ) ;
#3823 = ADVANCED_FACE ( 'NONE', ( #1355 ), #430, .F. ) ;
#3824 = CARTESIAN_POINT ( 'NONE',  ( -7.615067198594428710, 3.963507849820004036, -18.99999999999999645 ) ) ;
#3825 = CARTESIAN_POINT ( 'NONE',  ( -12.51971220063317070, 5.000000000000000000, -15.71905867677235769 ) ) ;
#3826 = CYLINDRICAL_SURFACE ( 'NONE', #2115, 0.2499999999999995004 ) ;
#3827 =( BOUNDED_CURVE ( )  B_SPLINE_CURVE ( 3, ( #2676, #4460, #2085, #770 ),
 .UNSPECIFIED., .F., .T. ) 
 B_SPLINE_CURVE_WITH_KNOTS ( ( 4, 4 ),
 ( 4.712388980384692339, 5.934618220086322893 ),
 .UNSPECIFIED. ) 
 CURVE ( )  GEOMETRIC_REPRESENTATION_ITEM ( )  RATIONAL_B_SPLINE_CURVE ( ( 1.000000000000000000, 0.8793393195858281164, 0.8793393195858281164, 1.000000000000000000 ) ) 
 REPRESENTATION_ITEM ( '' )  );
#3828 = VECTOR ( 'NONE', #355, 1000.000000000000000 ) ;
#3829 = CARTESIAN_POINT ( 'NONE',  ( 7.658930804738180775, 5.000000000000000000, 18.74999999999999645 ) ) ;
#3830 = ORIENTED_EDGE ( 'NONE', *, *, #4800, .F. ) ;
#3831 = CARTESIAN_POINT ( 'NONE',  ( 6.952938072137925474, 5.000000000000000000, 18.25616356245450334 ) ) ;
#3832 = CARTESIAN_POINT ( 'NONE',  ( 5.881500845573361502, 5.000000000000000000, -16.14985167815480693 ) ) ;
#3833 = CARTESIAN_POINT ( 'NONE',  ( 10.39230484541325872, 0.2500000000000002220, -18.00000000000000000 ) ) ;
#3834 = CARTESIAN_POINT ( 'NONE',  ( 9.237604307034002815, 5.000000000000001776, 15.99999999999998934 ) ) ;
#3835 = CARTESIAN_POINT ( 'NONE',  ( -19.35870882065983167, 4.762465347770629798, -3.367735020372830235 ) ) ;
#3836 = EDGE_LOOP ( 'NONE', ( #5699, #5239, #1394, #1673 ) ) ;
#3837 = ORIENTED_EDGE ( 'NONE', *, *, #885, .T. ) ;
#3838 = DATE_AND_TIME ( #2842, #4648 ) ;
#3839 = VERTEX_POINT ( 'NONE', #1275 ) ;
#3840 = FACE_OUTER_BOUND ( 'NONE', #616, .T. ) ;
#3841 = EDGE_CURVE ( 'NONE', #5361, #1754, #4774, .T. ) ;
#3842 = LINE ( 'NONE', #4188, #3961 ) ;
#3843 = CARTESIAN_POINT ( 'NONE',  ( -5.379378014047197176, 4.763083989060734602, -16.08428360971521087 ) ) ;
#3844 = CARTESIAN_POINT ( 'NONE',  ( -16.70789247938159150, 5.000000000000000000, 3.130629423617565354 ) ) ;
#3845 = ORIENTED_EDGE ( 'NONE', *, *, #765, .F. ) ;
#3846 = CARTESIAN_POINT ( 'NONE',  ( -5.300191647848430776, 5.000000000000000000, 15.84751720872365155 ) ) ;
#3847 = CARTESIAN_POINT ( 'NONE',  ( 20.06744172332716758, 5.000000000000000000, -2.742171357269794552 ) ) ;
#3848 = DIRECTION ( 'NONE',  ( 0.4999999999999993339, 0.000000000000000000, -0.8660254037844390407 ) ) ;
#3849 = AXIS2_PLACEMENT_3D ( 'NONE', #5687, #3004, #1760 ) ;
#3850 = EDGE_CURVE ( 'NONE', #5118, #2576, #2595, .T. ) ;
#3851 = ORIENTED_EDGE ( 'NONE', *, *, #2855, .T. ) ;
#3852 = CARTESIAN_POINT ( 'NONE',  ( 12.62501726953519032, 5.000000000000000888, -16.13282864273053718 ) ) ;
#3853 = CIRCLE ( 'NONE', #2073, 0.2499999999999994726 ) ;
#3854 = DIRECTION ( 'NONE',  ( -0.05568465954711022958, -0.9984484056230058524, 1.761176357122785260E-17 ) ) ;
#3855 = CARTESIAN_POINT ( 'NONE',  ( 13.50000000000000000, 2.850000000000000089, 3.349999999999998757 ) ) ;
#3856 = CIRCLE ( 'NONE', #1788, 0.7500000000000000000 ) ;
#3857 = EDGE_CURVE ( 'NONE', #5551, #391, #360, .T. ) ;
#3858 = CARTESIAN_POINT ( 'NONE',  ( -12.61293457106304317, 5.183295314126215914, -16.15375649037683559 ) ) ;
#3859 = EDGE_LOOP ( 'NONE', ( #74, #5249, #4985, #5589 ) ) ;
#3860 = FACE_OUTER_BOUND ( 'NONE', #5058, .T. ) ;
#3861 = CARTESIAN_POINT ( 'NONE',  ( -16.85662914978269100, 4.999999999999999112, -2.770960844589660965 ) ) ;
#3862 = AXIS2_PLACEMENT_3D ( 'NONE', #5483, #4134, #1004 ) ;
#3863 = DIRECTION ( 'NONE',  ( 0.000000000000000000, 0.000000000000000000, 1.000000000000000000 ) ) ;
#3864 = CARTESIAN_POINT ( 'NONE',  ( 6.241554349974893334, 5.000000000000000000, 16.30165284924401803 ) ) ;
#3865 = LINE ( 'NONE', #1988, #5137 ) ;
#3866 = VERTEX_POINT ( 'NONE', #5776 ) ;
#3867 = CIRCLE ( 'NONE', #1801, 1.249999999999987121 ) ;
#3868 = VERTEX_POINT ( 'NONE', #3564 ) ;
#3869 = VERTEX_POINT ( 'NONE', #1769 ) ;
#3870 = CARTESIAN_POINT ( 'NONE',  ( -6.007604185911795902, 4.783564787012069885, -16.38569113853516512 ) ) ;
#3871 = VECTOR ( 'NONE', #2786, 1000.000000000000000 ) ;
#3872 = CARTESIAN_POINT ( 'NONE',  ( 12.86377394114549588, 4.000000000000000000, -15.71928995685545694 ) ) ;
#3873 = CARTESIAN_POINT ( 'NONE',  ( 17.20158500966809001, 4.604809290093002438, 3.000917863500482063 ) ) ;
#3874 = FACE_OUTER_BOUND ( 'NONE', #4094, .T. ) ;
#3875 = CARTESIAN_POINT ( 'NONE',  ( -11.06266020105170433, 4.768243088545593977, -13.16544302380394171 ) ) ;
#3876 = VERTEX_POINT ( 'NONE', #2121 ) ;
#3877 = ADVANCED_FACE ( 'NONE', ( #2149 ), #3942, .T. ) ;
#3878 = CARTESIAN_POINT ( 'NONE',  ( -13.50000000000000000, 2.850000000000000089, -3.349999999999997424 ) ) ;
#3879 = CARTESIAN_POINT ( 'NONE',  ( -11.14229434462224155, 4.766378674295096651, 12.78679743822167758 ) ) ;
#3880 = FACE_OUTER_BOUND ( 'NONE', #3488, .T. ) ;
#3881 = CARTESIAN_POINT ( 'NONE',  ( 12.77312766969197000, 4.755665143279752094, -15.74807564374167868 ) ) ;
#3882 = EDGE_CURVE ( 'NONE', #2003, #5054, #4842, .T. ) ;
#3883 = CARTESIAN_POINT ( 'NONE',  ( 21.43412874366484644, 4.750000000000000000, -0.3750000000000177636 ) ) ;
#3884 = AXIS2_PLACEMENT_3D ( 'NONE', #2138, #4801, #3110 ) ;
#3885 = CARTESIAN_POINT ( 'NONE',  ( 6.006953148797689046, 4.763083989060734602, -16.38704070339561980 ) ) ;
#3886 = ORIENTED_EDGE ( 'NONE', *, *, #3021, .F. ) ;
#3887 = CARTESIAN_POINT ( 'NONE',  ( 9.237604307034002815, -1.734723475976807094E-15, 17.24999999999998579 ) ) ;
#3888 = ADVANCED_FACE ( 'NONE', ( #4031 ), #546, .T. ) ;
#3889 = CARTESIAN_POINT ( 'NONE',  ( 6.006953148797688158, 4.763083989060735490, -16.38704070339561625 ) ) ;
#3890 = CARTESIAN_POINT ( 'NONE',  ( 11.16053125360580367, 4.000000000000000000, 13.30060321674469570 ) ) ;
#3891 = CARTESIAN_POINT ( 'NONE',  ( -6.718336870961140406, 4.763083989060735490, -18.34155141660601274 ) ) ;
#3892 = CARTESIAN_POINT ( 'NONE',  ( 6.158076064641794467, 4.999999999999998224, 16.12705832506440728 ) ) ;
#3893 = EDGE_LOOP ( 'NONE', ( #5023, #2608, #3448, #890 ) ) ;
#3894 = VERTEX_POINT ( 'NONE', #4111 ) ;
#3895 = EDGE_CURVE ( 'NONE', #910, #852, #5010, .T. ) ;
#3896 = AXIS2_PLACEMENT_3D ( 'NONE', #4200, #5638, #3362 ) ;
#3897 = VERTEX_POINT ( 'NONE', #1382 ) ;
#3898 = DIRECTION ( 'NONE',  ( 0.9848077530122080203, 0.000000000000000000, 0.1736481776669306087 ) ) ;
#3899 = TOROIDAL_SURFACE ( 'NONE', #1836, 0.7500000000000000000, 0.2500000000000000000 ) ;
#3900 = LINE ( 'NONE', #5244, #2089 ) ;
#3901 = LINE ( 'NONE', #1759, #5266 ) ;
#3902 = CARTESIAN_POINT ( 'NONE',  ( 17.19422687749299783, 4.783564787009150443, 2.990107728386611985 ) ) ;
#3903 = CARTESIAN_POINT ( 'NONE',  ( 11.89999999999999858, 5.000000000000000000, 3.349999999999998757 ) ) ;
#3904 = VERTEX_POINT ( 'NONE', #980 ) ;
#3905 = CARTESIAN_POINT ( 'NONE',  ( 19.22213885455300542, 4.000000000000000000, -3.389381706982371956 ) ) ;
#3906 = CARTESIAN_POINT ( 'NONE',  ( 6.002815398691645932, 4.763083989060735490, 16.37567232841107767 ) ) ;
#3907 = CARTESIAN_POINT ( 'NONE',  ( 10.87297305539716064, 5.000000000000000000, -13.40851834026696032 ) ) ;
#3908 = LOCAL_TIME ( 9, 39, 18.00000000000000000, #151 ) ;
#3909 = LINE ( 'NONE', #1710, #3235 ) ;
#3910 = CARTESIAN_POINT ( 'NONE',  ( 19.24557396487809413, 5.000000000000000000, -3.340297695474730766 ) ) ;
#3911 = EDGE_LOOP ( 'NONE', ( #1381, #3926, #4075, #4894 ) ) ;
#3912 = CARTESIAN_POINT ( 'NONE',  ( 7.005255311552086361, 5.000000000000000000, -18.39990399612888794 ) ) ;
#3913 = CARTESIAN_POINT ( 'NONE',  ( 12.72705531797660150, 4.752838769551266829, 15.95609355852484512 ) ) ;
#3914 = EDGE_CURVE ( 'NONE', #3957, #4114, #4910, .T. ) ;
#3915 = CARTESIAN_POINT ( 'NONE',  ( 5.982681243818439576, 4.000000000000000000, -16.43728162518641156 ) ) ;
#3916 = LINE ( 'NONE', #5698, #1620 ) ;
#3917 = EDGE_LOOP ( 'NONE', ( #1359, #666, #5403, #2262 ) ) ;
#3918 = CARTESIAN_POINT ( 'NONE',  ( 18.47520861406801984, -1.734723475976807094E-15, -1.250000000000013323 ) ) ;
#3919 = FACE_OUTER_BOUND ( 'NONE', #5528, .T. ) ;
#3920 = CIRCLE ( 'NONE', #4757, 1.249999999999987121 ) ;
#3921 = CARTESIAN_POINT ( 'NONE',  ( 13.50000000000000178, 5.000000000000000000, 3.350000000000075140 ) ) ;
#3922 = EDGE_CURVE ( 'NONE', #3033, #1780, #3151, .T. ) ;
#3923 = CARTESIAN_POINT ( 'NONE',  ( -20.18001733862592317, 5.000000000000000000, -3.041537861850601931 ) ) ;
#3924 = CARTESIAN_POINT ( 'NONE',  ( -20.10066390960438554, 4.755099093071766703, -3.184628842699105178 ) ) ;
#3925 = ORIENTED_EDGE ( 'NONE', *, *, #406, .F. ) ;
#3926 = ORIENTED_EDGE ( 'NONE', *, *, #5292, .T. ) ;
#3927 = ORIENTED_EDGE ( 'NONE', *, *, #627, .F. ) ;
#3928 = DIRECTION ( 'NONE',  ( -0.000000000000000000, 1.000000000000000000, -0.000000000000000000 ) ) ;
#3929 = AXIS2_PLACEMENT_3D ( 'NONE', #1449, #3249, #4616 ) ;
#3930 = EDGE_CURVE ( 'NONE', #2376, #1193, #4164, .T. ) ;
#3931 = EDGE_CURVE ( 'NONE', #5361, #2568, #382, .T. ) ;
#3932 = CARTESIAN_POINT ( 'NONE',  ( -13.50000000000000000, -1.734723475976807094E-15, 1.700000000000000178 ) ) ;
#3933 = CARTESIAN_POINT ( 'NONE',  ( 11.25833024919770509, 0.2500000000000002220, 18.49999999999999645 ) ) ;
#3934 = FACE_OUTER_BOUND ( 'NONE', #3947, .T. ) ;
#3935 = LINE ( 'NONE', #3032, #2436 ) ;
#3936 = CARTESIAN_POINT ( 'NONE',  ( 5.364018430792574677, 4.258073451112883490, 16.11731386722076564 ) ) ;
#3937 = FACE_OUTER_BOUND ( 'NONE', #3320, .T. ) ;
#3938 = CARTESIAN_POINT ( 'NONE',  ( 17.23842266610773066, 5.000000000000000000, 2.745481798442562571 ) ) ;
#3939 = CARTESIAN_POINT ( 'NONE',  ( 19.28677045679822655, 5.000000000000000000, -3.106660779816059481 ) ) ;
#3940 = B_SPLINE_CURVE_WITH_KNOTS ( 'NONE', 3,
 ( #4108, #4189, #3705, #1877, #5565, #2877 ),
 .UNSPECIFIED., .F., .F.,
 ( 4, 2, 4 ),
 ( 0.000000000000000000, 0.0003837252277095566850, 0.0007674504554191133700 ),
 .UNSPECIFIED. ) ;
#3941 = ORIENTED_EDGE ( 'NONE', *, *, #4901, .T. ) ;
#3942 = PLANE ( 'NONE',  #4167 ) ;
#3943 = AXIS2_PLACEMENT_3D ( 'NONE', #2856, #1158, #5134 ) ;
#3944 = CARTESIAN_POINT ( 'NONE',  ( 5.988258114645362618, 4.175224291363954343, -16.42575431692509724 ) ) ;
#3945 = AXIS2_PLACEMENT_3D ( 'NONE', #1621, #3328, #1650 ) ;
#3946 = CYLINDRICAL_SURFACE ( 'NONE', #2092, 3.349999999999998757 ) ;
#3947 = EDGE_LOOP ( 'NONE', ( #45, #1227, #4732, #202 ) ) ;
#3948 = CARTESIAN_POINT ( 'NONE',  ( 7.454854707855669282, 4.752838769551005704, 18.99999999999999645 ) ) ;
#3949 = CARTESIAN_POINT ( 'NONE',  ( 17.18315593979966849, 4.763083989060735490, 2.989245534710239571 ) ) ;
#3950 = ADVANCED_FACE ( 'NONE', ( #4522 ), #3240, .T. ) ;
#3951 = FACE_OUTER_BOUND ( 'NONE', #17, .T. ) ;
#3952 =( BOUNDED_CURVE ( )  B_SPLINE_CURVE ( 3, ( #2634, #930, #2691, #4475 ),
 .UNSPECIFIED., .F., .T. ) 
 B_SPLINE_CURVE_WITH_KNOTS ( ( 4, 4 ),
 ( 0.3485670870932413012, 1.570796326794896780 ),
 .UNSPECIFIED. ) 
 CURVE ( )  GEOMETRIC_REPRESENTATION_ITEM ( )  RATIONAL_B_SPLINE_CURVE ( ( 1.000000000000000000, 0.8793393195858234535, 0.8793393195858234535, 1.000000000000000000 ) ) 
 REPRESENTATION_ITEM ( '' )  );
#3953 = LINE ( 'NONE', #4015, #78 ) ;
#3954 = AXIS2_PLACEMENT_3D ( 'NONE', #3099, #2191, #5322 ) ;
#3955 = ORIENTED_EDGE ( 'NONE', *, *, #656, .F. ) ;
#3956 = ORIENTED_EDGE ( 'NONE', *, *, #4847, .T. ) ;
#3957 = VERTEX_POINT ( 'NONE', #4950 ) ;
#3958 = ADVANCED_FACE ( 'NONE', ( #2321 ), #5400, .F. ) ;
#3959 = LINE ( 'NONE', #324, #1571 ) ;
#3960 = CARTESIAN_POINT ( 'NONE',  ( 16.61908721471059991, 4.763083989060735490, 3.383463788133442396 ) ) ;
#3961 = VECTOR ( 'NONE', #1056, 1000.000000000000000 ) ;
#3962 = ORIENTED_EDGE ( 'NONE', *, *, #3042, .F. ) ;
#3963 = CARTESIAN_POINT ( 'NONE',  ( -10.93397706287888305, 3.970742523295502036, -13.02822102453261799 ) ) ;
#3964 = DIRECTION ( 'NONE',  ( 0.000000000000000000, -1.000000000000000000, -0.000000000000000000 ) ) ;
#3965 = CARTESIAN_POINT ( 'NONE',  ( -11.14246160245640915, 4.766373019121067145, -12.78664981760194763 ) ) ;
#3966 = ORIENTED_EDGE ( 'NONE', *, *, #2332, .T. ) ;
#3967 = EDGE_CURVE ( 'NONE', #1288, #3618, #1880, .T. ) ;
#3968 = CARTESIAN_POINT ( 'NONE',  ( -16.67679839444964784, 4.000000000000000000, -3.301690743804579498 ) ) ;
#3969 = CARTESIAN_POINT ( 'NONE',  ( -11.89999999999999858, 5.000000000000000000, -3.349999999999997868 ) ) ;
#3970 = CIRCLE ( 'NONE', #2941, 0.2499999999999994726 ) ;
#3971 = VECTOR ( 'NONE', #5114, 1000.000000000000000 ) ;
#3972 = AXIS2_PLACEMENT_3D ( 'NONE', #1100, #5075, #4615 ) ;
#3973 = DIRECTION ( 'NONE',  ( 0.000000000000000000, 1.000000000000000000, 0.000000000000000000 ) ) ;
#3974 = CARTESIAN_POINT ( 'NONE',  ( -13.50000000000000000, -1.734723475976807094E-15, 1.700000000000000178 ) ) ;
#3975 = ORIENTED_EDGE ( 'NONE', *, *, #2054, .T. ) ;
#3976 = CC_DESIGN_DATE_AND_TIME_ASSIGNMENT ( #1957, #1512, ( #1282 ) ) ;
#3977 = CARTESIAN_POINT ( 'NONE',  ( 7.658930804738180775, 4.750000000000000000, 18.99999999999999645 ) ) ;
#3978 = EDGE_CURVE ( 'NONE', #3736, #4520, #66, .T. ) ;
#3979 = ORIENTED_EDGE ( 'NONE', *, *, #3176, .T. ) ;
#3980 = CARTESIAN_POINT ( 'NONE',  ( 16.72098024331996413, 4.768240051505141075, -3.142228188755606055 ) ) ;
#3981 = ORIENTED_EDGE ( 'NONE', *, *, #5517, .T. ) ;
#3982 = FACE_OUTER_BOUND ( 'NONE', #2779, .T. ) ;
#3983 = CARTESIAN_POINT ( 'NONE',  ( -10.99686831613291105, 5.000000000000000000, -13.55617105080147944 ) ) ;
#3984 = CIRCLE ( 'NONE', #56, 0.2500000000000006106 ) ;
#3985 = CARTESIAN_POINT ( 'NONE',  ( -20.02185136664375165, 5.000000000000000000, -3.183067016827285656 ) ) ;
#3986 =( BOUNDED_CURVE ( )  B_SPLINE_CURVE ( 3, ( #602, #5135, #5546, #5608 ),
 .UNSPECIFIED., .F., .T. ) 
 B_SPLINE_CURVE_WITH_KNOTS ( ( 4, 4 ),
 ( 0.3485670870932653931, 1.570796326794895226 ),
 .UNSPECIFIED. ) 
 CURVE ( )  GEOMETRIC_REPRESENTATION_ITEM ( )  RATIONAL_B_SPLINE_CURVE ( ( 1.000000000000000000, 0.8793393195858283384, 0.8793393195858283384, 1.000000000000000000 ) ) 
 REPRESENTATION_ITEM ( '' )  );
#3987 = CARTESIAN_POINT ( 'NONE',  ( 0.000000000000000000, 4.000000000000000000, 0.000000000000000000 ) ) ;
#3988 = ORIENTED_EDGE ( 'NONE', *, *, #618, .T. ) ;
#3989 = ORIENTED_EDGE ( 'NONE', *, *, #2132, .T. ) ;
#3990 = VERTEX_POINT ( 'NONE', #4980 ) ;
#3991 = FACE_OUTER_BOUND ( 'NONE', #4265, .T. ) ;
#3992 = CARTESIAN_POINT ( 'NONE',  ( 16.60692055752435081, 5.000000000000000000, 3.380986790240560147 ) ) ;
#3993 = ADVANCED_FACE ( 'NONE', ( #949 ), #3212, .F. ) ;
#3994 = ORIENTED_EDGE ( 'NONE', *, *, #3400, .T. ) ;
#3995 = DIRECTION ( 'NONE',  ( 0.000000000000000000, 0.000000000000000000, 1.000000000000000000 ) ) ;
#3996 = CARTESIAN_POINT ( 'NONE',  ( -10.99686831613291460, 5.000000000000000000, -13.55617105080148299 ) ) ;
#3997 = ORIENTED_EDGE ( 'NONE', *, *, #3358, .F. ) ;
#3998 = CARTESIAN_POINT ( 'NONE',  ( -6.028592090584904639, 5.000000000000000000, -15.98374948817985874 ) ) ;
#3999 = VECTOR ( 'NONE', #2004, 1000.000000000000000 ) ;
#4000 = ADVANCED_FACE ( 'NONE', ( #1150 ), #2201, .F. ) ;
#4001 = PLANE ( 'NONE',  #5663 ) ;
#4002 =( BOUNDED_CURVE ( )  B_SPLINE_CURVE ( 3, ( #3905, #1674, #3477, #3034 ),
 .UNSPECIFIED., .F., .T. ) 
 B_SPLINE_CURVE_WITH_KNOTS ( ( 4, 4 ),
 ( 0.3485670870932487397, 0.5229266549113783524 ),
 .UNSPECIFIED. ) 
 CURVE ( )  GEOMETRIC_REPRESENTATION_ITEM ( )  RATIONAL_B_SPLINE_CURVE ( ( 1.000000000000000000, 0.9974681659300649317, 0.9974681659300649317, 1.000000000000000000 ) ) 
 REPRESENTATION_ITEM ( '' )  );
#4003 = CARTESIAN_POINT ( 'NONE',  ( 11.14246160245640915, 4.766373019121067145, 12.78664981760195118 ) ) ;
#4004 = VERTEX_POINT ( 'NONE', #716 ) ;
#4005 = CARTESIAN_POINT ( 'NONE',  ( 11.06272375640843819, 4.768239840018113185, -13.16579581672718824 ) ) ;
#4006 = EDGE_CURVE ( 'NONE', #506, #4205, #3337, .T. ) ;
#4007 = EDGE_CURVE ( 'NONE', #736, #5301, #3384, .T. ) ;
#4008 = EDGE_LOOP ( 'NONE', ( #5271, #2125, #3495, #2810 ) ) ;
#4009 = DIRECTION ( 'NONE',  ( -0.000000000000000000, 1.000000000000000000, -0.000000000000000000 ) ) ;
#4010 = ORIENTED_EDGE ( 'NONE', *, *, #1021, .T. ) ;
#4011 = CARTESIAN_POINT ( 'NONE',  ( 17.20158500966806514, 4.604809290093001550, -3.000917863500647265 ) ) ;
#4012 = CARTESIAN_POINT ( 'NONE',  ( -10.83785830239419035, 5.000000000000000000, -12.82729941564090659 ) ) ;
#4013 = B_SPLINE_CURVE_WITH_KNOTS ( 'NONE', 3,
 ( #156, #1849, #44, #1817, #3647, #3615 ),
 .UNSPECIFIED., .F., .F.,
 ( 4, 2, 4 ),
 ( 0.000000000000000000, 0.0003829498214514798042, 0.0007658996429029596084 ),
 .UNSPECIFIED. ) ;
#4014 = FACE_OUTER_BOUND ( 'NONE', #474, .T. ) ;
#4015 = CARTESIAN_POINT ( 'NONE',  ( 7.672873603192298830, 5.000000000000000000, -18.75000000000000000 ) ) ;
#4016 = AXIS2_PLACEMENT_3D ( 'NONE', #2605, #4416, #2221 ) ;
#4017 = ORIENTED_EDGE ( 'NONE', *, *, #406, .T. ) ;
#4018 = ORIENTED_EDGE ( 'NONE', *, *, #2116, .T. ) ;
#4019 = ORIENTED_EDGE ( 'NONE', *, *, #2559, .F. ) ;
#4020 = CARTESIAN_POINT ( 'NONE',  ( 12.62501726953519388, 4.750000000000000000, -16.13282864273053718 ) ) ;
#4021 = VECTOR ( 'NONE', #2052, 1000.000000000000000 ) ;
#4022 = DIRECTION ( 'NONE',  ( -0.000000000000000000, -1.000000000000000000, -0.000000000000000000 ) ) ;
#4023 = ORIENTED_EDGE ( 'NONE', *, *, #3841, .F. ) ;
#4024 = CARTESIAN_POINT ( 'NONE',  ( -7.614926690484760563, 3.960988482740862349, -17.99999999999999645 ) ) ;
#4025 = DIRECTION ( 'NONE',  ( 0.8660254037844395958, 0.000000000000000000, 0.4999999999999985567 ) ) ;
#4026 = CARTESIAN_POINT ( 'NONE',  ( -17.23842266610773066, 5.000000000000000000, -2.745481798442562571 ) ) ;
#4027 = EDGE_CURVE ( 'NONE', #2413, #1628, #2880, .T. ) ;
#4028 = CARTESIAN_POINT ( 'NONE',  ( 0.000000000000000000, 4.750000000000000000, 0.000000000000000000 ) ) ;
#4029 = DIRECTION ( 'NONE',  ( 0.000000000000000000, 0.000000000000000000, 1.000000000000000000 ) ) ;
#4030 = ORIENTED_EDGE ( 'NONE', *, *, #849, .F. ) ;
#4031 = FACE_OUTER_BOUND ( 'NONE', #4852, .T. ) ;
#4032 = EDGE_CURVE ( 'NONE', #4899, #2445, #2032, .T. ) ;
#4033 = VERTEX_POINT ( 'NONE', #4311 ) ;
#4034 = LINE ( 'NONE', #4497, #4707 ) ;
#4035 = VERTEX_POINT ( 'NONE', #3819 ) ;
#4036 = FACE_OUTER_BOUND ( 'NONE', #3142, .T. ) ;
#4037 = CARTESIAN_POINT ( 'NONE',  ( -11.23148072897011929, 5.000000000000000000, -12.69152168632583511 ) ) ;
#4038 = ADVANCED_FACE ( 'NONE', ( #303 ), #2795, .T. ) ;
#4039 = AXIS2_PLACEMENT_3D ( 'NONE', #913, #1025, #4025 ) ;
#4040 = CARTESIAN_POINT ( 'NONE',  ( 5.814342436536195535, 4.000000000000000000, -15.97477455336050767 ) ) ;
#4041 = CARTESIAN_POINT ( 'NONE',  ( -21.65063509461095137, 4.750000000000000000, 0.5000000000000144329 ) ) ;
#4042 = ORIENTED_EDGE ( 'NONE', *, *, #2937, .F. ) ;
#4043 = ORIENTED_EDGE ( 'NONE', *, *, #4552, .T. ) ;
#4044 = AXIS2_PLACEMENT_3D ( 'NONE', #199, #4292, #1564 ) ;
#4045 = CARTESIAN_POINT ( 'NONE',  ( -16.52805096820838315, 5.000000000000000000, -2.971807732700355587 ) ) ;
#4046 = CARTESIAN_POINT ( 'NONE',  ( 16.93327551652882335, 4.768239840018113185, 2.997701899735879305 ) ) ;
#4047 = ORIENTED_EDGE ( 'NONE', *, *, #2972, .T. ) ;
#4048 = DIRECTION ( 'NONE',  ( -0.000000000000000000, -1.000000000000000000, -0.000000000000000000 ) ) ;
#4049 = ORIENTED_EDGE ( 'NONE', *, *, #2855, .F. ) ;
#4050 = CARTESIAN_POINT ( 'NONE',  ( -16.64001246520878752, 4.258073450335325028, -3.413280706222213468 ) ) ;
#4051 = AXIS2_PLACEMENT_3D ( 'NONE', #651, #3758, #1580 ) ;
#4052 = ADVANCED_FACE ( 'NONE', ( #5128 ), #3680, .T. ) ;
#4053 = DIRECTION ( 'NONE',  ( -0.5000000000000015543, 5.079622885990008374E-15, -0.8660254037844378194 ) ) ;
#4054 = EDGE_LOOP ( 'NONE', ( #926, #1726, #2668, #292 ) ) ;
#4055 = CARTESIAN_POINT ( 'NONE',  ( -6.952938072137730963, 5.000000000000000000, 18.25616356245450689 ) ) ;
#4056 = ORIENTED_EDGE ( 'NONE', *, *, #3006, .F. ) ;
#4057 = CARTESIAN_POINT ( 'NONE',  ( 12.72799656502201060, 5.000000000000000000, 15.34533095532411373 ) ) ;
#4058 = ORIENTED_EDGE ( 'NONE', *, *, #486, .T. ) ;
#4059 = EDGE_CURVE ( 'NONE', #1230, #2035, #2740, .T. ) ;
#4060 = DIRECTION ( 'NONE',  ( -0.02784232977355505581, -0.9984484056230057414, 0.04822432976888513245 ) ) ;
#4061 = ORIENTED_EDGE ( 'NONE', *, *, #3387, .T. ) ;
#4062 = CARTESIAN_POINT ( 'NONE',  ( 11.89999999999999858, 2.850000000000000089, 1.469576158976824785E-16 ) ) ;
#4063 = FACE_OUTER_BOUND ( 'NONE', #569, .T. ) ;
#4064 = DIRECTION ( 'NONE',  ( 0.3420201433256586654, 0.000000000000000000, -0.9396926207859119806 ) ) ;
#4065 = EDGE_CURVE ( 'NONE', #3876, #4650, #4882, .T. ) ;
#4066 = ORIENTED_EDGE ( 'NONE', *, *, #459, .F. ) ;
#4067 = ORIENTED_EDGE ( 'NONE', *, *, #3430, .F. ) ;
#4068 = DIRECTION ( 'NONE',  ( -0.1736481776669214494, 0.000000000000000000, 0.9848077530122096857 ) ) ;
#4069 = CARTESIAN_POINT ( 'NONE',  ( -16.64483858685687423, 4.766378674295149942, -3.256111239775693278 ) ) ;
#4070 = CARTESIAN_POINT ( 'NONE',  ( 12.64593146721681016, 4.000000000000000000, -16.09660418974626950 ) ) ;
#4071 = AXIS2_PLACEMENT_3D ( 'NONE', #1415, #983, #542 ) ;
#4072 = EDGE_CURVE ( 'NONE', #567, #3623, #1182, .T. ) ;
#4073 = EDGE_LOOP ( 'NONE', ( #4651, #3346, #3994, #2133 ) ) ;
#4074 = DIRECTION ( 'NONE',  ( 0.3420201433256728207, -0.000000000000000000, 0.9396926207859068736 ) ) ;
#4075 = ORIENTED_EDGE ( 'NONE', *, *, #3787, .T. ) ;
#4076 = DIRECTION ( 'NONE',  ( -0.3420201433256652712, 0.000000000000000000, 0.9396926207859097602 ) ) ;
#4077 = B_SPLINE_CURVE_WITH_KNOTS ( 'NONE', 3,
 ( #3915, #3944, #2536, #4321, #3043, #1219, #3885 ),
 .UNSPECIFIED., .F., .F.,
 ( 4, 3, 4 ),
 ( 0.000000000000000000, 0.0005270747513130794471, 0.0007651211997125604083 ),
 .UNSPECIFIED. ) ;
#4078 = CARTESIAN_POINT ( 'NONE',  ( 20.28394807427336133, 5.000000000000000000, 2.867171357269622689 ) ) ;
#4079 = ORIENTED_EDGE ( 'NONE', *, *, #4141, .T. ) ;
#4080 = CARTESIAN_POINT ( 'NONE',  ( 11.24410345575591741, 3.995326637729603281, -13.39981966018112303 ) ) ;
#4081 = ORIENTED_EDGE ( 'NONE', *, *, #3203, .F. ) ;
#4082 = CARTESIAN_POINT ( 'NONE',  ( 12.65620726405031071, 4.762114405148208718, 15.14521721081192140 ) ) ;
#4083 = CIRCLE ( 'NONE', #2864, 1.249999999999987121 ) ;
#4084 = AXIS2_PLACEMENT_3D ( 'NONE', #3402, #5554, #3279 ) ;
#4085 = ORIENTED_EDGE ( 'NONE', *, *, #4670, .T. ) ;
#4086 = DIRECTION ( 'NONE',  ( 0.7660444431189739056, 0.000000000000000000, -0.6427876096865442479 ) ) ;
#4087 = DIRECTION ( 'NONE',  ( 0.000000000000000000, 0.000000000000000000, -1.000000000000000000 ) ) ;
#4088 = LINE ( 'NONE', #3127, #4219 ) ;
#4089 = CARTESIAN_POINT ( 'NONE',  ( -11.89999999999999858, 2.850000000000000089, -1.699999999999998623 ) ) ;
#4090 = EDGE_CURVE ( 'NONE', #2785, #4033, #2177, .T. ) ;
#4091 = FACE_OUTER_BOUND ( 'NONE', #648, .T. ) ;
#4092 = CARTESIAN_POINT ( 'NONE',  ( 10.99686831613291105, 5.000000000000000000, 13.55617105080147944 ) ) ;
#4093 = EDGE_LOOP ( 'NONE', ( #4622, #5502, #4714, #4185 ) ) ;
#4094 = EDGE_LOOP ( 'NONE', ( #4547, #4690, #2753, #4540 ) ) ;
#4095 = DIRECTION ( 'NONE',  ( 0.000000000000000000, 0.000000000000000000, 1.000000000000000000 ) ) ;
#4096 = LINE ( 'NONE', #527, #1212 ) ;
#4097 = EDGE_CURVE ( 'NONE', #825, #5361, #5448, .T. ) ;
#4098 = CARTESIAN_POINT ( 'NONE',  ( -6.788039218371492822, 4.762114405148206941, -18.53320561163460312 ) ) ;
#4099 = EDGE_LOOP ( 'NONE', ( #1314, #2885, #5328, #3518 ) ) ;
#4100 = CARTESIAN_POINT ( 'NONE',  ( 11.22495303999624738, 4.258073441582371110, 13.39841936394162758 ) ) ;
#4101 = DIRECTION ( 'NONE',  ( -0.000000000000000000, 1.000000000000000000, -0.000000000000000000 ) ) ;
#4102 = VERTEX_POINT ( 'NONE', #362 ) ;
#4103 = CARTESIAN_POINT ( 'NONE',  ( -16.73860376465653488, 4.233548956975280220, -2.939038862538632113 ) ) ;
#4104 = EDGE_CURVE ( 'NONE', #4310, #1339, #4514, .T. ) ;
#4105 = AXIS2_PLACEMENT_3D ( 'NONE', #2815, #2366, #589 ) ;
#4106 = DIRECTION ( 'NONE',  ( 0.8660254037844363761, 0.000000000000000000, -0.5000000000000039968 ) ) ;
#4107 = ORIENTED_EDGE ( 'NONE', *, *, #4320, .F. ) ;
#4108 = CARTESIAN_POINT ( 'NONE',  ( -6.006953148798075404, 4.763083989060735490, -16.38704070339547769 ) ) ;
#4109 = CARTESIAN_POINT ( 'NONE',  ( -6.718336870960796681, 4.763083989060735490, 18.34155141660600918 ) ) ;
#4110 = ORIENTED_EDGE ( 'NONE', *, *, #4853, .T. ) ;
#4111 = CARTESIAN_POINT ( 'NONE',  ( 9.237604307034002815, 5.000000000000001776, 17.24999999999997868 ) ) ;
#4112 = ORIENTED_EDGE ( 'NONE', *, *, #231, .F. ) ;
#4113 = FACE_OUTER_BOUND ( 'NONE', #4726, .T. ) ;
#4114 = VERTEX_POINT ( 'NONE', #4835 ) ;
#4115 = CARTESIAN_POINT ( 'NONE',  ( 19.67183812372883978, 4.761015611334820541, 3.428177421459339680 ) ) ;
#4116 = CARTESIAN_POINT ( 'NONE',  ( -11.04182389825158062, 5.000000000000000000, 18.37500000000000355 ) ) ;
#4117 = DIRECTION ( 'NONE',  ( -1.000000000000000000, 0.000000000000000000, 3.162767576288758865E-16 ) ) ;
#4118 = ORIENTED_EDGE ( 'NONE', *, *, #2139, .F. ) ;
#4119 = ORIENTED_EDGE ( 'NONE', *, *, #3268, .T. ) ;
#4120 = ADVANCED_FACE ( 'NONE', ( #4372 ), #3406, .F. ) ;
#4121 = LINE ( 'NONE', #1808, #365 ) ;
#4122 = CIRCLE ( 'NONE', #1318, 1.249999999999987121 ) ;
#4123 = CARTESIAN_POINT ( 'NONE',  ( -7.454854707855785634, 4.752838769551272158, -18.99999999999999645 ) ) ;
#4124 = ORIENTED_EDGE ( 'NONE', *, *, #3, .F. ) ;
#4125 = VECTOR ( 'NONE', #3244, 1000.000000000000000 ) ;
#4126 = EDGE_CURVE ( 'NONE', #3990, #515, #4002, .T. ) ;
#4127 = CARTESIAN_POINT ( 'NONE',  ( 11.25712013590848670, 4.520819503248456606, 12.70236715135179040 ) ) ;
#4128 = AXIS2_PLACEMENT_3D ( 'NONE', #2412, #725, #259 ) ;
#4129 = PLANE ( 'NONE',  #762 ) ;
#4130 = ORIENTED_EDGE ( 'NONE', *, *, #1942, .F. ) ;
#4131 = CARTESIAN_POINT ( 'NONE',  ( 16.65068412775305262, 4.000000000000000000, -3.428515433506546639 ) ) ;
#4132 = EDGE_CURVE ( 'NONE', #4666, #880, #4588, .T. ) ;
#4133 = FACE_BOUND ( 'NONE', #5706, .T. ) ;
#4134 = DIRECTION ( 'NONE',  ( -0.6427876096865323685, 0.000000000000000000, 0.7660444431189837866 ) ) ;
#4135 = CARTESIAN_POINT ( 'NONE',  ( 19.28677045679831537, 5.000000000000000000, 3.106660779815888063 ) ) ;
#4136 = EDGE_LOOP ( 'NONE', ( #973, #4567 ) ) ;
#4137 = CARTESIAN_POINT ( 'NONE',  ( -5.832248541097722949, 4.496257923609091378, 15.94792952220263516 ) ) ;
#4138 = CIRCLE ( 'NONE', #3211, 0.2500000000000002220 ) ;
#4139 = CIRCLE ( 'NONE', #5640, 0.2499999999999995004 ) ;
#4140 = VERTEX_POINT ( 'NONE', #802 ) ;
#4141 = EDGE_CURVE ( 'NONE', #3868, #2599, #3734, .T. ) ;
#4142 = CIRCLE ( 'NONE', #1153, 1.000000000000000888 ) ;
#4143 = LINE ( 'NONE', #3214, #2839 ) ;
#4144 = DIRECTION ( 'NONE',  ( 0.000000000000000000, 1.000000000000000000, 0.000000000000000000 ) ) ;
#4145 = CARTESIAN_POINT ( 'NONE',  ( -21.43412874366484644, 5.000000000000000000, -0.3749999999999864553 ) ) ;
#4146 = CARTESIAN_POINT ( 'NONE',  ( -11.89999999999999858, -1.734723475976807094E-15, 1.699999999999999956 ) ) ;
#4147 = CIRCLE ( 'NONE', #2363, 0.2499999999999995559 ) ;
#4148 = CARTESIAN_POINT ( 'NONE',  ( -20.26303387659167399, 4.000000000000000000, 2.903395810253901477 ) ) ;
#4149 = ORIENTED_EDGE ( 'NONE', *, *, #3394, .T. ) ;
#4150 = CARTESIAN_POINT ( 'NONE',  ( -20.28394807427334712, 4.750000000000000000, 2.867171357269667542 ) ) ;
#4151 = CARTESIAN_POINT ( 'NONE',  ( -16.72127657107265719, 4.768243297466645103, -3.141918274396943378 ) ) ;
#4152 = DIRECTION ( 'NONE',  ( 0.6427876096865389188, -0.000000000000000000, 0.7660444431189784575 ) ) ;
#4153 = EDGE_LOOP ( 'NONE', ( #606, #3551, #2284, #1277, #707, #4110, #3752, #2260, #938 ) ) ;
#4154 = DIRECTION ( 'NONE',  ( -0.4999999999999990563, -0.000000000000000000, -0.8660254037844391517 ) ) ;
#4155 = APPLICATION_PROTOCOL_DEFINITION ( 'international standard', 'config_control_design', 1994, #610 ) ;
#4156 = ORIENTED_EDGE ( 'NONE', *, *, #3770, .F. ) ;
#4157 = CARTESIAN_POINT ( 'NONE',  ( 10.39230484541326582, 4.750000000000000000, 18.99999999999999645 ) ) ;
#4158 = EDGE_CURVE ( 'NONE', #61, #2986, #1995, .T. ) ;
#4159 = VECTOR ( 'NONE', #14, 1000.000000000000000 ) ;
#4160 = CARTESIAN_POINT ( 'NONE',  ( -9.237604307034009921, 5.000000000000000000, -17.24999999999999289 ) ) ;
#4161 = CARTESIAN_POINT ( 'NONE',  ( 11.89999999999999858, 2.850000000000000089, 1.699999999999999289 ) ) ;
#4162 = CARTESIAN_POINT ( 'NONE',  ( -17.19507011638910399, 4.763083989060735490, -2.991346325495881864 ) ) ;
#4163 = ORIENTED_EDGE ( 'NONE', *, *, #765, .T. ) ;
#4164 = LINE ( 'NONE', #4922, #255 ) ;
#4165 = EDGE_CURVE ( 'NONE', #1636, #3409, #2596, .T. ) ;
#4166 = ORIENTED_EDGE ( 'NONE', *, *, #72, .F. ) ;
#4167 = AXIS2_PLACEMENT_3D ( 'NONE', #4380, #1327, #2238 ) ;
#4168 = ORIENTED_EDGE ( 'NONE', *, *, #2670, .T. ) ;
#4169 = CARTESIAN_POINT ( 'NONE',  ( -12.76754258184258362, 4.999999999999866773, -15.74789840589604317 ) ) ;
#4170 = CARTESIAN_POINT ( 'NONE',  ( -20.04519140266304333, 4.000000000000000000, 3.280710043144747345 ) ) ;
#4171 = EDGE_CURVE ( 'NONE', #2995, #990, #1222, .T. ) ;
#4172 = AXIS2_PLACEMENT_3D ( 'NONE', #3048, #4358, #2130 ) ;
#4173 = CARTESIAN_POINT ( 'NONE',  ( 21.43412874366484644, 5.000000000000000000, -0.3750000000000177636 ) ) ;
#4174 = DIRECTION ( 'NONE',  ( -0.8660254037844388186, 0.000000000000000000, 0.4999999999999998890 ) ) ;
#4175 = ORIENTED_EDGE ( 'NONE', *, *, #662, .F. ) ;
#4176 = DIRECTION ( 'NONE',  ( -0.6427876096865385858, 0.000000000000000000, -0.7660444431189786796 ) ) ;
#4177 =( BOUNDED_SURFACE ( )  B_SPLINE_SURFACE ( 3, 2, ( 
 ( #3870, #738, #3316 ),
 ( #4303, #269, #4717 ),
 ( #214, #4655, #4250 ),
 ( #1142, #2906, #1546 ) ),
 .UNSPECIFIED., .F., .F., .T. ) 
 B_SPLINE_SURFACE_WITH_KNOTS ( ( 4, 4 ),
 ( 3, 3 ),
 ( 0.01569361281844363840, 0.01648395480297243712 ),
 ( 0.000000000000000000, 1.000000000000000000 ),
 .UNSPECIFIED. ) 
 GEOMETRIC_REPRESENTATION_ITEM ( )  RATIONAL_B_SPLINE_SURFACE ( (
 ( 1.000000000000000000, 0.7172570965919090602, 1.000000000000000000),
 ( 1.000000000000000000, 0.7175240602435154491, 1.000000000000000000),
 ( 1.000000000000000000, 0.7177902439844091598, 1.000000000000000000),
 ( 1.000000000000000000, 0.7180556547964005443, 1.000000000000000000) ) ) 
 REPRESENTATION_ITEM ( '' )  SURFACE ( )  );
#4178 = CARTESIAN_POINT ( 'NONE',  ( -5.479049929318053458, 4.000000000000000000, 16.09337683642464611 ) ) ;
#4179 = ADVANCED_FACE ( 'NONE', ( #2988 ), #347, .F. ) ;
#4180 = CARTESIAN_POINT ( 'NONE',  ( -21.65063509461095137, 4.750000000000000000, -0.4999999999999831246 ) ) ;
#4181 = DIRECTION ( 'NONE',  ( 0.4999999999999993894, 0.000000000000000000, -0.8660254037844390407 ) ) ;
#4182 = ORIENTED_EDGE ( 'NONE', *, *, #4349, .T. ) ;
#4183 = CARTESIAN_POINT ( 'NONE',  ( -5.814342436536309222, 4.000000000000000000, 15.97477455336047214 ) ) ;
#4184 = COORDINATED_UNIVERSAL_TIME_OFFSET ( 6, 0, .BEHIND. ) ;
#4185 = ORIENTED_EDGE ( 'NONE', *, *, #236, .F. ) ;
#4186 = DIRECTION ( 'NONE',  ( -0.1994965860759602971, 0.000000000000000000, 0.9798985213500616132 ) ) ;
#4187 = CIRCLE ( 'NONE', #2985, 1.249999999999987121 ) ;
#4188 = CARTESIAN_POINT ( 'NONE',  ( -18.47520861406802339, 5.000000000000000000, -1.249999999999997335 ) ) ;
#4189 = CARTESIAN_POINT ( 'NONE',  ( -5.962752764947198969, 4.766372654134675813, -16.26509722437006999 ) ) ;
#4190 = LINE ( 'NONE', #4281, #4955 ) ;
#4191 = EDGE_LOOP ( 'NONE', ( #2348, #2723, #450, #5531, #771, #5763, #4798, #5369, #5439, #280, #2107, #5427, #1006, #3981, #2317, #4963, #5543, #1523, #2843, #3250, #3192, #4562, #1451, #67, #2199, #850, #4749, #5411, #4742, #3088, #5085, #3420, #1112, #1980, #3383, #4721, #4871, #5133, #1513, #2293, #2105, #2546, #5388, #1279, #5472, #3181, #3544, #76, #4854, #734, #860, #4851, #1509, #3270, #4282, #2667, #5330, #4759, #4079, #3205, #1340 ) ) ;
#4192 = ADVANCED_FACE ( 'NONE', ( #3919 ), #3336, .T. ) ;
#4193 = CARTESIAN_POINT ( 'NONE',  ( -5.501348145907615894, 4.766346677532539822, 16.04331047980140923 ) ) ;
#4194 = LINE ( 'NONE', #5540, #875 ) ;
#4195 = ORIENTED_EDGE ( 'NONE', *, *, #2956, .F. ) ;
#4196 = CARTESIAN_POINT ( 'NONE',  ( 16.84545391898557654, 5.000000000000000000, -2.755726256575868671 ) ) ;
#4197 = ORIENTED_EDGE ( 'NONE', *, *, #5173, .T. ) ;
#4198 = CARTESIAN_POINT ( 'NONE',  ( -12.62501726953528802, 5.000000000000000888, -16.13282864273037021 ) ) ;
#4199 = ADVANCED_FACE ( 'NONE', ( #5204 ), #4355, .T. ) ;
#4200 = CARTESIAN_POINT ( 'NONE',  ( -11.78099392287760416, 3.960988482740863237, 15.59471996191578391 ) ) ;
#4201 = CIRCLE ( 'NONE', #2420, 0.2499999999999990841 ) ;
#4202 = CARTESIAN_POINT ( 'NONE',  ( -5.371644505209362208, 4.508723330882365765, 16.10092634498261077 ) ) ;
#4203 = DIRECTION ( 'NONE',  ( 0.000000000000000000, 1.000000000000000000, 0.000000000000000000 ) ) ;
#4204 = AXIS2_PLACEMENT_3D ( 'NONE', #1364, #4584, #83 ) ;
#4205 = VERTEX_POINT ( 'NONE', #5644 ) ;
#4206 = CARTESIAN_POINT ( 'NONE',  ( -13.49999999999999822, 5.000000000000000000, 3.350000000000075584 ) ) ;
#4207 = EDGE_CURVE ( 'NONE', #3668, #1032, #4267, .T. ) ;
#4208 = CARTESIAN_POINT ( 'NONE',  ( 5.502544242234633565, 4.766378674295176587, 16.04290867799738152 ) ) ;
#4209 = DIRECTION ( 'NONE',  ( -1.000000000000000000, 0.000000000000000000, 1.581383788144378693E-16 ) ) ;
#4210 =( BOUNDED_SURFACE ( )  B_SPLINE_SURFACE ( 3, 2, ( 
 ( #718, #1184, #3450 ),
 ( #4313, #4226, #1122 ),
 ( #1967, #2501, #4258 ),
 ( #658, #1557, #1214 ),
 ( #2034, #773, #3879 ),
 ( #305, #2980, #1093 ) ),
 .UNSPECIFIED., .F., .F., .T. ) 
 B_SPLINE_SURFACE_WITH_KNOTS ( ( 4, 2, 4 ),
 ( 3, 3 ),
 ( 0.000000000000000000, 0.0005752549034368671784, 0.001150509806873734357 ),
 ( 0.000000000000000000, 1.000000000000000000 ),
 .UNSPECIFIED. ) 
 GEOMETRIC_REPRESENTATION_ITEM ( )  RATIONAL_B_SPLINE_SURFACE ( (
 ( 1.000000000000000000, 0.7253743710122874111, 1.000000000000000000),
 ( 1.000000000000000000, 0.7299077994844063166, 1.000000000000000000),
 ( 1.000000000000000000, 0.7324477354955721831, 1.000000000000000000),
 ( 1.000000000000000000, 0.7324524515200080410, 1.000000000000000000),
 ( 1.000000000000000000, 0.7299405342002672770, 1.000000000000000000),
 ( 1.000000000000000000, 0.7253743710122857458, 1.000000000000000000) ) ) 
 REPRESENTATION_ITEM ( '' )  SURFACE ( )  );
#4211 = ORIENTED_EDGE ( 'NONE', *, *, #4027, .F. ) ;
#4212 = B_SPLINE_CURVE_WITH_KNOTS ( 'NONE', 3,
 ( #5758, #1221, #816, #5296, #2099, #2539, #403, #5728 ),
 .UNSPECIFIED., .F., .F.,
 ( 4, 2, 2, 4 ),
 ( 0.000000000000000000, 0.0005807575766184260718, 0.0008711363649276391077, 0.001161515153236852144 ),
 .UNSPECIFIED. ) ;
#4213 = EDGE_LOOP ( 'NONE', ( #4066, #5651, #2869, #4246 ) ) ;
#4214 = CARTESIAN_POINT ( 'NONE',  ( 17.21584805971943766, 4.258073441785750646, -3.021884806940969614 ) ) ;
#4215 = VERTEX_POINT ( 'NONE', #5583 ) ;
#4216 = AXIS2_PLACEMENT_3D ( 'NONE', #2147, #5692, #4784 ) ;
#4217 = CARTESIAN_POINT ( 'NONE',  ( 19.65061674914976209, 4.000000000000000000, 3.464933920436752413 ) ) ;
#4218 = CARTESIAN_POINT ( 'NONE',  ( 11.89999999999999858, 2.850000000000000089, 3.349999999999999201 ) ) ;
#4219 = VECTOR ( 'NONE', #2269, 1000.000000000000000 ) ;
#4220 = CARTESIAN_POINT ( 'NONE',  ( 19.35870882065974286, 4.762465347770628021, -3.367735020373002097 ) ) ;
#4221 = CARTESIAN_POINT ( 'NONE',  ( 6.915434451057633325, 4.000000000000000000, -19.00000000000007461 ) ) ;
#4222 = DIRECTION ( 'NONE',  ( -0.000000000000000000, -1.000000000000000000, -0.000000000000000000 ) ) ;
#4223 = VERTEX_POINT ( 'NONE', #3433 ) ;
#4224 = CARTESIAN_POINT ( 'NONE',  ( 12.61293457106304494, 5.183295314126215914, 16.15375649037683559 ) ) ;
#4225 = CARTESIAN_POINT ( 'NONE',  ( 12.62501726953529158, 4.750000000000000000, 16.13282864273036665 ) ) ;
#4226 = CARTESIAN_POINT ( 'NONE',  ( -11.09199691431208201, 5.000000000000664357, 13.30525958131406306 ) ) ;
#4227 = CIRCLE ( 'NONE', #4325, 1.249999999999987121 ) ;
#4228 = ORIENTED_EDGE ( 'NONE', *, *, #4343, .T. ) ;
#4229 = DIRECTION ( 'NONE',  ( 0.05568465954711038918, -0.9984484056230057414, -8.805881785613947870E-18 ) ) ;
#4230 = CARTESIAN_POINT ( 'NONE',  ( -11.04182389825157173, 0.000000000000000000, 18.37500000000000711 ) ) ;
#4231 = CARTESIAN_POINT ( 'NONE',  ( 0.000000000000000000, 4.000000000000000000, 0.000000000000000000 ) ) ;
#4232 = VECTOR ( 'NONE', #4661, 1000.000000000000000 ) ;
#4233 =( BOUNDED_CURVE ( )  B_SPLINE_CURVE ( 3, ( #1280, #4846, #845, #899 ),
 .UNSPECIFIED., .F., .F. ) 
 B_SPLINE_CURVE_WITH_KNOTS ( ( 4, 4 ),
 ( 0.3485670870932547905, 1.570796326794897002 ),
 .UNSPECIFIED. ) 
 CURVE ( )  GEOMETRIC_REPRESENTATION_ITEM ( )  RATIONAL_B_SPLINE_CURVE ( ( 1.000000000000000000, 0.8793393195858261180, 0.8793393195858261180, 1.000000000000000000 ) ) 
 REPRESENTATION_ITEM ( '' )  );
#4234 = ADVANCED_FACE ( 'NONE', ( #1567 ), #1390, .T. ) ;
#4235 = CIRCLE ( 'NONE', #4327, 0.2500000000000002220 ) ;
#4236 = CYLINDRICAL_SURFACE ( 'NONE', #2542, 0.2499999999999997502 ) ;
#4237 = ORIENTED_EDGE ( 'NONE', *, *, #1911, .F. ) ;
#4238 = CARTESIAN_POINT ( 'NONE',  ( 6.788039218371331174, 4.762114405148230922, 18.53320561163456759 ) ) ;
#4239 = CARTESIAN_POINT ( 'NONE',  ( -17.23842266610773066, 5.000000000000000000, -2.745481798442562571 ) ) ;
#4240 = TOROIDAL_SURFACE ( 'NONE', #2460, 0.7500000000000000000, 0.2500000000000000000 ) ;
#4241 = CARTESIAN_POINT ( 'NONE',  ( 12.64593146721697892, 4.000000000000000000, 16.09660418974614515 ) ) ;
#4242 = CIRCLE ( 'NONE', #1719, 0.2500000000000016653 ) ;
#4243 = ADVANCED_FACE ( 'NONE', ( #5673 ), #1611, .T. ) ;
#4244 = DIRECTION ( 'NONE',  ( 0.8660254037844395958, 0.000000000000000000, 0.4999999999999985567 ) ) ;
#4245 = FACE_OUTER_BOUND ( 'NONE', #1393, .T. ) ;
#4246 = ORIENTED_EDGE ( 'NONE', *, *, #2670, .F. ) ;
#4247 = ORIENTED_EDGE ( 'NONE', *, *, #4907, .F. ) ;
#4248 = DIRECTION ( 'NONE',  ( 0.000000000000000000, 0.000000000000000000, 1.000000000000000000 ) ) ;
#4249 = ORIENTED_EDGE ( 'NONE', *, *, #2175, .T. ) ;
#4250 = CARTESIAN_POINT ( 'NONE',  ( -5.364018430792747871, 4.258073451112887930, -16.11731386722070880 ) ) ;
#4251 = EDGE_CURVE ( 'NONE', #5118, #1016, #3174, .T. ) ;
#4252 = CARTESIAN_POINT ( 'NONE',  ( 16.41327810473483240, 5.000000000000000000, 3.142931808999631205 ) ) ;
#4253 = CARTESIAN_POINT ( 'NONE',  ( 11.89999999999999858, 5.000000000000000000, -3.349999999999998757 ) ) ;
#4254 = CARTESIAN_POINT ( 'NONE',  ( -11.24376283466122040, 4.000000000000000000, -13.39979475248478913 ) ) ;
#4255 = ORIENTED_EDGE ( 'NONE', *, *, #1705, .T. ) ;
#4256 = CARTESIAN_POINT ( 'NONE',  ( -5.962676754242237642, 4.766378307905881684, 16.26488752034748231 ) ) ;
#4257 = DIRECTION ( 'NONE',  ( -0.9396926207859082059, 0.000000000000000000, 0.3420201433256693790 ) ) ;
#4258 = CARTESIAN_POINT ( 'NONE',  ( -11.06272905753863789, 4.768239842012918395, 13.16572336442903080 ) ) ;
#4259 = CIRCLE ( 'NONE', #2203, 0.7500000000000006661 ) ;
#4260 = VERTEX_POINT ( 'NONE', #593 ) ;
#4261 = CARTESIAN_POINT ( 'NONE',  ( 16.92693224341930502, 5.000000000000000000, -2.981396694431305505 ) ) ;
#4262 = CARTESIAN_POINT ( 'NONE',  ( 7.254308784800757692, 5.000000000000000000, -18.93096542272329685 ) ) ;
#4263 = DIRECTION ( 'NONE',  ( 0.000000000000000000, 0.000000000000000000, 1.000000000000000000 ) ) ;
#4264 = PLANE ( 'NONE',  #4044 ) ;
#4265 = EDGE_LOOP ( 'NONE', ( #3989, #511, #3565, #3359 ) ) ;
#4266 = DIRECTION ( 'NONE',  ( 0.7660444431189802339, 0.000000000000000000, -0.6427876096865368094 ) ) ;
#4267 = LINE ( 'NONE', #1631, #5168 ) ;
#4268 = EDGE_CURVE ( 'NONE', #3178, #5319, #2198, .T. ) ;
#4269 = VECTOR ( 'NONE', #2297, 1000.000000000000000 ) ;
#4270 = CARTESIAN_POINT ( 'NONE',  ( 6.036608327514342953, 5.000000000000000000, 15.96680053527131271 ) ) ;
#4271 = DIRECTION ( 'NONE',  ( -0.000000000000000000, 1.000000000000000000, -0.000000000000000000 ) ) ;
#4272 = CARTESIAN_POINT ( 'NONE',  ( 5.690364487843861951, 4.999999999999999112, 15.79961589139660560 ) ) ;
#4273 = ORIENTED_EDGE ( 'NONE', *, *, #2601, .F. ) ;
#4274 = ORIENTED_EDGE ( 'NONE', *, *, #1263, .T. ) ;
#4275 = ORIENTED_EDGE ( 'NONE', *, *, #1795, .T. ) ;
#4276 = EDGE_CURVE ( 'NONE', #3121, #5030, #1709, .T. ) ;
#4277 = DIRECTION ( 'NONE',  ( -0.4999999999999986677, 5.267412210832219591E-15, -0.8660254037844395958 ) ) ;
#4278 = CARTESIAN_POINT ( 'NONE',  ( 6.006953148797689046, 4.763083989060734602, -16.38704070339561980 ) ) ;
#4279 = DIRECTION ( 'NONE',  ( 0.8660254037844377084, 0.000000000000000000, 0.5000000000000015543 ) ) ;
#4280 = DIRECTION ( 'NONE',  ( 2.312964634635740689E-15, 0.000000000000000000, 1.000000000000000000 ) ) ;
#4281 = CARTESIAN_POINT ( 'NONE',  ( 21.65063509461095492, 5.000000000000000000, -0.5000000000000179856 ) ) ;
#4282 = ORIENTED_EDGE ( 'NONE', *, *, #3563, .T. ) ;
#4283 = ADVANCED_FACE ( 'NONE', ( #1963 ), #2909, .F. ) ;
#4284 = CARTESIAN_POINT ( 'NONE',  ( -5.976284017840580276, 4.999999999999413802, 16.25736518557358679 ) ) ;
#4285 = FACE_OUTER_BOUND ( 'NONE', #1265, .T. ) ;
#4286 = CARTESIAN_POINT ( 'NONE',  ( 6.718336870960647467, 4.763083989060735490, -18.34155141660599497 ) ) ;
#4287 = ORIENTED_EDGE ( 'NONE', *, *, #1968, .T. ) ;
#4288 = CARTESIAN_POINT ( 'NONE',  ( 17.19507011638907557, 4.763083989060735490, -2.991346325496046177 ) ) ;
#4289 = CARTESIAN_POINT ( 'NONE',  ( 6.798128423528511100, 5.000000000000266454, -18.52717611244689166 ) ) ;
#4290 = CARTESIAN_POINT ( 'NONE',  ( -12.43215663206624200, 5.000000000000000000, 15.26668105786451335 ) ) ;
#4291 = AXIS2_PLACEMENT_3D ( 'NONE', #3254, #5026, #2807 ) ;
#4292 = DIRECTION ( 'NONE',  ( -0.7649946058332324217, 0.05233595624294395954, 0.6419066916072726503 ) ) ;
#4293 = ORIENTED_EDGE ( 'NONE', *, *, #2912, .T. ) ;
#4294 = CARTESIAN_POINT ( 'NONE',  ( -17.20158500966809001, 4.604809290093002438, -3.000917863500482063 ) ) ;
#4295 = DIRECTION ( 'NONE',  ( 0.9848077530122080203, -0.000000000000000000, 0.1736481776669306087 ) ) ;
#4296 = CARTESIAN_POINT ( 'NONE',  ( -10.39230484541324451, 4.750000000000000000, 18.00000000000000355 ) ) ;
#4297 = CARTESIAN_POINT ( 'NONE',  ( 0.000000000000000000, 5.000000000000000000, 0.000000000000000000 ) ) ;
#4298 = DIRECTION ( 'NONE',  ( -0.8660254037844395958, 0.000000000000000000, -0.4999999999999985567 ) ) ;
#4299 = EDGE_CURVE ( 'NONE', #210, #1457, #4424, .T. ) ;
#4300 = ORIENTED_EDGE ( 'NONE', *, *, #267, .T. ) ;
#4301 = EDGE_LOOP ( 'NONE', ( #5163, #1733, #2225, #5240 ) ) ;
#4302 = ORIENTED_EDGE ( 'NONE', *, *, #1653, .F. ) ;
#4303 = CARTESIAN_POINT ( 'NONE',  ( -5.999252260065130571, 4.520819520424382176, -16.40300489319870536 ) ) ;
#4304 = LINE ( 'NONE', #325, #3408 ) ;
#4305 = EDGE_CURVE ( 'NONE', #4586, #852, #5507, .T. ) ;
#4306 = PRODUCT_DEFINITION_SHAPE ( 'NONE', 'NONE',  #1282 ) ;
#4307 = DIRECTION ( 'NONE',  ( -0.5000000000000015543, 0.000000000000000000, 0.8660254037844378194 ) ) ;
#4308 = DIRECTION ( 'NONE',  ( 0.000000000000000000, 0.000000000000000000, 1.000000000000000000 ) ) ;
#4309 = PLANE ( 'NONE',  #1406 ) ;
#4310 = VERTEX_POINT ( 'NONE', #2001 ) ;
#4311 = CARTESIAN_POINT ( 'NONE',  ( 10.39230484541326582, 5.000000000000000000, 18.74999999999999645 ) ) ;
#4312 = CARTESIAN_POINT ( 'NONE',  ( -11.89999999999999858, 5.000000000000000000, 3.350000000000001421 ) ) ;
#4313 = CARTESIAN_POINT ( 'NONE',  ( -10.87297305539680536, 5.000000000000000000, 13.40851834026704381 ) ) ;
#4314 = VECTOR ( 'NONE', #1851, 1000.000000000000000 ) ;
#4315 = EDGE_CURVE ( 'NONE', #524, #5471, #2397, .T. ) ;
#4316 = CARTESIAN_POINT ( 'NONE',  ( -19.28677045679831181, 4.750000000000000000, -3.106660779815887174 ) ) ;
#4317 = CARTESIAN_POINT ( 'NONE',  ( 7.614926690484614014, 3.960988482740863237, 17.99999999999999645 ) ) ;
#4318 = DIRECTION ( 'NONE',  ( -0.3420201433256794821, 0.000000000000000000, -0.9396926207859044311 ) ) ;
#4319 = AXIS2_PLACEMENT_3D ( 'NONE', #1102, #2067, #2039 ) ;
#4320 = EDGE_CURVE ( 'NONE', #2471, #1286, #682, .T. ) ;
#4321 = CARTESIAN_POINT ( 'NONE',  ( 5.999404804225163979, 4.525671833992248594, -16.40268048436283266 ) ) ;
#4322 = ORIENTED_EDGE ( 'NONE', *, *, #50, .F. ) ;
#4323 = CYLINDRICAL_SURFACE ( 'NONE', #1697, 0.2500000000000009437 ) ;
#4324 = CARTESIAN_POINT ( 'NONE',  ( 5.976284017841071439, 4.999999999999916511, -16.25736518557369692 ) ) ;
#4325 = AXIS2_PLACEMENT_3D ( 'NONE', #1948, #3397, #3304 ) ;
#4326 = CARTESIAN_POINT ( 'NONE',  ( -6.915434451058077414, 4.000000000000000000, -18.99999999999990408 ) ) ;
#4327 = AXIS2_PLACEMENT_3D ( 'NONE', #1550, #5154, #246 ) ;
#4328 = DIRECTION ( 'NONE',  ( 0.000000000000000000, 1.000000000000000000, 0.000000000000000000 ) ) ;
#4329 = CARTESIAN_POINT ( 'NONE',  ( -9.237604307034009921, 5.000000000000000000, -16.00000000000000000 ) ) ;
#4330 = ORIENTED_EDGE ( 'NONE', *, *, #3563, .F. ) ;
#4331 = AXIS2_PLACEMENT_3D ( 'NONE', #5563, #4770, #1999 ) ;
#4332 = VERTEX_POINT ( 'NONE', #5535 ) ;
#4333 = ORIENTED_EDGE ( 'NONE', *, *, #3364, .T. ) ;
#4334 = PLANE ( 'NONE',  #4571 ) ;
#4335 = AXIS2_PLACEMENT_3D ( 'NONE', #5031, #532, #475 ) ;
#4336 = DIRECTION ( 'NONE',  ( 0.000000000000000000, 0.000000000000000000, 1.000000000000000000 ) ) ;
#4337 = CARTESIAN_POINT ( 'NONE',  ( -5.502332770110669458, 4.766373019121067145, 16.04297971722091276 ) ) ;
#4338 = PLANE ( 'NONE',  #118 ) ;
#4339 = CARTESIAN_POINT ( 'NONE',  ( -17.04674094534886919, 5.000000000000000000, 2.711683172328800850 ) ) ;
#4340 = ORIENTED_EDGE ( 'NONE', *, *, #1586, .F. ) ;
#4341 = CARTESIAN_POINT ( 'NONE',  ( 10.99686831613279026, 4.750000000000000000, -13.55617105080158780 ) ) ;
#4342 = CARTESIAN_POINT ( 'NONE',  ( 0.000000000000000000, 5.000000000000000000, 0.000000000000000000 ) ) ;
#4343 = EDGE_CURVE ( 'NONE', #896, #3154, #3940, .T. ) ;
#4344 = CARTESIAN_POINT ( 'NONE',  ( 0.000000000000000000, 5.000000000000000000, 16.71035107903824013 ) ) ;
#4345 = CARTESIAN_POINT ( 'NONE',  ( -11.89999999999999858, 2.850000000000000089, -3.349999999999997868 ) ) ;
#4346 = FACE_OUTER_BOUND ( 'NONE', #4301, .T. ) ;
#4347 = CARTESIAN_POINT ( 'NONE',  ( 12.62501726953529158, 5.000000000000000888, 16.13282864273037021 ) ) ;
#4348 = AXIS2_PLACEMENT_3D ( 'NONE', #937, #1925, #583 ) ;
#4349 = EDGE_CURVE ( 'NONE', #963, #2675, #4601, .T. ) ;
#4350 = AXIS2_PLACEMENT_3D ( 'NONE', #3064, #454, #2234 ) ;
#4351 = CARTESIAN_POINT ( 'NONE',  ( 17.04686897205456120, 5.000000000000000888, -2.711705713926781502 ) ) ;
#4352 = CARTESIAN_POINT ( 'NONE',  ( -20.18001733862575264, 5.000000000000000888, 3.041537861850680979 ) ) ;
#4353 = ORIENTED_EDGE ( 'NONE', *, *, #5378, .F. ) ;
#4354 = CARTESIAN_POINT ( 'NONE',  ( -7.617102409374945537, 4.000000000000000000, -18.99999999999989697 ) ) ;
#4355 = CYLINDRICAL_SURFACE ( 'NONE', #1891, 0.2500000000000009437 ) ;
#4356 = EDGE_CURVE ( 'NONE', #1613, #4953, #4138, .T. ) ;
#4357 = EDGE_CURVE ( 'NONE', #1312, #4796, #3351, .T. ) ;
#4358 = DIRECTION ( 'NONE',  ( 0.7649946058332374177, 0.05233595624294396648, 0.6419066916072665441 ) ) ;
#4359 = CARTESIAN_POINT ( 'NONE',  ( 9.237604307034002815, 5.000000000000001776, 14.75000000000000355 ) ) ;
#4360 = FACE_OUTER_BOUND ( 'NONE', #1138, .T. ) ;
#4361 = VERTEX_POINT ( 'NONE', #4161 ) ;
#4362 = ORIENTED_EDGE ( 'NONE', *, *, #3203, .T. ) ;
#4363 = AXIS2_PLACEMENT_3D ( 'NONE', #3883, #3041, #398 ) ;
#4364 = ORIENTED_EDGE ( 'NONE', *, *, #1949, .F. ) ;
#4365 = DIRECTION ( 'NONE',  ( 0.000000000000000000, 0.000000000000000000, 1.000000000000000000 ) ) ;
#4366 = CIRCLE ( 'NONE', #4917, 16.71035107903824013 ) ;
#4367 = DIRECTION ( 'NONE',  ( 0.000000000000000000, -1.000000000000000000, -0.000000000000000000 ) ) ;
#4368 = DIRECTION ( 'NONE',  ( 0.000000000000000000, 0.000000000000000000, 1.000000000000000000 ) ) ;
#4369 = CARTESIAN_POINT ( 'NONE',  ( 18.47520861406801984, 5.000000000000001776, 1.249999999999971578 ) ) ;
#4370 = CARTESIAN_POINT ( 'NONE',  ( -17.19722617418758759, 5.000000000000000000, 2.979118714101276044 ) ) ;
#4371 = ORIENTED_EDGE ( 'NONE', *, *, #5418, .F. ) ;
#4372 = FACE_OUTER_BOUND ( 'NONE', #5171, .T. ) ;
#4373 = CARTESIAN_POINT ( 'NONE',  ( -17.09892715173073441, 4.000000000000000000, -3.015002198018654767 ) ) ;
#4374 = CARTESIAN_POINT ( 'NONE',  ( 12.40153951936195575, 5.000000000000000000, 16.01990346039177382 ) ) ;
#4375 = B_SPLINE_CURVE_WITH_KNOTS ( 'NONE', 3,
 ( #3788, #3027, #650, #3379, #711, #4278 ),
 .UNSPECIFIED., .F., .F.,
 ( 4, 2, 4 ),
 ( 0.000000000000000000, 0.0003837252234144627821, 0.0007674504468289255641 ),
 .UNSPECIFIED. ) ;
#4376 = ADVANCED_FACE ( 'NONE', ( #5125 ), #1436, .T. ) ;
#4377 = AXIS2_PLACEMENT_3D ( 'NONE', #4992, #4117, #2829 ) ;
#4378 = CARTESIAN_POINT ( 'NONE',  ( -19.22213885455308002, 4.000000000000000000, 3.389381706982246723 ) ) ;
#4379 = ORIENTED_EDGE ( 'NONE', *, *, #3810, .T. ) ;
#4380 = CARTESIAN_POINT ( 'NONE',  ( -5.814342436536309222, 4.000000000000000000, 15.97477455336047214 ) ) ;
#4381 = CARTESIAN_POINT ( 'NONE',  ( 5.840468684734350546, 4.758867573871606638, -15.93027447939439334 ) ) ;
#4382 = ADVANCED_FACE ( 'NONE', ( #4575 ), #565, .T. ) ;
#4383 = LINE ( 'NONE', #843, #317 ) ;
#4384 = ORIENTED_EDGE ( 'NONE', *, *, #5498, .T. ) ;
#4385 = DIRECTION ( 'NONE',  ( -0.02784232977355518071, 0.9984484056230057414, -0.04822432976888521572 ) ) ;
#4386 = CARTESIAN_POINT ( 'NONE',  ( 11.04182389825158594, 0.000000000000000000, -18.37500000000000355 ) ) ;
#4387 = AXIS2_PLACEMENT_3D ( 'NONE', #2136, #3928, #4769 ) ;
#4388 = CARTESIAN_POINT ( 'NONE',  ( -19.59580470729963864, 5.000000000000000000, -3.112261265486813144 ) ) ;
#4389 = CARTESIAN_POINT ( 'NONE',  ( 11.23148072897011929, 5.000000000000000000, 12.69152168632583511 ) ) ;
#4390 = EDGE_CURVE ( 'NONE', #991, #1754, #3462, .T. ) ;
#4391 = VERTEX_POINT ( 'NONE', #4369 ) ;
#4392 = ORIENTED_EDGE ( 'NONE', *, *, #2714, .F. ) ;
#4393 = ORIENTED_EDGE ( 'NONE', *, *, #2519, .T. ) ;
#4394 = CARTESIAN_POINT ( 'NONE',  ( -11.89999999999999858, 5.000000000000000000, 1.536675296194362640E-15 ) ) ;
#4395 = CIRCLE ( 'NONE', #4942, 1.249999999999987121 ) ;
#4396 = DIRECTION ( 'NONE',  ( 1.000000000000000000, -0.000000000000000000, -1.836970198721028948E-16 ) ) ;
#4397 = EDGE_CURVE ( 'NONE', #4886, #3154, #2473, .T. ) ;
#4398 = EDGE_LOOP ( 'NONE', ( #4379, #2752, #1385, #5735 ) ) ;
#4399 = CARTESIAN_POINT ( 'NONE',  ( -11.23823731914679414, 4.783564761049852621, -12.70068903862750354 ) ) ;
#4400 = CARTESIAN_POINT ( 'NONE',  ( -20.06627447081258708, 4.756055831202428585, 3.244193097930294201 ) ) ;
#4401 = CARTESIAN_POINT ( 'NONE',  ( -17.23842266610771645, 5.000000000000000000, 2.745481798442605204 ) ) ;
#4402 = CARTESIAN_POINT ( 'NONE',  ( 13.50000000000000000, 2.850000000000000089, -3.349999999999998757 ) ) ;
#4403 = DIRECTION ( 'NONE',  ( 0.000000000000000000, -0.000000000000000000, -1.000000000000000000 ) ) ;
#4404 = CARTESIAN_POINT ( 'NONE',  ( 0.000000000000000000, 4.750000000000000000, 0.000000000000000000 ) ) ;
#4405 = CARTESIAN_POINT ( 'NONE',  ( 11.07425666574134659, 4.750000000000000000, -12.51385921632482656 ) ) ;
#4406 = ORIENTED_EDGE ( 'NONE', *, *, #5291, .F. ) ;
#4407 = CARTESIAN_POINT ( 'NONE',  ( 12.72405772424676762, 5.000000000000000000, 15.95563873313456682 ) ) ;
#4408 = AXIS2_PLACEMENT_3D ( 'NONE', #2342, #2820, #132 ) ;
#4409 = CIRCLE ( 'NONE', #3199, 0.2499999999999998890 ) ;
#4410 = ORIENTED_EDGE ( 'NONE', *, *, #2277, .F. ) ;
#4411 = CARTESIAN_POINT ( 'NONE',  ( 17.06736094522555547, 4.766372726975536267, -2.968652738624597553 ) ) ;
#4412 = ORIENTED_EDGE ( 'NONE', *, *, #1468, .F. ) ;
#4413 = CARTESIAN_POINT ( 'NONE',  ( -16.93327551652882335, 4.768239840018113185, -2.997701899735879305 ) ) ;
#4414 = CARTESIAN_POINT ( 'NONE',  ( -11.07425666574146739, 5.000000000000000000, -12.51385921632472353 ) ) ;
#4415 = EDGE_CURVE ( 'NONE', #4817, #1525, #958, .T. ) ;
#4416 = DIRECTION ( 'NONE',  ( 0.5000000000000002220, -0.000000000000000000, 0.8660254037844385966 ) ) ;
#4417 = FACE_OUTER_BOUND ( 'NONE', #4440, .T. ) ;
#4418 = AXIS2_PLACEMENT_3D ( 'NONE', #2056, #5188, #4308 ) ;
#4419 = ORIENTED_EDGE ( 'NONE', *, *, #5611, .F. ) ;
#4420 = EDGE_LOOP ( 'NONE', ( #2695, #5748, #424, #3678, #4043, #1352, #4058, #4457 ) ) ;
#4421 = ORIENTED_EDGE ( 'NONE', *, *, #2845, .T. ) ;
#4422 = CARTESIAN_POINT ( 'NONE',  ( -5.776428010467190788, 5.000000000000000000, 15.84124627495334892 ) ) ;
#4423 = ADVANCED_FACE ( 'NONE', ( #4688 ), #1179, .T. ) ;
#4424 = CIRCLE ( 'NONE', #5730, 0.2500000000000004996 ) ;
#4425 = DIRECTION ( 'NONE',  ( 0.000000000000000000, 0.000000000000000000, 1.000000000000000000 ) ) ;
#4426 = VECTOR ( 'NONE', #3531, 1000.000000000000000 ) ;
#4427 = EDGE_LOOP ( 'NONE', ( #1794, #2904, #4353, #3524 ) ) ;
#4428 = CARTESIAN_POINT ( 'NONE',  ( -10.91458420064197199, 4.233548948216786734, -13.02653665286126561 ) ) ;
#4429 = DIRECTION ( 'NONE',  ( -0.02784232977355502112, -0.9984484056230059634, -0.04822432976888493816 ) ) ;
#4430 = CARTESIAN_POINT ( 'NONE',  ( 15.19999999999999929, 2.850000000000000089, -1.469576158976824785E-16 ) ) ;
#4431 = ORIENTED_EDGE ( 'NONE', *, *, #1668, .T. ) ;
#4432 = LINE ( 'NONE', #3906, #4672 ) ;
#4433 = CARTESIAN_POINT ( 'NONE',  ( 10.99686831613278848, 5.000000000000000000, -13.55617105080158602 ) ) ;
#4434 = EDGE_CURVE ( 'NONE', #4140, #1332, #3816, .T. ) ;
#4435 = ADVANCED_FACE ( 'NONE', ( #3934 ), #4338, .F. ) ;
#4436 = CIRCLE ( 'NONE', #3414, 1.699999999999998401 ) ;
#4437 = VECTOR ( 'NONE', #1047, 1000.000000000000114 ) ;
#4438 = CARTESIAN_POINT ( 'NONE',  ( 21.43412874366484644, 0.2500000000000002220, 0.3749999999999821809 ) ) ;
#4439 = CARTESIAN_POINT ( 'NONE',  ( -7.658930804737986264, 4.750000000000000000, 19.00000000000000355 ) ) ;
#4440 = EDGE_LOOP ( 'NONE', ( #809, #3650, #759, #1773 ) ) ;
#4441 = CARTESIAN_POINT ( 'NONE',  ( 7.223583597816672253, 4.756055831202427697, 18.99999999999999645 ) ) ;
#4442 = ORIENTED_EDGE ( 'NONE', *, *, #4481, .T. ) ;
#4443 = CARTESIAN_POINT ( 'NONE',  ( -5.300191647848702559, 5.000000000000000000, -15.84751720872356096 ) ) ;
#4444 = ORIENTED_EDGE ( 'NONE', *, *, #5512, .T. ) ;
#4445 = CARTESIAN_POINT ( 'NONE',  ( -16.64479494206255694, 4.766373091983559185, -3.256327083198456318 ) ) ;
#4446 = CARTESIAN_POINT ( 'NONE',  ( -10.82803705919794623, 5.000000000000000000, 13.21278864359028837 ) ) ;
#4447 = VECTOR ( 'NONE', #2174, 1000.000000000000114 ) ;
#4448 = DIRECTION ( 'NONE',  ( 0.8660254037844395958, 0.000000000000000000, -0.4999999999999985567 ) ) ;
#4449 = DIRECTION ( 'NONE',  ( -0.000000000000000000, 1.000000000000000000, -0.000000000000000000 ) ) ;
#4450 = ORIENTED_EDGE ( 'NONE', *, *, #3542, .T. ) ;
#4451 = ORIENTED_EDGE ( 'NONE', *, *, #3714, .F. ) ;
#4452 = ADVANCED_FACE ( 'NONE', ( #768 ), #1235, .F. ) ;
#4453 = ORIENTED_EDGE ( 'NONE', *, *, #2875, .T. ) ;
#4454 = CARTESIAN_POINT ( 'NONE',  ( 5.363905355351648474, 4.254361998983255511, -16.11755616802696878 ) ) ;
#4455 = CARTESIAN_POINT ( 'NONE',  ( 0.000000000000000000, 5.000000000000000000, -6.500000000000000888 ) ) ;
#4456 = AXIS2_PLACEMENT_3D ( 'NONE', #3541, #1744, #2625 ) ;
#4457 = ORIENTED_EDGE ( 'NONE', *, *, #425, .T. ) ;
#4458 = EDGE_CURVE ( 'NONE', #963, #524, #5162, .T. ) ;
#4459 = FACE_OUTER_BOUND ( 'NONE', #5619, .T. ) ;
#4460 = CARTESIAN_POINT ( 'NONE',  ( -7.181417461517723311, 4.000000000000000000, -18.99999999999999645 ) ) ;
#4461 = DIRECTION ( 'NONE',  ( 0.4999999999999993339, 0.000000000000000000, -0.8660254037844390407 ) ) ;
#4462 = VECTOR ( 'NONE', #5131, 1000.000000000000227 ) ;
#4463 = ADVANCED_FACE ( 'NONE', ( #2976 ), #3644, .F. ) ;
#4464 = DIRECTION ( 'NONE',  ( -0.000000000000000000, 1.000000000000000000, -0.000000000000000000 ) ) ;
#4465 = DIRECTION ( 'NONE',  ( -0.000000000000000000, 1.000000000000000000, -0.000000000000000000 ) ) ;
#4466 = VERTEX_POINT ( 'NONE', #2525 ) ;
#4467 = CARTESIAN_POINT ( 'NONE',  ( -19.91219989743324703, 4.000000000000000000, -3.511058087177793663 ) ) ;
#4468 = AXIS2_PLACEMENT_3D ( 'NONE', #224, #190, #3763 ) ;
#4469 = VECTOR ( 'NONE', #1402, 1000.000000000000000 ) ;
#4470 = EDGE_LOOP ( 'NONE', ( #4493, #3282, #5453, #1181 ) ) ;
#4471 = CARTESIAN_POINT ( 'NONE',  ( 12.40851091858908184, 5.000000000000000000, -16.00782864273053718 ) ) ;
#4472 = EDGE_LOOP ( 'NONE', ( #2330, #4533, #1665, #42, #1604, #4119, #1973, #1220 ) ) ;
#4473 = CARTESIAN_POINT ( 'NONE',  ( -20.78460969082651388, 5.000000000000000000, 1.387778780781445676E-14 ) ) ;
#4474 = CARTESIAN_POINT ( 'NONE',  ( 11.25833024919770509, 4.750000000000000000, 18.49999999999999645 ) ) ;
#4475 = CARTESIAN_POINT ( 'NONE',  ( 7.617102409374464145, 4.000000000000000000, -19.00000000000008527 ) ) ;
#4476 = CARTESIAN_POINT ( 'NONE',  ( -13.50000000000000000, 2.850000000000000089, -1.699999999999998401 ) ) ;
#4477 = VECTOR ( 'NONE', #1777, 1000.000000000000114 ) ;
#4478 = ORIENTED_EDGE ( 'NONE', *, *, #676, .T. ) ;
#4479 = ORIENTED_EDGE ( 'NONE', *, *, #1731, .T. ) ;
#4480 = DIRECTION ( 'NONE',  ( -0.9848077530122069101, 0.000000000000000000, -0.1736481776669372146 ) ) ;
#4481 = EDGE_CURVE ( 'NONE', #1628, #3476, #3769, .T. ) ;
#4482 = FACE_OUTER_BOUND ( 'NONE', #588, .T. ) ;
#4483 = ORIENTED_EDGE ( 'NONE', *, *, #2210, .F. ) ;
#4484 = LINE ( 'NONE', #41, #1895 ) ;
#4485 =( LENGTH_UNIT ( ) NAMED_UNIT ( * ) SI_UNIT ( .MILLI., .METRE. ) );
#4486 = VERTEX_POINT ( 'NONE', #273 ) ;
#4487 = CARTESIAN_POINT ( 'NONE',  ( 10.39230484541325872, 5.000000000000000000, -18.75000000000000000 ) ) ;
#4488 = EDGE_CURVE ( 'NONE', #2637, #1862, #496, .T. ) ;
#4489 = VECTOR ( 'NONE', #4064, 1000.000000000000114 ) ;
#4490 = CARTESIAN_POINT ( 'NONE',  ( 11.89999999999999858, 5.000000000000000000, -1.699999999999999067 ) ) ;
#4491 = EDGE_LOOP ( 'NONE', ( #3168, #2933 ) ) ;
#4492 = CARTESIAN_POINT ( 'NONE',  ( -6.730004321955413538, 5.000000000000000000, 18.33730481173420657 ) ) ;
#4493 = ORIENTED_EDGE ( 'NONE', *, *, #4299, .T. ) ;
#4494 = DIRECTION ( 'NONE',  ( -0.000000000000000000, 1.000000000000000000, -0.000000000000000000 ) ) ;
#4495 = ADVANCED_FACE ( 'NONE', ( #3874 ), #5657, .T. ) ;
#4496 = VERTEX_POINT ( 'NONE', #1702 ) ;
#4497 = CARTESIAN_POINT ( 'NONE',  ( -12.54769565147985766, 3.952105639380298907, -14.94985644693782412 ) ) ;
#4498 = ORIENTED_EDGE ( 'NONE', *, *, #4565, .F. ) ;
#4499 = DIRECTION ( 'NONE',  ( -0.000000000000000000, 1.000000000000000000, -0.000000000000000000 ) ) ;
#4500 = DIRECTION ( 'NONE',  ( 0.000000000000000000, 1.000000000000000000, 0.000000000000000000 ) ) ;
#4501 = EDGE_CURVE ( 'NONE', #3605, #4765, #493, .T. ) ;
#4502 = AXIS2_PLACEMENT_3D ( 'NONE', #4405, #1216, #2653 ) ;
#4503 = CARTESIAN_POINT ( 'NONE',  ( 5.846059004390596670, 4.000000000000000000, -16.21411150693007741 ) ) ;
#4504 = CYLINDRICAL_SURFACE ( 'NONE', #4377, 0.2500000000000002220 ) ;
#4505 = ORIENTED_EDGE ( 'NONE', *, *, #1233, .F. ) ;
#4506 = ORIENTED_EDGE ( 'NONE', *, *, #4165, .T. ) ;
#4507 = CARTESIAN_POINT ( 'NONE',  ( -16.84595904446118553, 5.000000000000000000, -2.755544103311607707 ) ) ;
#4508 = VECTOR ( 'NONE', #2806, 1000.000000000000227 ) ;
#4509 = DIRECTION ( 'NONE',  ( 0.000000000000000000, 0.04824303228071008531, -0.9988356270359814992 ) ) ;
#4510 = ORIENTED_EDGE ( 'NONE', *, *, #2875, .F. ) ;
#4511 = DIRECTION ( 'NONE',  ( 0.6427876096865347000, 0.000000000000000000, -0.7660444431189818992 ) ) ;
#4512 = DIRECTION ( 'NONE',  ( -0.5000000000000002220, 0.000000000000000000, -0.8660254037844384856 ) ) ;
#4513 = EDGE_LOOP ( 'NONE', ( #628, #1071, #601, #3745 ) ) ;
#4514 = CIRCLE ( 'NONE', #2451, 16.96000846272688634 ) ;
#4515 = DIRECTION ( 'NONE',  ( -0.3420201433256587209, 0.000000000000000000, 0.9396926207859119806 ) ) ;
#4516 = AXIS2_PLACEMENT_3D ( 'NONE', #2027, #1115, #1145 ) ;
#4517 = CARTESIAN_POINT ( 'NONE',  ( 19.24557396487818295, 5.000000000000000000, 3.340297695474559347 ) ) ;
#4518 = ORIENTED_EDGE ( 'NONE', *, *, #104, .F. ) ;
#4519 = CARTESIAN_POINT ( 'NONE',  ( 11.27599403445475623, 4.258073450131879767, -12.70403316105067937 ) ) ;
#4520 = VERTEX_POINT ( 'NONE', #2645 ) ;
#4521 = ADVANCED_FACE ( 'NONE', ( #4832 ), #4694, .T. ) ;
#4522 = FACE_OUTER_BOUND ( 'NONE', #5444, .T. ) ;
#4523 = VECTOR ( 'NONE', #4074, 1000.000000000000114 ) ;
#4524 = CIRCLE ( 'NONE', #5275, 0.2499999999999997502 ) ;
#4525 = ORIENTED_EDGE ( 'NONE', *, *, #4415, .T. ) ;
#4526 = CARTESIAN_POINT ( 'NONE',  ( -16.65068412775308815, 4.000000000000000000, -3.428515433506384991 ) ) ;
#4527 = CARTESIAN_POINT ( 'NONE',  ( 11.11886596516672121, 4.000000000000000000, -13.17024107913770514 ) ) ;
#4528 = DIRECTION ( 'NONE',  ( 0.000000000000000000, 0.000000000000000000, 1.000000000000000000 ) ) ;
#4529 = ADVANCED_FACE ( 'NONE', ( #5440 ), #422, .T. ) ;
#4530 = CARTESIAN_POINT ( 'NONE',  ( 11.07425666574134659, 5.000000000000000000, -12.51385921632482656 ) ) ;
#4531 = CARTESIAN_POINT ( 'NONE',  ( 5.982681243818439576, 4.000000000000000000, -16.43728162518641156 ) ) ;
#4532 = CARTESIAN_POINT ( 'NONE',  ( -10.87578804413002231, 4.758867599822705685, 13.02313149051593477 ) ) ;
#4533 = ORIENTED_EDGE ( 'NONE', *, *, #2808, .T. ) ;
#4534 = ORIENTED_EDGE ( 'NONE', *, *, #458, .F. ) ;
#4535 = CARTESIAN_POINT ( 'NONE',  ( -10.87184052187516592, 5.000000000000000000, -13.40716872782067881 ) ) ;
#4536 = EDGE_CURVE ( 'NONE', #1813, #210, #3607, .T. ) ;
#4537 = EDGE_CURVE ( 'NONE', #4215, #990, #2265, .T. ) ;
#4538 = FACE_OUTER_BOUND ( 'NONE', #2579, .T. ) ;
#4539 = CARTESIAN_POINT ( 'NONE',  ( -18.47520861406802339, -1.734723475976807094E-15, -1.250000000000002665 ) ) ;
#4540 = ORIENTED_EDGE ( 'NONE', *, *, #1874, .T. ) ;
#4541 = CARTESIAN_POINT ( 'NONE',  ( -11.25833024919768377, 4.750000000000000000, 18.50000000000000711 ) ) ;
#4542 = CARTESIAN_POINT ( 'NONE',  ( 11.89999999999999858, 5.000000000000000000, -3.349999999999998312 ) ) ;
#4543 = EDGE_LOOP ( 'NONE', ( #4498, #2700, #2335, #433 ) ) ;
#4544 = LINE ( 'NONE', #3234, #3610 ) ;
#4545 =( BOUNDED_SURFACE ( )  B_SPLINE_SURFACE ( 3, 2, ( 
 ( #2606, #4389, #376 ),
 ( #3660, #5381, #5437 ),
 ( #1420, #5021, #1803 ),
 ( #5046, #549, #962 ),
 ( #989, #1392, #4585 ),
 ( #4092, #2777, #2804 ) ),
 .UNSPECIFIED., .F., .F., .T. ) 
 B_SPLINE_SURFACE_WITH_KNOTS ( ( 4, 2, 4 ),
 ( 3, 3 ),
 ( -5.421010862427522170E-20, 0.0005752549037845067388, 0.001150509807569013478 ),
 ( 0.000000000000000000, 1.000000000000000000 ),
 .UNSPECIFIED. ) 
 GEOMETRIC_REPRESENTATION_ITEM ( )  RATIONAL_B_SPLINE_SURFACE ( (
 ( 1.000000000000000000, 0.7253743710122874111, 1.000000000000000000),
 ( 1.000000000000000000, 0.7299083363406895231, 1.000000000000000000),
 ( 1.000000000000000000, 0.7324480241387982815, 1.000000000000000000),
 ( 1.000000000000000000, 0.7324521636565537452, 1.000000000000000000),
 ( 1.000000000000000000, 0.7299399960708083945, 1.000000000000000000),
 ( 1.000000000000000000, 0.7253743710122874111, 1.000000000000000000) ) ) 
 REPRESENTATION_ITEM ( '' )  SURFACE ( )  );
#4546 = DIRECTION ( 'NONE',  ( 0.000000000000000000, 0.000000000000000000, -1.000000000000000000 ) ) ;
#4547 = ORIENTED_EDGE ( 'NONE', *, *, #676, .F. ) ;
#4548 = CARTESIAN_POINT ( 'NONE',  ( 11.23823731728110076, 4.783564787008379504, -12.70068903846181563 ) ) ;
#4549 = VERTEX_POINT ( 'NONE', #1425 ) ;
#4550 = CARTESIAN_POINT ( 'NONE',  ( 11.24376283466109427, 4.000000000000000000, -13.39979475248489571 ) ) ;
#4551 = CONICAL_SURFACE ( 'NONE', #2025, 17.00000000000000355, 0.05235987755983000091 ) ;
#4552 = EDGE_CURVE ( 'NONE', #4886, #5120, #1143, .T. ) ;
#4553 = ORIENTED_EDGE ( 'NONE', *, *, #4007, .T. ) ;
#4554 = DIRECTION ( 'NONE',  ( 0.5000000000000004441, -0.000000000000000000, 0.8660254037844384856 ) ) ;
#4555 = PLANE ( 'NONE',  #971 ) ;
#4556 = DIRECTION ( 'NONE',  ( 0.000000000000000000, 0.000000000000000000, -1.000000000000000000 ) ) ;
#4557 = CARTESIAN_POINT ( 'NONE',  ( 7.658930804738180775, 5.000000000000000000, 18.74999999999999645 ) ) ;
#4558 = EDGE_CURVE ( 'NONE', #460, #3423, #3252, .T. ) ;
#4559 = CARTESIAN_POINT ( 'NONE',  ( -20.78460969082651388, 4.750000000000000000, 1.387778780781445676E-14 ) ) ;
#4560 = CARTESIAN_POINT ( 'NONE',  ( -11.23823731728118958, 4.783564787008379504, 12.70068903846173747 ) ) ;
#4561 = VERTEX_POINT ( 'NONE', #1922 ) ;
#4562 = ORIENTED_EDGE ( 'NONE', *, *, #5352, .T. ) ;
#4563 = CYLINDRICAL_SURFACE ( 'NONE', #775, 6.500000000000000888 ) ;
#4564 = CARTESIAN_POINT ( 'NONE',  ( 6.006953148797959940, 4.763083989060735490, 16.38704070339552032 ) ) ;
#4565 = EDGE_CURVE ( 'NONE', #2290, #2862, #3694, .T. ) ;
#4566 = CARTESIAN_POINT ( 'NONE',  ( -11.29452352656006120, 4.000000000000000000, 12.70565772827134410 ) ) ;
#4567 = ORIENTED_EDGE ( 'NONE', *, *, #709, .F. ) ;
#4568 = DIRECTION ( 'NONE',  ( 0.000000000000000000, 0.000000000000000000, 1.000000000000000000 ) ) ;
#4569 = ORIENTED_EDGE ( 'NONE', *, *, #383, .T. ) ;
#4570 = CARTESIAN_POINT ( 'NONE',  ( 19.43000536896108343, 5.183295314126224795, -2.346243509623328283 ) ) ;
#4571 = AXIS2_PLACEMENT_3D ( 'NONE', #1203, #4881, #5682 ) ;
#4572 = APPROVAL ( #647, 'UNSPECIFIED' ) ;
#4573 = EDGE_CURVE ( 'NONE', #5650, #4223, #2760, .T. ) ;
#4574 = DIRECTION ( 'NONE',  ( -0.000000000000000000, 1.000000000000000000, -0.000000000000000000 ) ) ;
#4575 = FACE_OUTER_BOUND ( 'NONE', #3015, .T. ) ;
#4576 = DIRECTION ( 'NONE',  ( -0.000000000000000000, -1.000000000000000000, -0.000000000000000000 ) ) ;
#4577 = ORIENTED_EDGE ( 'NONE', *, *, #1498, .F. ) ;
#4578 = DIRECTION ( 'NONE',  ( 0.3420201433256794821, -0.000000000000000000, 0.9396926207859045421 ) ) ;
#4579 = ORIENTED_EDGE ( 'NONE', *, *, #2816, .T. ) ;
#4580 = CARTESIAN_POINT ( 'NONE',  ( -16.62963349182176742, 4.508723330882364877, -3.398482570880824838 ) ) ;
#4581 = FACE_OUTER_BOUND ( 'NONE', #4968, .T. ) ;
#4582 = CARTESIAN_POINT ( 'NONE',  ( 5.356160601193072246, 4.000000000000000000, 16.13417316177767802 ) ) ;
#4583 = CARTESIAN_POINT ( 'NONE',  ( -10.39230484541326227, 5.000000000000000000, -18.75000000000000000 ) ) ;
#4584 = DIRECTION ( 'NONE',  ( 0.05568465954711007693, -0.9984484056230058524, -1.807885375795004083E-17 ) ) ;
#4585 = CARTESIAN_POINT ( 'NONE',  ( 11.10446740519627262, 4.766378307905874578, 13.29627330390256823 ) ) ;
#4586 = VERTEX_POINT ( 'NONE', #3634 ) ;
#4587 = CARTESIAN_POINT ( 'NONE',  ( -19.24341790707967803, 4.763083989060735490, 3.352525306869253097 ) ) ;
#4588 =( BOUNDED_CURVE ( )  B_SPLINE_CURVE ( 3, ( #5716, #1706, #5283, #1597 ),
 .UNSPECIFIED., .F., .T. ) 
 B_SPLINE_CURVE_WITH_KNOTS ( ( 4, 4 ),
 ( 5.760258652268212209, 5.934618220086338880 ),
 .UNSPECIFIED. ) 
 CURVE ( )  GEOMETRIC_REPRESENTATION_ITEM ( )  RATIONAL_B_SPLINE_CURVE ( ( 1.000000000000000000, 0.9974681659300650427, 0.9974681659300650427, 1.000000000000000000 ) ) 
 REPRESENTATION_ITEM ( '' )  );
#4589 = EDGE_CURVE ( 'NONE', #3423, #3121, #49, .T. ) ;
#4590 = CARTESIAN_POINT ( 'NONE',  ( 10.92738936467116062, 4.000000000000000000, 13.02275553302263766 ) ) ;
#4591 = CARTESIAN_POINT ( 'NONE',  ( -7.102605034524157368, 5.000000000000000000, -18.52659531686367345 ) ) ;
#4592 = EDGE_LOOP ( 'NONE', ( #481, #2303, #2647, #1850 ) ) ;
#4593 = AXIS2_PLACEMENT_3D ( 'NONE', #4062, #4499, #4528 ) ;
#4594 = DIRECTION ( 'NONE',  ( -0.7660444431189802339, 0.000000000000000000, -0.6427876096865368094 ) ) ;
#4595 = AXIS2_PLACEMENT_3D ( 'NONE', #3603, #2443, #4174 ) ;
#4596 = ORIENTED_EDGE ( 'NONE', *, *, #208, .T. ) ;
#4597 = ADVANCED_FACE ( 'NONE', ( #5745 ), #5473, .T. ) ;
#4598 = CARTESIAN_POINT ( 'NONE',  ( -17.19422687749299783, 4.783564787009150443, -2.990107728386611985 ) ) ;
#4599 = DESIGN_CONTEXT ( 'detailed design', #610, 'design' ) ;
#4600 = LINE ( 'NONE', #4490, #2457 ) ;
#4601 = LINE ( 'NONE', #4658, #4972 ) ;
#4602 = B_SPLINE_CURVE_WITH_KNOTS ( 'NONE', 3,
 ( #4526, #1914, #4580, #2294 ),
 .UNSPECIFIED., .F., .F.,
 ( 4, 4 ),
 ( 0.000000000000000000, 0.0007650654807618339831 ),
 .UNSPECIFIED. ) ;
#4603 = AXIS2_PLACEMENT_3D ( 'NONE', #798, #1643, #3446 ) ;
#4604 = CARTESIAN_POINT ( 'NONE',  ( 11.22495303937231448, 4.258073450131981019, -13.39841936389537658 ) ) ;
#4605 = ORIENTED_EDGE ( 'NONE', *, *, #432, .F. ) ;
#4606 = ADVANCED_FACE ( 'NONE', ( #3086 ), #4563, .F. ) ;
#4607 = DIRECTION ( 'NONE',  ( -0.4999999999999986677, 0.000000000000000000, 0.8660254037844395958 ) ) ;
#4608 = EDGE_CURVE ( 'NONE', #1862, #2637, #2827, .T. ) ;
#4609 = AXIS2_PLACEMENT_3D ( 'NONE', #2522, #5123, #4336 ) ;
#4610 = ORIENTED_EDGE ( 'NONE', *, *, #4767, .F. ) ;
#4611 = CARTESIAN_POINT ( 'NONE',  ( -12.33383238466046983, 5.000000000000000000, 15.14950278263864369 ) ) ;
#4612 = CARTESIAN_POINT ( 'NONE',  ( 11.89999999999999858, -1.734723475976807094E-15, -1.699999999999999289 ) ) ;
#4613 = FACE_OUTER_BOUND ( 'NONE', #1154, .T. ) ;
#4614 = VECTOR ( 'NONE', #12, 1000.000000000000000 ) ;
#4615 = DIRECTION ( 'NONE',  ( 1.000000000000000000, 0.000000000000000000, -1.836970198721028948E-16 ) ) ;
#4616 = DIRECTION ( 'NONE',  ( 0.000000000000000000, 0.000000000000000000, 1.000000000000000000 ) ) ;
#4617 = EDGE_LOOP ( 'NONE', ( #3552, #323, #726, #5727 ) ) ;
#4618 = CARTESIAN_POINT ( 'NONE',  ( -12.40851091858917954, 5.000000000000000000, -16.00782864273036665 ) ) ;
#4619 = CARTESIAN_POINT ( 'NONE',  ( 6.018620599792576797, 5.000000000000000000, 16.38279409852371771 ) ) ;
#4620 = LINE ( 'NONE', #4646, #4437 ) ;
#4621 = EDGE_CURVE ( 'NONE', #3033, #4102, #2172, .T. ) ;
#4622 = ORIENTED_EDGE ( 'NONE', *, *, #2714, .T. ) ;
#4623 = CARTESIAN_POINT ( 'NONE',  ( 16.74975890480330065, 3.970742523292732251, -2.954991388583491752 ) ) ;
#4624 = AXIS2_PLACEMENT_3D ( 'NONE', #3083, #854, #3197 ) ;
#4625 = VERTEX_POINT ( 'NONE', #579 ) ;
#4626 = B_SPLINE_CURVE_WITH_KNOTS ( 'NONE', 3,
 ( #5315, #4003, #3039, #2561, #4893, #866 ),
 .UNSPECIFIED., .F., .F.,
 ( 4, 2, 4 ),
 ( 0.000000000000000000, 0.0003837252234144625110, 0.0007674504468289250220 ),
 .UNSPECIFIED. ) ;
#4627 = AXIS2_PLACEMENT_3D ( 'NONE', #534, #2257, #2285 ) ;
#4628 = EDGE_CURVE ( 'NONE', #5371, #1927, #379, .T. ) ;
#4629 = CARTESIAN_POINT ( 'NONE',  ( 17.22644407847985093, 4.000000000000000000, 3.037486872701549601 ) ) ;
#4630 = CARTESIAN_POINT ( 'NONE',  ( 0.000000000000000000, 5.000000000000000000, 0.000000000000000000 ) ) ;
#4631 = VERTEX_POINT ( 'NONE', #4618 ) ;
#4632 = CARTESIAN_POINT ( 'NONE',  ( 0.000000000000000000, 4.750000000000000000, 0.000000000000000000 ) ) ;
#4633 = EDGE_CURVE ( 'NONE', #460, #4035, #3585, .T. ) ;
#4634 = EDGE_LOOP ( 'NONE', ( #541, #1727, #2873, #4740 ) ) ;
#4635 = CIRCLE ( 'NONE', #5574, 0.2500000000000002220 ) ;
#4636 = CARTESIAN_POINT ( 'NONE',  ( -7.658930804738323772, 5.000000000000000000, -18.74999999999999645 ) ) ;
#4637 = CYLINDRICAL_SURFACE ( 'NONE', #3391, 1.249999999999994227 ) ;
#4638 = DIRECTION ( 'NONE',  ( -0.4999999999999993894, 0.000000000000000000, 0.8660254037844390407 ) ) ;
#4639 =( BOUNDED_SURFACE ( )  B_SPLINE_SURFACE ( 3, 2, ( 
 ( #2981, #5544, #1560 ),
 ( #2405, #256, #2953 ),
 ( #2093, #5665, #722 ),
 ( #4196, #4261, #2505 ),
 ( #2886, #2533, #4727 ),
 ( #3453, #1125, #4288 ) ),
 .UNSPECIFIED., .F., .F., .T. ) 
 B_SPLINE_SURFACE_WITH_KNOTS ( ( 4, 2, 4 ),
 ( 3, 3 ),
 ( 0.000000000000000000, 0.0005752549037845066304, 0.001150509807569013261 ),
 ( 0.000000000000000000, 1.000000000000000000 ),
 .UNSPECIFIED. ) 
 GEOMETRIC_REPRESENTATION_ITEM ( )  RATIONAL_B_SPLINE_SURFACE ( (
 ( 1.000000000000000000, 0.7253743710122874111, 1.000000000000000000),
 ( 1.000000000000000000, 0.7299083363405222125, 1.000000000000000000),
 ( 1.000000000000000000, 0.7324480241390225466, 1.000000000000000000),
 ( 1.000000000000000000, 0.7324521636563297022, 1.000000000000000000),
 ( 1.000000000000000000, 0.7299399960709779256, 1.000000000000000000),
 ( 1.000000000000000000, 0.7253743710122868560, 1.000000000000000000) ) ) 
 REPRESENTATION_ITEM ( '' )  SURFACE ( )  );
#4640 = CIRCLE ( 'NONE', #1649, 3.349999999999998757 ) ;
#4641 = FACE_OUTER_BOUND ( 'NONE', #3514, .T. ) ;
#4642 = CARTESIAN_POINT ( 'NONE',  ( -17.21204835346099671, 4.350448236824118631, 3.016298975675494987 ) ) ;
#4643 = ORIENTED_EDGE ( 'NONE', *, *, #1740, .F. ) ;
#4644 = LINE ( 'NONE', #5521, #1506 ) ;
#4645 = CARTESIAN_POINT ( 'NONE',  ( 5.639657243294257327, 4.768243297466632669, 16.05200943145300130 ) ) ;
#4646 = CARTESIAN_POINT ( 'NONE',  ( -16.23797632095822152, 0.000000000000000000, -9.374999999999982236 ) ) ;
#4647 = CARTESIAN_POINT ( 'NONE',  ( 9.237604307034015250, 5.000000000000000000, -16.00000000000000000 ) ) ;
#4648 = LOCAL_TIME ( 9, 39, 18.00000000000000000, #4653 ) ;
#4649 = AXIS2_PLACEMENT_3D ( 'NONE', #3050, #439, #902 ) ;
#4650 = VERTEX_POINT ( 'NONE', #5172 ) ;
#4651 = ORIENTED_EDGE ( 'NONE', *, *, #5718, .T. ) ;
#4652 = CARTESIAN_POINT ( 'NONE',  ( 16.71625673078177599, 4.758867573868701406, -2.907142988709900955 ) ) ;
#4653 = COORDINATED_UNIVERSAL_TIME_OFFSET ( 6, 0, .BEHIND. ) ;
#4654 = ORIENTED_EDGE ( 'NONE', *, *, #1874, .F. ) ;
#4655 = CARTESIAN_POINT ( 'NONE',  ( -5.824019564684101091, 4.233548957753066055, -15.96557551528708352 ) ) ;
#4656 = EDGE_CURVE ( 'NONE', #3894, #371, #4227, .T. ) ;
#4657 = DIRECTION ( 'NONE',  ( 0.000000000000000000, 0.000000000000000000, 1.000000000000000000 ) ) ;
#4658 = CARTESIAN_POINT ( 'NONE',  ( 9.237604307034015250, 5.000000000000000000, -14.75000000000000533 ) ) ;
#4659 = LINE ( 'NONE', #1517, #5245 ) ;
#4660 = ORIENTED_EDGE ( 'NONE', *, *, #3841, .T. ) ;
#4661 = DIRECTION ( 'NONE',  ( 1.000000000000000000, -0.000000000000000000, -1.836970198721028948E-16 ) ) ;
#4662 = AXIS2_PLACEMENT_3D ( 'NONE', #3025, #3109, #381 ) ;
#4663 = CARTESIAN_POINT ( 'NONE',  ( 10.96965511460289200, 0.2500000000000002220, 18.99999999999999645 ) ) ;
#4664 = LINE ( 'NONE', #3386, #4462 ) ;
#4665 = EDGE_CURVE ( 'NONE', #5054, #2281, #1566, .T. ) ;
#4666 = VERTEX_POINT ( 'NONE', #172 ) ;
#4667 = CARTESIAN_POINT ( 'NONE',  ( 19.87296023797955513, 5.000000000000000000, -2.982859475432326324 ) ) ;
#4668 = CARTESIAN_POINT ( 'NONE',  ( -12.72405772424680315, 5.000000000000528466, -15.95563873313450109 ) ) ;
#4669 = DIRECTION ( 'NONE',  ( 0.000000000000000000, 0.000000000000000000, 1.000000000000000000 ) ) ;
#4670 = EDGE_CURVE ( 'NONE', #3149, #1694, #1104, .T. ) ;
#4671 = FACE_OUTER_BOUND ( 'NONE', #5593, .T. ) ;
#4672 = VECTOR ( 'NONE', #4779, 1000.000000000000114 ) ;
#4673 = ORIENTED_EDGE ( 'NONE', *, *, #696, .F. ) ;
#4674 = FACE_OUTER_BOUND ( 'NONE', #2362, .T. ) ;
#4675 = CARTESIAN_POINT ( 'NONE',  ( 16.23797632095822507, 4.750000000000000000, 9.374999999999984013 ) ) ;
#4676 = DIRECTION ( 'NONE',  ( -0.000000000000000000, 1.000000000000000000, -0.000000000000000000 ) ) ;
#4677 = DIRECTION ( 'NONE',  ( 0.000000000000000000, 1.000000000000000000, 0.000000000000000000 ) ) ;
#4678 = CARTESIAN_POINT ( 'NONE',  ( 10.99686831613291460, 5.000000000000000000, 13.55617105080148299 ) ) ;
#4679 = ORIENTED_EDGE ( 'NONE', *, *, #4907, .T. ) ;
#4680 = ORIENTED_EDGE ( 'NONE', *, *, #2108, .T. ) ;
#4681 = CARTESIAN_POINT ( 'NONE',  ( -19.65538622699467552, 4.760310248187462179, 3.360126590758351739 ) ) ;
#4682 = ORIENTED_EDGE ( 'NONE', *, *, #3152, .T. ) ;
#4683 = AXIS2_PLACEMENT_3D ( 'NONE', #301, #4222, #5126 ) ;
#4684 = CARTESIAN_POINT ( 'NONE',  ( 20.26201627120141779, 3.963507849820022244, 2.905158354491829797 ) ) ;
#4685 = CARTESIAN_POINT ( 'NONE',  ( 17.19722617418759825, 5.000000000000000000, 2.979118714101232523 ) ) ;
#4686 = CIRCLE ( 'NONE', #4593, 3.349999999999998757 ) ;
#4687 = DIRECTION ( 'NONE',  ( -0.8660254037844390407, 0.000000000000000000, -0.4999999999999993339 ) ) ;
#4688 = FACE_OUTER_BOUND ( 'NONE', #4513, .T. ) ;
#4689 = CARTESIAN_POINT ( 'NONE',  ( -11.19774820836069651, 4.000000000000000000, -12.79168484560514152 ) ) ;
#4690 = ORIENTED_EDGE ( 'NONE', *, *, #331, .T. ) ;
#4691 = CARTESIAN_POINT ( 'NONE',  ( -20.78460969082651388, 0.2500000000000002220, 1.387778780781445676E-14 ) ) ;
#4692 = DIRECTION ( 'NONE',  ( -0.4999999999999993339, 0.000000000000000000, 0.8660254037844389297 ) ) ;
#4693 = DIRECTION ( 'NONE',  ( 0.000000000000000000, 0.000000000000000000, 1.000000000000000000 ) ) ;
#4694 = TOROIDAL_SURFACE ( 'NONE', #3299, 16.71035107903824013, 0.2500000000000000000 ) ;
#4695 = ORIENTED_EDGE ( 'NONE', *, *, #466, .F. ) ;
#4696 = EDGE_CURVE ( 'NONE', #3311, #5306, #3494, .T. ) ;
#4697 = CARTESIAN_POINT ( 'NONE',  ( 20.02479740304501732, 4.755665143279751206, -3.187815225864695901 ) ) ;
#4698 = CARTESIAN_POINT ( 'NONE',  ( 7.658930804737840603, 4.750000000000000000, -19.00000000000000000 ) ) ;
#4699 = CYLINDRICAL_SURFACE ( 'NONE', #3896, 1.000000000000000666 ) ;
#4700 = AXIS2_PLACEMENT_3D ( 'NONE', #5097, #1615, #5191 ) ;
#4701 = VECTOR ( 'NONE', #4831, 1000.000000000000227 ) ;
#4702 = CARTESIAN_POINT ( 'NONE',  ( -17.22644407847984382, 4.000000000000000000, 3.037486872701593565 ) ) ;
#4703 = ADVANCED_FACE ( 'NONE', ( #3860 ), #2925, .T. ) ;
#4704 = ORIENTED_EDGE ( 'NONE', *, *, #5270, .F. ) ;
#4705 = DIRECTION ( 'NONE',  ( -0.8660254037844377084, 0.000000000000000000, -0.5000000000000015543 ) ) ;
#4706 = CARTESIAN_POINT ( 'NONE',  ( -6.675778765907603329, 4.000000000000000000, 18.34155141660600563 ) ) ;
#4707 = VECTOR ( 'NONE', #4060, 1000.000000000000227 ) ;
#4708 = CARTESIAN_POINT ( 'NONE',  ( 17.22644407847985093, 4.000000000000000000, 3.037486872701549601 ) ) ;
#4709 = CIRCLE ( 'NONE', #416, 0.2500000000000009437 ) ;
#4710 = AXIS2_PLACEMENT_3D ( 'NONE', #2350, #4144, #4956 ) ;
#4711 = CARTESIAN_POINT ( 'NONE',  ( 12.33383238466040766, 5.000000000000000000, -15.14950278263877870 ) ) ;
#4712 = PLANE ( 'NONE',  #655 ) ;
#4713 = EDGE_CURVE ( 'NONE', #5425, #2290, #5063, .T. ) ;
#4714 = ORIENTED_EDGE ( 'NONE', *, *, #5778, .F. ) ;
#4715 = EDGE_LOOP ( 'NONE', ( #2853, #3133, #121, #149 ) ) ;
#4716 = ORIENTED_EDGE ( 'NONE', *, *, #2755, .F. ) ;
#4717 = CARTESIAN_POINT ( 'NONE',  ( -5.372012573836139282, 4.520819520424272930, -16.10013558570296865 ) ) ;
#4718 = CARTESIAN_POINT ( 'NONE',  ( 16.37444831358997277, 5.000000000000000000, 3.333657992398889824 ) ) ;
#4719 = CARTESIAN_POINT ( 'NONE',  ( 16.65087737877208696, 3.995326637726837049, 3.428791314062706430 ) ) ;
#4720 = LINE ( 'NONE', #2002, #2817 ) ;
#4721 = ORIENTED_EDGE ( 'NONE', *, *, #5568, .T. ) ;
#4722 = DIRECTION ( 'NONE',  ( -0.000000000000000000, 1.000000000000000000, -0.000000000000000000 ) ) ;
#4723 = DIRECTION ( 'NONE',  ( 0.000000000000000000, -1.000000000000000000, 0.000000000000000000 ) ) ;
#4724 = CARTESIAN_POINT ( 'NONE',  ( 21.43412874366484999, 5.000000000000000000, 0.3749999999999847344 ) ) ;
#4725 = AXIS2_PLACEMENT_3D ( 'NONE', #4028, #3118, #1273 ) ;
#4726 = EDGE_LOOP ( 'NONE', ( #1806, #101, #5781, #5260 ) ) ;
#4727 = CARTESIAN_POINT ( 'NONE',  ( 17.06714415943856267, 4.766378307905830169, -2.968614216445112586 ) ) ;
#4728 = CARTESIAN_POINT ( 'NONE',  ( 6.917738125968921459, 4.760310248187464843, -18.70212708915141420 ) ) ;
#4729 = CARTESIAN_POINT ( 'NONE',  ( -12.76754258184255875, 5.000000000000000000, 15.74789840589588152 ) ) ;
#4730 = EDGE_CURVE ( 'NONE', #1409, #3990, #667, .T. ) ;
#4731 = CARTESIAN_POINT ( 'NONE',  ( 9.237604307034002815, -1.734723475976807094E-15, 14.74999999999999112 ) ) ;
#4732 = ORIENTED_EDGE ( 'NONE', *, *, #102, .T. ) ;
#4733 = CARTESIAN_POINT ( 'NONE',  ( -17.19832825217300609, 4.683946675189657682, -2.996132214117755321 ) ) ;
#4734 = CARTESIAN_POINT ( 'NONE',  ( 6.018620599792305015, 5.000000000000000000, -16.38279409852381363 ) ) ;
#4735 = VECTOR ( 'NONE', #1302, 1000.000000000000114 ) ;
#4736 = DIRECTION ( 'NONE',  ( 0.000000000000000000, 0.000000000000000000, 1.000000000000000000 ) ) ;
#4737 = ADVANCED_FACE ( 'NONE', ( #3367 ), #2385, .T. ) ;
#4738 = FACE_OUTER_BOUND ( 'NONE', #1921, .T. ) ;
#4739 = CARTESIAN_POINT ( 'NONE',  ( -19.30073009511538729, 4.762807290509758928, -3.362645716803640550 ) ) ;
#4740 = ORIENTED_EDGE ( 'NONE', *, *, #3394, .F. ) ;
#4741 = ORIENTED_EDGE ( 'NONE', *, *, #201, .T. ) ;
#4742 = ORIENTED_EDGE ( 'NONE', *, *, #2485, .T. ) ;
#4743 = DIRECTION ( 'NONE',  ( 0.9798985213500617242, 0.000000000000000000, 0.1994965860759596032 ) ) ;
#4744 = EDGE_CURVE ( 'NONE', #1432, #506, #2013, .T. ) ;
#4745 = CARTESIAN_POINT ( 'NONE',  ( 12.82602917210743065, 4.000000000000000000, -15.28546634457748432 ) ) ;
#4746 = CARTESIAN_POINT ( 'NONE',  ( 6.675778765907797840, 4.000000000000000000, 18.34155141660600563 ) ) ;
#4747 = CARTESIAN_POINT ( 'NONE',  ( 16.64001246520878752, 4.258073450335325028, 3.413280706222213468 ) ) ;
#4748 = DIRECTION ( 'NONE',  ( 0.5000000000000004441, -0.000000000000000000, 0.8660254037844383745 ) ) ;
#4749 = ORIENTED_EDGE ( 'NONE', *, *, #1244, .T. ) ;
#4750 = CARTESIAN_POINT ( 'NONE',  ( -6.241554349974737903, 5.000000000000000000, 16.30165284924407842 ) ) ;
#4751 = DIRECTION ( 'NONE',  ( 0.000000000000000000, 0.000000000000000000, 1.000000000000000000 ) ) ;
#4752 = DIRECTION ( 'NONE',  ( 0.6627183721850832265, 0.000000000000000000, 0.7488687195819795361 ) ) ;
#4753 = EDGE_CURVE ( 'NONE', #3311, #4765, #4644, .T. ) ;
#4754 = CARTESIAN_POINT ( 'NONE',  ( 12.40851091858908184, 5.000000000000000000, -16.00782864273053718 ) ) ;
#4755 = CARTESIAN_POINT ( 'NONE',  ( 12.76754258184248769, 4.999999999999866773, -15.74789840589624745 ) ) ;
#4756 = LINE ( 'NONE', #751, #996 ) ;
#4757 = AXIS2_PLACEMENT_3D ( 'NONE', #2491, #2874, #3413 ) ;
#4758 = CARTESIAN_POINT ( 'NONE',  ( 20.78460969082651744, 5.000000000000000000, -1.767249541151372227E-14 ) ) ;
#4759 = ORIENTED_EDGE ( 'NONE', *, *, #3280, .T. ) ;
#4760 = PLANE ( 'NONE',  #1413 ) ;
#4761 = CARTESIAN_POINT ( 'NONE',  ( 5.379378014046821477, 4.763083989060735490, -16.08428360971533166 ) ) ;
#4762 = FACE_OUTER_BOUND ( 'NONE', #3707, .T. ) ;
#4763 = FACE_OUTER_BOUND ( 'NONE', #2518, .T. ) ;
#4764 = CARTESIAN_POINT ( 'NONE',  ( -12.99676544637535613, 4.000000000000000000, 15.48894191282221833 ) ) ;
#4765 = VERTEX_POINT ( 'NONE', #1532 ) ;
#4766 = ORIENTED_EDGE ( 'NONE', *, *, #618, .F. ) ;
#4767 = EDGE_CURVE ( 'NONE', #489, #1432, #3206, .T. ) ;
#4768 = ORIENTED_EDGE ( 'NONE', *, *, #5158, .T. ) ;
#4769 = DIRECTION ( 'NONE',  ( 0.000000000000000000, 0.000000000000000000, 1.000000000000000000 ) ) ;
#4770 = DIRECTION ( 'NONE',  ( -0.3420201433256731538, 0.000000000000000000, -0.9396926207859069846 ) ) ;
#4771 = EDGE_CURVE ( 'NONE', #182, #4889, #640, .T. ) ;
#4772 = LINE ( 'NONE', #767, #4701 ) ;
#4773 = DIRECTION ( 'NONE',  ( -1.000000000000000000, -0.000000000000000000, 3.162767576288758865E-16 ) ) ;
#4774 = B_SPLINE_CURVE_WITH_KNOTS ( 'NONE', 3,
 ( #3067, #779, #4005, #5723, #5695, #2563 ),
 .UNSPECIFIED., .F., .F.,
 ( 4, 2, 4 ),
 ( 0.000000000000000000, 0.0003837252277095573355, 0.0007674504554191146711 ),
 .UNSPECIFIED. ) ;
#4775 = DIRECTION ( 'NONE',  ( 0.000000000000000000, -0.000000000000000000, -1.000000000000000000 ) ) ;
#4776 = VERTEX_POINT ( 'NONE', #203 ) ;
#4777 = CARTESIAN_POINT ( 'NONE',  ( 5.982532503968558402, 3.995326637716247298, 16.43758906555649091 ) ) ;
#4778 =( BOUNDED_SURFACE ( )  B_SPLINE_SURFACE ( 3, 2, ( 
 ( #4933, #1343, #2756 ),
 ( #1924, #5441, #5384 ),
 ( #4507, #471, #581 ),
 ( #4045, #90, #4151 ),
 ( #36, #3135, #4069 ),
 ( #1866, #1427, #147 ) ),
 .UNSPECIFIED., .F., .F., .T. ) 
 B_SPLINE_SURFACE_WITH_KNOTS ( ( 4, 2, 4 ),
 ( 3, 3 ),
 ( -3.740497495074990297E-18, 0.0005752549034368718405, 0.001150509806873747367 ),
 ( 0.000000000000000000, 1.000000000000000000 ),
 .UNSPECIFIED. ) 
 GEOMETRIC_REPRESENTATION_ITEM ( )  RATIONAL_B_SPLINE_SURFACE ( (
 ( 1.000000000000000000, 0.7253743710122874111, 1.000000000000000000),
 ( 1.000000000000000000, 0.7299077994845677431, 1.000000000000000000),
 ( 1.000000000000000000, 0.7324477354953574659, 1.000000000000000000),
 ( 1.000000000000000000, 0.7324524515202203157, 1.000000000000000000),
 ( 1.000000000000000000, 0.7299405342001071828, 1.000000000000000000),
 ( 1.000000000000000000, 0.7253743710122874111, 1.000000000000000000) ) ) 
 REPRESENTATION_ITEM ( '' )  SURFACE ( )  );
#4779 = DIRECTION ( 'NONE',  ( -0.3420201433256728207, 0.000000000000000000, -0.9396926207859068736 ) ) ;
#4780 = DIRECTION ( 'NONE',  ( 0.9384048047077340193, 0.05233595624294395260, -0.3415514166060160117 ) ) ;
#4781 = AXIS2_PLACEMENT_3D ( 'NONE', #5032, #1902, #1871 ) ;
#4782 = EDGE_CURVE ( 'NONE', #3623, #3605, #1981, .T. ) ;
#4783 = ADVANCED_FACE ( 'NONE', ( #4674 ), #5580, .T. ) ;
#4784 = DIRECTION ( 'NONE',  ( 0.000000000000000000, 0.000000000000000000, 1.000000000000000000 ) ) ;
#4785 = CARTESIAN_POINT ( 'NONE',  ( -16.23797632095821442, 0.000000000000000000, 9.375000000000005329 ) ) ;
#4786 = CARTESIAN_POINT ( 'NONE',  ( -12.82602917210752480, 4.000000000000000000, -15.28546634457731024 ) ) ;
#4787 = CARTESIAN_POINT ( 'NONE',  ( 5.380000693444505266, 4.783564761053537673, -16.08294353145302225 ) ) ;
#4788 = CARTESIAN_POINT ( 'NONE',  ( -20.28394807427334712, 5.000000000000000888, 2.867171357269667098 ) ) ;
#4789 = ORIENTED_EDGE ( 'NONE', *, *, #4608, .F. ) ;
#4790 = DIRECTION ( 'NONE',  ( 0.05568465954710993815, 0.9984484056230058524, -8.805881785613875455E-18 ) ) ;
#4791 = DIRECTION ( 'NONE',  ( 0.8660254037844395958, 0.000000000000000000, 0.4999999999999985567 ) ) ;
#4792 = VECTOR ( 'NONE', #5552, 1000.000000000000000 ) ;
#4793 = FACE_BOUND ( 'NONE', #871, .T. ) ;
#4794 = AXIS2_PLACEMENT_3D ( 'NONE', #387, #3557, #3995 ) ;
#4795 = CARTESIAN_POINT ( 'NONE',  ( 5.488802891232676728, 5.000000000000000000, -15.80418510675015931 ) ) ;
#4796 = VERTEX_POINT ( 'NONE', #4354 ) ;
#4797 = ORIENTED_EDGE ( 'NONE', *, *, #33, .T. ) ;
#4798 = ORIENTED_EDGE ( 'NONE', *, *, #3349, .T. ) ;
#4799 = CARTESIAN_POINT ( 'NONE',  ( 11.89999999999999858, 2.850000000000000089, 3.349999999999999201 ) ) ;
#4800 = EDGE_CURVE ( 'NONE', #3556, #825, #4212, .T. ) ;
#4801 = DIRECTION ( 'NONE',  ( 0.000000000000000000, 1.000000000000000000, 0.000000000000000000 ) ) ;
#4802 = DIRECTION ( 'NONE',  ( -0.6427876096865384747, 0.000000000000000000, -0.7660444431189786796 ) ) ;
#4803 = CARTESIAN_POINT ( 'NONE',  ( 16.74975890480990515, 3.970742523137933855, 2.954991388592726587 ) ) ;
#4804 = LINE ( 'NONE', #2142, #107 ) ;
#4805 = CARTESIAN_POINT ( 'NONE',  ( -10.98909188964979577, 5.000000000000000000, -13.54690346660268219 ) ) ;
#4806 = CARTESIAN_POINT ( 'NONE',  ( -9.237604307034011697, -1.734723475976807094E-15, 17.24999999999998579 ) ) ;
#4807 = EDGE_CURVE ( 'NONE', #825, #5600, #3545, .T. ) ;
#4808 = DIRECTION ( 'NONE',  ( 1.000000000000000000, 0.000000000000000000, -1.836970198721030427E-16 ) ) ;
#4809 =( BOUNDED_SURFACE ( )  B_SPLINE_SURFACE ( 3, 2, ( 
 ( #2159, #5326, #1751 ),
 ( #5237, #1309, #1692 ),
 ( #3101, #3019, #4388 ),
 ( #2103, #3985, #1225 ),
 ( #5732, #3923, #2193 ),
 ( #789, #878, #4875 ) ),
 .UNSPECIFIED., .F., .F., .T. ) 
 B_SPLINE_SURFACE_WITH_KNOTS ( ( 4, 2, 4 ),
 ( 3, 3 ),
 ( 0.3485670870932499610, 0.9596817069440731762, 1.570796326794896336 ),
 ( 0.000000000000000000, 1.000000000000000000 ),
 .UNSPECIFIED. ) 
 GEOMETRIC_REPRESENTATION_ITEM ( )  RATIONAL_B_SPLINE_SURFACE ( (
 ( 1.000000000000000000, 0.7253743710122874111, 1.000000000000000000),
 ( 1.000000000000000000, 0.7240499912499857027, 1.000000000000000000),
 ( 1.000000000000000000, 0.7215476082091442089, 1.000000000000000000),
 ( 1.000000000000000000, 0.7150809331573578786, 1.000000000000000000),
 ( 1.000000000000000000, 0.7111226099811269741, 1.000000000000000000),
 ( 1.000000000000000000, 0.7071067811865475727, 1.000000000000000000) ) ) 
 REPRESENTATION_ITEM ( '' )  SURFACE ( )  );
#4810 = CARTESIAN_POINT ( 'NONE',  ( 5.962752764947084394, 4.766372654134675813, 16.26509722437011618 ) ) ;
#4811 = VERTEX_POINT ( 'NONE', #2219 ) ;
#4812 = CARTESIAN_POINT ( 'NONE',  ( 12.76754258184272217, 5.000000000000000000, 15.74789840589609646 ) ) ;
#4813 = CIRCLE ( 'NONE', #2286, 1.699999999999998401 ) ;
#4814 = EDGE_CURVE ( 'NONE', #5371, #2977, #5264, .T. ) ;
#4815 = CARTESIAN_POINT ( 'NONE',  ( -20.78460969082651388, 5.000000000000000000, 1.387778780781445676E-14 ) ) ;
#4816 = CARTESIAN_POINT ( 'NONE',  ( -19.28677045679830115, 5.000000000000000000, 3.106660779815932472 ) ) ;
#4817 = VERTEX_POINT ( 'NONE', #3887 ) ;
#4818 = CARTESIAN_POINT ( 'NONE',  ( -5.356160601193185045, 4.000000000000000000, -16.13417316177764249 ) ) ;
#4819 = EDGE_CURVE ( 'NONE', #4033, #5077, #2448, .T. ) ;
#4820 = DIRECTION ( 'NONE',  ( 0.000000000000000000, 1.000000000000000000, 0.000000000000000000 ) ) ;
#4821 = CARTESIAN_POINT ( 'NONE',  ( 5.776428010467073548, 4.999999999999999112, -15.84124627495338267 ) ) ;
#4822 = ORIENTED_EDGE ( 'NONE', *, *, #5778, .T. ) ;
#4823 = ORIENTED_EDGE ( 'NONE', *, *, #3471, .T. ) ;
#4824 = VECTOR ( 'NONE', #1412, 1000.000000000000000 ) ;
#4825 = VERTEX_POINT ( 'NONE', #1722 ) ;
#4826 = CARTESIAN_POINT ( 'NONE',  ( 5.379378014046819700, 4.763083989060734602, -16.08428360971532811 ) ) ;
#4827 =( BOUNDED_CURVE ( )  B_SPLINE_CURVE ( 3, ( #742, #3291, #3419, #3731 ),
 .UNSPECIFIED., .F., .T. ) 
 B_SPLINE_CURVE_WITH_KNOTS ( ( 4, 4 ),
 ( 4.712388980384687898, 5.934618220086334439 ),
 .UNSPECIFIED. ) 
 CURVE ( )  GEOMETRIC_REPRESENTATION_ITEM ( )  RATIONAL_B_SPLINE_CURVE ( ( 1.000000000000000000, 0.8793393195858252298, 0.8793393195858252298, 1.000000000000000000 ) ) 
 REPRESENTATION_ITEM ( '' )  );
#4828 = AXIS2_PLACEMENT_3D ( 'NONE', #5113, #4676, #731 ) ;
#4829 = CARTESIAN_POINT ( 'NONE',  ( -19.22213885455308713, 4.000000000000000000, -3.389381706982200093 ) ) ;
#4830 = VERTEX_POINT ( 'NONE', #1306 ) ;
#4831 = DIRECTION ( 'NONE',  ( 0.02784232977355505581, -0.9984484056230057414, -0.04822432976888513245 ) ) ;
#4832 = FACE_OUTER_BOUND ( 'NONE', #1743, .T. ) ;
#4833 = CARTESIAN_POINT ( 'NONE',  ( -16.74173180120753557, 4.000000000000000000, 2.952019020337842470 ) ) ;
#4834 = ORIENTED_EDGE ( 'NONE', *, *, #3931, .F. ) ;
#4835 = CARTESIAN_POINT ( 'NONE',  ( -11.25833024919770153, 4.750000000000000000, -18.49999999999999645 ) ) ;
#4836 = DIRECTION ( 'NONE',  ( -1.000000000000000000, -0.000000000000000000, -0.000000000000000000 ) ) ;
#4837 = FACE_OUTER_BOUND ( 'NONE', #2997, .T. ) ;
#4838 = CIRCLE ( 'NONE', #5588, 16.96000846272688278 ) ;
#4839 = CARTESIAN_POINT ( 'NONE',  ( -5.300191647848693677, 4.750000000000000000, -15.84751720872356096 ) ) ;
#4840 = ORIENTED_EDGE ( 'NONE', *, *, #3857, .F. ) ;
#4841 = ADVANCED_FACE ( 'NONE', ( #5261 ), #4323, .T. ) ;
#4842 = LINE ( 'NONE', #4895, #5302 ) ;
#4843 = ORIENTED_EDGE ( 'NONE', *, *, #5639, .T. ) ;
#4844 = DIRECTION ( 'NONE',  ( -0.000000000000000000, 1.000000000000000000, -0.000000000000000000 ) ) ;
#4845 = VERTEX_POINT ( 'NONE', #3918 ) ;
#4846 = CARTESIAN_POINT ( 'NONE',  ( -12.80480779752844533, 4.761015611334819653, -15.32222284355471764 ) ) ;
#4847 = EDGE_CURVE ( 'NONE', #584, #5117, #5672, .T. ) ;
#4848 = DIRECTION ( 'NONE',  ( 0.000000000000000000, 0.000000000000000000, 1.000000000000000000 ) ) ;
#4849 = CYLINDRICAL_SURFACE ( 'NONE', #4016, 0.2500000000000009437 ) ;
#4850 = CARTESIAN_POINT ( 'NONE',  ( 5.392423398934341527, 4.999999999999998224, -15.81667036058122910 ) ) ;
#4851 = ORIENTED_EDGE ( 'NONE', *, *, #3608, .T. ) ;
#4852 = EDGE_LOOP ( 'NONE', ( #743, #2780, #2467, #4766 ) ) ;
#4853 = EDGE_CURVE ( 'NONE', #5556, #254, #3486, .T. ) ;
#4854 = ORIENTED_EDGE ( 'NONE', *, *, #2663, .T. ) ;
#4855 = CARTESIAN_POINT ( 'NONE',  ( -13.50000000000000000, 2.850000000000000089, 1.830590527989727547E-15 ) ) ;
#4856 = FACE_OUTER_BOUND ( 'NONE', #2079, .T. ) ;
#4857 = ORIENTED_EDGE ( 'NONE', *, *, #33, .F. ) ;
#4858 = CARTESIAN_POINT ( 'NONE',  ( -12.64593146721697892, 4.000000000000000000, -16.09660418974614160 ) ) ;
#4859 = DIRECTION ( 'NONE',  ( -0.000000000000000000, 1.000000000000000000, -0.000000000000000000 ) ) ;
#4860 = CYLINDRICAL_SURFACE ( 'NONE', #3849, 1.699999999999999289 ) ;
#4861 = ORIENTED_EDGE ( 'NONE', *, *, #4847, .F. ) ;
#4862 = CARTESIAN_POINT ( 'NONE',  ( 11.06502932295470920, 4.999999999999832134, -12.90449588001631120 ) ) ;
#4863 = CARTESIAN_POINT ( 'NONE',  ( -11.29452352656006120, 4.000000000000000000, 12.70565772827134410 ) ) ;
#4864 = CYLINDRICAL_SURFACE ( 'NONE', #2339, 0.2500000000000003886 ) ;
#4865 = VERTEX_POINT ( 'NONE', #2987 ) ;
#4866 = DIRECTION ( 'NONE',  ( 0.1734101988745065381, 0.05233595624294395954, -0.9834581082132787255 ) ) ;
#4867 = ADVANCED_FACE ( 'NONE', ( #3982 ), #4760, .F. ) ;
#4868 = ORIENTED_EDGE ( 'NONE', *, *, #4434, .F. ) ;
#4869 = CIRCLE ( 'NONE', #5056, 3.349999999999998757 ) ;
#4870 = CARTESIAN_POINT ( 'NONE',  ( 12.54358419725709339, 4.999999999999999112, 15.39947525885374091 ) ) ;
#4871 = ORIENTED_EDGE ( 'NONE', *, *, #1614, .T. ) ;
#4872 = DIRECTION ( 'NONE',  ( -0.8660254037844385966, 0.000000000000000000, 0.5000000000000003331 ) ) ;
#4873 = DIRECTION ( 'NONE',  ( 0.6427876096865423605, -0.000000000000000000, 0.7660444431189755710 ) ) ;
#4874 = EDGE_CURVE ( 'NONE', #1312, #3897, #3016, .T. ) ;
#4875 = CARTESIAN_POINT ( 'NONE',  ( -20.06744172332724574, 5.000000000000000000, -2.742171357269622245 ) ) ;
#4876 = DIRECTION ( 'NONE',  ( -0.8660254037844395958, 0.000000000000000000, 0.4999999999999983347 ) ) ;
#4877 = AXIS2_PLACEMENT_3D ( 'NONE', #3505, #4859, #2754 ) ;
#4878 = ORIENTED_EDGE ( 'NONE', *, *, #4315, .F. ) ;
#4879 = ORIENTED_EDGE ( 'NONE', *, *, #1053, .T. ) ;
#4880 = ORIENTED_EDGE ( 'NONE', *, *, #811, .F. ) ;
#4881 = DIRECTION ( 'NONE',  ( -0.1734101988745065381, 0.05233595624294395954, 0.9834581082132787255 ) ) ;
#4882 = CIRCLE ( 'NONE', #4700, 1.249999999999987121 ) ;
#4883 = EDGE_CURVE ( 'NONE', #1078, #3540, #4233, .T. ) ;
#4884 = LINE ( 'NONE', #37, #3326 ) ;
#4885 = AXIS2_PLACEMENT_3D ( 'NONE', #2469, #5571, #4257 ) ;
#4886 = VERTEX_POINT ( 'NONE', #4818 ) ;
#4887 = CARTESIAN_POINT ( 'NONE',  ( 12.99676544637540232, 4.000000000000000000, 15.48894191282219346 ) ) ;
#4888 = CARTESIAN_POINT ( 'NONE',  ( 21.93931022920576979, 0.2500000000000002220, -1.734827766619825760E-14 ) ) ;
#4889 = VERTEX_POINT ( 'NONE', #1826 ) ;
#4890 = FACE_OUTER_BOUND ( 'NONE', #969, .T. ) ;
#4891 = AXIS2_PLACEMENT_3D ( 'NONE', #4297, #5526, #3307 ) ;
#4892 = FACE_OUTER_BOUND ( 'NONE', #2432, .T. ) ;
#4893 = CARTESIAN_POINT ( 'NONE',  ( 11.10460915927580139, 4.766372726975536267, 13.29644178481152572 ) ) ;
#4894 = ORIENTED_EDGE ( 'NONE', *, *, #2176, .F. ) ;
#4895 = CARTESIAN_POINT ( 'NONE',  ( -12.61804587030803049, 4.750000000000000000, 16.14490346039181290 ) ) ;
#4896 = ORIENTED_EDGE ( 'NONE', *, *, #3702, .T. ) ;
#4897 = VECTOR ( 'NONE', #4396, 1000.000000000000000 ) ;
#4898 = CARTESIAN_POINT ( 'NONE',  ( -5.502544242234843175, 4.766378674295261852, -16.04290867799730691 ) ) ;
#4899 = VERTEX_POINT ( 'NONE', #1774 ) ;
#4900 = CARTESIAN_POINT ( 'NONE',  ( 0.000000000000000000, 4.750000000000000000, 0.000000000000000000 ) ) ;
#4901 = EDGE_CURVE ( 'NONE', #4953, #1863, #2919, .T. ) ;
#4902 = CIRCLE ( 'NONE', #3138, 0.2500000000000002220 ) ;
#4903 = DIRECTION ( 'NONE',  ( -0.000000000000000000, 1.000000000000000000, -0.000000000000000000 ) ) ;
#4904 = DIRECTION ( 'NONE',  ( -0.000000000000000000, -1.000000000000000000, -0.000000000000000000 ) ) ;
#4905 = ORIENTED_EDGE ( 'NONE', *, *, #1453, .T. ) ;
#4906 = VERTEX_POINT ( 'NONE', #463 ) ;
#4907 = EDGE_CURVE ( 'NONE', #2793, #896, #4409, .T. ) ;
#4908 = CARTESIAN_POINT ( 'NONE',  ( 5.615939424422673909, 4.000000000000000000, 16.10278046797949614 ) ) ;
#4909 = CARTESIAN_POINT ( 'NONE',  ( 12.33383238466050180, 5.000000000000000000, 15.14950278263860639 ) ) ;
#4910 = CIRCLE ( 'NONE', #5668, 0.2500000000000009437 ) ;
#4911 = EDGE_LOOP ( 'NONE', ( #4085, #2391, #3431, #60 ) ) ;
#4912 = LINE ( 'NONE', #912, #3871 ) ;
#4913 = CARTESIAN_POINT ( 'NONE',  ( 16.75315156961201524, 4.000000000000000000, -3.188110482547353630 ) ) ;
#4914 = VERTEX_POINT ( 'NONE', #2243 ) ;
#4915 = EDGE_CURVE ( 'NONE', #4931, #4625, #1445, .T. ) ;
#4916 = CARTESIAN_POINT ( 'NONE',  ( -10.96965511460287068, 0.2500000000000002220, 18.75000000000000355 ) ) ;
#4917 = AXIS2_PLACEMENT_3D ( 'NONE', #4342, #2060, #2558 ) ;
#4918 = CARTESIAN_POINT ( 'NONE',  ( -19.39566318705538706, 4.000000000000000000, -3.404561540562720090 ) ) ;
#4919 = EDGE_LOOP ( 'NONE', ( #1680, #1429, #791, #240 ) ) ;
#4920 = DIRECTION ( 'NONE',  ( -1.000000000000000000, 0.000000000000000000, 0.000000000000000000 ) ) ;
#4921 = VERTEX_POINT ( 'NONE', #2718 ) ;
#4922 = CARTESIAN_POINT ( 'NONE',  ( 11.89999999999999858, 2.850000000000000089, -1.700000000000000178 ) ) ;
#4923 = ADVANCED_FACE ( 'NONE', ( #1388 ), #1858, .T. ) ;
#4924 = EDGE_LOOP ( 'NONE', ( #2062, #2213, #2399, #4896 ) ) ;
#4925 = CARTESIAN_POINT ( 'NONE',  ( -6.175630982082158660, 5.000000000000000000, -16.12053005077121881 ) ) ;
#4926 = ORIENTED_EDGE ( 'NONE', *, *, #3073, .F. ) ;
#4927 = DIRECTION ( 'NONE',  ( 0.000000000000000000, -1.000000000000000000, 0.000000000000000000 ) ) ;
#4928 = CARTESIAN_POINT ( 'NONE',  ( -10.81643465051746311, 5.000000000000001776, 13.11539435985965341 ) ) ;
#4929 = CYLINDRICAL_SURFACE ( 'NONE', #1959, 1.249999999999994227 ) ;
#4930 = DIRECTION ( 'NONE',  ( -0.1736481776669352162, 0.000000000000000000, -0.9848077530122072432 ) ) ;
#4931 = VERTEX_POINT ( 'NONE', #3157 ) ;
#4932 = EDGE_LOOP ( 'NONE', ( #3598, #5293, #1758, #268 ) ) ;
#4933 = CARTESIAN_POINT ( 'NONE',  ( -17.23842266610772711, 5.000000000000000000, -2.745481798442561239 ) ) ;
#4934 = APPLICATION_CONTEXT ( 'configuration controlled 3d designs of mechanical parts and assemblies' ) ;
#4935 = DIRECTION ( 'NONE',  ( -0.000000000000000000, 1.000000000000000000, -0.000000000000000000 ) ) ;
#4936 = EDGE_CURVE ( 'NONE', #314, #4215, #2847, .T. ) ;
#4937 = ORIENTED_EDGE ( 'NONE', *, *, #1329, .F. ) ;
#4938 = CARTESIAN_POINT ( 'NONE',  ( 10.87578804604741656, 4.758867573867918921, 13.02313149068478104 ) ) ;
#4939 = DIRECTION ( 'NONE',  ( -0.4999999999999972800, 9.296355089585407794E-16, 0.8660254037844403729 ) ) ;
#4940 = ORIENTED_EDGE ( 'NONE', *, *, #4059, .F. ) ;
#4941 = DIRECTION ( 'NONE',  ( 0.8660254037844409281, 0.000000000000000000, 0.4999999999999962808 ) ) ;
#4942 = AXIS2_PLACEMENT_3D ( 'NONE', #5416, #4935, #3255 ) ;
#4943 = ADVANCED_FACE ( 'NONE', ( #955 ), #81, .T. ) ;
#4944 = AXIS2_PLACEMENT_3D ( 'NONE', #2327, #1889, #5436 ) ;
#4945 =( BOUNDED_CURVE ( )  B_SPLINE_CURVE ( 3, ( #284, #4786, #2507, #3012 ),
 .UNSPECIFIED., .F., .T. ) 
 B_SPLINE_CURVE_WITH_KNOTS ( ( 4, 4 ),
 ( 0.3485670870932535692, 1.570796326794895892 ),
 .UNSPECIFIED. ) 
 CURVE ( )  GEOMETRIC_REPRESENTATION_ITEM ( )  RATIONAL_B_SPLINE_CURVE ( ( 1.000000000000000000, 0.8793393195858258959, 0.8793393195858258959, 1.000000000000000000 ) ) 
 REPRESENTATION_ITEM ( '' )  );
#4946 = LINE ( 'NONE', #4160, #408 ) ;
#4947 = ORIENTED_EDGE ( 'NONE', *, *, #2453, .F. ) ;
#4948 = DIRECTION ( 'NONE',  ( 0.000000000000000000, 0.000000000000000000, 1.000000000000000000 ) ) ;
#4949 = VERTEX_POINT ( 'NONE', #573 ) ;
#4950 = CARTESIAN_POINT ( 'NONE',  ( -11.04182389825158950, 5.000000000000000000, -18.37499999999999645 ) ) ;
#4951 = EDGE_CURVE ( 'NONE', #506, #239, #927, .T. ) ;
#4952 = EDGE_CURVE ( 'NONE', #4811, #844, #4686, .T. ) ;
#4953 = VERTEX_POINT ( 'NONE', #2325 ) ;
#4954 = CARTESIAN_POINT ( 'NONE',  ( -5.484780263411202839, 5.000000000000000000, -15.78578170257757840 ) ) ;
#4955 = VECTOR ( 'NONE', #2057, 1000.000000000000000 ) ;
#4956 = DIRECTION ( 'NONE',  ( 0.000000000000000000, 0.000000000000000000, 1.000000000000000000 ) ) ;
#4957 = CARTESIAN_POINT ( 'NONE',  ( 19.24341790707969224, 4.763083989060735490, 3.352525306869208244 ) ) ;
#4958 = DIRECTION ( 'NONE',  ( 0.000000000000000000, -0.04824303228071017552, -0.9988356270359816103 ) ) ;
#4959 = B_SPLINE_CURVE_WITH_KNOTS ( 'NONE', 3,
 ( #4702, #3801, #4642, #5612, #2923, #2383, #5641 ),
 .UNSPECIFIED., .F., .F.,
 ( 4, 3, 4 ),
 ( 0.000000000000000000, 0.0005270747513130819408, 0.0007651211997125611673 ),
 .UNSPECIFIED. ) ;
#4960 = DIRECTION ( 'NONE',  ( 0.02784232977355503846, -0.9984484056230058524, -0.04822432976888508388 ) ) ;
#4961 = CARTESIAN_POINT ( 'NONE',  ( 0.000000000000000000, 4.000000000000000000, 0.000000000000000000 ) ) ;
#4962 = ORIENTED_EDGE ( 'NONE', *, *, #5525, .F. ) ;
#4963 = ORIENTED_EDGE ( 'NONE', *, *, #3028, .T. ) ;
#4964 = CARTESIAN_POINT ( 'NONE',  ( 0.000000000000000000, 5.000000000000000000, 0.000000000000000000 ) ) ;
#4965 = CARTESIAN_POINT ( 'NONE',  ( 17.19507011638907557, 4.763083989060736378, -2.991346325496046621 ) ) ;
#4966 = AXIS2_PLACEMENT_3D ( 'NONE', #1502, #2863, #4705 ) ;
#4967 = CARTESIAN_POINT ( 'NONE',  ( 13.50000000000000000, -1.734723475976807094E-15, -1.469576158976824785E-16 ) ) ;
#4968 = EDGE_LOOP ( 'NONE', ( #856, #3975, #5141, #5110 ) ) ;
#4969 = CYLINDRICAL_SURFACE ( 'NONE', #2657, 1.000000000000000666 ) ;
#4970 = FACE_OUTER_BOUND ( 'NONE', #3374, .T. ) ;
#4971 = ORIENTED_EDGE ( 'NONE', *, *, #5450, .F. ) ;
#4972 = VECTOR ( 'NONE', #621, 1000.000000000000000 ) ;
#4973 = CARTESIAN_POINT ( 'NONE',  ( 10.39230484541325872, 0.2500000000000002220, -19.00000000000000000 ) ) ;
#4974 = EDGE_CURVE ( 'NONE', #2058, #1032, #519, .T. ) ;
#4975 = VECTOR ( 'NONE', #5579, 1000.000000000000000 ) ;
#4976 = CARTESIAN_POINT ( 'NONE',  ( 10.39230484541325872, 0.000000000000000000, -18.75000000000000000 ) ) ;
#4977 = VERTEX_POINT ( 'NONE', #1333 ) ;
#4978 = CARTESIAN_POINT ( 'NONE',  ( 20.06744172332724929, 5.000000000000000000, 2.742171357269621357 ) ) ;
#4979 = ORIENTED_EDGE ( 'NONE', *, *, #3387, .F. ) ;
#4980 = CARTESIAN_POINT ( 'NONE',  ( 19.22213885455300542, 4.000000000000000000, -3.389381706982371956 ) ) ;
#4981 = VECTOR ( 'NONE', #3375, 1000.000000000000114 ) ;
#4982 = EDGE_CURVE ( 'NONE', #1862, #4650, #4088, .T. ) ;
#4983 = CIRCLE ( 'NONE', #1161, 1.249999999999987121 ) ;
#4984 = CIRCLE ( 'NONE', #4710, 0.7500000000000006661 ) ;
#4985 = ORIENTED_EDGE ( 'NONE', *, *, #5173, .F. ) ;
#4986 = DIRECTION ( 'NONE',  ( -0.6427876096865324795, 0.000000000000000000, 0.7660444431189838976 ) ) ;
#4987 = CARTESIAN_POINT ( 'NONE',  ( 19.43000536896108343, 5.231538346406935602, -3.345079136659310226 ) ) ;
#4988 = CARTESIAN_POINT ( 'NONE',  ( 19.60812887774572744, 5.000000000000000000, -3.163324939906976496 ) ) ;
#4989 = FACE_OUTER_BOUND ( 'NONE', #3738, .T. ) ;
#4990 = EDGE_CURVE ( 'NONE', #152, #720, #55, .T. ) ;
#4991 = LINE ( 'NONE', #3248, #176 ) ;
#4992 = CARTESIAN_POINT ( 'NONE',  ( 5.930189205541423218E-15, 4.750000000000000000, 18.75000000000000000 ) ) ;
#4993 = EDGE_LOOP ( 'NONE', ( #1501, #684, #2504, #5520 ) ) ;
#4994 = ORIENTED_EDGE ( 'NONE', *, *, #2492, .F. ) ;
#4995 = CARTESIAN_POINT ( 'NONE',  ( -10.85656603071320347, 5.000000000000000000, -12.82854359489682494 ) ) ;
#4996 =( BOUNDED_CURVE ( )  B_SPLINE_CURVE ( 3, ( #1555, #5098, #5631, #4225 ),
 .UNSPECIFIED., .F., .T. ) 
 B_SPLINE_CURVE_WITH_KNOTS ( ( 4, 4 ),
 ( 0.3485670870932550125, 1.570796326794896558 ),
 .UNSPECIFIED. ) 
 CURVE ( )  GEOMETRIC_REPRESENTATION_ITEM ( )  RATIONAL_B_SPLINE_CURVE ( ( 1.000000000000000000, 0.8793393195858261180, 0.8793393195858261180, 1.000000000000000000 ) ) 
 REPRESENTATION_ITEM ( '' )  );
#4997 = VECTOR ( 'NONE', #3116, 1000.000000000000114 ) ;
#4998 = EDGE_CURVE ( 'NONE', #720, #2710, #1833, .T. ) ;
#4999 = CARTESIAN_POINT ( 'NONE',  ( 5.356160601193072246, 4.000000000000000000, 16.13417316177767802 ) ) ;
#5000 = CARTESIAN_POINT ( 'NONE',  ( -7.254308784801482446, 5.000000000000065725, -18.93096542272332528 ) ) ;
#5001 = ORIENTED_EDGE ( 'NONE', *, *, #4390, .T. ) ;
#5002 = CARTESIAN_POINT ( 'NONE',  ( 17.23842266610773066, 4.750000000000000000, 2.745481798442562127 ) ) ;
#5003 = CYLINDRICAL_SURFACE ( 'NONE', #4039, 0.2500000000000009437 ) ;
#5004 = EDGE_LOOP ( 'NONE', ( #2510, #4451, #2421, #5485 ) ) ;
#5005 = DIRECTION ( 'NONE',  ( 0.5000000000000002220, -0.000000000000000000, 0.8660254037844384856 ) ) ;
#5006 = FACE_BOUND ( 'NONE', #4136, .T. ) ;
#5007 = DIRECTION ( 'NONE',  ( 0.000000000000000000, 0.000000000000000000, 1.000000000000000000 ) ) ;
#5008 = DIRECTION ( 'NONE',  ( 0.02784232977355503846, -0.9984484056230057414, -0.04822432976888507694 ) ) ;
#5009 = ORIENTED_EDGE ( 'NONE', *, *, #5318, .T. ) ;
#5010 = LINE ( 'NONE', #1007, #4824 ) ;
#5011 = AXIS2_PLACEMENT_3D ( 'NONE', #3651, #4494, #484 ) ;
#5012 =( BOUNDED_SURFACE ( )  B_SPLINE_SURFACE ( 3, 2, ( 
 ( #3392, #4198, #140 ),
 ( #5165, #4668, #1916 ),
 ( #3272, #4169, #3825 ),
 ( #5072, #1037, #1097 ),
 ( #1065, #3712, #2826 ),
 ( #2858, #1941, #2887 ) ),
 .UNSPECIFIED., .F., .F., .F. ) 
 B_SPLINE_SURFACE_WITH_KNOTS ( ( 4, 2, 4 ),
 ( 3, 3 ),
 ( 4.712388980384687898, 5.323503600235509836, 5.934618220086331775 ),
 ( 0.000000000000000000, 1.000000000000000000 ),
 .UNSPECIFIED. ) 
 GEOMETRIC_REPRESENTATION_ITEM ( )  RATIONAL_B_SPLINE_SURFACE ( (
 ( 1.000000000000000000, 0.7071067811865475727, 1.000000000000000000),
 ( 1.000000000000000000, 0.7111226099809534462, 1.000000000000000000),
 ( 1.000000000000000000, 0.7150809331575873617, 1.000000000000000000),
 ( 1.000000000000000000, 0.7215476082089147258, 1.000000000000000000),
 ( 1.000000000000000000, 0.7240499912501572322, 1.000000000000000000),
 ( 1.000000000000000000, 0.7253743710122874111, 1.000000000000000000) ) ) 
 REPRESENTATION_ITEM ( '' )  SURFACE ( )  );
#5013 = ORIENTED_EDGE ( 'NONE', *, *, #3437, .F. ) ;
#5014 = EDGE_CURVE ( 'NONE', #1259, #3139, #2184, .T. ) ;
#5015 = CYLINDRICAL_SURFACE ( 'NONE', #4071, 0.2500000000000009437 ) ;
#5016 = CARTESIAN_POINT ( 'NONE',  ( 21.65063509461095848, 5.000000000000000000, 0.4999999999999831246 ) ) ;
#5017 = CARTESIAN_POINT ( 'NONE',  ( 17.21204835346097539, 4.350448236824115966, -3.016298975675616223 ) ) ;
#5018 = LINE ( 'NONE', #4583, #4269 ) ;
#5019 = CC_DESIGN_APPROVAL ( #4572, ( #1282 ) ) ;
#5020 = DIRECTION ( 'NONE',  ( 0.5000000000000004441, -0.000000000000000000, 0.8660254037844383745 ) ) ;
#5021 = CARTESIAN_POINT ( 'NONE',  ( 11.06515085037841040, 5.000000000000166978, 12.90414461903448284 ) ) ;
#5022 = EDGE_CURVE ( 'NONE', #1165, #4310, #1767, .T. ) ;
#5023 = ORIENTED_EDGE ( 'NONE', *, *, #2971, .T. ) ;
#5024 = ORIENTED_EDGE ( 'NONE', *, *, #5512, .F. ) ;
#5025 = DIRECTION ( 'NONE',  ( 0.000000000000000000, 0.04824303228071010613, -0.9988356270359814992 ) ) ;
#5026 = DIRECTION ( 'NONE',  ( 0.000000000000000000, 1.000000000000000000, 0.000000000000000000 ) ) ;
#5027 = AXIS2_PLACEMENT_3D ( 'NONE', #1802, #2803, #2246 ) ;
#5028 = CARTESIAN_POINT ( 'NONE',  ( 11.74690916727860568, 5.183295314126215914, 15.65375649037683381 ) ) ;
#5029 = ADVANCED_FACE ( 'NONE', ( #4036 ), #5012, .T. ) ;
#5030 = VERTEX_POINT ( 'NONE', #3361 ) ;
#5031 = CARTESIAN_POINT ( 'NONE',  ( -19.39592061336213646, 3.960988482740864125, -2.405280038084241845 ) ) ;
#5032 = CARTESIAN_POINT ( 'NONE',  ( -16.23797632095821442, 4.750000000000000000, 9.375000000000005329 ) ) ;
#5033 = VERTEX_POINT ( 'NONE', #5491 ) ;
#5034 = DIRECTION ( 'NONE',  ( -0.02784232977355502112, -0.9984484056230059634, -0.04822432976888493816 ) ) ;
#5035 = CIRCLE ( 'NONE', #5505, 1.000000000000000888 ) ;
#5036 = CARTESIAN_POINT ( 'NONE',  ( 20.28394807427336133, 4.750000000000000000, 2.867171357269622689 ) ) ;
#5037 = DIRECTION ( 'NONE',  ( 1.000000000000000000, -0.000000000000000000, -1.836970198721030427E-16 ) ) ;
#5038 = CARTESIAN_POINT ( 'NONE',  ( -17.23842266610771645, 5.000000000000000000, 2.745481798442604315 ) ) ;
#5039 = VERTEX_POINT ( 'NONE', #4612 ) ;
#5040 = CARTESIAN_POINT ( 'NONE',  ( 12.33383238466050003, 5.000000000000000000, 15.14950278263860284 ) ) ;
#5041 = VERTEX_POINT ( 'NONE', #4230 ) ;
#5042 = ORIENTED_EDGE ( 'NONE', *, *, #5423, .F. ) ;
#5043 = CARTESIAN_POINT ( 'NONE',  ( -11.89999999999999858, 5.000000000000000000, -3.349999999999998757 ) ) ;
#5044 = EDGE_CURVE ( 'NONE', #3633, #86, #3986, .T. ) ;
#5045 = CARTESIAN_POINT ( 'NONE',  ( 10.39230484541325872, 5.000000000000000000, -19.00000000000000000 ) ) ;
#5046 = CARTESIAN_POINT ( 'NONE',  ( 10.80925590356327426, 5.000000000000000000, 13.21072790383361806 ) ) ;
#5047 = ORIENTED_EDGE ( 'NONE', *, *, #3667, .F. ) ;
#5048 = DIRECTION ( 'NONE',  ( 0.9396926207859130908, 0.000000000000000000, 0.3420201433256560009 ) ) ;
#5049 = DIRECTION ( 'NONE',  ( 0.000000000000000000, 1.000000000000000000, 0.000000000000000000 ) ) ;
#5050 = AXIS2_PLACEMENT_3D ( 'NONE', #4839, #1679, #5721 ) ;
#5051 = EDGE_CURVE ( 'NONE', #3755, #3530, #3451, .T. ) ;
#5052 = CARTESIAN_POINT ( 'NONE',  ( 12.54358419725699392, 5.000000000000000000, -15.39947525885391144 ) ) ;
#5053 = CARTESIAN_POINT ( 'NONE',  ( -16.23797632095822152, 4.750000000000000000, -9.374999999999982236 ) ) ;
#5054 = VERTEX_POINT ( 'NONE', #3739 ) ;
#5055 = CARTESIAN_POINT ( 'NONE',  ( 16.64001246556220792, 4.258073441785665381, -3.413280706727443548 ) ) ;
#5056 = AXIS2_PLACEMENT_3D ( 'NONE', #143, #3691, #1920 ) ;
#5057 = APPROVAL_STATUS ( 'not_yet_approved' ) ;
#5058 = EDGE_LOOP ( 'NONE', ( #3966, #4364, #2406, #1274 ) ) ;
#5059 = CARTESIAN_POINT ( 'NONE',  ( -17.20504506594209104, 4.520819520486012877, -3.005997585668489958 ) ) ;
#5060 = EDGE_CURVE ( 'NONE', #1016, #536, #2407, .T. ) ;
#5061 = CARTESIAN_POINT ( 'NONE',  ( 0.000000000000000000, 5.000000000000000000, 0.000000000000000000 ) ) ;
#5062 = CARTESIAN_POINT ( 'NONE',  ( 11.89999999999999858, -1.734723475976807094E-15, 1.699999999999998401 ) ) ;
#5063 = CIRCLE ( 'NONE', #30, 0.2499999999999995004 ) ;
#5064 = DIRECTION ( 'NONE',  ( -0.3420201433256728207, 0.000000000000000000, -0.9396926207859068736 ) ) ;
#5065 = ORIENTED_EDGE ( 'NONE', *, *, #2210, .T. ) ;
#5066 = CARTESIAN_POINT ( 'NONE',  ( -16.64001246556223279, 4.258073441785639623, 3.413280706727364944 ) ) ;
#5067 = CARTESIAN_POINT ( 'NONE',  ( -9.237604307034011697, 5.000000000000000000, 17.24999999999998579 ) ) ;
#5068 = CIRCLE ( 'NONE', #2551, 6.500000000000000888 ) ;
#5069 = AXIS2_PLACEMENT_3D ( 'NONE', #747, #626, #1647 ) ;
#5070 = ORIENTED_EDGE ( 'NONE', *, *, #4753, .F. ) ;
#5071 = ORIENTED_EDGE ( 'NONE', *, *, #3464, .F. ) ;
#5072 = CARTESIAN_POINT ( 'NONE',  ( -12.73764810102565370, 4.760310248187458626, -15.34200049839311397 ) ) ;
#5073 = DIRECTION ( 'NONE',  ( 0.000000000000000000, 0.000000000000000000, 1.000000000000000000 ) ) ;
#5074 = AXIS2_PLACEMENT_3D ( 'NONE', #517, #5431, #3655 ) ;
#5075 = DIRECTION ( 'NONE',  ( 1.836970198721028948E-16, 0.000000000000000000, 1.000000000000000000 ) ) ;
#5076 = DIRECTION ( 'NONE',  ( -0.3171801491649695603, 0.000000000000000000, 0.9483653056579451901 ) ) ;
#5077 = VERTEX_POINT ( 'NONE', #5105 ) ;
#5078 = CARTESIAN_POINT ( 'NONE',  ( 10.70550541831299363, 4.750000000000000000, 13.20893827057593306 ) ) ;
#5079 = ADVANCED_FACE ( 'NONE', ( #1496 ), #4637, .F. ) ;
#5080 = CARTESIAN_POINT ( 'NONE',  ( -5.982681243818554151, 4.000000000000000000, 16.43728162518636893 ) ) ;
#5081 = LINE ( 'NONE', #642, #2659 ) ;
#5082 = B_SPLINE_CURVE_WITH_KNOTS ( 'NONE', 3,
 ( #2484, #4178, #2513, #5499, #2043, #5080 ),
 .UNSPECIFIED., .F., .F.,
 ( 4, 2, 4 ),
 ( 0.000000000000000000, 0.0003829498216017726683, 0.0007658996432035453366 ),
 .UNSPECIFIED. ) ;
#5083 = DIRECTION ( 'NONE',  ( -0.8660254037844377084, 0.000000000000000000, -0.5000000000000015543 ) ) ;
#5084 = ORIENTED_EDGE ( 'NONE', *, *, #64, .F. ) ;
#5085 = ORIENTED_EDGE ( 'NONE', *, *, #5413, .T. ) ;
#5086 = EDGE_CURVE ( 'NONE', #210, #4825, #196, .T. ) ;
#5087 = CARTESIAN_POINT ( 'NONE',  ( -20.06744172332723508, 5.000000000000000000, 2.742171357269667098 ) ) ;
#5088 = CONICAL_SURFACE ( 'NONE', #796, 17.00000000000000000, 0.05235987755983000091 ) ;
#5089 = PERSON_AND_ORGANIZATION ( #230, #5683 ) ;
#5090 = ORIENTED_EDGE ( 'NONE', *, *, #876, .F. ) ;
#5091 = CARTESIAN_POINT ( 'NONE',  ( -5.999404804225550336, 4.525671833992244153, -16.40268048436269765 ) ) ;
#5092 = ADVANCED_FACE ( 'NONE', ( #2441 ), #2814, .T. ) ;
#5093 = CARTESIAN_POINT ( 'NONE',  ( 6.824587577042350084, 4.000000000000000000, 18.75040026501406487 ) ) ;
#5094 = DIRECTION ( 'NONE',  ( -0.8660254037844410391, 0.000000000000000000, 0.4999999999999960032 ) ) ;
#5095 = CARTESIAN_POINT ( 'NONE',  ( -16.65068412775308815, 4.000000000000000000, -3.428515433506384991 ) ) ;
#5096 = ORIENTED_EDGE ( 'NONE', *, *, #2361, .T. ) ;
#5097 = CARTESIAN_POINT ( 'NONE',  ( -9.237604307034011697, 5.000000000000001776, 15.99999999999998934 ) ) ;
#5098 = CARTESIAN_POINT ( 'NONE',  ( 12.80480779752844889, 4.761015611334819653, 15.32222284355471764 ) ) ;
#5099 = DIRECTION ( 'NONE',  ( 0.000000000000000000, -1.000000000000000000, 0.000000000000000000 ) ) ;
#5100 = VERTEX_POINT ( 'NONE', #2534 ) ;
#5101 = APPROVAL ( #5057, 'UNSPECIFIED' ) ;
#5102 = EDGE_CURVE ( 'NONE', #5041, #4561, #778, .T. ) ;
#5103 = AXIS2_PLACEMENT_3D ( 'NONE', #922, #4578, #3209 ) ;
#5104 = DIRECTION ( 'NONE',  ( -0.1736481776669214494, 0.000000000000000000, 0.9848077530122096857 ) ) ;
#5105 = CARTESIAN_POINT ( 'NONE',  ( 11.04182389825159305, 5.000000000000000000, 18.37499999999999645 ) ) ;
#5106 = CARTESIAN_POINT ( 'NONE',  ( -12.72705531797653755, 4.752838769551000375, 15.95609355852493572 ) ) ;
#5107 = VECTOR ( 'NONE', #1308, 1000.000000000000000 ) ;
#5108 = DIRECTION ( 'NONE',  ( 0.000000000000000000, 1.000000000000000000, 0.000000000000000000 ) ) ;
#5109 = DIRECTION ( 'NONE',  ( 0.000000000000000000, -1.000000000000000000, 0.000000000000000000 ) ) ;
#5110 = ORIENTED_EDGE ( 'NONE', *, *, #1504, .F. ) ;
#5111 = CARTESIAN_POINT ( 'NONE',  ( -17.22644407847985093, 4.000000000000000000, -3.037486872701549601 ) ) ;
#5112 = B_SPLINE_CURVE_WITH_KNOTS ( 'NONE', 3,
 ( #1209, #3965, #5309, #3875, #5747, #3475 ),
 .UNSPECIFIED., .F., .F.,
 ( 4, 2, 4 ),
 ( 2.453269466693398698E-18, 0.0003837252234144627279, 0.0007674504468289230705 ),
 .UNSPECIFIED. ) ;
#5113 = CARTESIAN_POINT ( 'NONE',  ( -18.47520861406802339, 5.000000000000000000, -5.060722121622122388E-15 ) ) ;
#5114 = DIRECTION ( 'NONE',  ( -0.4999999999999993339, -0.000000000000000000, 0.8660254037844390407 ) ) ;
#5115 = CARTESIAN_POINT ( 'NONE',  ( 6.028592090584792729, 5.000000000000000000, 15.98374948817989427 ) ) ;
#5116 = AXIS2_PLACEMENT_3D ( 'NONE', #3372, #3405, #5083 ) ;
#5117 = VERTEX_POINT ( 'NONE', #283 ) ;
#5118 = VERTEX_POINT ( 'NONE', #2064 ) ;
#5119 = CARTESIAN_POINT ( 'NONE',  ( 17.19422687856177845, 4.783564761050632441, -2.990107729956651195 ) ) ;
#5120 = VERTEX_POINT ( 'NONE', #2562 ) ;
#5121 = DIRECTION ( 'NONE',  ( -1.000000000000000000, 0.000000000000000000, 1.836970198721028948E-16 ) ) ;
#5122 = ADVANCED_FACE ( 'NONE', ( #1188 ), #750, .T. ) ;
#5123 = DIRECTION ( 'NONE',  ( 0.000000000000000000, 1.000000000000000000, 0.000000000000000000 ) ) ;
#5124 = PLANE ( 'NONE',  #3587 ) ;
#5125 = FACE_OUTER_BOUND ( 'NONE', #1023, .T. ) ;
#5126 = DIRECTION ( 'NONE',  ( 0.000000000000000000, 0.000000000000000000, -1.000000000000000000 ) ) ;
#5127 = ORIENTED_EDGE ( 'NONE', *, *, #1363, .T. ) ;
#5128 = FACE_OUTER_BOUND ( 'NONE', #948, .T. ) ;
#5129 = CONICAL_SURFACE ( 'NONE', #1765, 17.00000000000000000, 0.05235987755983000091 ) ;
#5130 = CARTESIAN_POINT ( 'NONE',  ( -10.39230484541324451, 5.000000000000000000, 19.00000000000000355 ) ) ;
#5131 = DIRECTION ( 'NONE',  ( 0.5000000000000026645, 0.000000000000000000, 0.8660254037844370423 ) ) ;
#5132 = ADVANCED_FACE ( 'NONE', ( #4346 ), #2183, .T. ) ;
#5133 = ORIENTED_EDGE ( 'NONE', *, *, #3219, .T. ) ;
#5134 = DIRECTION ( 'NONE',  ( 0.000000000000000000, 0.000000000000000000, -1.000000000000000000 ) ) ;
#5135 = CARTESIAN_POINT ( 'NONE',  ( -7.064544680488988426, 4.999999999999999112, -18.56280019876055576 ) ) ;
#5136 = FACE_OUTER_BOUND ( 'NONE', #1124, .T. ) ;
#5137 = VECTOR ( 'NONE', #2544, 1000.000000000000000 ) ;
#5138 = EDGE_CURVE ( 'NONE', #4102, #2458, #2346, .T. ) ;
#5139 = CARTESIAN_POINT ( 'NONE',  ( -11.25833024919768377, 0.2500000000000002220, 18.50000000000000711 ) ) ;
#5140 =( BOUNDED_SURFACE ( )  B_SPLINE_SURFACE ( 3, 2, ( 
 ( #5419, #4938, #1785 ),
 ( #4127, #3582, #5362 ),
 ( #122, #1900, #4100 ),
 ( #970, #3698, #1347 ) ),
 .UNSPECIFIED., .F., .F., .T. ) 
 B_SPLINE_SURFACE_WITH_KNOTS ( ( 4, 4 ),
 ( 3, 3 ),
 ( 0.01664492213323795836, 0.01743526401476351226 ),
 ( 0.000000000000000000, 1.000000000000000000 ),
 .UNSPECIFIED. ) 
 GEOMETRIC_REPRESENTATION_ITEM ( )  RATIONAL_B_SPLINE_SURFACE ( (
 ( 1.000000000000000000, 0.7172570966182885144, 1.000000000000000000),
 ( 1.000000000000000000, 0.7175240602609170848, 1.000000000000000000),
 ( 1.000000000000000000, 0.7177902439940379020, 1.000000000000000000),
 ( 1.000000000000000000, 0.7180556547962310132, 1.000000000000000000) ) ) 
 REPRESENTATION_ITEM ( '' )  SURFACE ( )  );
#5141 = ORIENTED_EDGE ( 'NONE', *, *, #3210, .T. ) ;
#5142 = CARTESIAN_POINT ( 'NONE',  ( -17.20484039173007318, 4.525671833992250370, -3.005703274135814951 ) ) ;
#5143 = CARTESIAN_POINT ( 'NONE',  ( -11.18811696759119023, 4.763083989060735490, 13.39569437789969264 ) ) ;
#5144 = CARTESIAN_POINT ( 'NONE',  ( 16.65068412775308815, 4.000000000000000000, 3.428515433506384991 ) ) ;
#5145 = DIRECTION ( 'NONE',  ( -0.02784232977355503499, -0.9984484056230058524, 0.04822432976888508388 ) ) ;
#5146 = ORIENTED_EDGE ( 'NONE', *, *, #162, .F. ) ;
#5147 = ORIENTED_EDGE ( 'NONE', *, *, #4974, .T. ) ;
#5148 = APPROVAL_STATUS ( 'not_yet_approved' ) ;
#5149 = ORIENTED_EDGE ( 'NONE', *, *, #486, .F. ) ;
#5150 = AXIS2_PLACEMENT_3D ( 'NONE', #4430, #423, #4775 ) ;
#5151 = CARTESIAN_POINT ( 'NONE',  ( -6.004437515563801675, 4.683946675189655906, -16.39225527606425814 ) ) ;
#5152 = CARTESIAN_POINT ( 'NONE',  ( 17.06869125852013624, 5.000000000000000000, 2.953321315835729433 ) ) ;
#5153 = VECTOR ( 'NONE', #4790, 1000.000000000000000 ) ;
#5154 = DIRECTION ( 'NONE',  ( -1.000000000000000000, 0.000000000000000000, 0.000000000000000000 ) ) ;
#5155 = CARTESIAN_POINT ( 'NONE',  ( 17.21584805937064999, 4.258073450335545296, 3.021884806424310899 ) ) ;
#5156 = CARTESIAN_POINT ( 'NONE',  ( -20.07441312255446775, 5.000000000000000000, 2.730096539608261264 ) ) ;
#5157 = VERTEX_POINT ( 'NONE', #5607 ) ;
#5158 = EDGE_CURVE ( 'NONE', #1813, #1300, #5719, .T. ) ;
#5159 = CARTESIAN_POINT ( 'NONE',  ( -13.50000000000000000, 2.850000000000000089, -3.349999999999997424 ) ) ;
#5160 = LINE ( 'NONE', #5130, #3119 ) ;
#5161 = LINE ( 'NONE', #3325, #1926 ) ;
#5162 = CIRCLE ( 'NONE', #869, 1.249999999999999334 ) ;
#5163 = ORIENTED_EDGE ( 'NONE', *, *, #2023, .T. ) ;
#5164 = CYLINDRICAL_SURFACE ( 'NONE', #3943, 1.000000000000000888 ) ;
#5165 = CARTESIAN_POINT ( 'NONE',  ( -12.72705531797659440, 4.752838769551266829, -15.95609355852485223 ) ) ;
#5166 = EDGE_CURVE ( 'NONE', #1694, #4830, #5624, .T. ) ;
#5167 = DIRECTION ( 'NONE',  ( 0.000000000000000000, 1.000000000000000000, 0.000000000000000000 ) ) ;
#5168 = VECTOR ( 'NONE', #786, 1000.000000000000227 ) ;
#5169 = CIRCLE ( 'NONE', #1248, 0.7500000000000006661 ) ;
#5170 = CARTESIAN_POINT ( 'NONE',  ( 0.000000000000000000, 5.000000000000000000, 0.000000000000000000 ) ) ;
#5171 = EDGE_LOOP ( 'NONE', ( #5708, #3792, #2959, #5742 ) ) ;
#5172 = CARTESIAN_POINT ( 'NONE',  ( -9.237604307034011697, 5.000000000000001776, 14.75000000000000355 ) ) ;
#5173 = EDGE_CURVE ( 'NONE', #1855, #3476, #3853, .T. ) ;
#5174 = CARTESIAN_POINT ( 'NONE',  ( 5.870212918596433127, 4.768243086620745252, -16.16323496571392582 ) ) ;
#5175 = VECTOR ( 'NONE', #2811, 1000.000000000000114 ) ;
#5176 = CARTESIAN_POINT ( 'NONE',  ( 5.982681243818439576, 4.000000000000000000, -16.43728162518641156 ) ) ;
#5177 = CIRCLE ( 'NONE', #4891, 6.500000000000000888 ) ;
#5178 = CARTESIAN_POINT ( 'NONE',  ( 0.000000000000000000, 4.000000000000000000, 0.000000000000000000 ) ) ;
#5179 = CYLINDRICAL_SURFACE ( 'NONE', #5116, 0.2499999999999994726 ) ;
#5180 = ORIENTED_EDGE ( 'NONE', *, *, #5639, .F. ) ;
#5181 = ORIENTED_EDGE ( 'NONE', *, *, #5344, .F. ) ;
#5182 = EDGE_CURVE ( 'NONE', #1863, #946, #5435, .T. ) ;
#5183 = PERSON_AND_ORGANIZATION_ROLE ( 'creator' ) ;
#5184 = ORIENTED_EDGE ( 'NONE', *, *, #3895, .T. ) ;
#5185 = CARTESIAN_POINT ( 'NONE',  ( -16.37444831358996922, 4.750000000000000000, -3.333657992398898262 ) ) ;
#5186 = CARTESIAN_POINT ( 'NONE',  ( -11.20543558750471824, 4.525671833992253035, -13.39697721022694843 ) ) ;
#5187 = CARTESIAN_POINT ( 'NONE',  ( 11.23970920066347468, 4.763083989060734602, -12.70081982158193057 ) ) ;
#5188 = DIRECTION ( 'NONE',  ( -0.000000000000000000, 1.000000000000000000, -0.000000000000000000 ) ) ;
#5189 = CARTESIAN_POINT ( 'NONE',  ( -12.84269087299601431, 4.756055831202428585, 15.75580690206977685 ) ) ;
#5190 = ORIENTED_EDGE ( 'NONE', *, *, #459, .T. ) ;
#5191 = DIRECTION ( 'NONE',  ( 0.000000000000000000, 0.000000000000000000, 1.000000000000000000 ) ) ;
#5192 =( BOUNDED_SURFACE ( )  B_SPLINE_SURFACE ( 3, 2, ( 
 ( #2392, #4788, #5087 ),
 ( #5259, #4352, #1051 ),
 ( #1252, #1080, #2841 ),
 ( #4681, #1928, #1684 ),
 ( #3725, #2423, #3044 ),
 ( #2871, #3283, #4816 ) ),
 .UNSPECIFIED., .F., .F., .T. ) 
 B_SPLINE_SURFACE_WITH_KNOTS ( ( 4, 2, 4 ),
 ( 3, 3 ),
 ( 4.712388980384689674, 5.323503600235512501, 5.934618220086335327 ),
 ( 0.000000000000000000, 1.000000000000000000 ),
 .UNSPECIFIED. ) 
 GEOMETRIC_REPRESENTATION_ITEM ( )  RATIONAL_B_SPLINE_SURFACE ( (
 ( 1.000000000000000000, 0.7071067811865475727, 1.000000000000000000),
 ( 1.000000000000000000, 0.7111226099811275292, 1.000000000000000000),
 ( 1.000000000000000000, 0.7150809331573575456, 1.000000000000000000),
 ( 1.000000000000000000, 0.7215476082091434318, 1.000000000000000000),
 ( 1.000000000000000000, 0.7240499912499854807, 1.000000000000000000),
 ( 1.000000000000000000, 0.7253743710122874111, 1.000000000000000000) ) ) 
 REPRESENTATION_ITEM ( '' )  SURFACE ( )  );
#5193 = DIRECTION ( 'NONE',  ( 0.000000000000000000, 0.000000000000000000, 1.000000000000000000 ) ) ;
#5194 = VECTOR ( 'NONE', #3672, 1000.000000000000000 ) ;
#5195 = ORIENTED_EDGE ( 'NONE', *, *, #3163, .T. ) ;
#5196 = CARTESIAN_POINT ( 'NONE',  ( -18.47520861406802339, -1.734723475976807094E-15, 1.249999999999992673 ) ) ;
#5197 = CARTESIAN_POINT ( 'NONE',  ( 6.730004321955266988, 5.000000000000000000, -18.33730481173419236 ) ) ;
#5198 = DIRECTION ( 'NONE',  ( -0.8660254037844395958, 0.000000000000000000, 0.4999999999999985567 ) ) ;
#5199 = ADVANCED_FACE ( 'NONE', ( #3880 ), #5164, .T. ) ;
#5200 = AXIS2_PLACEMENT_3D ( 'NONE', #2922, #5609, #1189 ) ;
#5201 = CYLINDRICAL_SURFACE ( 'NONE', #4128, 1.000000000000000444 ) ;
#5202 = VERTEX_POINT ( 'NONE', #5196 ) ;
#5203 = CARTESIAN_POINT ( 'NONE',  ( -16.61908721471059991, 4.763083989060734602, -3.383463788133442396 ) ) ;
#5204 = FACE_OUTER_BOUND ( 'NONE', #4093, .T. ) ;
#5205 = CIRCLE ( 'NONE', #1186, 3.350000000000000533 ) ;
#5206 = FACE_BOUND ( 'NONE', #2422, .T. ) ;
#5207 = EDGE_CURVE ( 'NONE', #4496, #4796, #2036, .T. ) ;
#5208 = DIRECTION ( 'NONE',  ( 1.000000000000000000, -0.000000000000000000, -1.836970198721030427E-16 ) ) ;
#5209 = DIRECTION ( 'NONE',  ( -0.9483653056580513274, -3.668198052967847445E-13, 0.3171801491646523141 ) ) ;
#5210 = ORIENTED_EDGE ( 'NONE', *, *, #4874, .T. ) ;
#5211 = ORIENTED_EDGE ( 'NONE', *, *, #1869, .T. ) ;
#5212 = EDGE_LOOP ( 'NONE', ( #3292, #4940 ) ) ;
#5213 = CARTESIAN_POINT ( 'NONE',  ( 6.675778765907454115, 4.000000000000000000, -18.34155141660599497 ) ) ;
#5214 = APPROVAL_PERSON_ORGANIZATION ( #5089, #5101, #1575 ) ;
#5215 = ADVANCED_FACE ( 'NONE', ( #1187 ), #4639, .T. ) ;
#5216 = ADVANCED_FACE ( 'NONE', ( #2918 ), #1017, .T. ) ;
#5217 = DIRECTION ( 'NONE',  ( 0.000000000000000000, 0.000000000000000000, 1.000000000000000000 ) ) ;
#5218 = CARTESIAN_POINT ( 'NONE',  ( -17.22644407847985093, 4.000000000000000000, -3.037486872701549601 ) ) ;
#5219 = CARTESIAN_POINT ( 'NONE',  ( 11.23970920066347468, 4.763083989060734602, -12.70081982158193057 ) ) ;
#5220 = CARTESIAN_POINT ( 'NONE',  ( 12.33383238466040766, 5.000000000000000000, -15.14950278263877870 ) ) ;
#5221 = ORIENTED_EDGE ( 'NONE', *, *, #4670, .F. ) ;
#5222 = CARTESIAN_POINT ( 'NONE',  ( 5.815781841919139161, 3.970742523127346324, 15.98321241312703833 ) ) ;
#5223 = CARTESIAN_POINT ( 'NONE',  ( 7.064544680488493711, 5.000000000000000000, -18.56280019876055221 ) ) ;
#5224 = EDGE_CURVE ( 'NONE', #2393, #4496, #777, .T. ) ;
#5225 = VECTOR ( 'NONE', #5020, 1000.000000000000114 ) ;
#5226 = CARTESIAN_POINT ( 'NONE',  ( 20.28394807427327962, 4.750000000000000000, -2.867171357269795440 ) ) ;
#5227 = CARTESIAN_POINT ( 'NONE',  ( 12.51971220063307477, 5.000000000000000000, -15.71905867677254243 ) ) ;
#5228 = DIRECTION ( 'NONE',  ( 0.000000000000000000, 0.000000000000000000, 1.000000000000000000 ) ) ;
#5229 = CARTESIAN_POINT ( 'NONE',  ( 10.39230484541325872, 5.000000000000000000, -18.00000000000000000 ) ) ;
#5230 = VERTEX_POINT ( 'NONE', #4378 ) ;
#5231 = CARTESIAN_POINT ( 'NONE',  ( 7.005255311552709863, 5.000000000000000000, 18.39990399612860372 ) ) ;
#5232 = DIRECTION ( 'NONE',  ( 0.8660254037844397068, 0.000000000000000000, 0.4999999999999979461 ) ) ;
#5233 = VECTOR ( 'NONE', #1953, 1000.000000000000000 ) ;
#5234 = ADVANCED_FACE ( 'NONE', ( #396 ), #2179, .F. ) ;
#5235 = FACE_BOUND ( 'NONE', #380, .T. ) ;
#5236 = VECTOR ( 'NONE', #803, 1000.000000000000114 ) ;
#5237 = CARTESIAN_POINT ( 'NONE',  ( -19.44424648242146247, 4.762114405148216711, -3.387988400822729673 ) ) ;
#5238 = CARTESIAN_POINT ( 'NONE',  ( -18.47520861406802339, -1.734723475976807094E-15, -5.060722121622122388E-15 ) ) ;
#5239 = ORIENTED_EDGE ( 'NONE', *, *, #3628, .F. ) ;
#5240 = ORIENTED_EDGE ( 'NONE', *, *, #167, .F. ) ;
#5241 = EDGE_LOOP ( 'NONE', ( #1043, #4840, #3697, #1253, #513 ) ) ;
#5242 = ADVANCED_FACE ( 'NONE', ( #5774 ), #16, .F. ) ;
#5243 = CARTESIAN_POINT ( 'NONE',  ( 12.52508103611871704, 4.763083989060735490, -14.98902610973696170 ) ) ;
#5244 = CARTESIAN_POINT ( 'NONE',  ( -11.25833024919770153, 5.000000000000000000, -18.49999999999999645 ) ) ;
#5245 = VECTOR ( 'NONE', #653, 1000.000000000000114 ) ;
#5246 = CARTESIAN_POINT ( 'NONE',  ( -11.27599403506805054, 4.258073441582183705, -12.70403316110499681 ) ) ;
#5247 = DIRECTION ( 'NONE',  ( 0.000000000000000000, 0.000000000000000000, 1.000000000000000000 ) ) ;
#5248 = DIRECTION ( 'NONE',  ( 0.000000000000000000, 0.000000000000000000, -1.000000000000000000 ) ) ;
#5249 = ORIENTED_EDGE ( 'NONE', *, *, #2733, .F. ) ;
#5250 = ADVANCED_FACE ( 'NONE', ( #1792 ), #4864, .T. ) ;
#5251 = DIRECTION ( 'NONE',  ( 0.000000000000000000, 0.000000000000000000, -1.000000000000000000 ) ) ;
#5252 = PLANE ( 'NONE',  #1822 ) ;
#5253 = CARTESIAN_POINT ( 'NONE',  ( -11.19774725679949512, 4.000000000000000000, 12.79168569148267132 ) ) ;
#5254 = CARTESIAN_POINT ( 'NONE',  ( -6.788039218371161532, 4.762114405148216711, 18.53320561163464220 ) ) ;
#5255 = ORIENTED_EDGE ( 'NONE', *, *, #5553, .F. ) ;
#5256 = DIRECTION ( 'NONE',  ( -0.5000000000000004441, -0.000000000000000000, -0.8660254037844383745 ) ) ;
#5257 = AXIS2_PLACEMENT_3D ( 'NONE', #5078, #3746, #4266 ) ;
#5258 = CARTESIAN_POINT ( 'NONE',  ( 5.990895019763408769, 4.258073442563342859, -16.42030417082967020 ) ) ;
#5259 = CARTESIAN_POINT ( 'NONE',  ( -20.18191002583201055, 4.752838769551015474, 3.043906441475235702 ) ) ;
#5260 = ORIENTED_EDGE ( 'NONE', *, *, #25, .F. ) ;
#5261 = FACE_OUTER_BOUND ( 'NONE', #3022, .T. ) ;
#5262 = CARTESIAN_POINT ( 'NONE',  ( -10.99686831613291460, 4.750000000000000000, -13.55617105080148299 ) ) ;
#5263 = VECTOR ( 'NONE', #4295, 1000.000000000000114 ) ;
#5264 = B_SPLINE_CURVE_WITH_KNOTS ( 'NONE', 3,
 ( #2126, #2600, #4413, #315, #4445, #5203 ),
 .UNSPECIFIED., .F., .F.,
 ( 4, 2, 4 ),
 ( 0.000000000000000000, 0.0003837252277095573355, 0.0007674504554191146711 ),
 .UNSPECIFIED. ) ;
#5265 = FACE_BOUND ( 'NONE', #5762, .T. ) ;
#5266 = VECTOR ( 'NONE', #4802, 1000.000000000000114 ) ;
#5267 = LINE ( 'NONE', #4, #1204 ) ;
#5268 = B_SPLINE_CURVE_WITH_KNOTS ( 'NONE', 3,
 ( #1479, #2929, #2865, #2835 ),
 .UNSPECIFIED., .F., .F.,
 ( 4, 4 ),
 ( 0.0002375320302479720300, 0.001002597511009807856 ),
 .UNSPECIFIED. ) ;
#5269 = CARTESIAN_POINT ( 'NONE',  ( 11.00142663608040827, 5.000000000000000888, 12.57831083172951381 ) ) ;
#5270 = EDGE_CURVE ( 'NONE', #5100, #3154, #3757, .T. ) ;
#5271 = ORIENTED_EDGE ( 'NONE', *, *, #1155, .T. ) ;
#5272 = ORIENTED_EDGE ( 'NONE', *, *, #4951, .F. ) ;
#5273 = VECTOR ( 'NONE', #211, 1000.000000000000000 ) ;
#5274 = ORIENTED_EDGE ( 'NONE', *, *, #1066, .T. ) ;
#5275 = AXIS2_PLACEMENT_3D ( 'NONE', #198, #2828, #5518 ) ;
#5276 = CARTESIAN_POINT ( 'NONE',  ( -16.61908721471059991, 4.763083989060734602, -3.383463788133442396 ) ) ;
#5277 = FACE_OUTER_BOUND ( 'NONE', #447, .T. ) ;
#5278 = EDGE_CURVE ( 'NONE', #533, #1016, #4626, .T. ) ;
#5279 = DIRECTION ( 'NONE',  ( 0.000000000000000000, 0.000000000000000000, 1.000000000000000000 ) ) ;
#5280 = DIRECTION ( 'NONE',  ( -0.3420201433256728207, 0.000000000000000000, -0.9396926207859069846 ) ) ;
#5281 = PLANE ( 'NONE',  #5150 ) ;
#5282 = ORIENTED_EDGE ( 'NONE', *, *, #3006, .T. ) ;
#5283 = CARTESIAN_POINT ( 'NONE',  ( -19.27945875849304258, 4.000000000000000000, -3.399488752578431416 ) ) ;
#5284 = CARTESIAN_POINT ( 'NONE',  ( -16.96519633108196956, 4.000000000000000000, -3.044099847539866399 ) ) ;
#5285 = DIRECTION ( 'NONE',  ( 1.000000000000000000, 0.000000000000000000, -3.162767576288758865E-16 ) ) ;
#5286 = EDGE_CURVE ( 'NONE', #3556, #1754, #665, .T. ) ;
#5287 = CARTESIAN_POINT ( 'NONE',  ( 16.76648202154833456, 5.000000000000000000, 2.809610005792588794 ) ) ;
#5288 = DIRECTION ( 'NONE',  ( -0.3420201433256652712, -3.464692195485111628E-18, 0.9396926207859096492 ) ) ;
#5289 = ORIENTED_EDGE ( 'NONE', *, *, #1942, .T. ) ;
#5290 = CARTESIAN_POINT ( 'NONE',  ( -11.04182389825157351, 4.750000000000000000, 18.37500000000000711 ) ) ;
#5291 = EDGE_CURVE ( 'NONE', #286, #4310, #2381, .T. ) ;
#5292 = EDGE_CURVE ( 'NONE', #4486, #4906, #455, .T. ) ;
#5293 = ORIENTED_EDGE ( 'NONE', *, *, #3497, .T. ) ;
#5294 = CARTESIAN_POINT ( 'NONE',  ( 16.93293821121665133, 4.768243088545593977, -2.997823255644028073 ) ) ;
#5295 = EDGE_LOOP ( 'NONE', ( #964, #2610, #1450, #124 ) ) ;
#5296 = CARTESIAN_POINT ( 'NONE',  ( 10.81643465051737429, 5.000000000000000000, -13.11539435985973334 ) ) ;
#5297 = CARTESIAN_POINT ( 'NONE',  ( -11.06272375640852701, 4.768239840018113185, 13.16579581672711008 ) ) ;
#5298 = DIRECTION ( 'NONE',  ( -1.836970198721030427E-16, 0.000000000000000000, -1.000000000000000000 ) ) ;
#5299 = DIRECTION ( 'NONE',  ( 0.000000000000000000, 0.000000000000000000, -1.000000000000000000 ) ) ;
#5300 = ORIENTED_EDGE ( 'NONE', *, *, #1586, .T. ) ;
#5301 = VERTEX_POINT ( 'NONE', #4345 ) ;
#5302 = VECTOR ( 'NONE', #5256, 1000.000000000000114 ) ;
#5303 = VERTEX_POINT ( 'NONE', #2236 ) ;
#5304 = CYLINDRICAL_SURFACE ( 'NONE', #4662, 3.349999999999999645 ) ;
#5305 = DIRECTION ( 'NONE',  ( -1.581383788144384363E-16, 0.000000000000000000, -1.000000000000000000 ) ) ;
#5306 = VERTEX_POINT ( 'NONE', #3974 ) ;
#5307 = CARTESIAN_POINT ( 'NONE',  ( -6.867030326200304735, 4.761015611334817876, 18.75040026501406487 ) ) ;
#5308 = DIRECTION ( 'NONE',  ( -0.9848077530122092416, -3.012315703594032823E-16, -0.1736481776669234200 ) ) ;
#5309 = CARTESIAN_POINT ( 'NONE',  ( -11.08173955760977947, 4.768240051505141075, -12.90967957251510079 ) ) ;
#5310 = EDGE_LOOP ( 'NONE', ( #5096, #1544, #321, #1493 ) ) ;
#5311 = CARTESIAN_POINT ( 'NONE',  ( 11.14229434462215451, 4.766378674295187245, -12.78679743822174686 ) ) ;
#5312 = ADVANCED_FACE ( 'NONE', ( #2119 ), #389, .T. ) ;
#5313 = DIRECTION ( 'NONE',  ( 3.162767576288768726E-16, 0.000000000000000000, 1.000000000000000000 ) ) ;
#5314 = B_SPLINE_CURVE_WITH_KNOTS ( 'NONE', 3,
 ( #4826, #1315, #4454, #444 ),
 .UNSPECIFIED., .F., .F.,
 ( 4, 4 ),
 ( 0.0002375320302479729515, 0.001002597511009807856 ),
 .UNSPECIFIED. ) ;
#5315 = CARTESIAN_POINT ( 'NONE',  ( 11.23970920066359014, 4.763083989060736378, 12.70081982158182399 ) ) ;
#5316 = EDGE_LOOP ( 'NONE', ( #5775, #1476, #3353, #761 ) ) ;
#5317 = CARTESIAN_POINT ( 'NONE',  ( 10.92738936467116062, 4.000000000000000000, 13.02275553302263766 ) ) ;
#5318 = EDGE_CURVE ( 'NONE', #1339, #2471, #2068, .T. ) ;
#5319 = VERTEX_POINT ( 'NONE', #2319 ) ;
#5320 = CARTESIAN_POINT ( 'NONE',  ( -6.036608327514452199, 5.000000000000000000, -15.96680053527127185 ) ) ;
#5321 = ORIENTED_EDGE ( 'NONE', *, *, #4696, .F. ) ;
#5322 = DIRECTION ( 'NONE',  ( 0.000000000000000000, 0.000000000000000000, 1.000000000000000000 ) ) ;
#5323 = FACE_OUTER_BOUND ( 'NONE', #1387, .T. ) ;
#5324 = EDGE_CURVE ( 'NONE', #1339, #3866, #2537, .T. ) ;
#5325 = AXIS2_PLACEMENT_3D ( 'NONE', #1606, #2427, #5121 ) ;
#5326 = CARTESIAN_POINT ( 'NONE',  ( -19.24557396487817940, 5.000000000000000000, -3.340297695474558903 ) ) ;
#5327 = CYLINDRICAL_SURFACE ( 'NONE', #635, 0.2500000000000009437 ) ;
#5328 = ORIENTED_EDGE ( 'NONE', *, *, #1514, .F. ) ;
#5329 = ORIENTED_EDGE ( 'NONE', *, *, #4537, .T. ) ;
#5330 = ORIENTED_EDGE ( 'NONE', *, *, #4573, .T. ) ;
#5331 = CARTESIAN_POINT ( 'NONE',  ( 17.23842266610773066, 5.000000000000000000, 2.745481798442562571 ) ) ;
#5332 = DIRECTION ( 'NONE',  ( -0.8660254037844329345, 0.000000000000000000, 0.5000000000000101030 ) ) ;
#5333 = ORIENTED_EDGE ( 'NONE', *, *, #585, .F. ) ;
#5334 = CARTESIAN_POINT ( 'NONE',  ( -5.639240685710142920, 4.768240051505141075, 16.05190776127056651 ) ) ;
#5335 = DIRECTION ( 'NONE',  ( -0.9848077530122076872, 0.000000000000000000, 0.1736481776669316912 ) ) ;
#5336 = DIRECTION ( 'NONE',  ( 0.000000000000000000, 0.000000000000000000, 1.000000000000000000 ) ) ;
#5337 = EDGE_CURVE ( 'NONE', #391, #2585, #512, .T. ) ;
#5338 = CARTESIAN_POINT ( 'NONE',  ( -9.237604307034009921, -1.734723475976807094E-15, -16.00000000000000000 ) ) ;
#5339 = CARTESIAN_POINT ( 'NONE',  ( -7.102605034523890026, 5.000000000000000000, 18.52659531686342120 ) ) ;
#5340 = ORIENTED_EDGE ( 'NONE', *, *, #4097, .T. ) ;
#5341 = DIRECTION ( 'NONE',  ( -0.8660254037844377084, 0.000000000000000000, 0.5000000000000015543 ) ) ;
#5342 = VECTOR ( 'NONE', #5064, 1000.000000000000000 ) ;
#5343 = ORIENTED_EDGE ( 'NONE', *, *, #4207, .T. ) ;
#5344 = EDGE_CURVE ( 'NONE', #3904, #4215, #2370, .T. ) ;
#5345 = AXIS2_PLACEMENT_3D ( 'NONE', #1593, #5109, #2508 ) ;
#5346 = CARTESIAN_POINT ( 'NONE',  ( 16.64479437256711947, 4.766373019121067145, -3.256329899619096579 ) ) ;
#5347 = ORIENTED_EDGE ( 'NONE', *, *, #4458, .T. ) ;
#5348 = DIRECTION ( 'NONE',  ( 0.1734101988745075928, 0.05233595624294395260, 0.9834581082132783925 ) ) ;
#5349 = CARTESIAN_POINT ( 'NONE',  ( -10.93435503495152794, 5.000000000000000888, 13.48167062336878352 ) ) ;
#5350 = DIRECTION ( 'NONE',  ( -0.000000000000000000, 1.000000000000000000, -0.000000000000000000 ) ) ;
#5351 = CARTESIAN_POINT ( 'NONE',  ( -19.78326825179636117, 4.759514180157351504, -3.367877559616104133 ) ) ;
#5352 = EDGE_CURVE ( 'NONE', #1486, #4033, #1878, .T. ) ;
#5353 = AXIS2_PLACEMENT_3D ( 'NONE', #1864, #3964, #1735 ) ;
#5354 = EDGE_LOOP ( 'NONE', ( #2248, #3765, #3785, #3526 ) ) ;
#5355 = ORIENTED_EDGE ( 'NONE', *, *, #4814, .T. ) ;
#5356 = ORIENTED_EDGE ( 'NONE', *, *, #5337, .F. ) ;
#5357 = DIRECTION ( 'NONE',  ( -0.6427876096865384747, 0.000000000000000000, -0.7660444431189786796 ) ) ;
#5358 = FACE_OUTER_BOUND ( 'NONE', #411, .T. ) ;
#5359 = CIRCLE ( 'NONE', #4331, 0.2499999999999998890 ) ;
#5360 = EDGE_CURVE ( 'NONE', #2585, #952, #2632, .T. ) ;
#5361 = VERTEX_POINT ( 'NONE', #1031 ) ;
#5362 = CARTESIAN_POINT ( 'NONE',  ( 11.20579280713085524, 4.520819503248593385, 13.39700730761940051 ) ) ;
#5363 = CARTESIAN_POINT ( 'NONE',  ( -11.29452352656009317, 4.000000000000000000, -12.70565772827131745 ) ) ;
#5364 = ORIENTED_EDGE ( 'NONE', *, *, #2706, .F. ) ;
#5365 = CARTESIAN_POINT ( 'NONE',  ( 11.09199691431220991, 4.999999999999751310, -13.30525958131401865 ) ) ;
#5366 = AXIS2_PLACEMENT_3D ( 'NONE', #2701, #4511, #4594 ) ;
#5367 = CARTESIAN_POINT ( 'NONE',  ( 17.14264676276751231, 5.000000000000000000, 2.728593922581954878 ) ) ;
#5368 = VERTEX_POINT ( 'NONE', #3677 ) ;
#5369 = ORIENTED_EDGE ( 'NONE', *, *, #3437, .T. ) ;
#5370 = CARTESIAN_POINT ( 'NONE',  ( 12.62501726953528980, 4.750000000000000000, 16.13282864273036665 ) ) ;
#5371 = VERTEX_POINT ( 'NONE', #4162 ) ;
#5372 = AXIS2_PLACEMENT_3D ( 'NONE', #795, #3529, #5305 ) ;
#5373 = DIRECTION ( 'NONE',  ( 0.6427876096865449140, 3.604968936241075496E-15, 0.7660444431189734615 ) ) ;
#5374 = EDGE_LOOP ( 'NONE', ( #2195, #15, #4861, #159 ) ) ;
#5375 = DIRECTION ( 'NONE',  ( -0.5000000000000002220, 0.000000000000000000, -0.8660254037844384856 ) ) ;
#5376 = CARTESIAN_POINT ( 'NONE',  ( -11.14324036335533030, 4.766346677532610876, -12.78596248931911106 ) ) ;
#5377 =( BOUNDED_CURVE ( )  B_SPLINE_CURVE ( 3, ( #4286, #3356, #2915, #1521 ),
 .UNSPECIFIED., .F., .T. ) 
 B_SPLINE_CURVE_WITH_KNOTS ( ( 4, 4 ),
 ( 0.3485670870932408572, 1.570796326794896558 ),
 .UNSPECIFIED. ) 
 CURVE ( )  GEOMETRIC_REPRESENTATION_ITEM ( )  RATIONAL_B_SPLINE_CURVE ( ( 1.000000000000000000, 0.8793393195858234535, 0.8793393195858234535, 1.000000000000000000 ) ) 
 REPRESENTATION_ITEM ( '' )  );
#5378 = EDGE_CURVE ( 'NONE', #3409, #4140, #5397, .T. ) ;
#5379 = CIRCLE ( 'NONE', #1913, 1.700000000000000178 ) ;
#5380 = LINE ( 'NONE', #494, #1667 ) ;
#5381 = CARTESIAN_POINT ( 'NONE',  ( 11.13128749528979355, 5.000000000000248690, 12.77606778749451344 ) ) ;
#5382 = ORIENTED_EDGE ( 'NONE', *, *, #1614, .F. ) ;
#5383 = EDGE_LOOP ( 'NONE', ( #1261, #51, #997, #851 ) ) ;
#5384 = CARTESIAN_POINT ( 'NONE',  ( -17.06838647867196102, 4.766346314700937725, -2.968834973402956212 ) ) ;
#5385 = EDGE_CURVE ( 'NONE', #4035, #2458, #929, .T. ) ;
#5386 = CARTESIAN_POINT ( 'NONE',  ( -10.39230484541326227, 5.000000000000000000, -18.99999999999999645 ) ) ;
#5387 = AXIS2_PLACEMENT_3D ( 'NONE', #2888, #258, #2408 ) ;
#5388 = ORIENTED_EDGE ( 'NONE', *, *, #1623, .T. ) ;
#5389 = LINE ( 'NONE', #1372, #4523 ) ;
#5390 = DIRECTION ( 'NONE',  ( 0.000000000000000000, 0.000000000000000000, 1.000000000000000000 ) ) ;
#5391 = ORIENTED_EDGE ( 'NONE', *, *, #5418, .T. ) ;
#5392 = CARTESIAN_POINT ( 'NONE',  ( -6.237416599868422118, 5.000000000000000000, 16.29028447425962867 ) ) ;
#5393 = EDGE_CURVE ( 'NONE', #4825, #239, #2728, .T. ) ;
#5394 = ADVANCED_FACE ( 'NONE', ( #2737 ), #1423, .F. ) ;
#5395 = VECTOR ( 'NONE', #1196, 1000.000000000000000 ) ;
#5396 = ORIENTED_EDGE ( 'NONE', *, *, #600, .F. ) ;
#5397 = LINE ( 'NONE', #947, #386 ) ;
#5398 = B_SPLINE_CURVE_WITH_KNOTS ( 'NONE', 3,
 ( #3760, #4689, #683, #5537, #3319, #4254 ),
 .UNSPECIFIED., .F., .F.,
 ( 4, 2, 4 ),
 ( 0.000000000000000000, 0.0003829498216017732104, 0.0007658996432035464208 ),
 .UNSPECIFIED. ) ;
#5399 = EDGE_LOOP ( 'NONE', ( #3161, #1379, #5181, #1237 ) ) ;
#5400 = CYLINDRICAL_SURFACE ( 'NONE', #5011, 1.249999999999992450 ) ;
#5401 = AXIS2_PLACEMENT_3D ( 'NONE', #999, #2787, #1348 ) ;
#5402 = AXIS2_PLACEMENT_3D ( 'NONE', #577, #3191, #4930 ) ;
#5403 = ORIENTED_EDGE ( 'NONE', *, *, #2626, .F. ) ;
#5404 = DIRECTION ( 'NONE',  ( 1.000000000000000000, -0.000000000000000000, -1.836970198721030427E-16 ) ) ;
#5405 = EDGE_LOOP ( 'NONE', ( #550, #3718, #2455, #3441 ) ) ;
#5406 = DIRECTION ( 'NONE',  ( 0.000000000000000000, 1.000000000000000000, 0.000000000000000000 ) ) ;
#5407 = CYLINDRICAL_SURFACE ( 'NONE', #5488, 0.2499999999999994726 ) ;
#5408 = CARTESIAN_POINT ( 'NONE',  ( -19.39592061336213646, 3.960988482740864125, -2.405280038084241845 ) ) ;
#5409 = FACE_OUTER_BOUND ( 'NONE', #3577, .T. ) ;
#5410 = ORIENTED_EDGE ( 'NONE', *, *, #3111, .T. ) ;
#5411 = ORIENTED_EDGE ( 'NONE', *, *, #2205, .T. ) ;
#5412 = CARTESIAN_POINT ( 'NONE',  ( -19.43000536896115449, 5.183295314126217690, 2.346243509623200829 ) ) ;
#5413 = EDGE_CURVE ( 'NONE', #990, #2636, #1577, .T. ) ;
#5414 = VECTOR ( 'NONE', #3347, 1000.000000000000114 ) ;
#5415 = PLANE ( 'NONE',  #3646 ) ;
#5416 = CARTESIAN_POINT ( 'NONE',  ( -9.237604307034009921, 5.000000000000001776, -16.00000000000000000 ) ) ;
#5417 = ORIENTED_EDGE ( 'NONE', *, *, #5051, .T. ) ;
#5418 = EDGE_CURVE ( 'NONE', #1411, #4666, #1464, .T. ) ;
#5419 = CARTESIAN_POINT ( 'NONE',  ( 11.23823731914679414, 4.783564761049849956, 12.70068903862750354 ) ) ;
#5420 = ORIENTED_EDGE ( 'NONE', *, *, #5102, .T. ) ;
#5421 = CARTESIAN_POINT ( 'NONE',  ( -16.62913270850807024, 4.520819520485826359, -3.397768434456688968 ) ) ;
#5422 = AXIS2_PLACEMENT_3D ( 'NONE', #4329, #1538, #5649 ) ;
#5423 = EDGE_CURVE ( 'NONE', #4845, #2805, #1005, .T. ) ;
#5424 = CARTESIAN_POINT ( 'NONE',  ( 0.000000000000000000, 4.000000000000000000, 0.000000000000000000 ) ) ;
#5425 = VERTEX_POINT ( 'NONE', #1058 ) ;
#5426 = CARTESIAN_POINT ( 'NONE',  ( 19.60812887774581981, 5.000000000000001776, 3.163324939906802413 ) ) ;
#5427 = ORIENTED_EDGE ( 'NONE', *, *, #3714, .T. ) ;
#5428 = DIRECTION ( 'NONE',  ( 0.000000000000000000, 0.000000000000000000, 1.000000000000000000 ) ) ;
#5429 = VERTEX_POINT ( 'NONE', #1180 ) ;
#5430 = EDGE_CURVE ( 'NONE', #3139, #1409, #4659, .T. ) ;
#5431 = DIRECTION ( 'NONE',  ( 0.000000000000000000, 1.000000000000000000, 0.000000000000000000 ) ) ;
#5432 = CARTESIAN_POINT ( 'NONE',  ( 16.65068412775308815, 4.000000000000000000, 3.428515433506384991 ) ) ;
#5433 = CARTESIAN_POINT ( 'NONE',  ( 20.07441312255439669, 5.000000000000000000, -2.730096539608386053 ) ) ;
#5434 = DIRECTION ( 'NONE',  ( -0.1734101988745144485, 0.05233595624294395260, -0.9834581082132772822 ) ) ;
#5435 = CIRCLE ( 'NONE', #394, 0.2499999999999994726 ) ;
#5436 = DIRECTION ( 'NONE',  ( -0.5000000000000004441, 0.000000000000000000, -0.8660254037844383745 ) ) ;
#5437 = CARTESIAN_POINT ( 'NONE',  ( 11.14324036335532853, 4.766346677532610876, 12.78596248931911283 ) ) ;
#5438 = EDGE_LOOP ( 'NONE', ( #1728, #322, #2022, #2527, #5210, #1832, #1540, #3625 ) ) ;
#5439 = ORIENTED_EDGE ( 'NONE', *, *, #2706, .T. ) ;
#5440 = FACE_OUTER_BOUND ( 'NONE', #4634, .T. ) ;
#5441 = CARTESIAN_POINT ( 'NONE',  ( -17.06869125852014335, 4.999999999999999112, -2.953321315835730765 ) ) ;
#5442 = VECTOR ( 'NONE', #1044, 1000.000000000000227 ) ;
#5443 = CARTESIAN_POINT ( 'NONE',  ( 12.33383238466050003, 4.750000000000000000, 15.14950278263860817 ) ) ;
#5444 = EDGE_LOOP ( 'NONE', ( #4679, #4673, #4175, #3069 ) ) ;
#5445 = CARTESIAN_POINT ( 'NONE',  ( 16.74173180120751425, 4.000000000000000000, -2.952019020337959709 ) ) ;
#5446 = DIRECTION ( 'NONE',  ( 0.000000000000000000, 0.000000000000000000, 1.000000000000000000 ) ) ;
#5447 = ORIENTED_EDGE ( 'NONE', *, *, #236, .T. ) ;
#5448 = CIRCLE ( 'NONE', #1241, 0.2499999999999997502 ) ;
#5449 = CARTESIAN_POINT ( 'NONE',  ( 19.28677045679822655, 5.000000000000000000, -3.106660779816059481 ) ) ;
#5450 = EDGE_CURVE ( 'NONE', #86, #4496, #3196, .T. ) ;
#5451 = AXIS2_PLACEMENT_3D ( 'NONE', #1319, #2582, #5279 ) ;
#5452 = FACE_BOUND ( 'NONE', #3589, .T. ) ;
#5453 = ORIENTED_EDGE ( 'NONE', *, *, #5393, .F. ) ;
#5454 = DIRECTION ( 'NONE',  ( -1.000000000000000000, 0.000000000000000000, 1.249000902703301424E-14 ) ) ;
#5455 = CARTESIAN_POINT ( 'NONE',  ( -16.43122723417368292, 5.000000000000001776, 3.148649813201951364 ) ) ;
#5456 = EDGE_LOOP ( 'NONE', ( #2638, #7, #2738, #2615 ) ) ;
#5457 = CARTESIAN_POINT ( 'NONE',  ( 12.51971220063330570, 5.000000000000000000, 15.71905867677235769 ) ) ;
#5458 = CIRCLE ( 'NONE', #3688, 0.2500000000000003331 ) ;
#5459 = AXIS2_PLACEMENT_3D ( 'NONE', #1528, #5108, #169 ) ;
#5460 = AXIS2_PLACEMENT_3D ( 'NONE', #2744, #1857, #572 ) ;
#5461 = EDGE_CURVE ( 'NONE', #2302, #3668, #2725, .T. ) ;
#5462 = EDGE_LOOP ( 'NONE', ( #1303, #1893, #1768, #3024 ) ) ;
#5463 = CARTESIAN_POINT ( 'NONE',  ( 20.78460969082651744, 5.000000000000000000, -1.767249541151372227E-14 ) ) ;
#5464 = ORIENTED_EDGE ( 'NONE', *, *, #5743, .T. ) ;
#5465 = CARTESIAN_POINT ( 'NONE',  ( 17.20484039173004831, 4.525671833992247706, -3.005703274135980152 ) ) ;
#5466 = CARTESIAN_POINT ( 'NONE',  ( -12.51556964292265839, 5.000000000000000000, 14.99700711625967209 ) ) ;
#5467 = EDGE_CURVE ( 'NONE', #4466, #5030, #1490, .T. ) ;
#5468 = ADVANCED_FACE ( 'NONE', ( #5566 ), #4309, .F. ) ;
#5469 = DIRECTION ( 'NONE',  ( 0.000000000000000000, 0.000000000000000000, 1.000000000000000000 ) ) ;
#5470 = DIRECTION ( 'NONE',  ( 0.000000000000000000, 1.000000000000000000, 0.000000000000000000 ) ) ;
#5471 = VERTEX_POINT ( 'NONE', #5628 ) ;
#5472 = ORIENTED_EDGE ( 'NONE', *, *, #3321, .T. ) ;
#5473 = CYLINDRICAL_SURFACE ( 'NONE', #2648, 0.9999999999999998890 ) ;
#5474 = TOROIDAL_SURFACE ( 'NONE', #806, 16.71035107903824013, 0.2500000000000000000 ) ;
#5475 = CARTESIAN_POINT ( 'NONE',  ( 6.675778765907797840, 4.000000000000000000, 18.34155141660600563 ) ) ;
#5476 = CYLINDRICAL_SURFACE ( 'NONE', #3653, 0.2500000000000009437 ) ;
#5477 = EDGE_LOOP ( 'NONE', ( #497, #3198, #1320, #115 ) ) ;
#5478 = CYLINDRICAL_SURFACE ( 'NONE', #3683, 1.249999999999994227 ) ;
#5479 = CARTESIAN_POINT ( 'NONE',  ( 18.47520861406801984, -1.734723475976807094E-15, -1.560329300041460461E-14 ) ) ;
#5480 = ORIENTED_EDGE ( 'NONE', *, *, #3914, .T. ) ;
#5481 = DIRECTION ( 'NONE',  ( -0.9483653056579429697, -1.111455687908967292E-15, -0.3171801491649761107 ) ) ;
#5482 = CARTESIAN_POINT ( 'NONE',  ( -6.675778765907603329, 4.000000000000000000, 18.34155141660600563 ) ) ;
#5483 = CARTESIAN_POINT ( 'NONE',  ( 12.77488150001708078, 4.750000000000000000, -15.67512465037560254 ) ) ;
#5484 = CARTESIAN_POINT ( 'NONE',  ( -16.60713570694880659, 5.000000000000001776, 2.918089737280047391 ) ) ;
#5485 = ORIENTED_EDGE ( 'NONE', *, *, #331, .F. ) ;
#5486 = EDGE_CURVE ( 'NONE', #1565, #2003, #2466, .T. ) ;
#5487 = DIRECTION ( 'NONE',  ( 1.000000000000000000, -0.000000000000000000, -1.836970198721030427E-16 ) ) ;
#5488 = AXIS2_PLACEMENT_3D ( 'NONE', #3246, #4638, #1038 ) ;
#5489 = ORIENTED_EDGE ( 'NONE', *, *, #306, .F. ) ;
#5490 = CARTESIAN_POINT ( 'NONE',  ( 16.96519633108196956, 4.000000000000000000, 3.044099847539866399 ) ) ;
#5491 = CARTESIAN_POINT ( 'NONE',  ( -21.43412874366484644, 0.000000000000000000, -0.3749999999999862332 ) ) ;
#5492 = EDGE_CURVE ( 'NONE', #4586, #4361, #4720, .T. ) ;
#5493 = DIRECTION ( 'NONE',  ( 0.3420201433256586654, 6.374676133788166986E-18, -0.9396926207859119806 ) ) ;
#5494 = CARTESIAN_POINT ( 'NONE',  ( -20.26201627120141069, 3.963507849820022244, -2.905158354491829797 ) ) ;
#5495 = CARTESIAN_POINT ( 'NONE',  ( -19.41691370617503765, 4.762060758070178146, -3.367754561760273546 ) ) ;
#5496 = ORIENTED_EDGE ( 'NONE', *, *, #4713, .F. ) ;
#5497 = CARTESIAN_POINT ( 'NONE',  ( 6.673107640238551852, 3.952105639380302016, -18.34155141660599497 ) ) ;
#5498 = EDGE_CURVE ( 'NONE', #3149, #2677, #2497, .T. ) ;
#5499 = CARTESIAN_POINT ( 'NONE',  ( -5.846059004390713021, 4.000000000000000000, 16.21411150693004188 ) ) ;
#5500 = AXIS2_PLACEMENT_3D ( 'NONE', #409, #4820, #3075 ) ;
#5501 = DIRECTION ( 'NONE',  ( -0.000000000000000000, 1.000000000000000000, -0.000000000000000000 ) ) ;
#5502 = ORIENTED_EDGE ( 'NONE', *, *, #3401, .F. ) ;
#5503 = PERSON_AND_ORGANIZATION_ROLE ( 'classification_officer' ) ;
#5504 = ORIENTED_EDGE ( 'NONE', *, *, #4006, .T. ) ;
#5505 = AXIS2_PLACEMENT_3D ( 'NONE', #3833, #2015, #2417 ) ;
#5506 = CARTESIAN_POINT ( 'NONE',  ( 0.000000000000000000, 4.763083989060735490, 0.000000000000000000 ) ) ;
#5507 = LINE ( 'NONE', #5062, #2650 ) ;
#5508 = DIRECTION ( 'NONE',  ( -1.000000000000000000, 0.000000000000000000, 0.000000000000000000 ) ) ;
#5509 = EDGE_LOOP ( 'NONE', ( #5180, #105 ) ) ;
#5510 = DIRECTION ( 'NONE',  ( -0.7488687195817497200, -3.719277027169530240E-13, -0.6627183721853429077 ) ) ;
#5511 = CIRCLE ( 'NONE', #2426, 1.000000000000000000 ) ;
#5512 = EDGE_CURVE ( 'NONE', #1754, #793, #1691, .T. ) ;
#5513 = EDGE_LOOP ( 'NONE', ( #1939, #921 ) ) ;
#5514 = DIRECTION ( 'NONE',  ( 1.000000000000000000, -0.000000000000000000, -1.836970198721028948E-16 ) ) ;
#5515 = CARTESIAN_POINT ( 'NONE',  ( -16.75315156961204011, 4.000000000000000000, 3.188110482547234170 ) ) ;
#5516 = DIRECTION ( 'NONE',  ( 0.000000000000000000, 0.000000000000000000, 1.000000000000000000 ) ) ;
#5517 = EDGE_CURVE ( 'NONE', #4625, #5734, #4827, .T. ) ;
#5518 = DIRECTION ( 'NONE',  ( -0.7660444431189802339, 0.000000000000000000, -0.6427876096865368094 ) ) ;
#5519 = DIRECTION ( 'NONE',  ( 1.000000000000000000, 0.000000000000000000, -1.836970198721030427E-16 ) ) ;
#5520 = ORIENTED_EDGE ( 'NONE', *, *, #3280, .F. ) ;
#5521 = CARTESIAN_POINT ( 'NONE',  ( -13.50000000000000000, -1.734723475976807094E-15, -1.699999999999997513 ) ) ;
#5522 = B_SPLINE_CURVE_WITH_KNOTS ( 'NONE', 3,
 ( #4566, #501, #3749, #3167 ),
 .UNSPECIFIED., .F., .F.,
 ( 4, 4 ),
 ( 0.000000000000000000, 0.0007650654807618359346 ),
 .UNSPECIFIED. ) ;
#5523 = CARTESIAN_POINT ( 'NONE',  ( 6.175630982082039644, 5.000000000000000000, 16.12053005077124723 ) ) ;
#5524 = CIRCLE ( 'NONE', #399, 1.249999999999997558 ) ;
#5525 = EDGE_CURVE ( 'NONE', #5054, #1400, #799, .T. ) ;
#5526 = DIRECTION ( 'NONE',  ( 0.000000000000000000, 1.000000000000000000, 0.000000000000000000 ) ) ;
#5527 = LINE ( 'NONE', #1897, #5233 ) ;
#5528 = EDGE_LOOP ( 'NONE', ( #4333, #3851, #5464, #2658, #4905, #5417, #3662, #4450 ) ) ;
#5529 = DIRECTION ( 'NONE',  ( 0.000000000000000000, 1.000000000000000000, 0.000000000000000000 ) ) ;
#5530 = APPROVAL_ROLE ( '' ) ;
#5531 = ORIENTED_EDGE ( 'NONE', *, *, #3503, .T. ) ;
#5532 = CARTESIAN_POINT ( 'NONE',  ( 20.26303387659166688, 4.000000000000000000, 2.903395810253849518 ) ) ;
#5533 = EDGE_CURVE ( 'NONE', #2585, #3053, #4190, .T. ) ;
#5534 = CARTESIAN_POINT ( 'NONE',  ( 10.96965511460289200, 5.000000000000000000, 18.99999999999999645 ) ) ;
#5535 = CARTESIAN_POINT ( 'NONE',  ( 16.65068412775308815, 4.000000000000000000, 3.428515433506384991 ) ) ;
#5536 = AXIS2_PLACEMENT_3D ( 'NONE', #3803, #607, #2070 ) ;
#5537 = CARTESIAN_POINT ( 'NONE',  ( -11.11880296259958101, 4.000000000000000000, -13.16989136329019061 ) ) ;
#5538 = ORIENTED_EDGE ( 'NONE', *, *, #2239, .T. ) ;
#5539 = CARTESIAN_POINT ( 'NONE',  ( -6.174983958422841646, 5.000000000000000000, 16.11875229656877195 ) ) ;
#5540 = CARTESIAN_POINT ( 'NONE',  ( -13.50000000000000000, 2.850000000000000089, 3.350000000000000977 ) ) ;
#5541 = DIRECTION ( 'NONE',  ( -0.7488687195819802023, 0.000000000000000000, 0.6627183721850825604 ) ) ;
#5542 = CIRCLE ( 'NONE', #1426, 0.7500000000000000000 ) ;
#5543 = ORIENTED_EDGE ( 'NONE', *, *, #849, .T. ) ;
#5544 = CARTESIAN_POINT ( 'NONE',  ( 16.60692055752431884, 5.000000000000000000, -3.380986790240726680 ) ) ;
#5545 = ORIENTED_EDGE ( 'NONE', *, *, #5337, .T. ) ;
#5546 = CARTESIAN_POINT ( 'NONE',  ( -7.332167093845408878, 4.999999999999999112, -18.74999999999999645 ) ) ;
#5547 = LINE ( 'NONE', #2442, #2298 ) ;
#5548 = LINE ( 'NONE', #1473, #3778 ) ;
#5549 = CYLINDRICAL_SURFACE ( 'NONE', #4319, 1.699999999999999289 ) ;
#5550 =( BOUNDED_SURFACE ( )  B_SPLINE_SURFACE ( 3, 2, ( 
 ( #1888, #5466, #2380 ),
 ( #1446, #1975, #4290 ),
 ( #2955, #693, #1160 ),
 ( #1098, #4729, #1562 ),
 ( #5106, #1126, #1218 ),
 ( #2535, #3331, #3455 ) ),
 .UNSPECIFIED., .F., .F., .T. ) 
 B_SPLINE_SURFACE_WITH_KNOTS ( ( 4, 2, 4 ),
 ( 3, 3 ),
 ( 0.3485670870932546239, 0.9596817069440757297, 1.570796326794896780 ),
 ( 0.000000000000000000, 1.000000000000000000 ),
 .UNSPECIFIED. ) 
 GEOMETRIC_REPRESENTATION_ITEM ( )  RATIONAL_B_SPLINE_SURFACE ( (
 ( 1.000000000000000000, 0.7253743710122874111, 1.000000000000000000),
 ( 1.000000000000000000, 0.7240499912500264479, 1.000000000000000000),
 ( 1.000000000000000000, 0.7215476082090850340, 1.000000000000000000),
 ( 1.000000000000000000, 0.7150809331574174976, 1.000000000000000000),
 ( 1.000000000000000000, 0.7111226099810810108, 1.000000000000000000),
 ( 1.000000000000000000, 0.7071067811865454633, 1.000000000000000000) ) ) 
 REPRESENTATION_ITEM ( '' )  SURFACE ( )  );
#5551 = VERTEX_POINT ( 'NONE', #2910 ) ;
#5552 = DIRECTION ( 'NONE',  ( 0.000000000000000000, -1.000000000000000000, 0.000000000000000000 ) ) ;
#5553 = EDGE_CURVE ( 'NONE', #254, #1052, #5398, .T. ) ;
#5554 = DIRECTION ( 'NONE',  ( 0.000000000000000000, 1.000000000000000000, 0.000000000000000000 ) ) ;
#5555 = DIRECTION ( 'NONE',  ( -0.000000000000000000, 1.000000000000000000, -0.000000000000000000 ) ) ;
#5556 = VERTEX_POINT ( 'NONE', #5095 ) ;
#5557 = ORIENTED_EDGE ( 'NONE', *, *, #95, .F. ) ;
#5558 = DIRECTION ( 'NONE',  ( -0.1736481776669352162, 0.000000000000000000, 0.9848077530122072432 ) ) ;
#5559 = CALENDAR_DATE ( 2022, 17, 2 ) ;
#5560 = VERTEX_POINT ( 'NONE', #1088 ) ;
#5561 = ADVANCED_FACE ( 'NONE', ( #2878 ), #3233, .T. ) ;
#5562 = CARTESIAN_POINT ( 'NONE',  ( 18.47520861406801984, 5.000000000000001776, -1.250000000000002887 ) ) ;
#5563 = CARTESIAN_POINT ( 'NONE',  ( 6.241554349974893334, 4.750000000000000000, 16.30165284924401803 ) ) ;
#5564 = DIRECTION ( 'NONE',  ( 0.000000000000000000, -1.000000000000000000, 0.000000000000000000 ) ) ;
#5565 = CARTESIAN_POINT ( 'NONE',  ( -5.502335493950319290, 4.766373091983559185, -16.04297880220806860 ) ) ;
#5566 = FACE_OUTER_BOUND ( 'NONE', #5438, .T. ) ;
#5567 = ORIENTED_EDGE ( 'NONE', *, *, #2565, .F. ) ;
#5568 = EDGE_CURVE ( 'NONE', #2710, #4949, #3935, .T. ) ;
#5569 = DIRECTION ( 'NONE',  ( 1.000000000000000000, -0.000000000000000000, -1.836970198721028948E-16 ) ) ;
#5570 = ADVANCED_FACE ( 'NONE', ( #859 ), #2112, .T. ) ;
#5571 = DIRECTION ( 'NONE',  ( -0.3420201433256731538, 0.000000000000000000, -0.9396926207859069846 ) ) ;
#5572 = CARTESIAN_POINT ( 'NONE',  ( -7.617102409374608918, 4.000000000000000000, 19.00000000000003553 ) ) ;
#5573 = ORIENTED_EDGE ( 'NONE', *, *, #4158, .F. ) ;
#5574 = AXIS2_PLACEMENT_3D ( 'NONE', #520, #141, #5516 ) ;
#5575 = CARTESIAN_POINT ( 'NONE',  ( 19.65344471930143655, 4.999999999999999112, -3.350102886928246981 ) ) ;
#5576 = CARTESIAN_POINT ( 'NONE',  ( 7.455959614377958289, 5.000000000000000000, -18.99717659498431033 ) ) ;
#5577 = DIRECTION ( 'NONE',  ( 0.5000000000000004441, -0.000000000000000000, 0.8660254037844383745 ) ) ;
#5578 = AXIS2_PLACEMENT_3D ( 'NONE', #3491, #1689, #1224 ) ;
#5579 = DIRECTION ( 'NONE',  ( 0.000000000000000000, -1.000000000000000000, -0.000000000000000000 ) ) ;
#5580 =( BOUNDED_SURFACE ( )  B_SPLINE_SURFACE ( 3, 2, ( 
 ( #2041, #2446, #3831 ),
 ( #4238, #5614, #5231 ),
 ( #2569, #5700, #345 ),
 ( #1629, #1749, #2662 ),
 ( #3948, #3071, #436 ),
 ( #872, #1686, #3432 ) ),
 .UNSPECIFIED., .F., .F., .F. ) 
 B_SPLINE_SURFACE_WITH_KNOTS ( ( 4, 2, 4 ),
 ( 3, 3 ),
 ( 0.3485670870932556786, 0.9596817069440761738, 1.570796326794896558 ),
 ( 0.000000000000000000, 1.000000000000000000 ),
 .UNSPECIFIED. ) 
 GEOMETRIC_REPRESENTATION_ITEM ( )  RATIONAL_B_SPLINE_SURFACE ( (
 ( 1.000000000000000000, 0.7253743710122873001, 1.000000000000000000),
 ( 1.000000000000000000, 0.7240499912500162338, 1.000000000000000000),
 ( 1.000000000000000000, 0.7215476082091016874, 1.000000000000000000),
 ( 1.000000000000000000, 0.7150809331574001781, 1.000000000000000000),
 ( 1.000000000000000000, 0.7111226099810946666, 1.000000000000000000),
 ( 1.000000000000000000, 0.7071067811865475727, 1.000000000000000000) ) ) 
 REPRESENTATION_ITEM ( '' )  SURFACE ( )  );
#5581 = ORIENTED_EDGE ( 'NONE', *, *, #5360, .T. ) ;
#5582 = DIRECTION ( 'NONE',  ( 1.000000000000000000, -0.000000000000000000, -1.836970198721028948E-16 ) ) ;
#5583 = CARTESIAN_POINT ( 'NONE',  ( 19.24341790707969224, 4.763083989060735490, 3.352525306869208244 ) ) ;
#5584 = FACE_OUTER_BOUND ( 'NONE', #5004, .T. ) ;
#5585 = DIRECTION ( 'NONE',  ( 0.000000000000000000, 0.000000000000000000, 1.000000000000000000 ) ) ;
#5586 = CARTESIAN_POINT ( 'NONE',  ( 5.484656968126687460, 4.999999999999998224, 15.78582290437429592 ) ) ;
#5587 = EDGE_CURVE ( 'NONE', #932, #881, #5112, .T. ) ;
#5588 = AXIS2_PLACEMENT_3D ( 'NONE', #2666, #3523, #5299 ) ;
#5589 = ORIENTED_EDGE ( 'NONE', *, *, #5678, .F. ) ;
#5590 = VERTEX_POINT ( 'NONE', #3903 ) ;
#5591 = LINE ( 'NONE', #1574, #4981 ) ;
#5592 = DATE_AND_TIME ( #587, #3632 ) ;
#5593 = EDGE_LOOP ( 'NONE', ( #5184, #904, #1200, #5190 ) ) ;
#5594 = LINE ( 'NONE', #296, #5414 ) ;
#5595 = FACE_OUTER_BOUND ( 'NONE', #2216, .T. ) ;
#5596 = ADVANCED_FACE ( 'NONE', ( #1703 ), #3114, .F. ) ;
#5597 = PLANE ( 'NONE',  #966 ) ;
#5598 = DIRECTION ( 'NONE',  ( 1.836970198721028948E-16, 0.000000000000000000, 1.000000000000000000 ) ) ;
#5599 = CARTESIAN_POINT ( 'NONE',  ( -16.61908721471059280, 4.763083989060735490, 3.383463788133482808 ) ) ;
#5600 = VERTEX_POINT ( 'NONE', #5220 ) ;
#5601 = CARTESIAN_POINT ( 'NONE',  ( -5.642741629002617998, 4.999999999999999112, 16.03477404265178663 ) ) ;
#5602 =( BOUNDED_CURVE ( )  B_SPLINE_CURVE ( 3, ( #4711, #5052, #1569, #2486 ),
 .UNSPECIFIED., .F., .T. ) 
 B_SPLINE_CURVE_WITH_KNOTS ( ( 4, 4 ),
 ( 0.3485670870932596754, 1.570796326794897002 ),
 .UNSPECIFIED. ) 
 CURVE ( )  GEOMETRIC_REPRESENTATION_ITEM ( )  RATIONAL_B_SPLINE_CURVE ( ( 1.000000000000000000, 0.8793393195858270062, 0.8793393195858270062, 1.000000000000000000 ) ) 
 REPRESENTATION_ITEM ( '' )  );
#5603 = AXIS2_PLACEMENT_3D ( 'NONE', #5185, #4186, #4743 ) ;
#5604 = DIRECTION ( 'NONE',  ( 0.3420201433256794266, -2.905229181834553183E-18, 0.9396926207859044311 ) ) ;
#5605 = ADVANCED_FACE ( 'NONE', ( #3447 ), #4860, .F. ) ;
#5606 = ORIENTED_EDGE ( 'NONE', *, *, #4126, .F. ) ;
#5607 = CARTESIAN_POINT ( 'NONE',  ( 0.000000000000000000, 5.000000000000000000, -6.500000000000000888 ) ) ;
#5608 = CARTESIAN_POINT ( 'NONE',  ( -7.658930804738323772, 5.000000000000000000, -18.74999999999999645 ) ) ;
#5609 = DIRECTION ( 'NONE',  ( -0.000000000000000000, 1.000000000000000000, -0.000000000000000000 ) ) ;
#5610 = PRODUCT_RELATED_PRODUCT_CATEGORY ( 'detail', '', ( #1690 ) ) ;
#5611 = EDGE_CURVE ( 'NONE', #5202, #1465, #4804, .T. ) ;
#5612 = CARTESIAN_POINT ( 'NONE',  ( -17.20484039173006607, 4.525671833992251258, 3.005703274135858916 ) ) ;
#5613 = EDGE_LOOP ( 'NONE', ( #5147, #3266, #1655, #1712, #785, #2498, #4018, #5707, #4149 ) ) ;
#5614 = CARTESIAN_POINT ( 'NONE',  ( 6.798128423529140818, 5.000000000000065725, 18.52717611244664297 ) ) ;
#5615 = CARTESIAN_POINT ( 'NONE',  ( -16.37444831358996922, 5.000000000000000000, -3.333657992398898262 ) ) ;
#5616 = CARTESIAN_POINT ( 'NONE',  ( 5.643106593648161251, 5.000000000000000000, 16.03484442730688997 ) ) ;
#5617 = CARTESIAN_POINT ( 'NONE',  ( -19.96249690472145488, 4.750000000000000000, -3.225809584163030763 ) ) ;
#5618 = ORIENTED_EDGE ( 'NONE', *, *, #5587, .F. ) ;
#5619 = EDGE_LOOP ( 'NONE', ( #3327, #2077, #3343, #3925 ) ) ;
#5620 = ORIENTED_EDGE ( 'NONE', *, *, #3340, .F. ) ;
#5621 = VECTOR ( 'NONE', #3207, 1000.000000000000114 ) ;
#5622 = PLANE ( 'NONE',  #5325 ) ;
#5623 = DIRECTION ( 'NONE',  ( 0.000000000000000000, 0.000000000000000000, 1.000000000000000000 ) ) ;
#5624 = CIRCLE ( 'NONE', #3107, 0.2499999999999998890 ) ;
#5625 = AXIS2_PLACEMENT_3D ( 'NONE', #5170, #4203, #638 ) ;
#5626 = CARTESIAN_POINT ( 'NONE',  ( -5.982681243818554151, 4.000000000000000000, 16.43728162518636893 ) ) ;
#5627 = DIRECTION ( 'NONE',  ( -0.000000000000000000, 1.000000000000000000, -0.000000000000000000 ) ) ;
#5628 = CARTESIAN_POINT ( 'NONE',  ( 9.237604307034015250, 5.000000000000001776, -17.24999999999998579 ) ) ;
#5629 = ORIENTED_EDGE ( 'NONE', *, *, #3922, .F. ) ;
#5630 = DIRECTION ( 'NONE',  ( 0.000000000000000000, 0.000000000000000000, 1.000000000000000000 ) ) ;
#5631 = CARTESIAN_POINT ( 'NONE',  ( 12.84269087299604450, 4.756055831202428585, 15.75580690206973955 ) ) ;
#5632 = CARTESIAN_POINT ( 'NONE',  ( -19.24341790707967803, 4.763083989060735490, 3.352525306869253097 ) ) ;
#5633 = ADVANCED_FACE ( 'NONE', ( #2646, #3533 ), #5281, .F. ) ;
#5634 = VECTOR ( 'NONE', #4773, 1000.000000000000000 ) ;
#5635 = ORIENTED_EDGE ( 'NONE', *, *, #5772, .F. ) ;
#5636 = CARTESIAN_POINT ( 'NONE',  ( 6.952938072137926362, 4.750000000000000000, 18.25616356245450334 ) ) ;
#5637 = CARTESIAN_POINT ( 'NONE',  ( 12.72705531797646294, 4.752838769551265941, -15.95609355852508493 ) ) ;
#5638 = DIRECTION ( 'NONE',  ( -0.02784232977355511826, -0.9984484056230059634, -0.04822432976888508388 ) ) ;
#5639 = EDGE_CURVE ( 'NONE', #4391, #2805, #4122, .T. ) ;
#5640 = AXIS2_PLACEMENT_3D ( 'NONE', #278, #2033, #304 ) ;
#5641 = CARTESIAN_POINT ( 'NONE',  ( -17.19507011638909688, 4.763083989060735490, 2.991346325495925385 ) ) ;
#5642 = ORIENTED_EDGE ( 'NONE', *, *, #374, .F. ) ;
#5643 = DIRECTION ( 'NONE',  ( -0.5000000000000004441, 0.000000000000000000, -0.8660254037844384856 ) ) ;
#5644 = CARTESIAN_POINT ( 'NONE',  ( -21.65063509461095137, 0.2500000000000002220, 0.5000000000000144329 ) ) ;
#5645 = ADVANCED_FACE ( 'NONE', ( #800 ), #3558, .F. ) ;
#5646 = VECTOR ( 'NONE', #1772, 1000.000000000000114 ) ;
#5647 = LINE ( 'NONE', #1632, #5395 ) ;
#5648 = CARTESIAN_POINT ( 'NONE',  ( 7.658930804737840603, 5.000000000000000000, -18.75000000000000000 ) ) ;
#5649 = DIRECTION ( 'NONE',  ( 0.000000000000000000, 0.000000000000000000, 1.000000000000000000 ) ) ;
#5650 = VERTEX_POINT ( 'NONE', #3996 ) ;
#5651 = ORIENTED_EDGE ( 'NONE', *, *, #479, .F. ) ;
#5652 = ORIENTED_EDGE ( 'NONE', *, *, #4104, .F. ) ;
#5653 = CARTESIAN_POINT ( 'NONE',  ( -6.867030326200652901, 4.761015611334819653, -18.75040026501406487 ) ) ;
#5654 = CARTESIAN_POINT ( 'NONE',  ( 17.19507011638910399, 4.763083989060735490, 2.991346325495881420 ) ) ;
#5655 = VECTOR ( 'NONE', #3055, 1000.000000000000000 ) ;
#5656 = CARTESIAN_POINT ( 'NONE',  ( 17.21204835346100381, 4.350448236824117743, 3.016298975675451022 ) ) ;
#5657 = CYLINDRICAL_SURFACE ( 'NONE', #4603, 1.000000000000000888 ) ;
#5658 = DIRECTION ( 'NONE',  ( -0.000000000000000000, 1.000000000000000000, -0.000000000000000000 ) ) ;
#5659 = ORIENTED_EDGE ( 'NONE', *, *, #2816, .F. ) ;
#5660 = DIRECTION ( 'NONE',  ( 0.000000000000000000, 1.000000000000000000, 0.000000000000000000 ) ) ;
#5661 = LINE ( 'NONE', #5067, #2557 ) ;
#5662 = CARTESIAN_POINT ( 'NONE',  ( -11.07425666574146561, 4.750000000000000000, -12.51385921632472353 ) ) ;
#5663 = AXIS2_PLACEMENT_3D ( 'NONE', #807, #5773, #3560 ) ;
#5664 = EDGE_CURVE ( 'NONE', #3530, #5230, #3059, .T. ) ;
#5665 = CARTESIAN_POINT ( 'NONE',  ( 16.70789247938157018, 5.000000000000000888, -3.130629423617689255 ) ) ;
#5666 = CARTESIAN_POINT ( 'NONE',  ( 12.72405772424671255, 5.000000000000529354, -15.95563873313466097 ) ) ;
#5667 = CARTESIAN_POINT ( 'NONE',  ( 12.62501726953519388, 4.750000000000000000, -16.13282864273053718 ) ) ;
#5668 = AXIS2_PLACEMENT_3D ( 'NONE', #2794, #4607, #1439 ) ;
#5669 = CARTESIAN_POINT ( 'NONE',  ( 16.53812766209336971, 4.999999999999998224, -2.987790183012567269 ) ) ;
#5670 = EDGE_CURVE ( 'NONE', #4796, #221, #3827, .T. ) ;
#5671 = ORIENTED_EDGE ( 'NONE', *, *, #529, .F. ) ;
#5672 = LINE ( 'NONE', #3519, #3669 ) ;
#5673 = FACE_OUTER_BOUND ( 'NONE', #3767, .T. ) ;
#5674 = AXIS2_PLACEMENT_3D ( 'NONE', #4326, #4780, #1585 ) ;
#5675 = PLANE ( 'NONE',  #5578 ) ;
#5676 = FACE_OUTER_BOUND ( 'NONE', #1228, .T. ) ;
#5677 = CARTESIAN_POINT ( 'NONE',  ( 6.036198009244443163, 4.999999999999999112, -15.96645417117258070 ) ) ;
#5678 = EDGE_CURVE ( 'NONE', #3053, #1855, #2554, .T. ) ;
#5679 = ORIENTED_EDGE ( 'NONE', *, *, #446, .F. ) ;
#5680 = ORIENTED_EDGE ( 'NONE', *, *, #3096, .F. ) ;
#5681 = ORIENTED_EDGE ( 'NONE', *, *, #4090, .F. ) ;
#5682 = DIRECTION ( 'NONE',  ( 0.9848077530122081313, 0.000000000000000000, 0.1736481776669306365 ) ) ;
#5683 = ORGANIZATION ( 'UNSPECIFIED', 'UNSPECIFIED', '' ) ;
#5684 = DIRECTION ( 'NONE',  ( -0.3420201433256586654, 0.000000000000000000, 0.9396926207859120916 ) ) ;
#5685 = LINE ( 'NONE', #4887, #35 ) ;
#5686 = CARTESIAN_POINT ( 'NONE',  ( 16.71625672967686782, 4.758867599823476624, 2.907142987133694234 ) ) ;
#5687 = CARTESIAN_POINT ( 'NONE',  ( 11.89999999999999858, 5.000000000000000000, 1.469576158976824785E-16 ) ) ;
#5688 = CARTESIAN_POINT ( 'NONE',  ( 6.007604185911682215, 4.783564787012069885, 16.38569113853520776 ) ) ;
#5689 = CARTESIAN_POINT ( 'NONE',  ( -5.993832638386501266, 4.350448236824115966, 16.41422061310110081 ) ) ;
#5690 = CARTESIAN_POINT ( 'NONE',  ( 10.80935071694680438, 5.000000000000000000, -13.21125643195983201 ) ) ;
#5691 = CARTESIAN_POINT ( 'NONE',  ( -11.24376283466118842, 4.000000000000000000, 13.39979475248481755 ) ) ;
#5692 = DIRECTION ( 'NONE',  ( -0.000000000000000000, 1.000000000000000000, -0.000000000000000000 ) ) ;
#5693 = ORIENTED_EDGE ( 'NONE', *, *, #1745, .T. ) ;
#5694 = CARTESIAN_POINT ( 'NONE',  ( 12.33383238466040766, 5.000000000000000000, -15.14950278263877870 ) ) ;
#5695 = CARTESIAN_POINT ( 'NONE',  ( 11.14245944811231226, 4.766373091983559185, -12.78665171900978237 ) ) ;
#5696 = ADVANCED_FACE ( 'NONE', ( #2231 ), #2255, .T. ) ;
#5697 = CARTESIAN_POINT ( 'NONE',  ( 5.824019564415908512, 4.233548949198468137, -15.96557551586591295 ) ) ;
#5698 = CARTESIAN_POINT ( 'NONE',  ( 11.89999999999999858, 2.850000000000000089, -3.349999999999998312 ) ) ;
#5699 = ORIENTED_EDGE ( 'NONE', *, *, #4713, .T. ) ;
#5700 = CARTESIAN_POINT ( 'NONE',  ( 6.925448154279552959, 5.000000000000000000, 18.69543384225255167 ) ) ;
#5701 = LINE ( 'NONE', #2602, #71 ) ;
#5702 = FACE_BOUND ( 'NONE', #354, .T. ) ;
#5703 = ADVANCED_FACE ( 'NONE', ( #4970 ), #5003, .T. ) ;
#5704 = CIRCLE ( 'NONE', #3001, 1.249999999999987121 ) ;
#5705 = CARTESIAN_POINT ( 'NONE',  ( 6.241554349974624216, 5.000000000000000000, -16.30165284924412106 ) ) ;
#5706 = EDGE_LOOP ( 'NONE', ( #3310, #4510 ) ) ;
#5707 = ORIENTED_EDGE ( 'NONE', *, *, #4126, .T. ) ;
#5708 = ORIENTED_EDGE ( 'NONE', *, *, #3136, .F. ) ;
#5709 = CARTESIAN_POINT ( 'NONE',  ( -5.392423398934454326, 5.000000000000000000, 15.81667036058119180 ) ) ;
#5710 = ADVANCED_FACE ( 'NONE', ( #1373 ), #4129, .F. ) ;
#5711 = LINE ( 'NONE', #1290, #4897 ) ;
#5712 = AXIS2_PLACEMENT_3D ( 'NONE', #390, #2171, #1644 ) ;
#5713 = CARTESIAN_POINT ( 'NONE',  ( -5.870278010164900806, 4.768243088545593977, 16.16326627944783922 ) ) ;
#5714 = DIRECTION ( 'NONE',  ( 0.1736481776669349109, 0.000000000000000000, 0.9848077530122073542 ) ) ;
#5715 = DIRECTION ( 'NONE',  ( 0.000000000000000000, 0.000000000000000000, 1.000000000000000000 ) ) ;
#5716 = CARTESIAN_POINT ( 'NONE',  ( -19.39566318705538706, 4.000000000000000000, -3.404561540562720090 ) ) ;
#5717 = CARTESIAN_POINT ( 'NONE',  ( -6.208291727816138028, 4.999999999999998224, -16.21026454595063981 ) ) ;
#5718 = EDGE_CURVE ( 'NONE', #3124, #5301, #1494, .T. ) ;
#5719 = CIRCLE ( 'NONE', #2164, 0.2499999999999998057 ) ;
#5720 = DIRECTION ( 'NONE',  ( 0.000000000000000000, 0.000000000000000000, 1.000000000000000000 ) ) ;
#5721 = DIRECTION ( 'NONE',  ( 0.3171801491649903215, 0.000000000000000000, 0.9483653056579381957 ) ) ;
#5722 = ORIENTED_EDGE ( 'NONE', *, *, #3882, .T. ) ;
#5723 = CARTESIAN_POINT ( 'NONE',  ( 11.08162459875642725, 4.768243299460927176, -12.91001911278853775 ) ) ;
#5724 = AXIS2_PLACEMENT_3D ( 'NONE', #2465, #3003, #328 ) ;
#5725 = CARTESIAN_POINT ( 'NONE',  ( 5.982532503973214233, 3.995326637871075004, -16.43758906554640120 ) ) ;
#5726 = CARTESIAN_POINT ( 'NONE',  ( -6.241554349975007021, 5.000000000000000000, -16.30165284924397184 ) ) ;
#5727 = ORIENTED_EDGE ( 'NONE', *, *, #1077, .T. ) ;
#5728 = CARTESIAN_POINT ( 'NONE',  ( 10.99686831613279026, 5.000000000000000000, -13.55617105080158780 ) ) ;
#5729 = CARTESIAN_POINT ( 'NONE',  ( -11.08173409907875495, 4.768240053429977365, -12.90975201906521086 ) ) ;
#5730 = AXIS2_PLACEMENT_3D ( 'NONE', #3237, #2846, #3676 ) ;
#5731 = VECTOR ( 'NONE', #2000, 1000.000000000000114 ) ;
#5732 = CARTESIAN_POINT ( 'NONE',  ( -20.18191002583209226, 4.752838769551011033, -3.043906441475069169 ) ) ;
#5733 = DIRECTION ( 'NONE',  ( -0.8660254037844433705, 0.000000000000000000, -0.4999999999999919509 ) ) ;
#5734 = VERTEX_POINT ( 'NONE', #3141 ) ;
#5735 = ORIENTED_EDGE ( 'NONE', *, *, #3882, .F. ) ;
#5736 = EDGE_CURVE ( 'NONE', #4845, #1026, #5524, .T. ) ;
#5737 = VECTOR ( 'NONE', #3517, 1000.000000000000114 ) ;
#5738 = EDGE_LOOP ( 'NONE', ( #195, #4042, #3469, #2715 ) ) ;
#5739 = AXIS2_PLACEMENT_3D ( 'NONE', #2382, #3771, #3332 ) ;
#5740 = LINE ( 'NONE', #4799, #1 ) ;
#5741 = CARTESIAN_POINT ( 'NONE',  ( 19.28677045679831537, 5.000000000000000000, 3.106660779815888063 ) ) ;
#5742 = ORIENTED_EDGE ( 'NONE', *, *, #3111, .F. ) ;
#5743 = EDGE_CURVE ( 'NONE', #551, #5319, #1786, .T. ) ;
#5744 = CARTESIAN_POINT ( 'NONE',  ( -11.29485907162846381, 3.995326637884426990, -12.70568714828392487 ) ) ;
#5745 = FACE_OUTER_BOUND ( 'NONE', #5316, .T. ) ;
#5746 =( BOUNDED_CURVE ( )  B_SPLINE_CURVE ( 3, ( #3466, #3924, #5351, #1338 ),
 .UNSPECIFIED., .F., .T. ) 
 B_SPLINE_CURVE_WITH_KNOTS ( ( 4, 4 ),
 ( 4.712388980384689674, 5.760258652268209545 ),
 .UNSPECIFIED. ) 
 CURVE ( )  GEOMETRIC_REPRESENTATION_ITEM ( )  RATIONAL_B_SPLINE_CURVE ( ( 1.000000000000000000, 0.9105715498086057735, 0.9105715498086057735, 1.000000000000000000 ) ) 
 REPRESENTATION_ITEM ( '' )  );
#5747 = CARTESIAN_POINT ( 'NONE',  ( -11.10460915927580317, 4.766372726975536267, -13.29644178481152572 ) ) ;
#5748 = ORIENTED_EDGE ( 'NONE', *, *, #5670, .T. ) ;
#5749 = CARTESIAN_POINT ( 'NONE',  ( -5.484656968126798482, 4.999999999999998224, -15.78582290437425684 ) ) ;
#5750 = EDGE_CURVE ( 'NONE', #932, #254, #507, .T. ) ;
#5751 = CARTESIAN_POINT ( 'NONE',  ( -10.92738936467116062, 4.000000000000000000, -13.02275553302263766 ) ) ;
#5752 = CARTESIAN_POINT ( 'NONE',  ( -7.658930804737985376, 5.000000000000000888, 19.00000000000000000 ) ) ;
#5753 = ORIENTED_EDGE ( 'NONE', *, *, #1977, .T. ) ;
#5754 = DIRECTION ( 'NONE',  ( -0.5000000000000015543, 3.469446951953621683E-15, -0.8660254037844378194 ) ) ;
#5755 = EDGE_LOOP ( 'NONE', ( #689, #704, #1989, #293, #2454 ) ) ;
#5756 = FACE_OUTER_BOUND ( 'NONE', #1518, .T. ) ;
#5757 = ORIENTED_EDGE ( 'NONE', *, *, #4390, .F. ) ;
#5758 = CARTESIAN_POINT ( 'NONE',  ( 11.07425666574134659, 5.000000000000000000, -12.51385921632482656 ) ) ;
#5759 = CARTESIAN_POINT ( 'NONE',  ( -17.22644407847984382, 4.000000000000000000, 3.037486872701593565 ) ) ;
#5760 = CARTESIAN_POINT ( 'NONE',  ( 16.23797632095821797, 4.750000000000000000, -9.375000000000001776 ) ) ;
#5761 = DIRECTION ( 'NONE',  ( -1.000000000000000000, 0.000000000000000000, 1.581383788144378693E-16 ) ) ;
#5762 = EDGE_LOOP ( 'NONE', ( #470, #4010, #4067, #5065 ) ) ;
#5763 = ORIENTED_EDGE ( 'NONE', *, *, #5385, .T. ) ;
#5764 = AXIS2_PLACEMENT_3D ( 'NONE', #160, #568, #5428 ) ;
#5765 = ORIENTED_EDGE ( 'NONE', *, *, #782, .F. ) ;
#5766 = EDGE_CURVE ( 'NONE', #4977, #498, #2694, .T. ) ;
#5767 = LINE ( 'NONE', #5386, #5655 ) ;
#5768 = EDGE_LOOP ( 'NONE', ( #4249, #11, #735, #1903 ) ) ;
#5769 = CARTESIAN_POINT ( 'NONE',  ( -10.89518783343504005, 4.496257923687209335, -13.02484015887533708 ) ) ;
#5770 = CARTESIAN_POINT ( 'NONE',  ( 0.000000000000000000, 5.000000000000000000, 0.000000000000000000 ) ) ;
#5771 = CARTESIAN_POINT ( 'NONE',  ( -10.19999999999999929, 2.850000000000000089, 1.536675296194362640E-15 ) ) ;
#5772 = EDGE_CURVE ( 'NONE', #2769, #1259, #787, .T. ) ;
#5773 = DIRECTION ( 'NONE',  ( 0.8660254037844390407, -0.000000000000000000, 0.4999999999999993894 ) ) ;
#5774 = FACE_OUTER_BOUND ( 'NONE', #2735, .T. ) ;
#5775 = ORIENTED_EDGE ( 'NONE', *, *, #208, .F. ) ;
#5776 = CARTESIAN_POINT ( 'NONE',  ( -5.379378014046931611, 4.763083989060735490, 16.08428360971529258 ) ) ;
#5777 = AXIS2_PLACEMENT_3D ( 'NONE', #350, #4328, #319 ) ;
#5778 = EDGE_CURVE ( 'NONE', #314, #2636, #1376, .T. ) ;
#5779 = ORIENTED_EDGE ( 'NONE', *, *, #4501, .T. ) ;
#5780 = LINE ( 'NONE', #3624, #5646 ) ;
#5781 = ORIENTED_EDGE ( 'NONE', *, *, #3914, .F. ) ;
#5782 = CARTESIAN_POINT ( 'NONE',  ( 5.363905355351914928, 4.254361998983254622, 16.11755616802687996 ) ) ;
#5783 = CARTESIAN_POINT ( 'NONE',  ( -19.60812887774580560, 5.000000000000000000, 3.163324939906844602 ) ) ;
ENDSEC;
END-ISO-10303-21;
