ISO-10303-21;
HEADER;
FILE_DESCRIPTION (( 'STEP AP203' ),
    '1' );
FILE_NAME ('REV-41-1620.STEP',
    '2024-06-12T13:38:47',
    ( '' ),
    ( '' ),
    'SwSTEP 2.0',
    'SolidWorks 2022',
    '' );
FILE_SCHEMA (( 'CONFIG_CONTROL_DESIGN' ));
ENDSEC;

DATA;
#1 = EDGE_LOOP ( 'NONE', ( #369, #950, #24, #1166 ) ) ;
#2 = EDGE_CURVE ( 'NONE', #1706, #921, #402, .T. ) ;
#3 = FACE_OUTER_BOUND ( 'NONE', #75, .T. ) ;
#4 = ORIENTED_EDGE ( 'NONE', *, *, #651, .F. ) ;
#5 = CARTESIAN_POINT ( 'NONE',  ( 6.811923499062717546, -0.8914024023510122019, -44.59999999999999432 ) ) ;
#6 = CARTESIAN_POINT ( 'NONE',  ( -3.469446951953614189E-15, -7.999999999999998224, 0.000000000000000000 ) ) ;
#7 = DIRECTION ( 'NONE',  ( -0.000000000000000000, -0.000000000000000000, 1.000000000000000000 ) ) ;
#8 = VERTEX_POINT ( 'NONE', #262 ) ;
#9 = CARTESIAN_POINT ( 'NONE',  ( -10.75000000000000178, 1.331803394072746708E-15, -3.000000000000000000 ) ) ;
#10 = VERTEX_POINT ( 'NONE', #391 ) ;
#11 = CARTESIAN_POINT ( 'NONE',  ( -5.228203230275512148, 4.000000000000002665, -3.000000000000000000 ) ) ;
#12 = ADVANCED_FACE ( 'NONE', ( #1449 ), #432, .T. ) ;
#13 = ORIENTED_EDGE ( 'NONE', *, *, #1460, .T. ) ;
#14 = CARTESIAN_POINT ( 'NONE',  ( -3.469446951953614189E-15, -7.999999999999998224, -3.000000000000000000 ) ) ;
#15 = EDGE_CURVE ( 'NONE', #1020, #323, #716, .T. ) ;
#16 = CARTESIAN_POINT ( 'NONE',  ( 0.000000000000000000, 0.000000000000000000, -45.10000000000000142 ) ) ;
#17 = ORIENTED_EDGE ( 'NONE', *, *, #925, .T. ) ;
#18 = CARTESIAN_POINT ( 'NONE',  ( 0.000000000000000000, 0.000000000000000000, -10.86999999999997968 ) ) ;
#19 = VECTOR ( 'NONE', #1544, 1000.000000000000000 ) ;
#20 = AXIS2_PLACEMENT_3D ( 'NONE', #999, #370, #982 ) ;
#21 = VERTEX_POINT ( 'NONE', #1478 ) ;
#22 = CARTESIAN_POINT ( 'NONE',  ( 0.000000000000000000, 0.000000000000000000, 1.249999999999995337 ) ) ;
#23 = CIRCLE ( 'NONE', #1632, 6.870000000000000107 ) ;
#24 = ORIENTED_EDGE ( 'NONE', *, *, #1277, .T. ) ;
#25 = FACE_OUTER_BOUND ( 'NONE', #617, .T. ) ;
#26 = CARTESIAN_POINT ( 'NONE',  ( 6.489648904871152091, 0.7827951011175326990, -44.93340163618095318 ) ) ;
#27 = ORIENTED_EDGE ( 'NONE', *, *, #738, .T. ) ;
#28 = PLANE ( 'NONE',  #1778 ) ;
#29 = ORIENTED_EDGE ( 'NONE', *, *, #1918, .T. ) ;
#30 = CARTESIAN_POINT ( 'NONE',  ( -8.673617379884035472E-16, 7.999999999999998224, 0.000000000000000000 ) ) ;
#31 = ORIENTED_EDGE ( 'NONE', *, *, #1617, .F. ) ;
#32 = DIRECTION ( 'NONE',  ( -1.000000000000000000, 0.000000000000000000, 0.000000000000000000 ) ) ;
#33 = EDGE_CURVE ( 'NONE', #610, #550, #1534, .T. ) ;
#34 = PERSON_AND_ORGANIZATION ( #1720, #1785 ) ;
#35 = EDGE_CURVE ( 'NONE', #1153, #610, #1807, .T. ) ;
#36 = CARTESIAN_POINT ( 'NONE',  ( -5.951994670998429271, -2.380842823451515322, -10.34552240763235531 ) ) ;
#37 = ORIENTED_EDGE ( 'NONE', *, *, #1671, .F. ) ;
#38 = CARTESIAN_POINT ( 'NONE',  ( 0.000000000000000000, 5.844999999999997087, -45.10000000000000142 ) ) ;
#39 = ORIENTED_EDGE ( 'NONE', *, *, #594, .T. ) ;
#40 = FACE_OUTER_BOUND ( 'NONE', #913, .T. ) ;
#41 = DATE_TIME_ROLE ( 'creation_date' ) ;
#42 = CARTESIAN_POINT ( 'NONE',  ( 0.000000000000000000, 0.000000000000000000, -44.59999999999999432 ) ) ;
#43 = ADVANCED_FACE ( 'NONE', ( #1940 ), #1384, .T. ) ;
#44 = VERTEX_POINT ( 'NONE', #1034 ) ;
#45 = DIRECTION ( 'NONE',  ( 0.000000000000000000, 0.000000000000000000, 1.000000000000000000 ) ) ;
#46 = VECTOR ( 'NONE', #1427, 1000.000000000000000 ) ;
#47 = AXIS2_PLACEMENT_3D ( 'NONE', #580, #600, #1188 ) ;
#48 = VERTEX_POINT ( 'NONE', #1650 ) ;
#49 = B_SPLINE_CURVE_WITH_KNOTS ( 'NONE', 3,
 ( #1773, #1786, #571, #735 ),
 .UNSPECIFIED., .F., .F.,
 ( 4, 4 ),
 ( 0.000000000000000000, 0.0007143713651945664224 ),
 .UNSPECIFIED. ) ;
#50 = DIRECTION ( 'NONE',  ( -0.000000000000000000, -0.000000000000000000, -1.000000000000000000 ) ) ;
#51 = AXIS2_PLACEMENT_3D ( 'NONE', #353, #954, #1701 ) ;
#52 = AXIS2_PLACEMENT_3D ( 'NONE', #1415, #658, #376 ) ;
#53 = VECTOR ( 'NONE', #1546, 1000.000000000000000 ) ;
#54 =( NAMED_UNIT ( * ) SI_UNIT ( $, .STERADIAN. ) SOLID_ANGLE_UNIT ( ) );
#55 = ORIENTED_EDGE ( 'NONE', *, *, #1776, .T. ) ;
#56 = CIRCLE ( 'NONE', #1873, 1.699999999999997513 ) ;
#57 = FACE_OUTER_BOUND ( 'NONE', #1308, .T. ) ;
#58 = EDGE_CURVE ( 'NONE', #48, #385, #1023, .T. ) ;
#59 = ORIENTED_EDGE ( 'NONE', *, *, #1693, .T. ) ;
#60 = CARTESIAN_POINT ( 'NONE',  ( 1.699999999999996625, 7.999999999999998224, -3.000000000000000000 ) ) ;
#61 = ORIENTED_EDGE ( 'NONE', *, *, #96, .F. ) ;
#62 = DIRECTION ( 'NONE',  ( -0.7071067811865574537, 0.000000000000000000, -0.7071067811865376918 ) ) ;
#63 = CARTESIAN_POINT ( 'NONE',  ( 2.600752142964676050, 6.178268867936075992, -44.76673113206391719 ) ) ;
#64 = SECURITY_CLASSIFICATION_LEVEL ( 'unclassified' ) ;
#65 = EDGE_LOOP ( 'NONE', ( #648, #1645, #687, #1094 ) ) ;
#66 = B_SPLINE_CURVE_WITH_KNOTS ( 'NONE', 3,
 ( #1772, #1217, #1923, #1800 ),
 .UNSPECIFIED., .F., .F.,
 ( 4, 4 ),
 ( 0.000000000000000000, 0.0007143713651945676150 ),
 .UNSPECIFIED. ) ;
#67 = CARTESIAN_POINT ( 'NONE',  ( 11.00000000000000000, 0.000000000000000000, -0.2500000000000036637 ) ) ;
#68 = ORIENTED_EDGE ( 'NONE', *, *, #1363, .T. ) ;
#69 = LINE ( 'NONE', #92, #1028 ) ;
#70 = PRODUCT_RELATED_PRODUCT_CATEGORY ( 'detail', '', ( #1267 ) ) ;
#71 = VERTEX_POINT ( 'NONE', #1802 ) ;
#72 = DIRECTION ( 'NONE',  ( -1.000000000000000000, 0.000000000000000000, 0.000000000000000000 ) ) ;
#73 = EDGE_CURVE ( 'NONE', #457, #1407, #1473, .T. ) ;
#74 = CARTESIAN_POINT ( 'NONE',  ( -1.700000000000001954, -7.999999999999998224, -3.000000000000000000 ) ) ;
#75 = EDGE_LOOP ( 'NONE', ( #31, #1058, #497, #1405 ) ) ;
#76 = CARTESIAN_POINT ( 'NONE',  ( 5.061918485120039612, -2.922499999999999432, -45.10000000000000142 ) ) ;
#77 = DIRECTION ( 'NONE',  ( 0.000000000000000000, 0.000000000000000000, 1.000000000000000000 ) ) ;
#78 = ORIENTED_EDGE ( 'NONE', *, *, #161, .F. ) ;
#79 = FACE_BOUND ( 'NONE', #1830, .T. ) ;
#80 = AXIS2_PLACEMENT_3D ( 'NONE', #138, #576, #1461 ) ;
#81 = DIRECTION ( 'NONE',  ( -0.000000000000000000, -0.000000000000000000, 1.000000000000000000 ) ) ;
#82 = EDGE_CURVE ( 'NONE', #188, #1172, #1337, .T. ) ;
#83 = CIRCLE ( 'NONE', #1410, 11.00000000000000000 ) ;
#84 = CIRCLE ( 'NONE', #1685, 6.369999999999997442 ) ;
#85 = ORIENTED_EDGE ( 'NONE', *, *, #327, .F. ) ;
#86 = AXIS2_PLACEMENT_3D ( 'NONE', #18, #1233, #1819 ) ;
#87 = DIRECTION ( 'NONE',  ( 0.5000000000000002220, 0.8660254037844384856, 0.000000000000000000 ) ) ;
#88 = VECTOR ( 'NONE', #117, 1000.000000000000000 ) ;
#89 = CYLINDRICAL_SURFACE ( 'NONE', #1871, 1.699999999999997513 ) ;
#90 = LOCAL_TIME ( 8, 38, 47.00000000000000000, #1593 ) ;
#91 = VERTEX_POINT ( 'NONE', #907 ) ;
#92 = CARTESIAN_POINT ( 'NONE',  ( -8.628203230275508062, -3.999999999999997335, -3.000000000000000000 ) ) ;
#93 = EDGE_LOOP ( 'NONE', ( #823, #1353, #1797, #1743, #1292, #707, #1575, #1836, #1246, #958 ) ) ;
#94 = CARTESIAN_POINT ( 'NONE',  ( 0.000000000000000000, 0.000000000000000000, -10.86999999999997968 ) ) ;
#95 = DIRECTION ( 'NONE',  ( 0.000000000000000000, 0.000000000000000000, 1.000000000000000000 ) ) ;
#96 = EDGE_CURVE ( 'NONE', #972, #44, #1509, .T. ) ;
#97 = CARTESIAN_POINT ( 'NONE',  ( 0.000000000000000000, 0.000000000000000000, -10.86999999999997968 ) ) ;
#98 = EDGE_CURVE ( 'NONE', #1184, #921, #1842, .T. ) ;
#99 = DIRECTION ( 'NONE',  ( -0.000000000000000000, -0.000000000000000000, -1.000000000000000000 ) ) ;
#100 = VERTEX_POINT ( 'NONE', #284 ) ;
#101 = EDGE_CURVE ( 'NONE', #1557, #1184, #891, .T. ) ;
#102 = CARTESIAN_POINT ( 'NONE',  ( 6.928203230275505220, 3.999999999999997335, -3.000000000000000000 ) ) ;
#103 = ORIENTED_EDGE ( 'NONE', *, *, #1339, .F. ) ;
#104 = CARTESIAN_POINT ( 'NONE',  ( 0.000000000000000000, 0.000000000000000000, -44.59999999999999432 ) ) ;
#105 = DIRECTION ( 'NONE',  ( -1.000000000000000000, 0.000000000000000000, 0.000000000000000000 ) ) ;
#106 = ORIENTED_EDGE ( 'NONE', *, *, #2, .F. ) ;
#107 = DIRECTION ( 'NONE',  ( 0.000000000000000000, 0.000000000000000000, -1.000000000000000000 ) ) ;
#108 = CARTESIAN_POINT ( 'NONE',  ( -5.494931187012262797, -3.172499999999999876, -45.10000000000000142 ) ) ;
#109 = CARTESIAN_POINT ( 'NONE',  ( -4.601835843476808741, 4.719386511006582907, -10.54495251898935670 ) ) ;
#110 = EDGE_CURVE ( 'NONE', #1418, #1820, #562, .T. ) ;
#111 = VERTEX_POINT ( 'NONE', #1219 ) ;
#112 = CARTESIAN_POINT ( 'NONE',  ( 1.779514094012919490, 6.344999999999997975, -10.58658960411160521 ) ) ;
#113 = CYLINDRICAL_SURFACE ( 'NONE', #971, 6.870000000000000107 ) ;
#114 = EDGE_LOOP ( 'NONE', ( #604, #1568 ) ) ;
#115 = AXIS2_PLACEMENT_3D ( 'NONE', #208, #1738, #1141 ) ;
#116 = VECTOR ( 'NONE', #1014, 1000.000000000000000 ) ;
#117 = DIRECTION ( 'NONE',  ( -0.000000000000000000, -0.000000000000000000, -1.000000000000000000 ) ) ;
#118 = DIRECTION ( 'NONE',  ( -0.000000000000000000, -0.000000000000000000, -1.000000000000000000 ) ) ;
#119 = AXIS2_PLACEMENT_3D ( 'NONE', #175, #776, #1684 ) ;
#120 = AXIS2_PLACEMENT_3D ( 'NONE', #1160, #852, #1340 ) ;
#121 = CARTESIAN_POINT ( 'NONE',  ( 0.000000000000000000, 0.000000000000000000, -45.10000000000000142 ) ) ;
#122 = ADVANCED_FACE ( 'NONE', ( #168 ), #1063, .F. ) ;
#123 = ORIENTED_EDGE ( 'NONE', *, *, #1918, .F. ) ;
#124 = CARTESIAN_POINT ( 'NONE',  ( -1.783724923636036630, 6.344999999999999751, -10.57665589637227122 ) ) ;
#125 = FACE_OUTER_BOUND ( 'NONE', #1889, .T. ) ;
#126 = CARTESIAN_POINT ( 'NONE',  ( 0.000000000000000000, 0.000000000000000000, -3.000000000000000000 ) ) ;
#127 = DIRECTION ( 'NONE',  ( -1.000000000000000000, 0.000000000000000000, -0.000000000000000000 ) ) ;
#128 = CARTESIAN_POINT ( 'NONE',  ( -4.500000000000000000, 0.000000000000000000, 1.249999999999995337 ) ) ;
#129 = CARTESIAN_POINT ( 'NONE',  ( 4.177938874961809823, 5.453597597648990991, -44.59999999999999432 ) ) ;
#130 = ORIENTED_EDGE ( 'NONE', *, *, #1191, .F. ) ;
#131 = CARTESIAN_POINT ( 'NONE',  ( 6.378910797170494362, 0.6414024023510092043, -45.10000000000000142 ) ) ;
#132 = EDGE_CURVE ( 'NONE', #1418, #457, #737, .T. ) ;
#133 = CARTESIAN_POINT ( 'NONE',  ( -11.00000000000000000, 1.347111479062088405E-15, -2.750000000000000000 ) ) ;
#134 = CARTESIAN_POINT ( 'NONE',  ( 6.811923499062717546, -0.8914024023510122019, -45.10000000000000142 ) ) ;
#135 = EDGE_CURVE ( 'NONE', #44, #167, #1524, .T. ) ;
#136 = DIRECTION ( 'NONE',  ( -0.8571673007021117785, 0.000000000000000000, -0.5150380749100550437 ) ) ;
#137 = ORIENTED_EDGE ( 'NONE', *, *, #1638, .F. ) ;
#138 = CARTESIAN_POINT ( 'NONE',  ( 6.928203230275505220, 3.999999999999997335, -3.000000000000000000 ) ) ;
#139 = ORIENTED_EDGE ( 'NONE', *, *, #1495, .F. ) ;
#140 = CARTESIAN_POINT ( 'NONE',  ( 6.489648904871160084, -0.7827951011175339202, -44.93340163618093897 ) ) ;
#141 = FACE_BOUND ( 'NONE', #814, .T. ) ;
#142 = CARTESIAN_POINT ( 'NONE',  ( 5.037867703026096322, -3.964157176548486206, -10.34552240763235709 ) ) ;
#143 = ADVANCED_FACE ( 'NONE', ( #745 ), #614, .F. ) ;
#144 = CIRCLE ( 'NONE', #1254, 6.870000000000000107 ) ;
#145 = FACE_OUTER_BOUND ( 'NONE', #1840, .T. ) ;
#146 = ORIENTED_EDGE ( 'NONE', *, *, #1826, .T. ) ;
#147 = AXIS2_PLACEMENT_3D ( 'NONE', #1270, #1118, #1707 ) ;
#148 = AXIS2_PLACEMENT_3D ( 'NONE', #1264, #473, #786 ) ;
#149 = DIRECTION ( 'NONE',  ( 0.000000000000000000, 0.000000000000000000, -1.000000000000000000 ) ) ;
#150 = VECTOR ( 'NONE', #1616, 1000.000000000000000 ) ;
#151 = ORIENTED_EDGE ( 'NONE', *, *, #437, .F. ) ;
#152 = CARTESIAN_POINT ( 'NONE',  ( -8.673617379884035472E-16, 7.999999999999998224, -3.000000000000000000 ) ) ;
#153 = CIRCLE ( 'NONE', #1035, 1.699999999999998401 ) ;
#154 =( GEOMETRIC_REPRESENTATION_CONTEXT ( 3 ) GLOBAL_UNCERTAINTY_ASSIGNED_CONTEXT ( ( #1086 ) ) GLOBAL_UNIT_ASSIGNED_CONTEXT ( ( #1395, #374, #54 ) ) REPRESENTATION_CONTEXT ( 'NONE', 'WORKASPACE' ) );
#155 = CARTESIAN_POINT ( 'NONE',  ( 0.4440581901452387292, -6.344999999999998863, -10.35660906134043735 ) ) ;
#156 = CARTESIAN_POINT ( 'NONE',  ( 2.633984624100908611, 5.844999999999997087, -45.10000000000000142 ) ) ;
#157 = DIRECTION ( 'NONE',  ( -0.000000000000000000, -0.000000000000000000, 1.000000000000000000 ) ) ;
#158 = VERTEX_POINT ( 'NONE', #634 ) ;
#159 = CC_DESIGN_PERSON_AND_ORGANIZATION_ASSIGNMENT ( #1265, #961, ( #1572 ) ) ;
#160 = B_SPLINE_CURVE_WITH_KNOTS ( 'NONE', 3,
 ( #722, #1912, #415, #574 ),
 .UNSPECIFIED., .F., .F.,
 ( 4, 4 ),
 ( 0.000000000000000000, 0.0007143713651945663139 ),
 .UNSPECIFIED. ) ;
#161 = EDGE_CURVE ( 'NONE', #1820, #1418, #647, .T. ) ;
#162 = DIRECTION ( 'NONE',  ( -8.371133492849465451E-17, -0.7071067811865505703, -0.7071067811865444641 ) ) ;
#163 = EDGE_CURVE ( 'NONE', #1172, #158, #1812, .T. ) ;
#164 = APPLICATION_CONTEXT ( 'configuration controlled 3d designs of mechanical parts and assemblies' ) ;
#165 = ORIENTED_EDGE ( 'NONE', *, *, #1139, .F. ) ;
#166 = CARTESIAN_POINT ( 'NONE',  ( 5.878679656440366941, 7.806314867307337629E-16, -9.878679656440358059 ) ) ;
#167 = VERTEX_POINT ( 'NONE', #358 ) ;
#168 = FACE_OUTER_BOUND ( 'NONE', #945, .T. ) ;
#169 = DIRECTION ( 'NONE',  ( -1.000000000000000000, 0.000000000000000000, 0.000000000000000000 ) ) ;
#170 = EDGE_LOOP ( 'NONE', ( #537, #1428, #1234, #492 ) ) ;
#171 = DIRECTION ( 'NONE',  ( -0.000000000000000000, -0.000000000000000000, -1.000000000000000000 ) ) ;
#172 = ORIENTED_EDGE ( 'NONE', *, *, #1152, .T. ) ;
#173 = DIRECTION ( 'NONE',  ( -0.6123724356957975790, -0.3535533905932755072, -0.7071067811865441310 ) ) ;
#174 = ORIENTED_EDGE ( 'NONE', *, *, #15, .T. ) ;
#175 = CARTESIAN_POINT ( 'NONE',  ( -8.673617379884035472E-16, 7.999999999999998224, -3.000000000000000000 ) ) ;
#176 = DIRECTION ( 'NONE',  ( -0.000000000000000000, -0.000000000000000000, 1.000000000000000000 ) ) ;
#177 = CARTESIAN_POINT ( 'NONE',  ( -4.390040306805122583, -5.086227141338265589, -10.70735897810039816 ) ) ;
#178 = AXIS2_PLACEMENT_3D ( 'NONE', #1583, #1751, #236 ) ;
#179 = VERTEX_POINT ( 'NONE', #1227 ) ;
#180 = LINE ( 'NONE', #351, #712 ) ;
#181 = EDGE_CURVE ( 'NONE', #206, #726, #1668, .T. ) ;
#182 = AXIS2_PLACEMENT_3D ( 'NONE', #360, #1275, #1566 ) ;
#183 = CIRCLE ( 'NONE', #404, 1.699999999999998401 ) ;
#184 = VERTEX_POINT ( 'NONE', #654 ) ;
#185 = EDGE_CURVE ( 'NONE', #254, #435, #272, .T. ) ;
#186 = CARTESIAN_POINT ( 'NONE',  ( -4.177938874961814264, -5.453597597648990103, -44.59999999999999432 ) ) ;
#187 = CARTESIAN_POINT ( 'NONE',  ( 2.019299999999996320, 2.472929281518246100E-16, -30.02000000000000313 ) ) ;
#188 = VERTEX_POINT ( 'NONE', #1073 ) ;
#189 = CARTESIAN_POINT ( 'NONE',  ( 0.000000000000000000, 0.000000000000000000, -45.10000000000000142 ) ) ;
#190 = VERTEX_POINT ( 'NONE', #947 ) ;
#191 = PLANE ( 'NONE',  #207 ) ;
#192 = ORIENTED_EDGE ( 'NONE', *, *, #98, .F. ) ;
#193 = DIRECTION ( 'NONE',  ( -0.000000000000000000, -0.000000000000000000, -1.000000000000000000 ) ) ;
#194 = CARTESIAN_POINT ( 'NONE',  ( 0.000000000000000000, 0.000000000000000000, -44.59999999999999432 ) ) ;
#195 = VERTEX_POINT ( 'NONE', #1850 ) ;
#196 = EDGE_CURVE ( 'NONE', #184, #10, #1146, .T. ) ;
#197 = LINE ( 'NONE', #1223, #400 ) ;
#198 = ORIENTED_EDGE ( 'NONE', *, *, #787, .F. ) ;
#199 = DIRECTION ( 'NONE',  ( -1.000000000000000000, 1.183857051802332166E-16, 0.000000000000000000 ) ) ;
#200 = VERTEX_POINT ( 'NONE', #481 ) ;
#201 = FACE_OUTER_BOUND ( 'NONE', #981, .T. ) ;
#202 = DIRECTION ( 'NONE',  ( 1.000000000000000000, 0.000000000000000000, 0.000000000000000000 ) ) ;
#203 = EDGE_LOOP ( 'NONE', ( #326, #244, #1727, #1462 ) ) ;
#204 = ADVANCED_FACE ( 'NONE', ( #201 ), #935, .F. ) ;
#205 = DIRECTION ( 'NONE',  ( 0.000000000000000000, 0.000000000000000000, 1.000000000000000000 ) ) ;
#206 = VERTEX_POINT ( 'NONE', #1548 ) ;
#207 = AXIS2_PLACEMENT_3D ( 'NONE', #38, #1674, #951 ) ;
#208 = CARTESIAN_POINT ( 'NONE',  ( 0.000000000000000000, 0.000000000000000000, -3.000000000000000000 ) ) ;
#209 = ORIENTED_EDGE ( 'NONE', *, *, #240, .F. ) ;
#210 = CARTESIAN_POINT ( 'NONE',  ( 0.000000000000000000, 0.000000000000000000, 1.750000000000000000 ) ) ;
#211 = AXIS2_PLACEMENT_3D ( 'NONE', #521, #99, #1705 ) ;
#212 = AXIS2_PLACEMENT_3D ( 'NONE', #324, #1245, #1103 ) ;
#213 = VECTOR ( 'NONE', #869, 1000.000000000000000 ) ;
#214 = CARTESIAN_POINT ( 'NONE',  ( 4.050161719560834150, 5.341451858722267687, -44.76673113206391008 ) ) ;
#215 = COORDINATED_UNIVERSAL_TIME_OFFSET ( 6, 0, .BEHIND. ) ;
#216 = ORIENTED_EDGE ( 'NONE', *, *, #661, .F. ) ;
#217 = AXIS2_PLACEMENT_3D ( 'NONE', #1348, #607, #1496 ) ;
#218 = DIRECTION ( 'NONE',  ( -0.5000000000000002220, -0.8660254037844384856, 0.000000000000000000 ) ) ;
#219 = ADVANCED_FACE ( 'NONE', ( #25 ), #1528, .F. ) ;
#220 = ORIENTED_EDGE ( 'NONE', *, *, #58, .F. ) ;
#221 = FACE_OUTER_BOUND ( 'NONE', #203, .T. ) ;
#222 = EDGE_CURVE ( 'NONE', #1072, #71, #307, .T. ) ;
#223 = ORIENTED_EDGE ( 'NONE', *, *, #240, .T. ) ;
#224 = CARTESIAN_POINT ( 'NONE',  ( -2.532365494947419027, -5.844999999999997087, -45.10000000000000142 ) ) ;
#225 = DIRECTION ( 'NONE',  ( -1.000000000000000000, 0.000000000000000000, 0.000000000000000000 ) ) ;
#226 = ORIENTED_EDGE ( 'NONE', *, *, #955, .F. ) ;
#227 = CARTESIAN_POINT ( 'NONE',  ( -3.795735737646311225, -5.115592850291603710, -45.10000000000000142 ) ) ;
#228 = ORIENTED_EDGE ( 'NONE', *, *, #1018, .T. ) ;
#229 = CARTESIAN_POINT ( 'NONE',  ( 4.177938874961810711, 5.453597597648990991, -10.86999999999997968 ) ) ;
#230 = EDGE_CURVE ( 'NONE', #190, #1231, #1080, .T. ) ;
#231 = EDGE_LOOP ( 'NONE', ( #1782, #1317, #516, #1639 ) ) ;
#232 = CARTESIAN_POINT ( 'NONE',  ( 6.928203230275505220, 3.999999999999997335, -3.000000000000000000 ) ) ;
#233 = CARTESIAN_POINT ( 'NONE',  ( 0.000000000000000000, 0.000000000000000000, -45.10000000000000142 ) ) ;
#234 = CARTESIAN_POINT ( 'NONE',  ( -6.811923499062719323, 0.8914024023510053185, -44.59999999999999432 ) ) ;
#235 = VERTEX_POINT ( 'NONE', #510 ) ;
#236 = DIRECTION ( 'NONE',  ( 1.000000000000000000, 0.000000000000000000, 0.000000000000000000 ) ) ;
#237 = AXIS2_PLACEMENT_3D ( 'NONE', #94, #558, #72 ) ;
#238 = EDGE_LOOP ( 'NONE', ( #348, #1065 ) ) ;
#239 = CARTESIAN_POINT ( 'NONE',  ( 0.000000000000000000, 0.000000000000000000, -45.10000000000000142 ) ) ;
#240 = EDGE_CURVE ( 'NONE', #1142, #418, #794, .T. ) ;
#241 = AXIS2_PLACEMENT_3D ( 'NONE', #741, #1770, #426 ) ;
#242 = CARTESIAN_POINT ( 'NONE',  ( 0.000000000000000000, 0.000000000000000000, -30.02000000000000313 ) ) ;
#243 = EDGE_CURVE ( 'NONE', #21, #513, #1823, .T. ) ;
#244 = ORIENTED_EDGE ( 'NONE', *, *, #1192, .T. ) ;
#245 = AXIS2_PLACEMENT_3D ( 'NONE', #108, #256, #1025 ) ;
#246 = AXIS2_PLACEMENT_3D ( 'NONE', #1059, #896, #1491 ) ;
#247 = LINE ( 'NONE', #1768, #1326 ) ;
#248 = CYLINDRICAL_SURFACE ( 'NONE', #211, 4.500000000000000000 ) ;
#249 = EDGE_LOOP ( 'NONE', ( #1771, #916, #1647, #926 ) ) ;
#250 = LINE ( 'NONE', #855, #677 ) ;
#251 = ORIENTED_EDGE ( 'NONE', *, *, #862, .F. ) ;
#252 = CARTESIAN_POINT ( 'NONE',  ( 0.000000000000000000, 0.000000000000000000, 0.000000000000000000 ) ) ;
#253 = CARTESIAN_POINT ( 'NONE',  ( 2.532365494947420803, 5.844999999999997087, -45.10000000000000142 ) ) ;
#254 = VERTEX_POINT ( 'NONE', #186 ) ;
#255 = DIRECTION ( 'NONE',  ( 0.000000000000000000, 0.000000000000000000, -1.000000000000000000 ) ) ;
#256 = DIRECTION ( 'NONE',  ( 0.8660254037844387076, 0.5000000000000000000, 0.000000000000000000 ) ) ;
#257 = CARTESIAN_POINT ( 'NONE',  ( -6.870000000000000107, 0.000000000000000000, -10.86999999999997968 ) ) ;
#258 = ORIENTED_EDGE ( 'NONE', *, *, #1794, .F. ) ;
#259 = FACE_BOUND ( 'NONE', #1670, .T. ) ;
#260 = DIRECTION ( 'NONE',  ( -1.000000000000000000, 0.000000000000000000, 0.000000000000000000 ) ) ;
#261 = DATE_AND_TIME ( #686, #90 ) ;
#262 = CARTESIAN_POINT ( 'NONE',  ( 2.633984624100907723, -6.344999999999999751, -10.86999999999997968 ) ) ;
#263 = DIRECTION ( 'NONE',  ( -1.000000000000000000, 0.000000000000000000, 0.000000000000000000 ) ) ;
#264 = CYLINDRICAL_SURFACE ( 'NONE', #1629, 4.999999999999997335 ) ;
#265 = EDGE_CURVE ( 'NONE', #676, #701, #1696, .T. ) ;
#266 = DIRECTION ( 'NONE',  ( 0.000000000000000000, 0.000000000000000000, 1.000000000000000000 ) ) ;
#267 = ORIENTED_EDGE ( 'NONE', *, *, #897, .T. ) ;
#268 = DIRECTION ( 'NONE',  ( 1.000000000000000000, 0.000000000000000000, 0.000000000000000000 ) ) ;
#269 = DIRECTION ( 'NONE',  ( 0.000000000000000000, 0.000000000000000000, -1.000000000000000000 ) ) ;
#270 = DIRECTION ( 'NONE',  ( -0.8660254037844385966, -0.5000000000000001110, 0.000000000000000000 ) ) ;
#271 = CIRCLE ( 'NONE', #1930, 4.500000000000000000 ) ;
#272 = CIRCLE ( 'NONE', #148, 6.870000000000000107 ) ;
#273 = DIRECTION ( 'NONE',  ( 0.000000000000000000, 0.000000000000000000, -1.000000000000000000 ) ) ;
#274 = CARTESIAN_POINT ( 'NONE',  ( 2.019299999999996320, 2.472929281518246100E-16, -30.02000000000000313 ) ) ;
#275 = CIRCLE ( 'NONE', #780, 1.699999999999997513 ) ;
#276 = CC_DESIGN_PERSON_AND_ORGANIZATION_ASSIGNMENT ( #1724, #948, ( #1892 ) ) ;
#277 = AXIS2_PLACEMENT_3D ( 'NONE', #1186, #1031, #1622 ) ;
#278 = CARTESIAN_POINT ( 'NONE',  ( -4.999999999999997335, 6.123233995736763324E-16, -3.000000000000000000 ) ) ;
#279 = APPROVAL_PERSON_ORGANIZATION ( #34, #1555, #519 ) ;
#280 = ORIENTED_EDGE ( 'NONE', *, *, #850, .F. ) ;
#281 = CYLINDRICAL_SURFACE ( 'NONE', #1291, 11.00000000000000000 ) ;
#282 = EDGE_CURVE ( 'NONE', #662, #1636, #1504, .T. ) ;
#283 = FACE_BOUND ( 'NONE', #1663, .T. ) ;
#284 = CARTESIAN_POINT ( 'NONE',  ( 10.75000000000000178, 0.000000000000000000, -3.000000000000000000 ) ) ;
#285 = CARTESIAN_POINT ( 'NONE',  ( -6.928203230275510549, 4.000000000000002665, 0.000000000000000000 ) ) ;
#286 = ORIENTED_EDGE ( 'NONE', *, *, #35, .F. ) ;
#287 = DIRECTION ( 'NONE',  ( -1.000000000000000000, 0.000000000000000000, 0.000000000000000000 ) ) ;
#288 = ORIENTED_EDGE ( 'NONE', *, *, #282, .F. ) ;
#289 = FACE_OUTER_BOUND ( 'NONE', #1563, .T. ) ;
#290 = ADVANCED_FACE ( 'NONE', ( #40 ), #1841, .T. ) ;
#291 = CARTESIAN_POINT ( 'NONE',  ( 2.213688493911064814, -6.344999999999999751, -10.70885683486328155 ) ) ;
#292 = CARTESIAN_POINT ( 'NONE',  ( -7.999999999999996447, 9.797174393178821713E-16, -7.757359312880703683 ) ) ;
#293 = DIRECTION ( 'NONE',  ( -0.000000000000000000, -0.000000000000000000, -1.000000000000000000 ) ) ;
#294 = ORIENTED_EDGE ( 'NONE', *, *, #700, .T. ) ;
#295 = DIRECTION ( 'NONE',  ( -0.000000000000000000, -0.000000000000000000, -1.000000000000000000 ) ) ;
#296 = VERTEX_POINT ( 'NONE', #1554 ) ;
#297 = DIRECTION ( 'NONE',  ( -0.000000000000000000, -0.000000000000000000, -1.000000000000000000 ) ) ;
#298 = CARTESIAN_POINT ( 'NONE',  ( -3.795735737646324992, 5.115592850291622362, -45.10000000000000142 ) ) ;
#299 = ADVANCED_FACE ( 'NONE', ( #1408 ), #959, .T. ) ;
#300 = DIRECTION ( 'NONE',  ( 1.000000000000000000, 0.000000000000000000, 0.000000000000000000 ) ) ;
#301 = ADVANCED_FACE ( 'NONE', ( #857 ), #846, .T. ) ;
#302 = AXIS2_PLACEMENT_3D ( 'NONE', #1848, #1526, #488 ) ;
#303 = CARTESIAN_POINT ( 'NONE',  ( 0.000000000000000000, 0.000000000000000000, -45.10000000000000142 ) ) ;
#304 = EDGE_LOOP ( 'NONE', ( #1163, #771 ) ) ;
#305 = VECTOR ( 'NONE', #620, 1000.000000000000000 ) ;
#306 = EDGE_CURVE ( 'NONE', #701, #48, #1658, .T. ) ;
#307 = CIRCLE ( 'NONE', #747, 1.699999999999997513 ) ;
#308 = DIRECTION ( 'NONE',  ( -1.000000000000000000, 0.000000000000000000, 0.000000000000000000 ) ) ;
#309 = CIRCLE ( 'NONE', #1412, 1.699999999999998401 ) ;
#310 = ORIENTED_EDGE ( 'NONE', *, *, #1220, .F. ) ;
#311 = CARTESIAN_POINT ( 'NONE',  ( 0.000000000000000000, 0.000000000000000000, -3.000000000000000000 ) ) ;
#312 = AXIS2_PLACEMENT_3D ( 'NONE', #601, #616, #1520 ) ;
#313 = APPROVAL_PERSON_ORGANIZATION ( #1187, #542, #1005 ) ;
#314 = EDGE_LOOP ( 'NONE', ( #1324, #1278 ) ) ;
#315 = DIRECTION ( 'NONE',  ( 1.000000000000000000, 0.000000000000000000, 0.000000000000000000 ) ) ;
#316 = FACE_OUTER_BOUND ( 'NONE', #756, .T. ) ;
#317 = ORIENTED_EDGE ( 'NONE', *, *, #1756, .F. ) ;
#318 = EDGE_CURVE ( 'NONE', #1706, #1557, #779, .T. ) ;
#319 = EDGE_CURVE ( 'NONE', #435, #1454, #990, .T. ) ;
#320 = CARTESIAN_POINT ( 'NONE',  ( -6.811923499062716658, -0.8914024023510134231, -10.86999999999997968 ) ) ;
#321 = EDGE_LOOP ( 'NONE', ( #396, #78, #1655, #267 ) ) ;
#322 = CYLINDRICAL_SURFACE ( 'NONE', #302, 1.699999999999997513 ) ;
#323 = VERTEX_POINT ( 'NONE', #824 ) ;
#324 = CARTESIAN_POINT ( 'NONE',  ( -6.928203230275510549, -3.999999999999997335, -3.000000000000000000 ) ) ;
#325 = CYLINDRICAL_SURFACE ( 'NONE', #1846, 6.870000000000000107 ) ;
#326 = ORIENTED_EDGE ( 'NONE', *, *, #1364, .T. ) ;
#327 = EDGE_CURVE ( 'NONE', #934, #100, #1903, .T. ) ;
#328 = CARTESIAN_POINT ( 'NONE',  ( 6.928203230275505220, 3.999999999999997335, 0.000000000000000000 ) ) ;
#329 = ORIENTED_EDGE ( 'NONE', *, *, #230, .T. ) ;
#330 = DIRECTION ( 'NONE',  ( -0.000000000000000000, -0.000000000000000000, -1.000000000000000000 ) ) ;
#331 = VERTEX_POINT ( 'NONE', #1576 ) ;
#332 = CARTESIAN_POINT ( 'NONE',  ( 0.000000000000000000, 0.000000000000000000, -44.59999999999999432 ) ) ;
#333 = DIRECTION ( 'NONE',  ( 0.000000000000000000, 0.000000000000000000, -1.000000000000000000 ) ) ;
#334 = VERTEX_POINT ( 'NONE', #224 ) ;
#335 = DIRECTION ( 'NONE',  ( -1.000000000000000000, 0.000000000000000000, 0.000000000000000000 ) ) ;
#336 = AXIS2_PLACEMENT_3D ( 'NONE', #1921, #149, #872 ) ;
#337 = AXIS2_PLACEMENT_3D ( 'NONE', #6, #1623, #1201 ) ;
#338 = EDGE_LOOP ( 'NONE', ( #1280, #1899, #501, #27 ) ) ;
#339 = PLANE ( 'NONE',  #1839 ) ;
#340 = VECTOR ( 'NONE', #1769, 1000.000000000000000 ) ;
#341 = EDGE_CURVE ( 'NONE', #631, #597, #1627, .T. ) ;
#342 = CIRCLE ( 'NONE', #1542, 4.999999999999997335 ) ;
#343 = EDGE_LOOP ( 'NONE', ( #547, #1222, #388 ) ) ;
#344 = DIRECTION ( 'NONE',  ( -1.000000000000000000, 0.000000000000000000, 0.000000000000000000 ) ) ;
#345 = EDGE_CURVE ( 'NONE', #100, #934, #1539, .T. ) ;
#346 = CONICAL_SURFACE ( 'NONE', #217, 6.369999999999997442, 0.7853981633974439491 ) ;
#347 = DIRECTION ( 'NONE',  ( -0.000000000000000000, -0.000000000000000000, -1.000000000000000000 ) ) ;
#348 = ORIENTED_EDGE ( 'NONE', *, *, #592, .T. ) ;
#349 = LINE ( 'NONE', #1653, #305 ) ;
#350 = ORIENTED_EDGE ( 'NONE', *, *, #306, .F. ) ;
#351 = CARTESIAN_POINT ( 'NONE',  ( -11.00000000000000000, 1.347111479062088405E-15, -3.000000000000000000 ) ) ;
#352 = EDGE_LOOP ( 'NONE', ( #1792, #1907, #1037, #785 ) ) ;
#353 = CARTESIAN_POINT ( 'NONE',  ( 0.000000000000000000, 0.000000000000000000, -45.10000000000000142 ) ) ;
#354 = CARTESIAN_POINT ( 'NONE',  ( 2.633984624100908611, 6.344999999999999751, -45.10000000000000142 ) ) ;
#355 = EDGE_LOOP ( 'NONE', ( #4, #1250, #1680, #1176 ) ) ;
#356 = CARTESIAN_POINT ( 'NONE',  ( 0.000000000000000000, 0.000000000000000000, -45.10000000000000142 ) ) ;
#357 = ORIENTED_EDGE ( 'NONE', *, *, #1139, .T. ) ;
#358 = CARTESIAN_POINT ( 'NONE',  ( 4.177938874961809823, -5.453597597648991879, -10.86999999999997968 ) ) ;
#359 = ADVANCED_FACE ( 'NONE', ( #1755 ), #1585, .F. ) ;
#360 = CARTESIAN_POINT ( 'NONE',  ( -3.469446951953614189E-15, -7.999999999999998224, -3.000000000000000000 ) ) ;
#361 = APPROVAL_ROLE ( '' ) ;
#362 = ORIENTED_EDGE ( 'NONE', *, *, #1218, .T. ) ;
#363 = EDGE_CURVE ( 'NONE', #1553, #1853, #84, .T. ) ;
#364 = DIRECTION ( 'NONE',  ( 0.5000000000000002220, 0.8660254037844384856, 0.000000000000000000 ) ) ;
#365 = ORIENTED_EDGE ( 'NONE', *, *, #319, .T. ) ;
#366 = AXIS2_PLACEMENT_3D ( 'NONE', #1251, #330, #933 ) ;
#367 = CYLINDRICAL_SURFACE ( 'NONE', #556, 4.999999999999997335 ) ;
#368 = VECTOR ( 'NONE', #587, 1000.000000000000000 ) ;
#369 = ORIENTED_EDGE ( 'NONE', *, *, #533, .F. ) ;
#370 = DIRECTION ( 'NONE',  ( 0.6123724356957973569, 0.3535533905932754517, -0.7071067811865442421 ) ) ;
#371 = VECTOR ( 'NONE', #1902, 1000.000000000000000 ) ;
#372 = AXIS2_PLACEMENT_3D ( 'NONE', #663, #1274, #1722 ) ;
#373 = CARTESIAN_POINT ( 'NONE',  ( 6.811923499062717546, 0.8914024023510113137, -45.10000000000000142 ) ) ;
#374 =( NAMED_UNIT ( * ) PLANE_ANGLE_UNIT ( ) SI_UNIT ( $, .RADIAN. ) );
#375 = AXIS2_PLACEMENT_3D ( 'NONE', #303, #1212, #590 ) ;
#376 = DIRECTION ( 'NONE',  ( -1.000000000000000000, 0.000000000000000000, 0.000000000000000000 ) ) ;
#377 = ORIENTED_EDGE ( 'NONE', *, *, #763, .F. ) ;
#378 = CARTESIAN_POINT ( 'NONE',  ( 4.999999999999997335, 0.000000000000000000, -9.000000000000001776 ) ) ;
#379 = ORIENTED_EDGE ( 'NONE', *, *, #1661, .T. ) ;
#380 = DIRECTION ( 'NONE',  ( 0.000000000000000000, 0.000000000000000000, -1.000000000000000000 ) ) ;
#381 = DIRECTION ( 'NONE',  ( -1.000000000000000000, 0.000000000000000000, 0.000000000000000000 ) ) ;
#382 = ORIENTED_EDGE ( 'NONE', *, *, #1018, .F. ) ;
#383 = DIRECTION ( 'NONE',  ( -0.000000000000000000, -0.000000000000000000, 1.000000000000000000 ) ) ;
#384 = EDGE_CURVE ( 'NONE', #200, #296, #1446, .T. ) ;
#385 = VERTEX_POINT ( 'NONE', #517 ) ;
#386 = CARTESIAN_POINT ( 'NONE',  ( -6.328101232593751568, 0.7294071497083743916, -45.10000000000000142 ) ) ;
#387 = EDGE_CURVE ( 'NONE', #235, #513, #1932, .T. ) ;
#388 = ORIENTED_EDGE ( 'NONE', *, *, #1895, .T. ) ;
#389 = FACE_BOUND ( 'NONE', #1856, .T. ) ;
#390 = CARTESIAN_POINT ( 'NONE',  ( 4.177938874961810711, 5.453597597648990991, -44.59999999999999432 ) ) ;
#391 = CARTESIAN_POINT ( 'NONE',  ( -11.00000000000000000, 1.347111479062088405E-15, -0.2500000000000036637 ) ) ;
#392 = CARTESIAN_POINT ( 'NONE',  ( 4.177938874961810711, -5.453597597648992767, -45.10000000000000142 ) ) ;
#393 = FACE_OUTER_BOUND ( 'NONE', #170, .T. ) ;
#394 = CARTESIAN_POINT ( 'NONE',  ( 6.388026530547713300, 1.625613488993424172, -10.54495251898935670 ) ) ;
#395 = CIRCLE ( 'NONE', #1499, 6.870000000000000107 ) ;
#396 = ORIENTED_EDGE ( 'NONE', *, *, #132, .F. ) ;
#397 = FACE_BOUND ( 'NONE', #114, .T. ) ;
#398 = EDGE_CURVE ( 'NONE', #1535, #591, #1355, .T. ) ;
#399 = DIRECTION ( 'NONE',  ( 0.000000000000000000, 0.000000000000000000, -1.000000000000000000 ) ) ;
#400 = VECTOR ( 'NONE', #1404, 1000.000000000000000 ) ;
#401 = VECTOR ( 'NONE', #803, 999.9999999999998863 ) ;
#402 = LINE ( 'NONE', #868, #116 ) ;
#403 = AXIS2_PLACEMENT_3D ( 'NONE', #675, #534, #853 ) ;
#404 = AXIS2_PLACEMENT_3D ( 'NONE', #152, #1325, #1631 ) ;
#405 = LINE ( 'NONE', #1007, #753 ) ;
#406 = VECTOR ( 'NONE', #582, 1000.000000000000000 ) ;
#407 = CARTESIAN_POINT ( 'NONE',  ( 6.870000000000000107, 0.000000000000000000, -44.59999999999999432 ) ) ;
#408 = CC_DESIGN_SECURITY_CLASSIFICATION ( #723, ( #1572 ) ) ;
#409 = CARTESIAN_POINT ( 'NONE',  ( -6.384535632589040333, 1.631659901621875353, -10.57572335457474999 ) ) ;
#410 = ORIENTED_EDGE ( 'NONE', *, *, #33, .F. ) ;
#411 = DIRECTION ( 'NONE',  ( 1.000000000000000000, -1.183857051802332166E-16, 0.000000000000000000 ) ) ;
#412 = CYLINDRICAL_SURFACE ( 'NONE', #1689, 11.00000000000000000 ) ;
#413 = ADVANCED_FACE ( 'NONE', ( #1167 ), #1388, .T. ) ;
#414 = EDGE_LOOP ( 'NONE', ( #1311, #123, #329, #828 ) ) ;
#415 = CARTESIAN_POINT ( 'NONE',  ( -6.489648904871135215, 0.7827951011175355855, -44.93340163618093897 ) ) ;
#416 = CARTESIAN_POINT ( 'NONE',  ( 0.000000000000000000, 0.000000000000000000, -9.000000000000001776 ) ) ;
#417 = DIRECTION ( 'NONE',  ( -1.000000000000000000, 0.000000000000000000, 0.000000000000000000 ) ) ;
#418 = VERTEX_POINT ( 'NONE', #1436 ) ;
#419 = DIRECTION ( 'NONE',  ( 1.000000000000000000, 0.000000000000000000, 0.000000000000000000 ) ) ;
#420 = DIRECTION ( 'NONE',  ( -0.000000000000000000, -0.000000000000000000, -1.000000000000000000 ) ) ;
#421 = CARTESIAN_POINT ( 'NONE',  ( 5.494931187012262797, 3.172500000000000764, -45.10000000000000142 ) ) ;
#422 = FACE_OUTER_BOUND ( 'NONE', #1370, .T. ) ;
#423 = FACE_OUTER_BOUND ( 'NONE', #338, .T. ) ;
#424 = ADVANCED_FACE ( 'NONE', ( #1154, #79, #397, #681, #695, #259, #1283, #389 ), #1463, .T. ) ;
#425 = ADVANCED_FACE ( 'NONE', ( #538 ), #1872, .T. ) ;
#426 = DIRECTION ( 'NONE',  ( -1.000000000000000000, 0.000000000000000000, 0.000000000000000000 ) ) ;
#427 = ORIENTED_EDGE ( 'NONE', *, *, #265, .T. ) ;
#428 = CARTESIAN_POINT ( 'NONE',  ( 0.4495401242160730337, 6.345000000000001528, -10.34521063652907280 ) ) ;
#429 = DIRECTION ( 'NONE',  ( 1.000000000000000000, 0.000000000000000000, 0.000000000000000000 ) ) ;
#430 = DIRECTION ( 'NONE',  ( 1.224646799147353207E-16, 1.000000000000000000, -0.000000000000000000 ) ) ;
#431 = CIRCLE ( 'NONE', #1352, 1.699999999999998401 ) ;
#432 = CONICAL_SURFACE ( 'NONE', #47, 11.00000000000000000, 0.7853981633974621568 ) ;
#433 = VECTOR ( 'NONE', #1675, 1000.000000000000000 ) ;
#434 = DIRECTION ( 'NONE',  ( -1.000000000000000000, 0.000000000000000000, 0.000000000000000000 ) ) ;
#435 = VERTEX_POINT ( 'NONE', #1648 ) ;
#436 = CIRCLE ( 'NONE', #1540, 2.019299999999996320 ) ;
#437 = EDGE_CURVE ( 'NONE', #1396, #972, #1323, .T. ) ;
#438 = CARTESIAN_POINT ( 'NONE',  ( -4.177938874961801829, 5.453597597648996320, -10.86999999999997968 ) ) ;
#439 = CC_DESIGN_APPROVAL ( #542, ( #723 ) ) ;
#440 = ORIENTED_EDGE ( 'NONE', *, *, #1000, .F. ) ;
#441 = CARTESIAN_POINT ( 'NONE',  ( -6.928203230275510549, -3.999999999999997335, -3.000000000000000000 ) ) ;
#442 = CARTESIAN_POINT ( 'NONE',  ( 2.633984624100907723, -6.344999999999999751, -10.86999999999997968 ) ) ;
#443 = CARTESIAN_POINT ( 'NONE',  ( 6.384535632589041221, -1.631659901621880904, -10.57572335457474644 ) ) ;
#444 = CARTESIAN_POINT ( 'NONE',  ( 6.811923499062717546, 0.8914024023510113137, -44.59999999999999432 ) ) ;
#445 = ORIENTED_EDGE ( 'NONE', *, *, #612, .F. ) ;
#446 = CYLINDRICAL_SURFACE ( 'NONE', #996, 1.699999999999997513 ) ;
#447 = EDGE_CURVE ( 'NONE', #334, #435, #66, .T. ) ;
#448 = ORIENTED_EDGE ( 'NONE', *, *, #1470, .F. ) ;
#449 = CARTESIAN_POINT ( 'NONE',  ( 0.000000000000000000, 0.000000000000000000, -45.10000000000000142 ) ) ;
#450 = ADVANCED_FACE ( 'NONE', ( #714 ), #1030, .T. ) ;
#451 = CARTESIAN_POINT ( 'NONE',  ( -4.050161719560824380, 5.341451858722269463, -44.76673113206391719 ) ) ;
#452 = CARTESIAN_POINT ( 'NONE',  ( 5.945557131131031348, -2.391992969577597883, -10.39427934356888272 ) ) ;
#453 = EDGE_CURVE ( 'NONE', #1172, #1099, #905, .T. ) ;
#454 = FACE_OUTER_BOUND ( 'NONE', #1614, .T. ) ;
#455 = VERTEX_POINT ( 'NONE', #1621 ) ;
#456 = FACE_OUTER_BOUND ( 'NONE', #854, .T. ) ;
#457 = VERTEX_POINT ( 'NONE', #1334 ) ;
#458 = CARTESIAN_POINT ( 'NONE',  ( -5.061918485120037836, 2.922499999999998099, -45.10000000000000142 ) ) ;
#459 = DIRECTION ( 'NONE',  ( -0.000000000000000000, -0.000000000000000000, 1.000000000000000000 ) ) ;
#460 = EDGE_CURVE ( 'NONE', #111, #659, #183, .T. ) ;
#461 = AXIS2_PLACEMENT_3D ( 'NONE', #1038, #1763, #417 ) ;
#462 = CYLINDRICAL_SURFACE ( 'NONE', #500, 6.870000000000000107 ) ;
#463 = ORIENTED_EDGE ( 'NONE', *, *, #496, .T. ) ;
#464 = CIRCLE ( 'NONE', #843, 1.699999999999997513 ) ;
#465 = CIRCLE ( 'NONE', #560, 1.699999999999999289 ) ;
#466 = VECTOR ( 'NONE', #1052, 1000.000000000000000 ) ;
#467 = CARTESIAN_POINT ( 'NONE',  ( 0.000000000000000000, 6.344999999999999751, -45.10000000000000142 ) ) ;
#468 = AXIS2_PLACEMENT_3D ( 'NONE', #599, #1016, #127 ) ;
#469 = EDGE_LOOP ( 'NONE', ( #804, #1244, #1667, #1764 ) ) ;
#470 = DIRECTION ( 'NONE',  ( -0.000000000000000000, -0.000000000000000000, 1.000000000000000000 ) ) ;
#471 = AXIS2_PLACEMENT_3D ( 'NONE', #1803, #920, #169 ) ;
#472 = ORIENTED_EDGE ( 'NONE', *, *, #1739, .T. ) ;
#473 = DIRECTION ( 'NONE',  ( 0.000000000000000000, 0.000000000000000000, 1.000000000000000000 ) ) ;
#474 = ADVANCED_FACE ( 'NONE', ( #1783 ), #281, .T. ) ;
#475 = FACE_OUTER_BOUND ( 'NONE', #1878, .T. ) ;
#476 = ORIENTED_EDGE ( 'NONE', *, *, #58, .T. ) ;
#477 = CARTESIAN_POINT ( 'NONE',  ( 2.019299999999998096, 2.472929281518248073E-16, -45.10000000000000142 ) ) ;
#478 = ORIENTED_EDGE ( 'NONE', *, *, #101, .T. ) ;
#479 = DIRECTION ( 'NONE',  ( 0.000000000000000000, 0.000000000000000000, -1.000000000000000000 ) ) ;
#480 = ORIENTED_EDGE ( 'NONE', *, *, #738, .F. ) ;
#481 = CARTESIAN_POINT ( 'NONE',  ( -5.228203230275513036, -3.999999999999997335, 0.000000000000000000 ) ) ;
#482 = B_SPLINE_CURVE_WITH_KNOTS ( 'NONE', 3,
 ( #798, #177, #485, #1398, #1084, #36, #949, #320 ),
 .UNSPECIFIED., .F., .F.,
 ( 4, 2, 2, 4 ),
 ( 2.440348588037782988E-07, 0.001345008324592223510, 0.002689772614325643303, 0.005379301193792483324 ),
 .UNSPECIFIED. ) ;
#483 = DIRECTION ( 'NONE',  ( -1.000000000000000000, 0.000000000000000000, 0.000000000000000000 ) ) ;
#484 = VERTEX_POINT ( 'NONE', #877 ) ;
#485 = CARTESIAN_POINT ( 'NONE',  ( -4.605326741435487925, -4.713340098378119514, -10.57572335457474821 ) ) ;
#486 = ADVANCED_FACE ( 'NONE', ( #1475 ), #1177, .F. ) ;
#487 = ORIENTED_EDGE ( 'NONE', *, *, #1704, .F. ) ;
#488 = DIRECTION ( 'NONE',  ( -1.000000000000000000, 0.000000000000000000, 0.000000000000000000 ) ) ;
#489 = ORIENTED_EDGE ( 'NONE', *, *, #319, .F. ) ;
#490 = DIRECTION ( 'NONE',  ( 0.000000000000000000, 0.000000000000000000, -1.000000000000000000 ) ) ;
#491 = CALENDAR_DATE ( 2024, 12, 6 ) ;
#492 = ORIENTED_EDGE ( 'NONE', *, *, #572, .F. ) ;
#493 = VECTOR ( 'NONE', #199, 1000.000000000000000 ) ;
#494 = DIRECTION ( 'NONE',  ( 0.000000000000000000, 0.000000000000000000, -1.000000000000000000 ) ) ;
#495 = CONICAL_SURFACE ( 'NONE', #1867, 6.369999999999997442, 0.7853981633974439491 ) ;
#496 = EDGE_CURVE ( 'NONE', #921, #1861, #1056, .T. ) ;
#497 = ORIENTED_EDGE ( 'NONE', *, *, #1928, .T. ) ;
#498 = CARTESIAN_POINT ( 'NONE',  ( -8.628203230275508062, -3.999999999999997335, -3.000000000000000000 ) ) ;
#499 = AXIS2_PLACEMENT_3D ( 'NONE', #849, #539, #549 ) ;
#500 = AXIS2_PLACEMENT_3D ( 'NONE', #16, #7, #1064 ) ;
#501 = ORIENTED_EDGE ( 'NONE', *, *, #711, .T. ) ;
#502 = CARTESIAN_POINT ( 'NONE',  ( 5.228203230275506819, 3.999999999999997335, -3.000000000000000000 ) ) ;
#503 = CALENDAR_DATE ( 2024, 12, 6 ) ;
#504 = CARTESIAN_POINT ( 'NONE',  ( 5.228203230275508595, -4.000000000000001776, 0.000000000000000000 ) ) ;
#505 = ORIENTED_EDGE ( 'NONE', *, *, #1127, .T. ) ;
#506 = CARTESIAN_POINT ( 'NONE',  ( 6.928203230275506108, -4.000000000000001776, -3.000000000000000000 ) ) ;
#507 = EDGE_CURVE ( 'NONE', #484, #1040, #1483, .T. ) ;
#508 = ORIENTED_EDGE ( 'NONE', *, *, #1215, .F. ) ;
#509 = ADVANCED_FACE ( 'NONE', ( #289 ), #994, .T. ) ;
#510 = CARTESIAN_POINT ( 'NONE',  ( -4.500000000000000000, 0.000000000000000000, 0.000000000000000000 ) ) ;
#511 = DIRECTION ( 'NONE',  ( -0.000000000000000000, -0.000000000000000000, -1.000000000000000000 ) ) ;
#512 = ADVANCED_FACE ( 'NONE', ( #1196 ), #1935, .F. ) ;
#513 = VERTEX_POINT ( 'NONE', #1793 ) ;
#514 = CARTESIAN_POINT ( 'NONE',  ( -4.050161719560835927, -5.341451858722265023, -44.76673113206391008 ) ) ;
#515 = CARTESIAN_POINT ( 'NONE',  ( -5.228203230275513036, 4.000000000000002665, 0.000000000000000000 ) ) ;
#516 = ORIENTED_EDGE ( 'NONE', *, *, #946, .T. ) ;
#517 = CARTESIAN_POINT ( 'NONE',  ( 2.532365494947420803, 5.844999999999997087, -45.10000000000000142 ) ) ;
#518 = DIRECTION ( 'NONE',  ( 0.7071067811865426878, 0.000000000000000000, 0.7071067811865524577 ) ) ;
#519 = APPROVAL_ROLE ( '' ) ;
#520 = ADVANCED_FACE ( 'NONE', ( #605 ), #1358, .T. ) ;
#521 = CARTESIAN_POINT ( 'NONE',  ( 0.000000000000000000, 0.000000000000000000, 1.750000000000000000 ) ) ;
#522 = ORIENTED_EDGE ( 'NONE', *, *, #363, .F. ) ;
#523 = VECTOR ( 'NONE', #693, 1000.000000000000000 ) ;
#524 = LINE ( 'NONE', #1719, #1468 ) ;
#525 = AXIS2_PLACEMENT_3D ( 'NONE', #704, #1591, #973 ) ;
#526 = ORIENTED_EDGE ( 'NONE', *, *, #447, .F. ) ;
#527 = DIRECTION ( 'NONE',  ( 0.000000000000000000, 0.000000000000000000, -1.000000000000000000 ) ) ;
#528 = AXIS2_PLACEMENT_3D ( 'NONE', #977, #205, #691 ) ;
#529 = CIRCLE ( 'NONE', #277, 3.999999999999996447 ) ;
#530 = CARTESIAN_POINT ( 'NONE',  ( 0.000000000000000000, 0.000000000000000000, -10.86999999999997968 ) ) ;
#531 = DATE_AND_TIME ( #491, #1938 ) ;
#532 = VECTOR ( 'NONE', #347, 1000.000000000000000 ) ;
#533 = EDGE_CURVE ( 'NONE', #934, #1431, #638, .T. ) ;
#534 = DIRECTION ( 'NONE',  ( -0.000000000000000000, -0.000000000000000000, -1.000000000000000000 ) ) ;
#535 = EDGE_LOOP ( 'NONE', ( #1115, #969, #1286, #1435 ) ) ;
#536 = FACE_OUTER_BOUND ( 'NONE', #1595, .T. ) ;
#537 = ORIENTED_EDGE ( 'NONE', *, *, #437, .T. ) ;
#538 = FACE_OUTER_BOUND ( 'NONE', #249, .T. ) ;
#539 = DIRECTION ( 'NONE',  ( 0.8660254037844385966, -0.5000000000000003331, 0.000000000000000000 ) ) ;
#540 = ORIENTED_EDGE ( 'NONE', *, *, #988, .F. ) ;
#541 = DIRECTION ( 'NONE',  ( -0.000000000000000000, -0.000000000000000000, 1.000000000000000000 ) ) ;
#542 = APPROVAL ( #1157, 'UNSPECIFIED' ) ;
#543 = CARTESIAN_POINT ( 'NONE',  ( 11.00000000000000000, 0.000000000000000000, -3.000000000000000000 ) ) ;
#544 = EDGE_LOOP ( 'NONE', ( #932, #1474, #1590, #1718 ) ) ;
#545 = CARTESIAN_POINT ( 'NONE',  ( 5.269124403455650807, 3.563608821813760485, -10.34474035655109425 ) ) ;
#546 = EDGE_CURVE ( 'NONE', #1820, #1407, #611, .T. ) ;
#547 = ORIENTED_EDGE ( 'NONE', *, *, #1801, .F. ) ;
#548 = DIRECTION ( 'NONE',  ( 0.000000000000000000, 0.000000000000000000, -1.000000000000000000 ) ) ;
#549 = DIRECTION ( 'NONE',  ( 0.5000000000000002220, 0.8660254037844384856, 0.000000000000000000 ) ) ;
#550 = VERTEX_POINT ( 'NONE', #166 ) ;
#551 = CARTESIAN_POINT ( 'NONE',  ( -2.633984624100908611, 6.344999999999999751, -44.59999999999999432 ) ) ;
#552 = CARTESIAN_POINT ( 'NONE',  ( -4.999999999999997335, 6.123233995736763324E-16, -9.000000000000001776 ) ) ;
#553 = ORIENTED_EDGE ( 'NONE', *, *, #1875, .F. ) ;
#554 = CARTESIAN_POINT ( 'NONE',  ( 5.228203230275505931, 3.999999999999997335, -3.000000000000000000 ) ) ;
#555 = ADVANCED_FACE ( 'NONE', ( #766 ), #1373, .T. ) ;
#556 = AXIS2_PLACEMENT_3D ( 'NONE', #987, #77, #670 ) ;
#557 = VERTEX_POINT ( 'NONE', #1666 ) ;
#558 = DIRECTION ( 'NONE',  ( 0.000000000000000000, 0.000000000000000000, -1.000000000000000000 ) ) ;
#559 = CARTESIAN_POINT ( 'NONE',  ( -3.922744895961359557, 5.228803262701517518, -44.93340163618095318 ) ) ;
#560 = AXIS2_PLACEMENT_3D ( 'NONE', #1559, #1717, #1432 ) ;
#561 = SHAPE_DEFINITION_REPRESENTATION ( #1560, #890 ) ;
#562 = CIRCLE ( 'NONE', #337, 1.699999999999997513 ) ;
#563 = ORIENTED_EDGE ( 'NONE', *, *, #1715, .F. ) ;
#564 = VECTOR ( 'NONE', #1071, 999.9999999999998863 ) ;
#565 = DIRECTION ( 'NONE',  ( 0.4999999999999999445, -0.8660254037844385966, 0.000000000000000000 ) ) ;
#566 = AXIS2_PLACEMENT_3D ( 'NONE', #898, #420, #260 ) ;
#567 = DIRECTION ( 'NONE',  ( 0.000000000000000000, 0.000000000000000000, 1.000000000000000000 ) ) ;
#568 = CARTESIAN_POINT ( 'NONE',  ( -5.945557131131031348, 2.391992969577595662, -10.39427934356887917 ) ) ;
#569 = VERTEX_POINT ( 'NONE', #498 ) ;
#570 = CARTESIAN_POINT ( 'NONE',  ( 6.650913862525507980, -0.8368170092138156324, -44.76673113206391008 ) ) ;
#571 = CARTESIAN_POINT ( 'NONE',  ( -6.650913862525503539, -0.8368170092138158545, -44.76673113206391719 ) ) ;
#572 = EDGE_CURVE ( 'NONE', #1396, #1553, #1100, .T. ) ;
#573 = ORIENTED_EDGE ( 'NONE', *, *, #453, .F. ) ;
#574 = CARTESIAN_POINT ( 'NONE',  ( -6.328101232593751568, 0.7294071497083743916, -45.10000000000000142 ) ) ;
#575 = DIRECTION ( 'NONE',  ( 0.000000000000000000, 0.000000000000000000, 1.000000000000000000 ) ) ;
#576 = DIRECTION ( 'NONE',  ( -0.000000000000000000, -0.000000000000000000, -1.000000000000000000 ) ) ;
#577 = ORIENTED_EDGE ( 'NONE', *, *, #787, .T. ) ;
#578 = CARTESIAN_POINT ( 'NONE',  ( 2.211905591378723113, 6.345000000000002416, -10.71632477977151510 ) ) ;
#579 = CARTESIAN_POINT ( 'NONE',  ( -2.211905591378725777, -6.344999999999999751, -10.71632477977150799 ) ) ;
#580 = CARTESIAN_POINT ( 'NONE',  ( 0.000000000000000000, 0.000000000000000000, -0.2500000000000036637 ) ) ;
#581 = EDGE_CURVE ( 'NONE', #1853, #334, #623, .T. ) ;
#582 = DIRECTION ( 'NONE',  ( -0.000000000000000000, -0.000000000000000000, -1.000000000000000000 ) ) ;
#583 = DIRECTION ( 'NONE',  ( -1.000000000000000000, 0.000000000000000000, 0.000000000000000000 ) ) ;
#584 = VERTEX_POINT ( 'NONE', #1406 ) ;
#585 = DIRECTION ( 'NONE',  ( 1.000000000000000000, 0.000000000000000000, 0.000000000000000000 ) ) ;
#586 = FACE_BOUND ( 'NONE', #238, .T. ) ;
#587 = DIRECTION ( 'NONE',  ( -0.000000000000000000, -0.000000000000000000, -1.000000000000000000 ) ) ;
#588 = CONICAL_SURFACE ( 'NONE', #241, 3.999999999999996447, 0.7853981633974466137 ) ;
#589 = VECTOR ( 'NONE', #459, 1000.000000000000000 ) ;
#590 = DIRECTION ( 'NONE',  ( 1.000000000000000000, 0.000000000000000000, 0.000000000000000000 ) ) ;
#591 = VERTEX_POINT ( 'NONE', #1392 ) ;
#592 = EDGE_CURVE ( 'NONE', #71, #1072, #1596, .T. ) ;
#593 = AXIS2_PLACEMENT_3D ( 'NONE', #97, #273, #434 ) ;
#594 = EDGE_CURVE ( 'NONE', #1454, #1399, #144, .T. ) ;
#595 = CARTESIAN_POINT ( 'NONE',  ( -3.469446951953614189E-15, -7.999999999999998224, -3.000000000000000000 ) ) ;
#596 = AXIS2_PLACEMENT_3D ( 'NONE', #1285, #1869, #202 ) ;
#597 = VERTEX_POINT ( 'NONE', #11 ) ;
#598 = CARTESIAN_POINT ( 'NONE',  ( 1.558389408831672318, 6.344999999999997975, -10.52998182600687826 ) ) ;
#599 = CARTESIAN_POINT ( 'NONE',  ( 0.000000000000000000, 0.000000000000000000, 0.000000000000000000 ) ) ;
#600 = DIRECTION ( 'NONE',  ( -0.000000000000000000, -0.000000000000000000, -1.000000000000000000 ) ) ;
#601 = CARTESIAN_POINT ( 'NONE',  ( 0.000000000000000000, 0.000000000000000000, -45.10000000000000142 ) ) ;
#602 = ORIENTED_EDGE ( 'NONE', *, *, #1607, .T. ) ;
#603 = FACE_OUTER_BOUND ( 'NONE', #65, .T. ) ;
#604 = ORIENTED_EDGE ( 'NONE', *, *, #646, .F. ) ;
#605 = FACE_OUTER_BOUND ( 'NONE', #1845, .T. ) ;
#606 = CARTESIAN_POINT ( 'NONE',  ( -4.177938874961805382, 5.453597597648997208, -45.10000000000000142 ) ) ;
#607 = DIRECTION ( 'NONE',  ( 0.000000000000000000, 0.000000000000000000, 1.000000000000000000 ) ) ;
#608 = ORIENTED_EDGE ( 'NONE', *, *, #763, .T. ) ;
#609 = FACE_OUTER_BOUND ( 'NONE', #1424, .T. ) ;
#610 = VERTEX_POINT ( 'NONE', #927 ) ;
#611 = LINE ( 'NONE', #649, #1169 ) ;
#612 = EDGE_CURVE ( 'NONE', #1861, #1375, #395, .T. ) ;
#613 = ORIENTED_EDGE ( 'NONE', *, *, #73, .T. ) ;
#614 = PLANE ( 'NONE',  #1747 ) ;
#615 = AXIS2_PLACEMENT_3D ( 'NONE', #1481, #864, #583 ) ;
#616 = DIRECTION ( 'NONE',  ( -0.000000000000000000, -0.000000000000000000, 1.000000000000000000 ) ) ;
#617 = EDGE_LOOP ( 'NONE', ( #1828, #1119, #1313, #1272 ) ) ;
#618 = AXIS2_PLACEMENT_3D ( 'NONE', #1494, #1346, #1925 ) ;
#619 = VECTOR ( 'NONE', #1502, 1000.000000000000000 ) ;
#620 = DIRECTION ( 'NONE',  ( -0.7071067811865514585, 0.000000000000000000, -0.7071067811865435759 ) ) ;
#621 = CIRCLE ( 'NONE', #566, 1.699999999999997513 ) ;
#622 = ORIENTED_EDGE ( 'NONE', *, *, #132, .T. ) ;
#623 = LINE ( 'NONE', #784, #493 ) ;
#624 = ADVANCED_FACE ( 'NONE', ( #1829 ), #322, .F. ) ;
#625 = DIRECTION ( 'NONE',  ( -1.000000000000000000, 0.000000000000000000, 0.000000000000000000 ) ) ;
#626 = ADVANCED_FACE ( 'NONE', ( #1088 ), #339, .T. ) ;
#627 = DIRECTION ( 'NONE',  ( 1.000000000000000000, 0.000000000000000000, -0.000000000000000000 ) ) ;
#628 = ORIENTED_EDGE ( 'NONE', *, *, #1447, .T. ) ;
#629 = EDGE_CURVE ( 'NONE', #1231, #21, #1124, .T. ) ;
#630 = DIRECTION ( 'NONE',  ( -0.5000000000000002220, -0.8660254037844384856, 0.000000000000000000 ) ) ;
#631 = VERTEX_POINT ( 'NONE', #1078 ) ;
#632 = CARTESIAN_POINT ( 'NONE',  ( -10.75000000000000178, 1.316495309083405012E-15, -3.000000000000000000 ) ) ;
#633 = ORIENTED_EDGE ( 'NONE', *, *, #1238, .T. ) ;
#634 = CARTESIAN_POINT ( 'NONE',  ( 6.811923499062717546, 0.8914024023510113137, -44.59999999999999432 ) ) ;
#635 = ADVANCED_FACE ( 'NONE', ( #1262 ), #191, .T. ) ;
#636 = CARTESIAN_POINT ( 'NONE',  ( 6.811923499062717546, -0.8914024023510122019, -44.59999999999999432 ) ) ;
#637 = EDGE_LOOP ( 'NONE', ( #1737, #540 ) ) ;
#638 = LINE ( 'NONE', #632, #53 ) ;
#639 = ORIENTED_EDGE ( 'NONE', *, *, #1470, .T. ) ;
#640 = CARTESIAN_POINT ( 'NONE',  ( 4.500000000000000000, 5.510910596163088569E-16, 1.750000000000000000 ) ) ;
#641 = APPROVAL_STATUS ( 'not_yet_approved' ) ;
#642 = ORIENTED_EDGE ( 'NONE', *, *, #1776, .F. ) ;
#643 = EDGE_CURVE ( 'NONE', #10, #1087, #1654, .T. ) ;
#644 = DIRECTION ( 'NONE',  ( 0.000000000000000000, 0.000000000000000000, 1.000000000000000000 ) ) ;
#645 = CIRCLE ( 'NONE', #115, 4.999999999999997335 ) ;
#646 = EDGE_CURVE ( 'NONE', #984, #557, #1533, .T. ) ;
#647 = CIRCLE ( 'NONE', #1289, 1.699999999999997513 ) ;
#648 = ORIENTED_EDGE ( 'NONE', *, *, #1514, .F. ) ;
#649 = CARTESIAN_POINT ( 'NONE',  ( -1.700000000000001066, -7.999999999999998224, -3.000000000000000000 ) ) ;
#650 = CIRCLE ( 'NONE', #1748, 6.870000000000000107 ) ;
#651 = EDGE_CURVE ( 'NONE', #1431, #10, #180, .T. ) ;
#652 = AXIS2_PLACEMENT_3D ( 'NONE', #1824, #1487, #333 ) ;
#653 = ORIENTED_EDGE ( 'NONE', *, *, #1607, .F. ) ;
#654 = CARTESIAN_POINT ( 'NONE',  ( -10.74999999999998934, 0.000000000000000000, 0.000000000000000000 ) ) ;
#655 = LOCAL_TIME ( 8, 38, 47.00000000000000000, #1844 ) ;
#656 = PERSON_AND_ORGANIZATION ( #1720, #1785 ) ;
#657 = ORIENTED_EDGE ( 'NONE', *, *, #1338, .T. ) ;
#658 = DIRECTION ( 'NONE',  ( -0.000000000000000000, -0.000000000000000000, -1.000000000000000000 ) ) ;
#659 = VERTEX_POINT ( 'NONE', #1109 ) ;
#660 = FACE_OUTER_BOUND ( 'NONE', #1531, .T. ) ;
#661 = EDGE_CURVE ( 'NONE', #184, #791, #908, .T. ) ;
#662 = VERTEX_POINT ( 'NONE', #515 ) ;
#663 = CARTESIAN_POINT ( 'NONE',  ( 0.000000000000000000, 0.000000000000000000, -45.10000000000000142 ) ) ;
#664 = ADVANCED_FACE ( 'NONE', ( #660 ), #1744, .T. ) ;
#665 = DIRECTION ( 'NONE',  ( 0.000000000000000000, 0.000000000000000000, -1.000000000000000000 ) ) ;
#666 = PERSON_AND_ORGANIZATION ( #1720, #1785 ) ;
#667 = ORIENTED_EDGE ( 'NONE', *, *, #1679, .T. ) ;
#668 = B_SPLINE_CURVE_WITH_KNOTS ( 'NONE', 3,
 ( #702, #1894, #409, #568, #1905, #1321, #109, #438 ),
 .UNSPECIFIED., .F., .F.,
 ( 4, 2, 2, 4 ),
 ( 2.440348588015328144E-07, 0.001345008324592227196, 0.002689772614325651977, 0.005379301193792501538 ),
 .UNSPECIFIED. ) ;
#669 = CARTESIAN_POINT ( 'NONE',  ( -3.922744895961373324, -5.228803262701520183, -44.93340163618093897 ) ) ;
#670 = DIRECTION ( 'NONE',  ( 1.000000000000000000, 0.000000000000000000, 0.000000000000000000 ) ) ;
#671 = ORIENTED_EDGE ( 'NONE', *, *, #612, .T. ) ;
#672 = CARTESIAN_POINT ( 'NONE',  ( 0.000000000000000000, 0.000000000000000000, 1.750000000000000000 ) ) ;
#673 = EDGE_CURVE ( 'NONE', #334, #195, #1194, .T. ) ;
#674 = DIRECTION ( 'NONE',  ( -1.000000000000000000, 0.000000000000000000, 0.000000000000000000 ) ) ;
#675 = CARTESIAN_POINT ( 'NONE',  ( -6.928203230275510549, -3.999999999999997335, -3.000000000000000000 ) ) ;
#676 = VERTEX_POINT ( 'NONE', #386 ) ;
#677 = VECTOR ( 'NONE', #1453, 1000.000000000000000 ) ;
#678 = DIRECTION ( 'NONE',  ( -1.000000000000000000, 0.000000000000000000, 0.000000000000000000 ) ) ;
#679 = AXIS2_PLACEMENT_3D ( 'NONE', #1741, #380, #1857 ) ;
#680 = ORIENTED_EDGE ( 'NONE', *, *, #594, .F. ) ;
#681 = FACE_BOUND ( 'NONE', #1516, .T. ) ;
#682 = VECTOR ( 'NONE', #518, 1000.000000000000000 ) ;
#683 = AXIS2_PLACEMENT_3D ( 'NONE', #441, #297, #743 ) ;
#684 = CIRCLE ( 'NONE', #1570, 6.870000000000000107 ) ;
#685 = CARTESIAN_POINT ( 'NONE',  ( -2.600752142964676938, 6.178268867936081321, -44.76673113206391008 ) ) ;
#686 = CALENDAR_DATE ( 2024, 12, 6 ) ;
#687 = ORIENTED_EDGE ( 'NONE', *, *, #629, .F. ) ;
#688 = CIRCLE ( 'NONE', #1906, 3.999999999999996447 ) ;
#689 = ADVANCED_FACE ( 'NONE', ( #221 ), #367, .T. ) ;
#690 = CYLINDRICAL_SURFACE ( 'NONE', #120, 1.699999999999997513 ) ;
#691 = DIRECTION ( 'NONE',  ( -1.000000000000000000, 1.065814103640150279E-14, 0.000000000000000000 ) ) ;
#692 = EDGE_CURVE ( 'NONE', #726, #1226, #1383, .T. ) ;
#693 = DIRECTION ( 'NONE',  ( -0.000000000000000000, -0.000000000000000000, -1.000000000000000000 ) ) ;
#694 = ORIENTED_EDGE ( 'NONE', *, *, #1758, .F. ) ;
#695 = FACE_BOUND ( 'NONE', #1452, .T. ) ;
#696 = DIRECTION ( 'NONE',  ( 0.000000000000000000, 0.000000000000000000, 1.000000000000000000 ) ) ;
#697 = VERTEX_POINT ( 'NONE', #957 ) ;
#698 = CARTESIAN_POINT ( 'NONE',  ( 6.811923499062716658, -0.8914024023510110917, -44.59999999999999432 ) ) ;
#699 = LINE ( 'NONE', #552, #880 ) ;
#700 = EDGE_CURVE ( 'NONE', #1553, #1399, #1158, .T. ) ;
#701 = VERTEX_POINT ( 'NONE', #822 ) ;
#702 = CARTESIAN_POINT ( 'NONE',  ( -6.811923499062719323, 0.8914024023510053185, -10.86999999999997613 ) ) ;
#703 = EDGE_LOOP ( 'NONE', ( #1789, #767, #553, #1213 ) ) ;
#704 = CARTESIAN_POINT ( 'NONE',  ( 0.000000000000000000, 0.000000000000000000, -3.000000000000000000 ) ) ;
#705 = DIRECTION ( 'NONE',  ( 0.000000000000000000, 0.000000000000000000, -1.000000000000000000 ) ) ;
#706 = COORDINATED_UNIVERSAL_TIME_OFFSET ( 6, 0, .BEHIND. ) ;
#707 = ORIENTED_EDGE ( 'NONE', *, *, #398, .F. ) ;
#708 = CARTESIAN_POINT ( 'NONE',  ( 2.633984624100907723, -6.344999999999999751, -44.59999999999999432 ) ) ;
#709 = FACE_OUTER_BOUND ( 'NONE', #703, .T. ) ;
#710 = CARTESIAN_POINT ( 'NONE',  ( 0.000000000000000000, 0.000000000000000000, -45.10000000000000142 ) ) ;
#711 = EDGE_CURVE ( 'NONE', #91, #1700, #1293, .T. ) ;
#712 = VECTOR ( 'NONE', #1552, 1000.000000000000000 ) ;
#713 = ORIENTED_EDGE ( 'NONE', *, *, #1277, .F. ) ;
#714 = FACE_OUTER_BOUND ( 'NONE', #1269, .T. ) ;
#715 = EDGE_CURVE ( 'NONE', #323, #1020, #1287, .T. ) ;
#716 = CIRCLE ( 'NONE', #1626, 2.019299999999998096 ) ;
#717 = CARTESIAN_POINT ( 'NONE',  ( -2.633984624100909500, -6.344999999999999751, -10.86999999999997968 ) ) ;
#718 = AXIS2_PLACEMENT_3D ( 'NONE', #76, #1116, #364 ) ;
#719 = AXIS2_PLACEMENT_3D ( 'NONE', #332, #1815, #1564 ) ;
#720 = ORIENTED_EDGE ( 'NONE', *, *, #1594, .T. ) ;
#721 = CIRCLE ( 'NONE', #1904, 1.699999999999997513 ) ;
#722 = CARTESIAN_POINT ( 'NONE',  ( -6.811923499062719323, 0.8914024023510053185, -44.59999999999999432 ) ) ;
#723 = SECURITY_CLASSIFICATION ( '', '', #64 ) ;
#724 = CARTESIAN_POINT ( 'NONE',  ( 0.000000000000000000, 0.000000000000000000, -45.10000000000000142 ) ) ;
#725 = DIRECTION ( 'NONE',  ( 1.000000000000000000, 0.000000000000000000, 0.000000000000000000 ) ) ;
#726 = VERTEX_POINT ( 'NONE', #554 ) ;
#727 = CARTESIAN_POINT ( 'NONE',  ( -0.2202956968775509894, 6.344999999999998863, -10.34489573347923574 ) ) ;
#728 = CARTESIAN_POINT ( 'NONE',  ( 3.795735737646329433, -5.115592850291617921, -45.10000000000000142 ) ) ;
#729 = DIRECTION ( 'NONE',  ( -1.000000000000000000, 0.000000000000000000, 0.000000000000000000 ) ) ;
#730 = DIRECTION ( 'NONE',  ( 0.000000000000000000, 0.000000000000000000, -1.000000000000000000 ) ) ;
#731 = LINE ( 'NONE', #274, #1441 ) ;
#732 = FACE_OUTER_BOUND ( 'NONE', #93, .T. ) ;
#733 = VERTEX_POINT ( 'NONE', #1164 ) ;
#734 = CARTESIAN_POINT ( 'NONE',  ( 0.000000000000000000, 0.000000000000000000, -45.10000000000000142 ) ) ;
#735 = CARTESIAN_POINT ( 'NONE',  ( -6.811923499062717546, -0.8914024023510135342, -44.59999999999999432 ) ) ;
#736 = ADVANCED_FACE ( 'NONE', ( #536 ), #964, .F. ) ;
#737 = LINE ( 'NONE', #768, #368 ) ;
#738 = EDGE_CURVE ( 'NONE', #1700, #895, #645, .T. ) ;
#739 = CYLINDRICAL_SURFACE ( 'NONE', #312, 6.870000000000000107 ) ;
#740 = ORIENTED_EDGE ( 'NONE', *, *, #363, .T. ) ;
#741 = CARTESIAN_POINT ( 'NONE',  ( 0.000000000000000000, 0.000000000000000000, 1.750000000000000000 ) ) ;
#742 = EDGE_LOOP ( 'NONE', ( #1252, #1584 ) ) ;
#743 = DIRECTION ( 'NONE',  ( -1.000000000000000000, 0.000000000000000000, 0.000000000000000000 ) ) ;
#744 = CARTESIAN_POINT ( 'NONE',  ( 0.000000000000000000, 0.000000000000000000, -45.10000000000000142 ) ) ;
#745 = FACE_OUTER_BOUND ( 'NONE', #1378, .T. ) ;
#746 = CC_DESIGN_PERSON_AND_ORGANIZATION_ASSIGNMENT ( #1567, #817, ( #1572 ) ) ;
#747 = AXIS2_PLACEMENT_3D ( 'NONE', #1386, #490, #625 ) ;
#748 = PLANE ( 'NONE',  #1098 ) ;
#749 = ORIENTED_EDGE ( 'NONE', *, *, #496, .F. ) ;
#750 = CIRCLE ( 'NONE', #1032, 6.369999999999997442 ) ;
#751 = AXIS2_PLACEMENT_3D ( 'NONE', #458, #1354, #1908 ) ;
#752 = EDGE_CURVE ( 'NONE', #1708, #569, #69, .T. ) ;
#753 = VECTOR ( 'NONE', #1608, 1000.000000000000000 ) ;
#754 = EDGE_CURVE ( 'NONE', #1072, #659, #1728, .T. ) ;
#755 = DIRECTION ( 'NONE',  ( -0.000000000000000000, -0.000000000000000000, -1.000000000000000000 ) ) ;
#756 = EDGE_LOOP ( 'NONE', ( #85, #1549, #1665, #713 ) ) ;
#757 = CARTESIAN_POINT ( 'NONE',  ( -0.8925474742453415322, 6.344999999999997975, -10.40358743801176011 ) ) ;
#758 = CARTESIAN_POINT ( 'NONE',  ( 1.118465495612050997, -6.344999999999998863, -10.43917043250884724 ) ) ;
#760 = DIRECTION ( 'NONE',  ( 0.000000000000000000, 0.000000000000000000, -1.000000000000000000 ) ) ;
#759 = B_SPLINE_CURVE_WITH_KNOTS ( 'NONE', 3,
 ( #390, #214, #1113, #1888 ),
 .UNSPECIFIED., .F., .F.,
 ( 4, 4 ),
 ( 0.000000000000000000, 0.0007143713651945671813 ),
 .UNSPECIFIED. ) ;
#761 = DIRECTION ( 'NONE',  ( -0.4999999999999999445, 0.8660254037844385966, 0.000000000000000000 ) ) ;
#762 = ORIENTED_EDGE ( 'NONE', *, *, #1112, .T. ) ;
#763 = EDGE_CURVE ( 'NONE', #584, #1375, #524, .T. ) ;
#764 = CARTESIAN_POINT ( 'NONE',  ( -6.928203230275510549, -3.999999999999997335, -3.000000000000000000 ) ) ;
#765 = ORIENTED_EDGE ( 'NONE', *, *, #447, .T. ) ;
#766 = FACE_OUTER_BOUND ( 'NONE', #1385, .T. ) ;
#767 = ORIENTED_EDGE ( 'NONE', *, *, #1338, .F. ) ;
#768 = CARTESIAN_POINT ( 'NONE',  ( 1.699999999999993960, -7.999999999999998224, -3.000000000000000000 ) ) ;
#769 = B_SPLINE_CURVE_WITH_KNOTS ( 'NONE', 3,
 ( #227, #669, #514, #838 ),
 .UNSPECIFIED., .F., .F.,
 ( 4, 4 ),
 ( 0.000000000000000000, 0.0007143713651945474488 ),
 .UNSPECIFIED. ) ;
#770 = CARTESIAN_POINT ( 'NONE',  ( 6.928203230275505220, 3.999999999999997335, 0.000000000000000000 ) ) ;
#771 = ORIENTED_EDGE ( 'NONE', *, *, #282, .T. ) ;
#772 = DIRECTION ( 'NONE',  ( -1.000000000000000000, 0.000000000000000000, 0.000000000000000000 ) ) ;
#773 = ORIENTED_EDGE ( 'NONE', *, *, #752, .T. ) ;
#774 = CARTESIAN_POINT ( 'NONE',  ( 0.000000000000000000, 0.000000000000000000, -44.59999999999999432 ) ) ;
#775 = EDGE_LOOP ( 'NONE', ( #1108, #1070 ) ) ;
#776 = DIRECTION ( 'NONE',  ( -0.000000000000000000, -0.000000000000000000, -1.000000000000000000 ) ) ;
#777 = CONICAL_SURFACE ( 'NONE', #336, 6.875000000000000000, 0.7853981633974538301 ) ;
#778 = CARTESIAN_POINT ( 'NONE',  ( -2.019299999999996320, 0.000000000000000000, -30.02000000000000313 ) ) ;
#779 = CIRCLE ( 'NONE', #1779, 6.870000000000000107 ) ;
#780 = AXIS2_PLACEMENT_3D ( 'NONE', #1625, #1609, #863 ) ;
#781 = DIRECTION ( 'NONE',  ( -0.000000000000000000, -0.000000000000000000, -1.000000000000000000 ) ) ;
#782 = AXIS2_PLACEMENT_3D ( 'NONE', #1920, #255, #1624 ) ;
#783 = EDGE_LOOP ( 'NONE', ( #765, #1582, #1759, #1863 ) ) ;
#784 = CARTESIAN_POINT ( 'NONE',  ( -2.633984624100909500, -5.844999999999997087, -45.10000000000000142 ) ) ;
#785 = ORIENTED_EDGE ( 'NONE', *, *, #1101, .F. ) ;
#786 = DIRECTION ( 'NONE',  ( -1.000000000000000000, 0.000000000000000000, 0.000000000000000000 ) ) ;
#787 = EDGE_CURVE ( 'NONE', #1375, #331, #1505, .T. ) ;
#788 = LINE ( 'NONE', #1687, #532 ) ;
#789 = ORIENTED_EDGE ( 'NONE', *, *, #963, .F. ) ;
#790 = CARTESIAN_POINT ( 'NONE',  ( -2.633984624100908611, 6.344999999999999751, -10.86999999999997968 ) ) ;
#791 = VERTEX_POINT ( 'NONE', #1602 ) ;
#792 = CARTESIAN_POINT ( 'NONE',  ( -5.061918485120041389, -2.922499999999998543, -45.10000000000000142 ) ) ;
#793 = ORIENTED_EDGE ( 'NONE', *, *, #181, .F. ) ;
#794 = LINE ( 'NONE', #1090, #1471 ) ;
#795 = EDGE_CURVE ( 'NONE', #1457, #21, #250, .T. ) ;
#796 = DIRECTION ( 'NONE',  ( -1.000000000000000000, -1.421085471520200372E-14, 0.000000000000000000 ) ) ;
#797 = EDGE_CURVE ( 'NONE', #418, #1184, #668, .T. ) ;
#798 = CARTESIAN_POINT ( 'NONE',  ( -4.177938874961810711, -5.453597597648989215, -10.86999999999997968 ) ) ;
#799 = ADVANCED_FACE ( 'NONE', ( #1341, #1498 ), #1193, .T. ) ;
#800 = ORIENTED_EDGE ( 'NONE', *, *, #35, .T. ) ;
#801 = DIRECTION ( 'NONE',  ( 1.000000000000000000, 0.000000000000000000, 0.000000000000000000 ) ) ;
#802 = ORIENTED_EDGE ( 'NONE', *, *, #581, .F. ) ;
#803 = DIRECTION ( 'NONE',  ( 0.5000000000000002220, 0.8660254037844385966, 0.000000000000000000 ) ) ;
#804 = ORIENTED_EDGE ( 'NONE', *, *, #1152, .F. ) ;
#805 = CARTESIAN_POINT ( 'NONE',  ( 6.328101232593750680, 0.7294071497083812750, -45.10000000000000142 ) ) ;
#806 = ADVANCED_FACE ( 'NONE', ( #732 ), #777, .T. ) ;
#807 = CIRCLE ( 'NONE', #528, 6.870000000000000107 ) ;
#808 = EDGE_CURVE ( 'NONE', #557, #984, #1900, .T. ) ;
#809 = AXIS2_PLACEMENT_3D ( 'NONE', #210, #50, #1455 ) ;
#810 = EDGE_LOOP ( 'NONE', ( #310, #1433, #1721 ) ) ;
#811 = DIRECTION ( 'NONE',  ( -1.000000000000000000, 0.000000000000000000, 0.000000000000000000 ) ) ;
#812 = AXIS2_PLACEMENT_3D ( 'NONE', #1309, #730, #263 ) ;
#813 = VECTOR ( 'NONE', #157, 1000.000000000000000 ) ;
#814 = EDGE_LOOP ( 'NONE', ( #1282, #1886 ) ) ;
#815 = DIRECTION ( 'NONE',  ( 0.5000000000000001110, -0.8660254037844385966, 0.000000000000000000 ) ) ;
#816 = CARTESIAN_POINT ( 'NONE',  ( 2.566904008909787205, 6.011598363819044444, -44.93340163618095318 ) ) ;
#817 = PERSON_AND_ORGANIZATION_ROLE ( 'design_supplier' ) ;
#818 = VERTEX_POINT ( 'NONE', #1646 ) ;
#819 = CARTESIAN_POINT ( 'NONE',  ( -6.811923499062716658, 0.8914024023510042083, -44.59999999999999432 ) ) ;
#820 = EDGE_CURVE ( 'NONE', #158, #584, #1183, .T. ) ;
#821 = ORIENTED_EDGE ( 'NONE', *, *, #196, .T. ) ;
#822 = CARTESIAN_POINT ( 'NONE',  ( -3.795735737646324992, 5.115592850291622362, -45.10000000000000142 ) ) ;
#823 = ORIENTED_EDGE ( 'NONE', *, *, #1693, .F. ) ;
#824 = CARTESIAN_POINT ( 'NONE',  ( -2.019299999999998096, 0.000000000000000000, -45.10000000000000142 ) ) ;
#825 = CARTESIAN_POINT ( 'NONE',  ( 0.000000000000000000, 0.000000000000000000, 1.249999999999995337 ) ) ;
#826 = PERSON_AND_ORGANIZATION ( #1720, #1785 ) ;
#827 = DIRECTION ( 'NONE',  ( -1.000000000000000000, 0.000000000000000000, 0.000000000000000000 ) ) ;
#828 = ORIENTED_EDGE ( 'NONE', *, *, #1397, .F. ) ;
#829 = CARTESIAN_POINT ( 'NONE',  ( 4.605326741435486149, 4.713340098378120402, -10.57572335457474821 ) ) ;
#830 = CC_DESIGN_DATE_AND_TIME_ASSIGNMENT ( #261, #1013, ( #723 ) ) ;
#831 = ORIENTED_EDGE ( 'NONE', *, *, #1112, .F. ) ;
#832 = CARTESIAN_POINT ( 'NONE',  ( 2.633984624100907723, -6.344999999999999751, -44.59999999999999432 ) ) ;
#833 = ADVANCED_FACE ( 'NONE', ( #1637 ), #1472, .F. ) ;
#834 = B_SPLINE_CURVE_WITH_KNOTS ( 'NONE', 3,
 ( #444, #1669, #26, #1662 ),
 .UNSPECIFIED., .F., .F.,
 ( 4, 4 ),
 ( 0.000000000000000000, 0.0007143713651945485330 ),
 .UNSPECIFIED. ) ;
#835 = DIRECTION ( 'NONE',  ( 0.000000000000000000, 0.000000000000000000, -1.000000000000000000 ) ) ;
#836 = ADVANCED_FACE ( 'NONE', ( #1019 ), #840, .F. ) ;
#837 = ORIENTED_EDGE ( 'NONE', *, *, #1895, .F. ) ;
#838 = CARTESIAN_POINT ( 'NONE',  ( -4.177938874961814264, -5.453597597648990103, -44.59999999999999432 ) ) ;
#839 = ORIENTED_EDGE ( 'NONE', *, *, #661, .T. ) ;
#840 = CONICAL_SURFACE ( 'NONE', #615, 2.019299999999996320, 1.029744258676653423 ) ;
#841 = CLOSED_SHELL ( 'NONE', ( #1085, #1884, #736, #555, #520, #833, #512, #664, #1641, #204, #1067, #219, #359, #900, #1493, #1042, #886, #689, #1206, #1760, #413, #299, #474, #1558, #1061, #873, #624, #1083, #486, #424, #1249, #806, #836, #909, #799, #450, #635, #301, #1104, #626, #1858, #425, #1171, #871, #1006, #1835, #509, #1833, #1791, #1777, #290, #1155, #1910, #944, #1522, #143, #1417, #923, #1322, #122, #43, #12 ) ) ;
#842 = DIRECTION ( 'NONE',  ( -1.000000000000000000, 0.000000000000000000, 0.000000000000000000 ) ) ;
#843 = AXIS2_PLACEMENT_3D ( 'NONE', #764, #1515, #1247 ) ;
#844 = VECTOR ( 'NONE', #1134, 1000.000000000000000 ) ;
#845 = VERTEX_POINT ( 'NONE', #257 ) ;
#846 = PLANE ( 'NONE',  #20 ) ;
#847 = VECTOR ( 'NONE', #218, 1000.000000000000000 ) ;
#848 = AXIS2_PLACEMENT_3D ( 'NONE', #1081, #1054, #627 ) ;
#849 = CARTESIAN_POINT ( 'NONE',  ( -5.494931187012259244, 3.172499999999999876, -45.10000000000000142 ) ) ;
#850 = EDGE_CURVE ( 'NONE', #1708, #200, #1565, .T. ) ;
#851 = EDGE_LOOP ( 'NONE', ( #130, #1814, #1694, #1527 ) ) ;
#852 = DIRECTION ( 'NONE',  ( -0.000000000000000000, -0.000000000000000000, -1.000000000000000000 ) ) ;
#853 = DIRECTION ( 'NONE',  ( -1.000000000000000000, 0.000000000000000000, 0.000000000000000000 ) ) ;
#854 = EDGE_LOOP ( 'NONE', ( #472, #489, #526, #802 ) ) ;
#855 = CARTESIAN_POINT ( 'NONE',  ( 3.999999999999996447, 4.898587196589408884E-16, 1.750000000000000000 ) ) ;
#856 = ORIENTED_EDGE ( 'NONE', *, *, #341, .T. ) ;
#857 = FACE_OUTER_BOUND ( 'NONE', #1208, .T. ) ;
#858 = DIRECTION ( 'NONE',  ( 1.000000000000000000, 0.000000000000000000, 0.000000000000000000 ) ) ;
#859 = ORIENTED_EDGE ( 'NONE', *, *, #96, .T. ) ;
#860 = CC_DESIGN_DATE_AND_TIME_ASSIGNMENT ( #1703, #41, ( #1892 ) ) ;
#861 = CARTESIAN_POINT ( 'NONE',  ( 2.532365494947419027, -5.844999999999972218, -45.10000000000000142 ) ) ;
#862 = EDGE_CURVE ( 'NONE', #1153, #91, #1710, .T. ) ;
#863 = DIRECTION ( 'NONE',  ( -1.000000000000000000, 0.000000000000000000, 0.000000000000000000 ) ) ;
#864 = DIRECTION ( 'NONE',  ( -0.000000000000000000, -0.000000000000000000, -1.000000000000000000 ) ) ;
#865 = ORIENTED_EDGE ( 'NONE', *, *, #1248, .T. ) ;
#866 = DIRECTION ( 'NONE',  ( -1.000000000000000000, 0.000000000000000000, 0.000000000000000000 ) ) ;
#867 = FACE_OUTER_BOUND ( 'NONE', #1849, .T. ) ;
#868 = CARTESIAN_POINT ( 'NONE',  ( -2.633984624100908611, 6.344999999999999751, -45.10000000000000142 ) ) ;
#869 = DIRECTION ( 'NONE',  ( 0.7071067811865514585, 8.659560562354980929E-17, -0.7071067811865435759 ) ) ;
#870 = LINE ( 'NONE', #1310, #340 ) ;
#871 = ADVANCED_FACE ( 'NONE', ( #1489 ), #495, .T. ) ;
#872 = DIRECTION ( 'NONE',  ( -1.000000000000000000, 0.000000000000000000, 0.000000000000000000 ) ) ;
#873 = ADVANCED_FACE ( 'NONE', ( #1332 ), #1914, .F. ) ;
#874 = AXIS2_PLACEMENT_3D ( 'NONE', #1618, #266, #894 ) ;
#875 = AXIS2_PLACEMENT_3D ( 'NONE', #126, #1519, #315 ) ;
#876 = ORIENTED_EDGE ( 'NONE', *, *, #1739, .F. ) ;
#877 = CARTESIAN_POINT ( 'NONE',  ( 3.795735737646309893, 5.115592850291604599, -45.10000000000000142 ) ) ;
#878 = AXIS2_PLACEMENT_3D ( 'NONE', #1394, #1111, #32 ) ;
#879 = CARTESIAN_POINT ( 'NONE',  ( 0.000000000000000000, 0.000000000000000000, -45.10000000000000142 ) ) ;
#880 = VECTOR ( 'NONE', #1891, 1000.000000000000000 ) ;
#881 = DIRECTION ( 'NONE',  ( -1.000000000000000000, 0.000000000000000000, 0.000000000000000000 ) ) ;
#882 = AXIS2_PLACEMENT_3D ( 'NONE', #974, #696, #225 ) ;
#883 = CARTESIAN_POINT ( 'NONE',  ( 2.566904008909787649, -6.011598363819054214, -44.93340163618093897 ) ) ;
#884 = CARTESIAN_POINT ( 'NONE',  ( 8.628203230275504509, 3.999999999999997335, -3.000000000000000000 ) ) ;
#885 = DIRECTION ( 'NONE',  ( -0.000000000000000000, -0.000000000000000000, -1.000000000000000000 ) ) ;
#886 = ADVANCED_FACE ( 'NONE', ( #603 ), #588, .T. ) ;
#887 = EDGE_LOOP ( 'NONE', ( #294, #680, #876, #522 ) ) ;
#888 = CARTESIAN_POINT ( 'NONE',  ( 2.633984624100908611, 6.344999999999999751, -10.86999999999997968 ) ) ;
#889 = CARTESIAN_POINT ( 'NONE',  ( -0.4495401242160760868, -6.344999999999999751, -10.34521063652907280 ) ) ;
#890 = ADVANCED_BREP_SHAPE_REPRESENTATION ( 'REV-41-1620', ( #952, #596 ), #154 ) ;
#891 = LINE ( 'NONE', #606, #1165 ) ;
#892 = LINE ( 'NONE', #698, #940 ) ;
#893 = VERTEX_POINT ( 'NONE', #1027 ) ;
#894 = DIRECTION ( 'NONE',  ( 1.000000000000000000, 0.000000000000000000, 0.000000000000000000 ) ) ;
#895 = VERTEX_POINT ( 'NONE', #278 ) ;
#896 = DIRECTION ( 'NONE',  ( -0.000000000000000000, -0.000000000000000000, -1.000000000000000000 ) ) ;
#897 = EDGE_CURVE ( 'NONE', #1407, #457, #431, .T. ) ;
#898 = CARTESIAN_POINT ( 'NONE',  ( -6.928203230275510549, 4.000000000000002665, -3.000000000000000000 ) ) ;
#899 = DIRECTION ( 'NONE',  ( -1.000000000000000000, 0.000000000000000000, 0.000000000000000000 ) ) ;
#900 = ADVANCED_FACE ( 'NONE', ( #1207 ), #446, .F. ) ;
#901 = CARTESIAN_POINT ( 'NONE',  ( -1.700000000000001066, -7.999999999999998224, 0.000000000000000000 ) ) ;
#902 = ORIENTED_EDGE ( 'NONE', *, *, #1758, .T. ) ;
#903 = DIRECTION ( 'NONE',  ( -1.000000000000000000, 0.000000000000000000, 0.000000000000000000 ) ) ;
#904 = ORIENTED_EDGE ( 'NONE', *, *, #341, .F. ) ;
#905 = LINE ( 'NONE', #1937, #619 ) ;
#906 = CARTESIAN_POINT ( 'NONE',  ( 2.633984624100907723, -6.344999999999999751, -44.59999999999999432 ) ) ;
#907 = CARTESIAN_POINT ( 'NONE',  ( 4.999999999999997335, 0.000000000000000000, -7.757359312880703683 ) ) ;
#908 = CIRCLE ( 'NONE', #1500, 10.74999999999998934 ) ;
#909 = ADVANCED_FACE ( 'NONE', ( #3 ), #1214, .F. ) ;
#910 = CIRCLE ( 'NONE', #1503, 1.699999999999998401 ) ;
#911 = AXIS2_PLACEMENT_3D ( 'NONE', #1660, #760, #881 ) ;
#912 = DIRECTION ( 'NONE',  ( 1.183857051802332166E-16, 1.000000000000000000, 0.000000000000000000 ) ) ;
#913 = EDGE_LOOP ( 'NONE', ( #379, #1420, #1426, #39 ) ) ;
#914 = CIRCLE ( 'NONE', #1600, 6.369999999999997442 ) ;
#915 = PLANE ( 'NONE',  #1357 ) ;
#916 = ORIENTED_EDGE ( 'NONE', *, *, #1594, .F. ) ;
#917 = CARTESIAN_POINT ( 'NONE',  ( 2.424451929608077538, 6.344999999999999751, -10.78966435290528736 ) ) ;
#918 = ORIENTED_EDGE ( 'NONE', *, *, #1538, .F. ) ;
#919 = DIRECTION ( 'NONE',  ( -0.000000000000000000, -0.000000000000000000, 1.000000000000000000 ) ) ;
#920 = DIRECTION ( 'NONE',  ( -0.000000000000000000, -0.000000000000000000, -1.000000000000000000 ) ) ;
#921 = VERTEX_POINT ( 'NONE', #790 ) ;
#922 = APPROVAL ( #641, 'UNSPECIFIED' ) ;
#923 = ADVANCED_FACE ( 'NONE', ( #1241 ), #924, .F. ) ;
#924 = PLANE ( 'NONE',  #1257 ) ;
#925 = EDGE_CURVE ( 'NONE', #206, #733, #910, .T. ) ;
#926 = ORIENTED_EDGE ( 'NONE', *, *, #1931, .F. ) ;
#927 = CARTESIAN_POINT ( 'NONE',  ( -5.878679656440366941, 0.000000000000000000, -9.878679656440358059 ) ) ;
#928 = ORIENTED_EDGE ( 'NONE', *, *, #692, .F. ) ;
#929 = CARTESIAN_POINT ( 'NONE',  ( -3.469446951953614189E-15, -7.999999999999998224, 0.000000000000000000 ) ) ;
#930 = FACE_OUTER_BOUND ( 'NONE', #1691, .T. ) ;
#931 = DIRECTION ( 'NONE',  ( -0.8660254037844385966, 0.5000000000000003331, 0.000000000000000000 ) ) ;
#932 = ORIENTED_EDGE ( 'NONE', *, *, #629, .T. ) ;
#933 = DIRECTION ( 'NONE',  ( -1.000000000000000000, 0.000000000000000000, 0.000000000000000000 ) ) ;
#934 = VERTEX_POINT ( 'NONE', #9 ) ;
#935 = CYLINDRICAL_SURFACE ( 'NONE', #212, 1.699999999999997513 ) ;
#936 = AXIS2_PLACEMENT_3D ( 'NONE', #22, #1821, #942 ) ;
#937 = ORIENTED_EDGE ( 'NONE', *, *, #1447, .F. ) ;
#938 = CIRCLE ( 'NONE', #967, 10.74999999999998934 ) ;
#939 = CARTESIAN_POINT ( 'NONE',  ( 5.494931187012261908, -3.172500000000001208, -45.10000000000000142 ) ) ;
#940 = VECTOR ( 'NONE', #87, 1000.000000000000000 ) ;
#941 = EDGE_LOOP ( 'NONE', ( #1881, #1102, #1865, #667 ) ) ;
#942 = DIRECTION ( 'NONE',  ( 1.000000000000000000, 0.000000000000000000, 0.000000000000000000 ) ) ;
#943 = CC_DESIGN_APPROVAL ( #1555, ( #1892 ) ) ;
#944 = ADVANCED_FACE ( 'NONE', ( #609 ), #28, .F. ) ;
#945 = EDGE_LOOP ( 'NONE', ( #286, #1893, #975, #410 ) ) ;
#946 = EDGE_CURVE ( 'NONE', #71, #111, #1057, .T. ) ;
#947 = CARTESIAN_POINT ( 'NONE',  ( -3.999999999999996447, 0.000000000000000000, 1.750000000000000000 ) ) ;
#948 = PERSON_AND_ORGANIZATION_ROLE ( 'creator' ) ;
#949 = CARTESIAN_POINT ( 'NONE',  ( -6.388026530547710635, -1.625613488993423505, -10.54495251898935670 ) ) ;
#950 = ORIENTED_EDGE ( 'NONE', *, *, #345, .F. ) ;
#951 = DIRECTION ( 'NONE',  ( -1.000000000000000000, 0.000000000000000000, 0.000000000000000000 ) ) ;
#952 = MANIFOLD_SOLID_BREP ( 'Chamfer3', #841 ) ;
#953 = ORIENTED_EDGE ( 'NONE', *, *, #318, .F. ) ;
#954 = DIRECTION ( 'NONE',  ( -0.000000000000000000, -0.000000000000000000, 1.000000000000000000 ) ) ;
#955 = EDGE_CURVE ( 'NONE', #610, #845, #349, .T. ) ;
#956 = CARTESIAN_POINT ( 'NONE',  ( 0.000000000000000000, 0.000000000000000000, -0.2500000000000036637 ) ) ;
#957 = CARTESIAN_POINT ( 'NONE',  ( 8.628203230275504509, -4.000000000000001776, 0.000000000000000000 ) ) ;
#958 = ORIENTED_EDGE ( 'NONE', *, *, #1403, .F. ) ;
#959 = CYLINDRICAL_SURFACE ( 'NONE', #809, 4.500000000000000000 ) ;
#960 = FACE_OUTER_BOUND ( 'NONE', #1936, .T. ) ;
#961 = PERSON_AND_ORGANIZATION_ROLE ( 'creator' ) ;
#962 = ORIENTED_EDGE ( 'NONE', *, *, #384, .T. ) ;
#963 = EDGE_CURVE ( 'NONE', #1087, #10, #83, .T. ) ;
#964 = TOROIDAL_SURFACE ( 'NONE', #178, 7.999999999999996447, 3.000000000000000000 ) ;
#965 = CYLINDRICAL_SURFACE ( 'NONE', #1199, 1.699999999999997513 ) ;
#966 = AXIS2_PLACEMENT_3D ( 'NONE', #292, #430, #1359 ) ;
#967 = AXIS2_PLACEMENT_3D ( 'NONE', #1862, #1726, #1125 ) ;
#968 = VECTOR ( 'NONE', #62, 999.9999999999998863 ) ;
#969 = ORIENTED_EDGE ( 'NONE', *, *, #1397, .T. ) ;
#970 = CARTESIAN_POINT ( 'NONE',  ( 3.922744895961363110, -5.228803262701515742, -44.93340163618095318 ) ) ;
#971 = AXIS2_PLACEMENT_3D ( 'NONE', #744, #1022, #429 ) ;
#972 = VERTEX_POINT ( 'NONE', #636 ) ;
#973 = DIRECTION ( 'NONE',  ( -1.000000000000000000, 0.000000000000000000, 0.000000000000000000 ) ) ;
#974 = CARTESIAN_POINT ( 'NONE',  ( 0.000000000000000000, 0.000000000000000000, -2.750000000000000000 ) ) ;
#975 = ORIENTED_EDGE ( 'NONE', *, *, #1816, .T. ) ;
#976 = EDGE_CURVE ( 'NONE', #591, #179, #482, .T. ) ;
#977 = CARTESIAN_POINT ( 'NONE',  ( 0.000000000000000000, 0.000000000000000000, -44.59999999999999432 ) ) ;
#978 = EDGE_CURVE ( 'NONE', #569, #296, #464, .T. ) ;
#979 = ORIENTED_EDGE ( 'NONE', *, *, #820, .F. ) ;
#980 = EDGE_CURVE ( 'NONE', #550, #610, #1537, .T. ) ;
#981 = EDGE_LOOP ( 'NONE', ( #1261, #962, #357, #1299 ) ) ;
#982 = DIRECTION ( 'NONE',  ( -0.5000000000000001110, 0.8660254037844385966, 0.000000000000000000 ) ) ;
#983 = DIRECTION ( 'NONE',  ( -1.000000000000000000, 0.000000000000000000, 0.000000000000000000 ) ) ;
#984 = VERTEX_POINT ( 'NONE', #1798 ) ;
#985 = CARTESIAN_POINT ( 'NONE',  ( 6.928203230275506108, -4.000000000000001776, -3.000000000000000000 ) ) ;
#986 = ORIENTED_EDGE ( 'NONE', *, *, #82, .T. ) ;
#987 = CARTESIAN_POINT ( 'NONE',  ( 0.000000000000000000, 0.000000000000000000, -9.000000000000001776 ) ) ;
#988 = EDGE_CURVE ( 'NONE', #513, #235, #271, .T. ) ;
#989 = ORIENTED_EDGE ( 'NONE', *, *, #1000, .T. ) ;
#990 = LINE ( 'NONE', #832, #1387 ) ;
#991 = DIRECTION ( 'NONE',  ( -0.000000000000000000, -0.000000000000000000, 1.000000000000000000 ) ) ;
#992 = LINE ( 'NONE', #1147, #1294 ) ;
#993 = CARTESIAN_POINT ( 'NONE',  ( 6.870000000000000107, 8.413323510142316393E-16, -10.86999999999997968 ) ) ;
#994 = CONICAL_SURFACE ( 'NONE', #1749, 6.369999999999997442, 0.7853981633974439491 ) ;
#995 = EDGE_LOOP ( 'NONE', ( #1587, #317, #1372, #856 ) ) ;
#996 = AXIS2_PLACEMENT_3D ( 'NONE', #1047, #295, #1365 ) ;
#997 = CARTESIAN_POINT ( 'NONE',  ( 6.811923499062717546, 0.8914024023510113137, -10.86999999999997968 ) ) ;
#998 = ORIENTED_EDGE ( 'NONE', *, *, #33, .T. ) ;
#999 = CARTESIAN_POINT ( 'NONE',  ( 5.061918485120041389, 2.922499999999998987, -45.10000000000000142 ) ) ;
#1000 = EDGE_CURVE ( 'NONE', #697, #557, #197, .T. ) ;
#1001 = VECTOR ( 'NONE', #991, 1000.000000000000000 ) ;
#1002 = VECTOR ( 'NONE', #1209, 1000.000000000000114 ) ;
#1003 = CYLINDRICAL_SURFACE ( 'NONE', #182, 1.699999999999997513 ) ;
#1004 = EDGE_CURVE ( 'NONE', #1142, #455, #1062, .T. ) ;
#1005 = APPROVAL_ROLE ( '' ) ;
#1006 = ADVANCED_FACE ( 'NONE', ( #456 ), #915, .T. ) ;
#1007 = CARTESIAN_POINT ( 'NONE',  ( -4.177938874961814264, -5.453597597648990103, -45.10000000000000142 ) ) ;
#1008 = LINE ( 'NONE', #1017, #150 ) ;
#1009 = DIRECTION ( 'NONE',  ( -0.5000000000000001110, 0.8660254037844385966, 0.000000000000000000 ) ) ;
#1010 = EDGE_LOOP ( 'NONE', ( #1490, #280, #773, #1545 ) ) ;
#1011 = DIRECTION ( 'NONE',  ( 0.000000000000000000, 0.000000000000000000, 1.000000000000000000 ) ) ;
#1012 = DIRECTION ( 'NONE',  ( -0.000000000000000000, -0.000000000000000000, 1.000000000000000000 ) ) ;
#1013 = DATE_TIME_ROLE ( 'classification_date' ) ;
#1014 = DIRECTION ( 'NONE',  ( -0.000000000000000000, -0.000000000000000000, 1.000000000000000000 ) ) ;
#1015 = EDGE_CURVE ( 'NONE', #659, #111, #309, .T. ) ;
#1016 = DIRECTION ( 'NONE',  ( 0.000000000000000000, 0.000000000000000000, -1.000000000000000000 ) ) ;
#1017 = CARTESIAN_POINT ( 'NONE',  ( -6.811923499062717546, -0.8914024023510135342, -45.10000000000000142 ) ) ;
#1018 = EDGE_CURVE ( 'NONE', #845, #418, #1657, .T. ) ;
#1019 = FACE_OUTER_BOUND ( 'NONE', #810, .T. ) ;
#1020 = VERTEX_POINT ( 'NONE', #477 ) ;
#1021 = DIRECTION ( 'NONE',  ( 0.000000000000000000, 0.000000000000000000, 1.000000000000000000 ) ) ;
#1022 = DIRECTION ( 'NONE',  ( -0.000000000000000000, -0.000000000000000000, 1.000000000000000000 ) ) ;
#1023 = LINE ( 'NONE', #156, #1711 ) ;
#1024 = DIRECTION ( 'NONE',  ( -1.000000000000000000, 0.000000000000000000, 0.000000000000000000 ) ) ;
#1025 = DIRECTION ( 'NONE',  ( -0.4999999999999999445, 0.8660254037844385966, 0.000000000000000000 ) ) ;
#1026 = EDGE_CURVE ( 'NONE', #1226, #726, #465, .T. ) ;
#1027 = CARTESIAN_POINT ( 'NONE',  ( -2.019299999999996320, 0.000000000000000000, -30.02000000000000313 ) ) ;
#1028 = VECTOR ( 'NONE', #1864, 1000.000000000000000 ) ;
#1029 = ORIENTED_EDGE ( 'NONE', *, *, #1248, .F. ) ;
#1030 = PLANE ( 'NONE',  #751 ) ;
#1031 = DIRECTION ( 'NONE',  ( 0.000000000000000000, 0.000000000000000000, 1.000000000000000000 ) ) ;
#1032 = AXIS2_PLACEMENT_3D ( 'NONE', #233, #835, #983 ) ;
#1033 = AXIS2_PLACEMENT_3D ( 'NONE', #1731, #1021, #419 ) ;
#1034 = CARTESIAN_POINT ( 'NONE',  ( 6.811923499062716658, -0.8914024023510105366, -10.86999999999997968 ) ) ;
#1035 = AXIS2_PLACEMENT_3D ( 'NONE', #770, #1045, #483 ) ;
#1036 = CARTESIAN_POINT ( 'NONE',  ( 0.000000000000000000, 0.000000000000000000, -10.86999999999997968 ) ) ;
#1037 = ORIENTED_EDGE ( 'NONE', *, *, #643, .T. ) ;
#1038 = CARTESIAN_POINT ( 'NONE',  ( 0.000000000000000000, 0.000000000000000000, -45.10000000000000142 ) ) ;
#1039 = EDGE_CURVE ( 'NONE', #972, #1172, #807, .T. ) ;
#1040 = VERTEX_POINT ( 'NONE', #805 ) ;
#1041 = CARTESIAN_POINT ( 'NONE',  ( -2.633984624100908611, 6.344999999999999751, -10.86999999999997968 ) ) ;
#1042 = ADVANCED_FACE ( 'NONE', ( #1303 ), #248, .T. ) ;
#1043 = FACE_BOUND ( 'NONE', #742, .T. ) ;
#1044 = CARTESIAN_POINT ( 'NONE',  ( 5.720737970568874786, -2.781391178186240154, -10.34474035655109248 ) ) ;
#1045 = DIRECTION ( 'NONE',  ( 0.000000000000000000, 0.000000000000000000, -1.000000000000000000 ) ) ;
#1046 = ORIENTED_EDGE ( 'NONE', *, *, #1347, .T. ) ;
#1047 = CARTESIAN_POINT ( 'NONE',  ( 6.928203230275506108, -4.000000000000001776, -3.000000000000000000 ) ) ;
#1048 = ORIENTED_EDGE ( 'NONE', *, *, #1050, .T. ) ;
#1049 = DIRECTION ( 'NONE',  ( 0.000000000000000000, 0.000000000000000000, 1.000000000000000000 ) ) ;
#1050 = EDGE_CURVE ( 'NONE', #195, #254, #769, .T. ) ;
#1051 = CARTESIAN_POINT ( 'NONE',  ( 0.000000000000000000, 0.000000000000000000, -45.10000000000000142 ) ) ;
#1052 = DIRECTION ( 'NONE',  ( 0.7071067811865444641, 0.000000000000000000, 0.7071067811865505703 ) ) ;
#1053 = B_SPLINE_CURVE_WITH_KNOTS ( 'NONE', 3,
 ( #861, #883, #1458, #708 ),
 .UNSPECIFIED., .F., .F.,
 ( 4, 4 ),
 ( 0.000000000000000000, 0.0007143713651945474488 ),
 .UNSPECIFIED. ) ;
#1054 = DIRECTION ( 'NONE',  ( 0.000000000000000000, 0.000000000000000000, 1.000000000000000000 ) ) ;
#1055 = ORIENTED_EDGE ( 'NONE', *, *, #1015, .F. ) ;
#1056 = B_SPLINE_CURVE_WITH_KNOTS ( 'NONE', 3,
 ( #1041, #1765, #124, #1656, #757, #1640, #727, #428, #1916, #598, #112, #578, #917, #888 ),
 .UNSPECIFIED., .F., .F.,
 ( 4, 2, 2, 2, 2, 2, 4 ),
 ( 0.006615087336724665042, 0.007963059054995965877, 0.008637044914131615861, 0.009311030773267264110, 0.01065900249153856408, 0.01133298835067421406, 0.01200697420980986405 ),
 .UNSPECIFIED. ) ;
#1057 = LINE ( 'NONE', #1827, #19 ) ;
#1058 = ORIENTED_EDGE ( 'NONE', *, *, #1273, .F. ) ;
#1059 = CARTESIAN_POINT ( 'NONE',  ( 0.000000000000000000, 0.000000000000000000, -30.02000000000000313 ) ) ;
#1060 = DIRECTION ( 'NONE',  ( -0.000000000000000000, -0.000000000000000000, -1.000000000000000000 ) ) ;
#1061 = ADVANCED_FACE ( 'NONE', ( #1580 ), #89, .F. ) ;
#1062 = CIRCLE ( 'NONE', #1168, 6.870000000000000107 ) ;
#1063 = TOROIDAL_SURFACE ( 'NONE', #618, 7.999999999999996447, 3.000000000000000000 ) ;
#1064 = DIRECTION ( 'NONE',  ( 1.000000000000000000, 0.000000000000000000, 0.000000000000000000 ) ) ;
#1065 = ORIENTED_EDGE ( 'NONE', *, *, #222, .T. ) ;
#1066 = CIRCLE ( 'NONE', #593, 6.870000000000000107 ) ;
#1067 = ADVANCED_FACE ( 'NONE', ( #57 ), #1107, .F. ) ;
#1068 = DIRECTION ( 'NONE',  ( -1.000000000000000000, 0.000000000000000000, 0.000000000000000000 ) ) ;
#1069 = APPROVAL_PERSON_ORGANIZATION ( #656, #922, #361 ) ;
#1070 = ORIENTED_EDGE ( 'NONE', *, *, #327, .T. ) ;
#1071 = DIRECTION ( 'NONE',  ( -0.5000000000000002220, -0.8660254037844385966, 0.000000000000000000 ) ) ;
#1072 = VERTEX_POINT ( 'NONE', #1268 ) ;
#1073 = CARTESIAN_POINT ( 'NONE',  ( 6.369999999999997442, 0.000000000000000000, -45.10000000000000142 ) ) ;
#1074 = CARTESIAN_POINT ( 'NONE',  ( -7.511572993685797128E-16, -6.344999999999999751, -45.10000000000000142 ) ) ;
#1075 = ORIENTED_EDGE ( 'NONE', *, *, #1928, .F. ) ;
#1076 = CARTESIAN_POINT ( 'NONE',  ( -8.673617379884035472E-16, 7.999999999999998224, -3.000000000000000000 ) ) ;
#1077 = ORIENTED_EDGE ( 'NONE', *, *, #897, .F. ) ;
#1078 = CARTESIAN_POINT ( 'NONE',  ( -8.628203230275508062, 4.000000000000002665, -3.000000000000000000 ) ) ;
#1079 = ORIENTED_EDGE ( 'NONE', *, *, #1127, .F. ) ;
#1080 = LINE ( 'NONE', #1421, #433 ) ;
#1081 = CARTESIAN_POINT ( 'NONE',  ( 0.000000000000000000, 0.000000000000000000, 1.750000000000000000 ) ) ;
#1082 = ORIENTED_EDGE ( 'NONE', *, *, #1460, .F. ) ;
#1083 = ADVANCED_FACE ( 'NONE', ( #1425 ), #965, .F. ) ;
#1084 = CARTESIAN_POINT ( 'NONE',  ( -5.269124403455650807, -3.563608821813760485, -10.34474035655109425 ) ) ;
#1085 = ADVANCED_FACE ( 'NONE', ( #1883 ), #1686, .T. ) ;
#1086 = UNCERTAINTY_MEASURE_WITH_UNIT (LENGTH_MEASURE( 1.000000000000000082E-05 ), #1395, 'distance_accuracy_value', 'NONE');
#1087 = VERTEX_POINT ( 'NONE', #67 ) ;
#1088 = FACE_OUTER_BOUND ( 'NONE', #1393, .T. ) ;
#1089 = ORIENTED_EDGE ( 'NONE', *, *, #1039, .F. ) ;
#1090 = CARTESIAN_POINT ( 'NONE',  ( -6.811923499062719323, 0.8914024023510053185, -45.10000000000000142 ) ) ;
#1091 = AXIS2_PLACEMENT_3D ( 'NONE', #449, #1049, #1400 ) ;
#1092 = AXIS2_PLACEMENT_3D ( 'NONE', #1130, #1877, #1419 ) ;
#1093 = APPROVAL_STATUS ( 'not_yet_approved' ) ;
#1094 = ORIENTED_EDGE ( 'NONE', *, *, #230, .F. ) ;
#1095 = AXIS2_PLACEMENT_3D ( 'NONE', #252, #1143, #1120 ) ;
#1096 = VECTOR ( 'NONE', #118, 1000.000000000000000 ) ;
#1097 = DIRECTION ( 'NONE',  ( -1.000000000000000000, 0.000000000000000000, 0.000000000000000000 ) ) ;
#1098 = AXIS2_PLACEMENT_3D ( 'NONE', #1074, #912, #1644 ) ;
#1099 = VERTEX_POINT ( 'NONE', #993 ) ;
#1100 = LINE ( 'NONE', #1692, #564 ) ;
#1101 = EDGE_CURVE ( 'NONE', #1688, #1087, #1598, .T. ) ;
#1102 = ORIENTED_EDGE ( 'NONE', *, *, #976, .T. ) ;
#1103 = DIRECTION ( 'NONE',  ( -1.000000000000000000, 0.000000000000000000, 0.000000000000000000 ) ) ;
#1104 = ADVANCED_FACE ( 'NONE', ( #393 ), #1148, .T. ) ;
#1105 = APPROVAL_DATE_TIME ( #1578, #922 ) ;
#1106 = ORIENTED_EDGE ( 'NONE', *, *, #1581, .T. ) ;
#1107 = CYLINDRICAL_SURFACE ( 'NONE', #52, 1.699999999999997513 ) ;
#1108 = ORIENTED_EDGE ( 'NONE', *, *, #345, .T. ) ;
#1109 = CARTESIAN_POINT ( 'NONE',  ( 1.699999999999997291, 7.999999999999998224, -3.000000000000000000 ) ) ;
#1110 = ORIENTED_EDGE ( 'NONE', *, *, #1026, .T. ) ;
#1111 = DIRECTION ( 'NONE',  ( 0.000000000000000000, 0.000000000000000000, -1.000000000000000000 ) ) ;
#1112 = EDGE_CURVE ( 'NONE', #818, #1861, #1571, .T. ) ;
#1113 = CARTESIAN_POINT ( 'NONE',  ( 3.922744895961374212, 5.228803262701518406, -44.93340163618093897 ) ) ;
#1114 = PERSON_AND_ORGANIZATION_ROLE ( 'design_owner' ) ;
#1115 = ORIENTED_EDGE ( 'NONE', *, *, #243, .F. ) ;
#1116 = DIRECTION ( 'NONE',  ( 0.6123724356957968018, -0.3535533905932753407, -0.7071067811865447972 ) ) ;
#1117 = ORIENTED_EDGE ( 'NONE', *, *, #453, .T. ) ;
#1118 = DIRECTION ( 'NONE',  ( 0.000000000000000000, 0.000000000000000000, -1.000000000000000000 ) ) ;
#1119 = ORIENTED_EDGE ( 'NONE', *, *, #754, .T. ) ;
#1120 = DIRECTION ( 'NONE',  ( 1.000000000000000000, 0.000000000000000000, 0.000000000000000000 ) ) ;
#1121 = DIRECTION ( 'NONE',  ( -1.000000000000000000, 0.000000000000000000, 0.000000000000000000 ) ) ;
#1122 = COORDINATED_UNIVERSAL_TIME_OFFSET ( 6, 0, .BEHIND. ) ;
#1123 = EDGE_LOOP ( 'NONE', ( #1573, #165 ) ) ;
#1124 = CIRCLE ( 'NONE', #936, 4.500000000000000000 ) ;
#1125 = DIRECTION ( 'NONE',  ( -1.000000000000000000, 0.000000000000000000, 0.000000000000000000 ) ) ;
#1126 = AXIS2_PLACEMENT_3D ( 'NONE', #1523, #494, #1097 ) ;
#1127 = EDGE_CURVE ( 'NONE', #1557, #1142, #1588, .T. ) ;
#1128 = AXIS2_PLACEMENT_3D ( 'NONE', #14, #1060, #729 ) ;
#1129 = EDGE_LOOP ( 'NONE', ( #837, #1329, #174, #1075 ) ) ;
#1130 = CARTESIAN_POINT ( 'NONE',  ( 0.000000000000000000, 0.000000000000000000, -45.10000000000000142 ) ) ;
#1131 = CIRCLE ( 'NONE', #812, 6.369999999999997442 ) ;
#1132 = AXIS2_PLACEMENT_3D ( 'NONE', #194, #1860, #796 ) ;
#1133 = ORIENTED_EDGE ( 'NONE', *, *, #1538, .T. ) ;
#1134 = DIRECTION ( 'NONE',  ( -0.000000000000000000, -0.000000000000000000, -1.000000000000000000 ) ) ;
#1135 = CARTESIAN_POINT ( 'NONE',  ( 6.328101232593730252, -0.7294071497083678413, -45.10000000000000142 ) ) ;
#1136 = APPROVAL_DATE_TIME ( #531, #1555 ) ;
#1137 = ORIENTED_EDGE ( 'NONE', *, *, #318, .T. ) ;
#1138 = DIRECTION ( 'NONE',  ( 0.000000000000000000, 0.000000000000000000, 1.000000000000000000 ) ) ;
#1139 = EDGE_CURVE ( 'NONE', #296, #569, #1934, .T. ) ;
#1140 = ORIENTED_EDGE ( 'NONE', *, *, #1816, .F. ) ;
#1141 = DIRECTION ( 'NONE',  ( -1.000000000000000000, 0.000000000000000000, 0.000000000000000000 ) ) ;
#1142 = VERTEX_POINT ( 'NONE', #234 ) ;
#1143 = DIRECTION ( 'NONE',  ( 0.000000000000000000, 0.000000000000000000, 1.000000000000000000 ) ) ;
#1144 = CARTESIAN_POINT ( 'NONE',  ( 0.000000000000000000, 0.000000000000000000, -45.10000000000000142 ) ) ;
#1145 = CALENDAR_DATE ( 2024, 12, 6 ) ;
#1146 = LINE ( 'NONE', #1831, #968 ) ;
#1147 = CARTESIAN_POINT ( 'NONE',  ( -4.177938874961811599, -5.453597597648988327, -44.59999999999999432 ) ) ;
#1148 = PLANE ( 'NONE',  #718 ) ;
#1149 = EDGE_CURVE ( 'NONE', #1688, #1431, #1811, .T. ) ;
#1150 = VERTEX_POINT ( 'NONE', #504 ) ;
#1151 = CARTESIAN_POINT ( 'NONE',  ( 5.951994670998431936, 2.380842823451514878, -10.34552240763236064 ) ) ;
#1152 = EDGE_CURVE ( 'NONE', #791, #184, #938, .T. ) ;
#1153 = VERTEX_POINT ( 'NONE', #1451 ) ;
#1154 = FACE_OUTER_BOUND ( 'NONE', #775, .T. ) ;
#1155 = ADVANCED_FACE ( 'NONE', ( #1331 ), #1459, .F. ) ;
#1156 = CARTESIAN_POINT ( 'NONE',  ( -2.633984624100908611, 6.344999999999999751, -44.59999999999999432 ) ) ;
#1157 = APPROVAL_STATUS ( 'not_yet_approved' ) ;
#1158 = B_SPLINE_CURVE_WITH_KNOTS ( 'NONE', 3,
 ( #1281, #970, #1443, #1562 ),
 .UNSPECIFIED., .F., .F.,
 ( 4, 4 ),
 ( 0.000000000000000000, 0.0007143713651945671813 ),
 .UNSPECIFIED. ) ;
#1159 = ORIENTED_EDGE ( 'NONE', *, *, #1671, .T. ) ;
#1160 = CARTESIAN_POINT ( 'NONE',  ( -3.469446951953614189E-15, -7.999999999999998224, -3.000000000000000000 ) ) ;
#1161 = LINE ( 'NONE', #1319, #371 ) ;
#1162 = AXIS2_PLACEMENT_3D ( 'NONE', #710, #1790, #1610 ) ;
#1163 = ORIENTED_EDGE ( 'NONE', *, *, #1756, .T. ) ;
#1164 = CARTESIAN_POINT ( 'NONE',  ( 8.628203230275504509, 3.999999999999997335, 0.000000000000000000 ) ) ;
#1165 = VECTOR ( 'NONE', #919, 1000.000000000000000 ) ;
#1166 = ORIENTED_EDGE ( 'NONE', *, *, #1374, .F. ) ;
#1167 = FACE_OUTER_BOUND ( 'NONE', #414, .T. ) ;
#1168 = AXIS2_PLACEMENT_3D ( 'NONE', #42, #644, #308 ) ;
#1169 = VECTOR ( 'NONE', #1517, 1000.000000000000000 ) ;
#1170 = CARTESIAN_POINT ( 'NONE',  ( 1.699999999999993960, -7.999999999999998224, 0.000000000000000000 ) ) ;
#1171 = ADVANCED_FACE ( 'NONE', ( #709 ), #1290, .T. ) ;
#1172 = VERTEX_POINT ( 'NONE', #407 ) ;
#1173 = CARTESIAN_POINT ( 'NONE',  ( 2.019299999999997208, 2.472929281518247086E-16, -45.10000000000000142 ) ) ;
#1174 = CARTESIAN_POINT ( 'NONE',  ( -6.328101232593750680, -0.7294071497083811639, -45.10000000000000142 ) ) ;
#1175 = DIRECTION ( 'NONE',  ( -1.000000000000000000, 0.000000000000000000, 0.000000000000000000 ) ) ;
#1176 = ORIENTED_EDGE ( 'NONE', *, *, #963, .T. ) ;
#1177 = CYLINDRICAL_SURFACE ( 'NONE', #683, 1.699999999999997513 ) ;
#1178 = CARTESIAN_POINT ( 'NONE',  ( -1.558389408831674983, -6.344999999999997975, -10.52998182600687826 ) ) ;
#1179 = EDGE_CURVE ( 'NONE', #1231, #235, #1762, .T. ) ;
#1180 = ORIENTED_EDGE ( 'NONE', *, *, #265, .F. ) ;
#1181 = LINE ( 'NONE', #1173, #88 ) ;
#1182 = CARTESIAN_POINT ( 'NONE',  ( -4.177938874961801829, 5.453597597648996320, -10.86999999999997968 ) ) ;
#1183 = LINE ( 'NONE', #129, #1320 ) ;
#1184 = VERTEX_POINT ( 'NONE', #1182 ) ;
#1185 = CARTESIAN_POINT ( 'NONE',  ( 6.328101232593730252, -0.7294071497083678413, -45.10000000000000142 ) ) ;
#1186 = CARTESIAN_POINT ( 'NONE',  ( 0.000000000000000000, 0.000000000000000000, 1.750000000000000000 ) ) ;
#1187 = PERSON_AND_ORGANIZATION ( #1720, #1785 ) ;
#1188 = DIRECTION ( 'NONE',  ( -1.000000000000000000, 0.000000000000000000, 0.000000000000000000 ) ) ;
#1189 = EDGE_CURVE ( 'NONE', #662, #597, #870, .T. ) ;
#1190 = LINE ( 'NONE', #1450, #406 ) ;
#1191 = EDGE_CURVE ( 'NONE', #733, #1226, #1161, .T. ) ;
#1192 = EDGE_CURVE ( 'NONE', #1153, #895, #699, .T. ) ;
#1193 = PLANE ( 'NONE',  #1162 ) ;
#1194 = CIRCLE ( 'NONE', #147, 6.369999999999997442 ) ;
#1195 = EDGE_LOOP ( 'NONE', ( #642, #1579, #1110, #793 ) ) ;
#1196 = FACE_OUTER_BOUND ( 'NONE', #343, .T. ) ;
#1197 = AXIS2_PLACEMENT_3D ( 'NONE', #232, #1866, #1314 ) ;
#1198 = CARTESIAN_POINT ( 'NONE',  ( -2.633984624100908611, 6.344999999999999751, -44.59999999999999432 ) ) ;
#1199 = AXIS2_PLACEMENT_3D ( 'NONE', #1736, #1697, #1854 ) ;
#1200 = AXIS2_PLACEMENT_3D ( 'NONE', #672, #548, #866 ) ;
#1201 = DIRECTION ( 'NONE',  ( -1.000000000000000000, 0.000000000000000000, 0.000000000000000000 ) ) ;
#1202 = VECTOR ( 'NONE', #541, 1000.000000000000000 ) ;
#1203 = LINE ( 'NONE', #1377, #1752 ) ;
#1204 = ORIENTED_EDGE ( 'NONE', *, *, #1851, .T. ) ;
#1205 = AXIS2_PLACEMENT_3D ( 'NONE', #1788, #1941, #1221 ) ;
#1206 = ADVANCED_FACE ( 'NONE', ( #423 ), #264, .T. ) ;
#1207 = FACE_OUTER_BOUND ( 'NONE', #1822, .T. ) ;
#1208 = EDGE_LOOP ( 'NONE', ( #1754, #1439, #1604, #979 ) ) ;
#1209 = DIRECTION ( 'NONE',  ( 0.5000000000000001110, -0.8660254037844385966, 0.000000000000000000 ) ) ;
#1210 = CARTESIAN_POINT ( 'NONE',  ( 3.999999999999996447, 5.204748896376249713E-16, 1.750000000000000000 ) ) ;
#1211 = CARTESIAN_POINT ( 'NONE',  ( 0.000000000000000000, 0.000000000000000000, -9.878679656440358059 ) ) ;
#1212 = DIRECTION ( 'NONE',  ( 0.000000000000000000, 0.000000000000000000, 1.000000000000000000 ) ) ;
#1213 = ORIENTED_EDGE ( 'NONE', *, *, #163, .F. ) ;
#1214 = CYLINDRICAL_SURFACE ( 'NONE', #1228, 2.019299999999997208 ) ;
#1215 = EDGE_CURVE ( 'NONE', #697, #1150, #275, .T. ) ;
#1216 = VERTEX_POINT ( 'NONE', #1174 ) ;
#1217 = CARTESIAN_POINT ( 'NONE',  ( -2.566904008909785428, -6.011598363819044444, -44.93340163618095318 ) ) ;
#1218 = EDGE_CURVE ( 'NONE', #455, #179, #1008, .T. ) ;
#1219 = CARTESIAN_POINT ( 'NONE',  ( -1.699999999999999289, 7.999999999999998224, -3.000000000000000000 ) ) ;
#1220 = EDGE_CURVE ( 'NONE', #1673, #1927, #731, .T. ) ;
#1221 = DIRECTION ( 'NONE',  ( 1.000000000000000000, 0.000000000000000000, 0.000000000000000000 ) ) ;
#1222 = ORIENTED_EDGE ( 'NONE', *, *, #1220, .T. ) ;
#1223 = CARTESIAN_POINT ( 'NONE',  ( 8.628203230275504509, -4.000000000000001776, -3.000000000000000000 ) ) ;
#1224 = ORIENTED_EDGE ( 'NONE', *, *, #101, .F. ) ;
#1225 = CARTESIAN_POINT ( 'NONE',  ( 0.000000000000000000, 0.000000000000000000, -10.86999999999997968 ) ) ;
#1226 = VERTEX_POINT ( 'NONE', #884 ) ;
#1227 = CARTESIAN_POINT ( 'NONE',  ( -6.811923499062716658, -0.8914024023510134231, -10.86999999999997968 ) ) ;
#1228 = AXIS2_PLACEMENT_3D ( 'NONE', #189, #781, #1834 ) ;
#1229 = AXIS2_PLACEMENT_3D ( 'NONE', #956, #1288, #827 ) ;
#1230 = FACE_OUTER_BOUND ( 'NONE', #1652, .T. ) ;
#1231 = VERTEX_POINT ( 'NONE', #128 ) ;
#1232 = VECTOR ( 'NONE', #1795, 1000.000000000000000 ) ;
#1233 = DIRECTION ( 'NONE',  ( 0.000000000000000000, 0.000000000000000000, -1.000000000000000000 ) ) ;
#1234 = ORIENTED_EDGE ( 'NONE', *, *, #700, .F. ) ;
#1235 = DIRECTION ( 'NONE',  ( -1.000000000000000000, 0.000000000000000000, 0.000000000000000000 ) ) ;
#1236 = EDGE_LOOP ( 'NONE', ( #146, #1133, #427, #1547, #476, #720, #1799, #657, #633, #1730, #740, #1725, #1818 ) ) ;
#1237 = DIRECTION ( 'NONE',  ( -0.000000000000000000, -0.000000000000000000, 1.000000000000000000 ) ) ;
#1238 = EDGE_CURVE ( 'NONE', #188, #1396, #750, .T. ) ;
#1239 = LINE ( 'NONE', #778, #1603 ) ;
#1240 = ORIENTED_EDGE ( 'NONE', *, *, #646, .T. ) ;
#1241 = FACE_OUTER_BOUND ( 'NONE', #1381, .T. ) ;
#1242 = ORIENTED_EDGE ( 'NONE', *, *, #110, .F. ) ;
#1243 = DIRECTION ( 'NONE',  ( -1.000000000000000000, 0.000000000000000000, 0.000000000000000000 ) ) ;
#1244 = ORIENTED_EDGE ( 'NONE', *, *, #1704, .T. ) ;
#1245 = DIRECTION ( 'NONE',  ( -0.000000000000000000, -0.000000000000000000, -1.000000000000000000 ) ) ;
#1246 = ORIENTED_EDGE ( 'NONE', *, *, #135, .F. ) ;
#1247 = DIRECTION ( 'NONE',  ( -1.000000000000000000, 0.000000000000000000, 0.000000000000000000 ) ) ;
#1248 = EDGE_CURVE ( 'NONE', #1706, #48, #1734, .T. ) ;
#1249 = ADVANCED_FACE ( 'NONE', ( #1437 ), #1003, .F. ) ;
#1250 = ORIENTED_EDGE ( 'NONE', *, *, #1374, .T. ) ;
#1251 = CARTESIAN_POINT ( 'NONE',  ( 0.000000000000000000, 0.000000000000000000, -0.2500000000000036637 ) ) ;
#1252 = ORIENTED_EDGE ( 'NONE', *, *, #1638, .T. ) ;
#1253 = DIRECTION ( 'NONE',  ( 0.000000000000000000, 0.000000000000000000, -1.000000000000000000 ) ) ;
#1254 = AXIS2_PLACEMENT_3D ( 'NONE', #774, #45, #1681 ) ;
#1255 = AXIS2_PLACEMENT_3D ( 'NONE', #1628, #885, #1175 ) ;
#1256 = APPLICATION_PROTOCOL_DEFINITION ( 'international standard', 'config_control_design', 1994, #1619 ) ;
#1257 = AXIS2_PLACEMENT_3D ( 'NONE', #467, #1672, #1678 ) ;
#1258 = VECTOR ( 'NONE', #383, 1000.000000000000000 ) ;
#1259 = DIRECTION ( 'NONE',  ( -0.000000000000000000, -0.000000000000000000, -1.000000000000000000 ) ) ;
#1260 = CIRCLE ( 'NONE', #882, 11.00000000000000000 ) ;
#1261 = ORIENTED_EDGE ( 'NONE', *, *, #1302, .F. ) ;
#1262 = FACE_OUTER_BOUND ( 'NONE', #1366, .T. ) ;
#1263 = CONICAL_SURFACE ( 'NONE', #1205, 10.75000000000000178, 0.7853981633974415066 ) ;
#1264 = CARTESIAN_POINT ( 'NONE',  ( 0.000000000000000000, 0.000000000000000000, -44.59999999999999432 ) ) ;
#1265 = PERSON_AND_ORGANIZATION ( #1720, #1785 ) ;
#1266 = ORIENTED_EDGE ( 'NONE', *, *, #1403, .T. ) ;
#1267 = PRODUCT ( 'REV-41-1620', 'REV-41-1620', '', ( #1541 ) ) ;
#1268 = CARTESIAN_POINT ( 'NONE',  ( 1.699999999999996625, 7.999999999999998224, 0.000000000000000000 ) ) ;
#1269 = EDGE_LOOP ( 'NONE', ( #13, #1180, #694, #1079 ) ) ;
#1270 = CARTESIAN_POINT ( 'NONE',  ( 0.000000000000000000, 0.000000000000000000, -45.10000000000000142 ) ) ;
#1271 = EDGE_CURVE ( 'NONE', #435, #1535, #1586, .T. ) ;
#1272 = ORIENTED_EDGE ( 'NONE', *, *, #946, .F. ) ;
#1273 = EDGE_CURVE ( 'NONE', #893, #1927, #436, .T. ) ;
#1274 = DIRECTION ( 'NONE',  ( 0.000000000000000000, 0.000000000000000000, -1.000000000000000000 ) ) ;
#1275 = DIRECTION ( 'NONE',  ( -0.000000000000000000, -0.000000000000000000, -1.000000000000000000 ) ) ;
#1276 = CALENDAR_DATE ( 2024, 12, 6 ) ;
#1277 = EDGE_CURVE ( 'NONE', #100, #1688, #1880, .T. ) ;
#1278 = ORIENTED_EDGE ( 'NONE', *, *, #15, .F. ) ;
#1279 = DIRECTION ( 'NONE',  ( -1.000000000000000000, 0.000000000000000000, 0.000000000000000000 ) ) ;
#1280 = ORIENTED_EDGE ( 'NONE', *, *, #1192, .F. ) ;
#1281 = CARTESIAN_POINT ( 'NONE',  ( 3.795735737646329433, -5.115592850291617921, -45.10000000000000142 ) ) ;
#1282 = ORIENTED_EDGE ( 'NONE', *, *, #161, .T. ) ;
#1283 = FACE_BOUND ( 'NONE', #1123, .T. ) ;
#1284 = FACE_OUTER_BOUND ( 'NONE', #1465, .T. ) ;
#1285 = CARTESIAN_POINT ( 'NONE',  ( 0.000000000000000000, 0.000000000000000000, 0.000000000000000000 ) ) ;
#1286 = ORIENTED_EDGE ( 'NONE', *, *, #1179, .T. ) ;
#1287 = CIRCLE ( 'NONE', #1092, 2.019299999999998096 ) ;
#1288 = DIRECTION ( 'NONE',  ( -0.000000000000000000, -0.000000000000000000, -1.000000000000000000 ) ) ;
#1289 = AXIS2_PLACEMENT_3D ( 'NONE', #929, #1253, #344 ) ;
#1290 = CONICAL_SURFACE ( 'NONE', #1716, 6.369999999999997442, 0.7853981633974439491 ) ;
#1291 = AXIS2_PLACEMENT_3D ( 'NONE', #311, #1367, #268 ) ;
#1292 = ORIENTED_EDGE ( 'NONE', *, *, #976, .F. ) ;
#1293 = LINE ( 'NONE', #378, #46 ) ;
#1294 = VECTOR ( 'NONE', #565, 1000.000000000000114 ) ;
#1295 = LOCAL_TIME ( 8, 38, 47.00000000000000000, #706 ) ;
#1296 = EDGE_LOOP ( 'NONE', ( #29, #1445 ) ) ;
#1297 = CARTESIAN_POINT ( 'NONE',  ( 0.000000000000000000, 0.000000000000000000, -3.000000000000000000 ) ) ;
#1298 = CARTESIAN_POINT ( 'NONE',  ( -2.532365494947420803, 5.844999999999971330, -45.10000000000000142 ) ) ;
#1299 = ORIENTED_EDGE ( 'NONE', *, *, #752, .F. ) ;
#1300 = CC_DESIGN_PERSON_AND_ORGANIZATION_ASSIGNMENT ( #666, #1114, ( #1267 ) ) ;
#1301 = LINE ( 'NONE', #392, #1202 ) ;
#1302 = EDGE_CURVE ( 'NONE', #200, #1708, #1781, .T. ) ;
#1303 = FACE_OUTER_BOUND ( 'NONE', #544, .T. ) ;
#1304 = DIRECTION ( 'NONE',  ( -0.000000000000000000, -0.000000000000000000, 1.000000000000000000 ) ) ;
#1305 = EDGE_LOOP ( 'NONE', ( #487, #216, #821, #789 ) ) ;
#1306 = CARTESIAN_POINT ( 'NONE',  ( -6.928203230275510549, 4.000000000000002665, -3.000000000000000000 ) ) ;
#1307 = PLANE ( 'NONE',  #499 ) ;
#1308 = EDGE_LOOP ( 'NONE', ( #288, #1442, #1677, #258 ) ) ;
#1309 = CARTESIAN_POINT ( 'NONE',  ( 0.000000000000000000, 0.000000000000000000, -45.10000000000000142 ) ) ;
#1310 = CARTESIAN_POINT ( 'NONE',  ( -5.228203230275513036, 4.000000000000002665, -3.000000000000000000 ) ) ;
#1311 = ORIENTED_EDGE ( 'NONE', *, *, #795, .F. ) ;
#1312 = CARTESIAN_POINT ( 'NONE',  ( 5.044305242893495134, 3.953007030422403201, -10.39427934356888450 ) ) ;
#1313 = ORIENTED_EDGE ( 'NONE', *, *, #1015, .T. ) ;
#1314 = DIRECTION ( 'NONE',  ( -1.000000000000000000, 0.000000000000000000, 0.000000000000000000 ) ) ;
#1315 = CARTESIAN_POINT ( 'NONE',  ( 10.75000000000000178, 0.000000000000000000, -3.000000000000000000 ) ) ;
#1316 = DATE_AND_TIME ( #1145, #1295 ) ;
#1317 = ORIENTED_EDGE ( 'NONE', *, *, #592, .F. ) ;
#1318 = CARTESIAN_POINT ( 'NONE',  ( -4.030939446733193754E-15, 0.000000000000000000, -28.80668215199765214 ) ) ;
#1319 = CARTESIAN_POINT ( 'NONE',  ( 8.628203230275504509, 3.999999999999997335, -3.000000000000000000 ) ) ;
#1320 = VECTOR ( 'NONE', #1009, 1000.000000000000114 ) ;
#1321 = CARTESIAN_POINT ( 'NONE',  ( -5.037867703026090993, 3.964157176548489758, -10.34552240763235531 ) ) ;
#1322 = ADVANCED_FACE ( 'NONE', ( #960 ), #1307, .F. ) ;
#1323 = B_SPLINE_CURVE_WITH_KNOTS ( 'NONE', 3,
 ( #1185, #140, #570, #5 ),
 .UNSPECIFIED., .F., .F.,
 ( 4, 4 ),
 ( 0.000000000000000000, 0.0007143713651945473404 ),
 .UNSPECIFIED. ) ;
#1324 = ORIENTED_EDGE ( 'NONE', *, *, #715, .F. ) ;
#1325 = DIRECTION ( 'NONE',  ( -0.000000000000000000, -0.000000000000000000, -1.000000000000000000 ) ) ;
#1326 = VECTOR ( 'NONE', #1597, 999.9999999999998863 ) ;
#1327 = CIRCLE ( 'NONE', #471, 2.019299999999996320 ) ;
#1328 = CARTESIAN_POINT ( 'NONE',  ( -4.177938874961805382, 5.453597597648997208, -44.59999999999999432 ) ) ;
#1329 = ORIENTED_EDGE ( 'NONE', *, *, #1617, .T. ) ;
#1330 = CARTESIAN_POINT ( 'NONE',  ( 11.00000000000000000, 0.000000000000000000, -2.750000000000000000 ) ) ;
#1331 = FACE_OUTER_BOUND ( 'NONE', #941, .T. ) ;
#1332 = FACE_OUTER_BOUND ( 'NONE', #851, .T. ) ;
#1333 = ORIENTED_EDGE ( 'NONE', *, *, #820, .T. ) ;
#1334 = CARTESIAN_POINT ( 'NONE',  ( 1.699999999999994627, -7.999999999999998224, -3.000000000000000000 ) ) ;
#1335 = EDGE_CURVE ( 'NONE', #584, #484, #759, .T. ) ;
#1336 = CARTESIAN_POINT ( 'NONE',  ( -0.8941482378560190458, -6.345000000000000639, -10.39302482905761771 ) ) ;
#1337 = LINE ( 'NONE', #1634, #466 ) ;
#1338 = EDGE_CURVE ( 'NONE', #1040, #188, #914, .T. ) ;
#1339 = EDGE_CURVE ( 'NONE', #158, #331, #1732, .T. ) ;
#1340 = DIRECTION ( 'NONE',  ( -1.000000000000000000, 0.000000000000000000, 0.000000000000000000 ) ) ;
#1341 = FACE_OUTER_BOUND ( 'NONE', #1236, .T. ) ;
#1342 = ORIENTED_EDGE ( 'NONE', *, *, #797, .F. ) ;
#1343 = DIRECTION ( 'NONE',  ( 0.000000000000000000, 0.000000000000000000, 1.000000000000000000 ) ) ;
#1344 = CARTESIAN_POINT ( 'NONE',  ( 1.783724923636033743, -6.344999999999999751, -10.57665589637226589 ) ) ;
#1345 = DESIGN_CONTEXT ( 'detailed design', #1619, 'design' ) ;
#1346 = DIRECTION ( 'NONE',  ( 0.000000000000000000, 0.000000000000000000, 1.000000000000000000 ) ) ;
#1347 = EDGE_CURVE ( 'NONE', #818, #385, #1556, .T. ) ;
#1348 = CARTESIAN_POINT ( 'NONE',  ( 0.000000000000000000, 0.000000000000000000, -45.10000000000000142 ) ) ;
#1349 = ORIENTED_EDGE ( 'NONE', *, *, #1826, .F. ) ;
#1350 = DIRECTION ( 'NONE',  ( 0.000000000000000000, 0.000000000000000000, 1.000000000000000000 ) ) ;
#1351 = AXIS2_PLACEMENT_3D ( 'NONE', #356, #470, #801 ) ;
#1352 = AXIS2_PLACEMENT_3D ( 'NONE', #595, #755, #903 ) ;
#1353 = ORIENTED_EDGE ( 'NONE', *, *, #980, .T. ) ;
#1354 = DIRECTION ( 'NONE',  ( -0.6123724356957971349, 0.3535533905932755072, -0.7071067811865443531 ) ) ;
#1355 = CIRCLE ( 'NONE', #237, 6.870000000000000107 ) ;
#1356 = FACE_BOUND ( 'NONE', #637, .T. ) ;
#1357 = AXIS2_PLACEMENT_3D ( 'NONE', #1380, #162, #1805 ) ;
#1358 = CONICAL_SURFACE ( 'NONE', #1091, 6.369999999999997442, 0.7853981633974439491 ) ;
#1359 = DIRECTION ( 'NONE',  ( -1.000000000000000000, 1.224646799147353454E-16, 0.000000000000000000 ) ) ;
#1360 = VECTOR ( 'NONE', #293, 1000.000000000000000 ) ;
#1361 = LINE ( 'NONE', #1926, #813 ) ;
#1362 = ORIENTED_EDGE ( 'NONE', *, *, #1004, .T. ) ;
#1363 = EDGE_CURVE ( 'NONE', #179, #845, #650, .T. ) ;
#1364 = EDGE_CURVE ( 'NONE', #91, #1153, #342, .T. ) ;
#1365 = DIRECTION ( 'NONE',  ( -1.000000000000000000, 0.000000000000000000, 0.000000000000000000 ) ) ;
#1366 = EDGE_LOOP ( 'NONE', ( #1046, #220, #1029, #448 ) ) ;
#1367 = DIRECTION ( 'NONE',  ( -0.000000000000000000, -0.000000000000000000, 1.000000000000000000 ) ) ;
#1368 = CARTESIAN_POINT ( 'NONE',  ( 0.000000000000000000, 0.000000000000000000, -45.10000000000000142 ) ) ;
#1369 = FACE_OUTER_BOUND ( 'NONE', #783, .T. ) ;
#1370 = EDGE_LOOP ( 'NONE', ( #1242, #622, #613, #1488 ) ) ;
#1371 = CARTESIAN_POINT ( 'NONE',  ( 0.000000000000000000, 0.000000000000000000, -0.2500000000000036637 ) ) ;
#1372 = ORIENTED_EDGE ( 'NONE', *, *, #1794, .T. ) ;
#1373 = CYLINDRICAL_SURFACE ( 'NONE', #1351, 6.870000000000000107 ) ;
#1374 = EDGE_CURVE ( 'NONE', #1431, #1688, #1260, .T. ) ;
#1375 = VERTEX_POINT ( 'NONE', #1742 ) ;
#1376 = CARTESIAN_POINT ( 'NONE',  ( 4.177938874961809823, -5.453597597648991879, -10.86999999999997968 ) ) ;
#1377 = CARTESIAN_POINT ( 'NONE',  ( -6.378910797170493474, -0.6414024023510107586, -45.10000000000000142 ) ) ;
#1378 = EDGE_LOOP ( 'NONE', ( #608, #577, #103, #1333 ) ) ;
#1379 = B_SPLINE_CURVE_WITH_KNOTS ( 'NONE', 3,
 ( #442, #291, #1344, #758, #1506, #155, #1917, #889, #1336, #1178, #1492, #579, #1464, #1757 ),
 .UNSPECIFIED., .F., .F.,
 ( 4, 2, 2, 2, 2, 2, 4 ),
 ( 0.006615087336724664174, 0.007963059054995962407, 0.008637044914131612391, 0.009311030773267262375, 0.01065900249153856234, 0.01133298835067421233, 0.01200697420980986231 ),
 .UNSPECIFIED. ) ;
#1380 = CARTESIAN_POINT ( 'NONE',  ( -6.919644467784627471E-16, -5.844999999999997087, -45.10000000000000142 ) ) ;
#1381 = EDGE_LOOP ( 'NONE', ( #1630, #463, #831, #639 ) ) ;
#1382 = DIRECTION ( 'NONE',  ( 0.4999999999999999445, -0.8660254037844385966, 0.000000000000000000 ) ) ;
#1383 = CIRCLE ( 'NONE', #1682, 1.699999999999999289 ) ;
#1384 = CONICAL_SURFACE ( 'NONE', #875, 10.75000000000000178, 0.7853981633974415066 ) ;
#1385 = EDGE_LOOP ( 'NONE', ( #1482, #1117, #1266, #61 ) ) ;
#1386 = CARTESIAN_POINT ( 'NONE',  ( -8.673617379884035472E-16, 7.999999999999998224, 0.000000000000000000 ) ) ;
#1387 = VECTOR ( 'NONE', #411, 1000.000000000000000 ) ;
#1388 = CONICAL_SURFACE ( 'NONE', #1200, 3.999999999999996447, 0.7853981633974466137 ) ;
#1389 = DIRECTION ( 'NONE',  ( 1.000000000000000000, 0.000000000000000000, 0.000000000000000000 ) ) ;
#1390 = DIRECTION ( 'NONE',  ( 0.000000000000000000, 0.000000000000000000, -1.000000000000000000 ) ) ;
#1391 = ORIENTED_EDGE ( 'NONE', *, *, #398, .T. ) ;
#1392 = CARTESIAN_POINT ( 'NONE',  ( -4.177938874961810711, -5.453597597648989215, -10.86999999999997968 ) ) ;
#1393 = EDGE_LOOP ( 'NONE', ( #1048, #1740, #937, #1349 ) ) ;
#1394 = CARTESIAN_POINT ( 'NONE',  ( -6.928203230275510549, 4.000000000000002665, 0.000000000000000000 ) ) ;
#1395 =( LENGTH_UNIT ( ) NAMED_UNIT ( * ) SI_UNIT ( .MILLI., .METRE. ) );
#1396 = VERTEX_POINT ( 'NONE', #1135 ) ;
#1397 = EDGE_CURVE ( 'NONE', #21, #1231, #1659, .T. ) ;
#1398 = CARTESIAN_POINT ( 'NONE',  ( -5.044305242893491581, -3.953007030422403201, -10.39427934356888095 ) ) ;
#1399 = VERTEX_POINT ( 'NONE', #1430 ) ;
#1400 = DIRECTION ( 'NONE',  ( 1.000000000000000000, 0.000000000000000000, 0.000000000000000000 ) ) ;
#1401 = ORIENTED_EDGE ( 'NONE', *, *, #73, .F. ) ;
#1402 = CARTESIAN_POINT ( 'NONE',  ( -3.744926173069581310, 5.203597597648994544, -45.10000000000000142 ) ) ;
#1403 = EDGE_CURVE ( 'NONE', #1099, #44, #684, .T. ) ;
#1404 = DIRECTION ( 'NONE',  ( -0.000000000000000000, -0.000000000000000000, -1.000000000000000000 ) ) ;
#1405 = ORIENTED_EDGE ( 'NONE', *, *, #715, .T. ) ;
#1406 = CARTESIAN_POINT ( 'NONE',  ( 4.177938874961810711, 5.453597597648990991, -44.59999999999999432 ) ) ;
#1407 = VERTEX_POINT ( 'NONE', #74 ) ;
#1408 = FACE_OUTER_BOUND ( 'NONE', #535, .T. ) ;
#1409 = AXIS2_PLACEMENT_3D ( 'NONE', #506, #1838, #1532 ) ;
#1410 = AXIS2_PLACEMENT_3D ( 'NONE', #1371, #1530, #1068 ) ;
#1411 = DIRECTION ( 'NONE',  ( 1.000000000000000000, 0.000000000000000000, 0.000000000000000000 ) ) ;
#1412 = AXIS2_PLACEMENT_3D ( 'NONE', #1076, #171, #772 ) ;
#1413 = CC_DESIGN_PERSON_AND_ORGANIZATION_ASSIGNMENT ( #826, #1713, ( #723 ) ) ;
#1414 = AXIS2_PLACEMENT_3D ( 'NONE', #1440, #1138, #1279 ) ;
#1415 = CARTESIAN_POINT ( 'NONE',  ( -6.928203230275510549, 4.000000000000002665, -3.000000000000000000 ) ) ;
#1416 = AXIS2_PLACEMENT_3D ( 'NONE', #1051, #1898, #1485 ) ;
#1417 = ADVANCED_FACE ( 'NONE', ( #1284 ), #1723, .T. ) ;
#1418 = VERTEX_POINT ( 'NONE', #1170 ) ;
#1419 = DIRECTION ( 'NONE',  ( -1.000000000000000000, 0.000000000000000000, 0.000000000000000000 ) ) ;
#1420 = ORIENTED_EDGE ( 'NONE', *, *, #1695, .T. ) ;
#1421 = CARTESIAN_POINT ( 'NONE',  ( -3.999999999999996447, 0.000000000000000000, 1.750000000000000000 ) ) ;
#1422 = CARTESIAN_POINT ( 'NONE',  ( 0.000000000000000000, 0.000000000000000000, -7.757359312880703683 ) ) ;
#1423 = DIRECTION ( 'NONE',  ( 0.000000000000000000, 0.000000000000000000, 1.000000000000000000 ) ) ;
#1424 = EDGE_LOOP ( 'NONE', ( #859, #1561, #1808, #1106 ) ) ;
#1425 = FACE_OUTER_BOUND ( 'NONE', #995, .T. ) ;
#1426 = ORIENTED_EDGE ( 'NONE', *, *, #1851, .F. ) ;
#1427 = DIRECTION ( 'NONE',  ( 0.000000000000000000, 0.000000000000000000, 1.000000000000000000 ) ) ;
#1428 = ORIENTED_EDGE ( 'NONE', *, *, #1581, .F. ) ;
#1429 = DIRECTION ( 'NONE',  ( -1.000000000000000000, 0.000000000000000000, 0.000000000000000000 ) ) ;
#1430 = CARTESIAN_POINT ( 'NONE',  ( 4.177938874961810711, -5.453597597648992767, -44.59999999999999432 ) ) ;
#1431 = VERTEX_POINT ( 'NONE', #133 ) ;
#1432 = DIRECTION ( 'NONE',  ( -1.000000000000000000, 0.000000000000000000, 0.000000000000000000 ) ) ;
#1433 = ORIENTED_EDGE ( 'NONE', *, *, #1801, .T. ) ;
#1434 = DIRECTION ( 'NONE',  ( 0.000000000000000000, 0.000000000000000000, -1.000000000000000000 ) ) ;
#1435 = ORIENTED_EDGE ( 'NONE', *, *, #387, .T. ) ;
#1436 = CARTESIAN_POINT ( 'NONE',  ( -6.811923499062719323, 0.8914024023510053185, -10.86999999999997613 ) ) ;
#1437 = FACE_OUTER_BOUND ( 'NONE', #321, .T. ) ;
#1438 = APPROVAL_DATE_TIME ( #1316, #542 ) ;
#1439 = ORIENTED_EDGE ( 'NONE', *, *, #507, .F. ) ;
#1440 = CARTESIAN_POINT ( 'NONE',  ( 0.000000000000000000, 0.000000000000000000, -2.750000000000000000 ) ) ;
#1441 = VECTOR ( 'NONE', #1480, 1000.000000000000000 ) ;
#1442 = ORIENTED_EDGE ( 'NONE', *, *, #1189, .T. ) ;
#1443 = CARTESIAN_POINT ( 'NONE',  ( 4.050161719560828821, -5.341451858722265023, -44.76673113206391719 ) ) ;
#1444 = AXIS2_PLACEMENT_3D ( 'NONE', #879, #269, #1633 ) ;
#1445 = ORIENTED_EDGE ( 'NONE', *, *, #1514, .T. ) ;
#1446 = LINE ( 'NONE', #1709, #844 ) ;
#1447 = EDGE_CURVE ( 'NONE', #1216, #455, #49, .T. ) ;
#1448 = CARTESIAN_POINT ( 'NONE',  ( 2.633984624100908611, 6.344999999999999751, -44.59999999999999432 ) ) ;
#1449 = FACE_OUTER_BOUND ( 'NONE', #1305, .T. ) ;
#1450 = CARTESIAN_POINT ( 'NONE',  ( 5.228203230275508595, -4.000000000000001776, -3.000000000000000000 ) ) ;
#1451 = CARTESIAN_POINT ( 'NONE',  ( -4.999999999999997335, 6.123233995736763324E-16, -7.757359312880703683 ) ) ;
#1452 = EDGE_LOOP ( 'NONE', ( #1911, #1055 ) ) ;
#1453 = DIRECTION ( 'NONE',  ( 0.7071067811865463515, 8.659560562354919300E-17, -0.7071067811865487940 ) ) ;
#1454 = VERTEX_POINT ( 'NONE', #906 ) ;
#1455 = DIRECTION ( 'NONE',  ( -1.000000000000000000, 0.000000000000000000, 0.000000000000000000 ) ) ;
#1456 = DIRECTION ( 'NONE',  ( 0.000000000000000000, 0.000000000000000000, -1.000000000000000000 ) ) ;
#1457 = VERTEX_POINT ( 'NONE', #1210 ) ;
#1458 = CARTESIAN_POINT ( 'NONE',  ( 2.600752142964676050, -6.178268867936081321, -44.76673113206391008 ) ) ;
#1459 = PLANE ( 'NONE',  #245 ) ;
#1460 = EDGE_CURVE ( 'NONE', #1557, #701, #1810, .T. ) ;
#1461 = DIRECTION ( 'NONE',  ( -1.000000000000000000, 0.000000000000000000, 0.000000000000000000 ) ) ;
#1462 = ORIENTED_EDGE ( 'NONE', *, *, #711, .F. ) ;
#1463 = PLANE ( 'NONE',  #1508 ) ;
#1464 = CARTESIAN_POINT ( 'NONE',  ( -2.424451929608077982, -6.344999999999999751, -10.78966435290528914 ) ) ;
#1465 = EDGE_LOOP ( 'NONE', ( #478, #1611, #106, #1137 ) ) ;
#1466 = DIRECTION ( 'NONE',  ( -1.000000000000000000, 0.000000000000000000, 0.000000000000000000 ) ) ;
#1467 = DIRECTION ( 'NONE',  ( 1.000000000000000000, 0.000000000000000000, 0.000000000000000000 ) ) ;
#1468 = VECTOR ( 'NONE', #1304, 1000.000000000000000 ) ;
#1469 = AXIS2_PLACEMENT_3D ( 'NONE', #1211, #1774, #899 ) ;
#1470 = EDGE_CURVE ( 'NONE', #818, #1706, #1924, .T. ) ;
#1471 = VECTOR ( 'NONE', #1237, 1000.000000000000000 ) ;
#1472 = CYLINDRICAL_SURFACE ( 'NONE', #461, 2.019299999999997208 ) ;
#1473 = CIRCLE ( 'NONE', #1128, 1.699999999999998401 ) ;
#1474 = ORIENTED_EDGE ( 'NONE', *, *, #243, .T. ) ;
#1475 = FACE_OUTER_BOUND ( 'NONE', #1010, .T. ) ;
#1476 = CIRCLE ( 'NONE', #782, 4.999999999999997335 ) ;
#1477 = CARTESIAN_POINT ( 'NONE',  ( 0.000000000000000000, 0.000000000000000000, -3.000000000000000000 ) ) ;
#1478 = CARTESIAN_POINT ( 'NONE',  ( 4.500000000000000000, 5.510910596163088569E-16, 1.249999999999995337 ) ) ;
#1479 = CARTESIAN_POINT ( 'NONE',  ( 6.928203230275506108, -4.000000000000001776, 0.000000000000000000 ) ) ;
#1480 = DIRECTION ( 'NONE',  ( 0.8571673007021117785, 1.049727191138617956E-16, -0.5150380749100550437 ) ) ;
#1481 = CARTESIAN_POINT ( 'NONE',  ( 0.000000000000000000, 0.000000000000000000, -30.02000000000000313 ) ) ;
#1482 = ORIENTED_EDGE ( 'NONE', *, *, #1039, .T. ) ;
#1483 = LINE ( 'NONE', #131, #1002 ) ;
#1484 = EDGE_CURVE ( 'NONE', #8, #1535, #1379, .T. ) ;
#1485 = DIRECTION ( 'NONE',  ( 1.000000000000000000, 0.000000000000000000, 0.000000000000000000 ) ) ;
#1486 = DIRECTION ( 'NONE',  ( -1.000000000000000000, 0.000000000000000000, 0.000000000000000000 ) ) ;
#1487 = DIRECTION ( 'NONE',  ( 0.000000000000000000, -1.000000000000000000, 0.000000000000000000 ) ) ;
#1488 = ORIENTED_EDGE ( 'NONE', *, *, #546, .F. ) ;
#1489 = FACE_OUTER_BOUND ( 'NONE', #887, .T. ) ;
#1490 = ORIENTED_EDGE ( 'NONE', *, *, #384, .F. ) ;
#1491 = DIRECTION ( 'NONE',  ( -1.000000000000000000, 0.000000000000000000, 0.000000000000000000 ) ) ;
#1492 = CARTESIAN_POINT ( 'NONE',  ( -1.779514094012923042, -6.344999999999999751, -10.58658960411160876 ) ) ;
#1493 = ADVANCED_FACE ( 'NONE', ( #1766 ), #412, .T. ) ;
#1494 = CARTESIAN_POINT ( 'NONE',  ( 0.000000000000000000, 0.000000000000000000, -7.757359312880703683 ) ) ;
#1495 = EDGE_CURVE ( 'NONE', #597, #631, #621, .T. ) ;
#1496 = DIRECTION ( 'NONE',  ( 1.000000000000000000, 0.000000000000000000, 0.000000000000000000 ) ) ;
#1497 = ORIENTED_EDGE ( 'NONE', *, *, #1238, .F. ) ;
#1498 = FACE_BOUND ( 'NONE', #314, .T. ) ;
#1499 = AXIS2_PLACEMENT_3D ( 'NONE', #1225, #1809, #1243 ) ;
#1500 = AXIS2_PLACEMENT_3D ( 'NONE', #1699, #1855, #811 ) ;
#1501 = EDGE_LOOP ( 'NONE', ( #440, #137, #602, #1240 ) ) ;
#1502 = DIRECTION ( 'NONE',  ( -0.000000000000000000, -0.000000000000000000, 1.000000000000000000 ) ) ;
#1503 = AXIS2_PLACEMENT_3D ( 'NONE', #328, #1390, #335 ) ;
#1504 = CIRCLE ( 'NONE', #878, 1.699999999999997513 ) ;
#1505 = B_SPLINE_CURVE_WITH_KNOTS ( 'NONE', 3,
 ( #229, #1885, #829, #1312, #545, #1151, #394, #997 ),
 .UNSPECIFIED., .F., .F.,
 ( 4, 2, 2, 4 ),
 ( 2.440348588026934084E-07, 0.001345008324592223510, 0.002689772614325644604, 0.005379301193792485059 ),
 .UNSPECIFIED. ) ;
#1506 = CARTESIAN_POINT ( 'NONE',  ( 0.8925474742453384236, -6.344999999999999751, -10.40358743801176367 ) ) ;
#1507 = AXIS2_PLACEMENT_3D ( 'NONE', #1577, #705, #674 ) ;
#1508 = AXIS2_PLACEMENT_3D ( 'NONE', #1297, #527, #1879 ) ;
#1509 = LINE ( 'NONE', #134, #589 ) ;
#1510 = CIRCLE ( 'NONE', #652, 3.000000000000000888 ) ;
#1511 = CARTESIAN_POINT ( 'NONE',  ( -8.628203230275508062, 4.000000000000002665, -3.000000000000000000 ) ) ;
#1512 = ORIENTED_EDGE ( 'NONE', *, *, #1302, .T. ) ;
#1513 = CIRCLE ( 'NONE', #1132, 6.870000000000000107 ) ;
#1514 = EDGE_CURVE ( 'NONE', #1457, #190, #529, .T. ) ;
#1515 = DIRECTION ( 'NONE',  ( -0.000000000000000000, -0.000000000000000000, -1.000000000000000000 ) ) ;
#1516 = EDGE_LOOP ( 'NONE', ( #928, #1601 ) ) ;
#1517 = DIRECTION ( 'NONE',  ( -0.000000000000000000, -0.000000000000000000, -1.000000000000000000 ) ) ;
#1518 = ORIENTED_EDGE ( 'NONE', *, *, #850, .T. ) ;
#1519 = DIRECTION ( 'NONE',  ( 0.000000000000000000, 0.000000000000000000, 1.000000000000000000 ) ) ;
#1520 = DIRECTION ( 'NONE',  ( 1.000000000000000000, 0.000000000000000000, 0.000000000000000000 ) ) ;
#1521 = ORIENTED_EDGE ( 'NONE', *, *, #1339, .T. ) ;
#1522 = ADVANCED_FACE ( 'NONE', ( #867 ), #113, .T. ) ;
#1523 = CARTESIAN_POINT ( 'NONE',  ( 0.000000000000000000, 0.000000000000000000, -9.878679656440358059 ) ) ;
#1524 = B_SPLINE_CURVE_WITH_KNOTS ( 'NONE', 3,
 ( #1767, #1787, #443, #452, #1044, #142, #1643, #1376 ),
 .UNSPECIFIED., .F., .F.,
 ( 4, 2, 2, 4 ),
 ( 2.440348588010729814E-07, 0.001345008324592222209, 0.002689772614325643303, 0.005379301193792485059 ),
 .UNSPECIFIED. ) ;
#1525 = EDGE_LOOP ( 'NONE', ( #1518, #1512 ) ) ;
#1526 = DIRECTION ( 'NONE',  ( -0.000000000000000000, -0.000000000000000000, -1.000000000000000000 ) ) ;
#1527 = ORIENTED_EDGE ( 'NONE', *, *, #692, .T. ) ;
#1528 = CYLINDRICAL_SURFACE ( 'NONE', #119, 1.699999999999997513 ) ;
#1529 = CARTESIAN_POINT ( 'NONE',  ( 0.000000000000000000, 0.000000000000000000, -45.10000000000000142 ) ) ;
#1530 = DIRECTION ( 'NONE',  ( -0.000000000000000000, -0.000000000000000000, -1.000000000000000000 ) ) ;
#1531 = EDGE_LOOP ( 'NONE', ( #998, #59, #37, #198, #445, #749, #192, #1342, #382, #226 ) ) ;
#1532 = DIRECTION ( 'NONE',  ( -1.000000000000000000, 0.000000000000000000, 0.000000000000000000 ) ) ;
#1533 = CIRCLE ( 'NONE', #1409, 1.699999999999998401 ) ;
#1534 = CIRCLE ( 'NONE', #1469, 5.878679656440366941 ) ;
#1535 = VERTEX_POINT ( 'NONE', #717 ) ;
#1536 = DIRECTION ( 'NONE',  ( -0.000000000000000000, -0.000000000000000000, -1.000000000000000000 ) ) ;
#1537 = CIRCLE ( 'NONE', #1126, 5.878679656440366941 ) ;
#1538 = EDGE_CURVE ( 'NONE', #1216, #676, #1784, .T. ) ;
#1539 = CIRCLE ( 'NONE', #679, 10.75000000000000178 ) ;
#1540 = AXIS2_PLACEMENT_3D ( 'NONE', #242, #511, #1121 ) ;
#1541 = MECHANICAL_CONTEXT ( 'NONE', #164, 'mechanical' ) ;
#1542 = AXIS2_PLACEMENT_3D ( 'NONE', #1422, #95, #1702 ) ;
#1543 = CONICAL_SURFACE ( 'NONE', #375, 6.369999999999997442, 0.7853981633974439491 ) ;
#1544 = DIRECTION ( 'NONE',  ( -0.000000000000000000, -0.000000000000000000, -1.000000000000000000 ) ) ;
#1545 = ORIENTED_EDGE ( 'NONE', *, *, #978, .T. ) ;
#1546 = DIRECTION ( 'NONE',  ( -0.7071067811865426878, 8.659560562354874926E-17, 0.7071067811865524577 ) ) ;
#1547 = ORIENTED_EDGE ( 'NONE', *, *, #306, .T. ) ;
#1548 = CARTESIAN_POINT ( 'NONE',  ( 5.228203230275506819, 3.999999999999997335, 0.000000000000000000 ) ) ;
#1549 = ORIENTED_EDGE ( 'NONE', *, *, #533, .T. ) ;
#1550 = DIRECTION ( 'NONE',  ( 1.000000000000000000, 0.000000000000000000, 0.000000000000000000 ) ) ;
#1551 = ORIENTED_EDGE ( 'NONE', *, *, #185, .T. ) ;
#1552 = DIRECTION ( 'NONE',  ( -0.000000000000000000, -0.000000000000000000, 1.000000000000000000 ) ) ;
#1553 = VERTEX_POINT ( 'NONE', #728 ) ;
#1554 = CARTESIAN_POINT ( 'NONE',  ( -5.228203230275512148, -3.999999999999997335, -3.000000000000000000 ) ) ;
#1555 = APPROVAL ( #1093, 'UNSPECIFIED' ) ;
#1556 = B_SPLINE_CURVE_WITH_KNOTS ( 'NONE', 3,
 ( #1448, #63, #816, #253 ),
 .UNSPECIFIED., .F., .F.,
 ( 4, 4 ),
 ( 0.000000000000000000, 0.0007143713651945479909 ),
 .UNSPECIFIED. ) ;
#1557 = VERTEX_POINT ( 'NONE', #1328 ) ;
#1558 = ADVANCED_FACE ( 'NONE', ( #125, #586, #1909, #283, #1043, #1642, #141, #1356 ), #1939, .F. ) ;
#1559 = CARTESIAN_POINT ( 'NONE',  ( 6.928203230275505220, 3.999999999999997335, -3.000000000000000000 ) ) ;
#1560 = PRODUCT_DEFINITION_SHAPE ( 'NONE', 'NONE',  #1892 ) ;
#1561 = ORIENTED_EDGE ( 'NONE', *, *, #135, .T. ) ;
#1562 = CARTESIAN_POINT ( 'NONE',  ( 4.177938874961810711, -5.453597597648992767, -44.59999999999999432 ) ) ;
#1563 = EDGE_LOOP ( 'NONE', ( #628, #1620, #902, #918 ) ) ;
#1564 = DIRECTION ( 'NONE',  ( -1.000000000000000000, 0.000000000000000000, 0.000000000000000000 ) ) ;
#1565 = CIRCLE ( 'NONE', #1806, 1.699999999999997513 ) ;
#1566 = DIRECTION ( 'NONE',  ( -1.000000000000000000, 0.000000000000000000, 0.000000000000000000 ) ) ;
#1567 = PERSON_AND_ORGANIZATION ( #1720, #1785 ) ;
#1568 = ORIENTED_EDGE ( 'NONE', *, *, #808, .F. ) ;
#1569 = VECTOR ( 'NONE', #1847, 1000.000000000000000 ) ;
#1570 = AXIS2_PLACEMENT_3D ( 'NONE', #1592, #399, #105 ) ;
#1571 = LINE ( 'NONE', #354, #1258 ) ;
#1572 = PRODUCT_DEFINITION_FORMATION_WITH_SPECIFIED_SOURCE ( 'ANY', '', #1267, .NOT_KNOWN. ) ;
#1573 = ORIENTED_EDGE ( 'NONE', *, *, #978, .F. ) ;
#1574 = CARTESIAN_POINT ( 'NONE',  ( 0.000000000000000000, 0.000000000000000000, -10.87499999999998046 ) ) ;
#1575 = ORIENTED_EDGE ( 'NONE', *, *, #1484, .F. ) ;
#1576 = CARTESIAN_POINT ( 'NONE',  ( 6.811923499062717546, 0.8914024023510113137, -10.86999999999997968 ) ) ;
#1577 = CARTESIAN_POINT ( 'NONE',  ( -6.928203230275510549, -3.999999999999997335, 0.000000000000000000 ) ) ;
#1578 = DATE_AND_TIME ( #503, #655 ) ;
#1579 = ORIENTED_EDGE ( 'NONE', *, *, #1191, .T. ) ;
#1580 = FACE_OUTER_BOUND ( 'NONE', #1501, .T. ) ;
#1581 = EDGE_CURVE ( 'NONE', #1399, #972, #892, .T. ) ;
#1582 = ORIENTED_EDGE ( 'NONE', *, *, #185, .F. ) ;
#1583 = CARTESIAN_POINT ( 'NONE',  ( 0.000000000000000000, 0.000000000000000000, -7.757359312880703683 ) ) ;
#1584 = ORIENTED_EDGE ( 'NONE', *, *, #1215, .T. ) ;
#1585 = CYLINDRICAL_SURFACE ( 'NONE', #1197, 1.699999999999998401 ) ;
#1586 = LINE ( 'NONE', #1859, #1843 ) ;
#1587 = ORIENTED_EDGE ( 'NONE', *, *, #1189, .F. ) ;
#1588 = LINE ( 'NONE', #819, #847 ) ;
#1589 = DIRECTION ( 'NONE',  ( -0.000000000000000000, -0.000000000000000000, -1.000000000000000000 ) ) ;
#1590 = ORIENTED_EDGE ( 'NONE', *, *, #988, .T. ) ;
#1591 = DIRECTION ( 'NONE',  ( 0.000000000000000000, 0.000000000000000000, -1.000000000000000000 ) ) ;
#1592 = CARTESIAN_POINT ( 'NONE',  ( 0.000000000000000000, 0.000000000000000000, -10.86999999999997968 ) ) ;
#1593 = COORDINATED_UNIVERSAL_TIME_OFFSET ( 6, 0, .BEHIND. ) ;
#1594 = EDGE_CURVE ( 'NONE', #385, #484, #1131, .T. ) ;
#1595 = EDGE_LOOP ( 'NONE', ( #251, #800, #1750, #1140 ) ) ;
#1596 = CIRCLE ( 'NONE', #1837, 1.699999999999997513 ) ;
#1597 = DIRECTION ( 'NONE',  ( 0.7071067811865574537, 8.659560562355054885E-17, -0.7071067811865376918 ) ) ;
#1598 = LINE ( 'NONE', #543, #1569 ) ;
#1599 = VECTOR ( 'NONE', #1536, 1000.000000000000000 ) ;
#1600 = AXIS2_PLACEMENT_3D ( 'NONE', #1144, #1868, #1712 ) ;
#1601 = ORIENTED_EDGE ( 'NONE', *, *, #1026, .F. ) ;
#1602 = CARTESIAN_POINT ( 'NONE',  ( 10.74999999999998934, 1.331803394072745919E-15, 0.000000000000000000 ) ) ;
#1603 = VECTOR ( 'NONE', #136, 1000.000000000000000 ) ;
#1604 = ORIENTED_EDGE ( 'NONE', *, *, #1335, .F. ) ;
#1605 = DIRECTION ( 'NONE',  ( -1.000000000000000000, 0.000000000000000000, 0.000000000000000000 ) ) ;
#1606 = CARTESIAN_POINT ( 'NONE',  ( -2.566904008909786761, 6.011598363819054214, -44.93340163618093897 ) ) ;
#1607 = EDGE_CURVE ( 'NONE', #1150, #984, #1190, .T. ) ;
#1608 = DIRECTION ( 'NONE',  ( -0.000000000000000000, -0.000000000000000000, 1.000000000000000000 ) ) ;
#1609 = DIRECTION ( 'NONE',  ( 0.000000000000000000, 0.000000000000000000, -1.000000000000000000 ) ) ;
#1610 = DIRECTION ( 'NONE',  ( -1.000000000000000000, 0.000000000000000000, -0.000000000000000000 ) ) ;
#1611 = ORIENTED_EDGE ( 'NONE', *, *, #98, .T. ) ;
#1612 = DIRECTION ( 'NONE',  ( -1.000000000000000000, -1.243449787580175325E-14, 0.000000000000000000 ) ) ;
#1613 = DIRECTION ( 'NONE',  ( 1.000000000000000000, 0.000000000000000000, 0.000000000000000000 ) ) ;
#1614 = EDGE_LOOP ( 'NONE', ( #362, #68, #228, #209, #1362 ) ) ;
#1615 = LINE ( 'NONE', #1775, #213 ) ;
#1616 = DIRECTION ( 'NONE',  ( -0.000000000000000000, -0.000000000000000000, 1.000000000000000000 ) ) ;
#1617 = EDGE_CURVE ( 'NONE', #1927, #1020, #1181, .T. ) ;
#1618 = CARTESIAN_POINT ( 'NONE',  ( 0.000000000000000000, 0.000000000000000000, -7.757359312880703683 ) ) ;
#1619 = APPLICATION_CONTEXT ( 'configuration controlled 3d designs of mechanical parts and assemblies' ) ;
#1620 = ORIENTED_EDGE ( 'NONE', *, *, #1004, .F. ) ;
#1621 = CARTESIAN_POINT ( 'NONE',  ( -6.811923499062717546, -0.8914024023510135342, -44.59999999999999432 ) ) ;
#1622 = DIRECTION ( 'NONE',  ( 1.000000000000000000, 0.000000000000000000, 0.000000000000000000 ) ) ;
#1623 = DIRECTION ( 'NONE',  ( 0.000000000000000000, 0.000000000000000000, -1.000000000000000000 ) ) ;
#1624 = DIRECTION ( 'NONE',  ( -1.000000000000000000, 0.000000000000000000, 0.000000000000000000 ) ) ;
#1625 = CARTESIAN_POINT ( 'NONE',  ( 6.928203230275506108, -4.000000000000001776, 0.000000000000000000 ) ) ;
#1626 = AXIS2_PLACEMENT_3D ( 'NONE', #1368, #1919, #1486 ) ;
#1627 = CIRCLE ( 'NONE', #1870, 1.699999999999997513 ) ;
#1628 = CARTESIAN_POINT ( 'NONE',  ( 6.928203230275506108, -4.000000000000001776, -3.000000000000000000 ) ) ;
#1629 = AXIS2_PLACEMENT_3D ( 'NONE', #416, #567, #1746 ) ;
#1630 = ORIENTED_EDGE ( 'NONE', *, *, #2, .T. ) ;
#1631 = DIRECTION ( 'NONE',  ( -1.000000000000000000, 0.000000000000000000, 0.000000000000000000 ) ) ;
#1632 = AXIS2_PLACEMENT_3D ( 'NONE', #1036, #1901, #1635 ) ;
#1633 = DIRECTION ( 'NONE',  ( -1.000000000000000000, 0.000000000000000000, 0.000000000000000000 ) ) ;
#1634 = CARTESIAN_POINT ( 'NONE',  ( 6.369999999999997442, 0.000000000000000000, -45.10000000000000142 ) ) ;
#1635 = DIRECTION ( 'NONE',  ( -1.000000000000000000, 0.000000000000000000, 0.000000000000000000 ) ) ;
#1636 = VERTEX_POINT ( 'NONE', #1882 ) ;
#1637 = FACE_OUTER_BOUND ( 'NONE', #1129, .T. ) ;
#1638 = EDGE_CURVE ( 'NONE', #1150, #697, #721, .T. ) ;
#1639 = ORIENTED_EDGE ( 'NONE', *, *, #460, .T. ) ;
#1640 = CARTESIAN_POINT ( 'NONE',  ( -0.4440581901452420044, 6.344999999999999751, -10.35660906134043913 ) ) ;
#1641 = ADVANCED_FACE ( 'NONE', ( #422 ), #690, .F. ) ;
#1642 = FACE_BOUND ( 'NONE', #1525, .T. ) ;
#1643 = CARTESIAN_POINT ( 'NONE',  ( 4.601835843476812293, -4.719386511006581131, -10.54495251898935670 ) ) ;
#1644 = DIRECTION ( 'NONE',  ( -1.000000000000000000, 1.183857051802332166E-16, 0.000000000000000000 ) ) ;
#1645 = ORIENTED_EDGE ( 'NONE', *, *, #795, .T. ) ;
#1646 = CARTESIAN_POINT ( 'NONE',  ( 2.633984624100908611, 6.344999999999999751, -44.59999999999999432 ) ) ;
#1647 = ORIENTED_EDGE ( 'NONE', *, *, #1347, .F. ) ;
#1648 = CARTESIAN_POINT ( 'NONE',  ( -2.633984624100909500, -6.344999999999999751, -44.59999999999999432 ) ) ;
#1649 = CARTESIAN_POINT ( 'NONE',  ( -4.177938874961805382, 5.453597597648997208, -44.59999999999999432 ) ) ;
#1650 = CARTESIAN_POINT ( 'NONE',  ( -2.532365494947420803, 5.844999999999971330, -45.10000000000000142 ) ) ;
#1651 = CARTESIAN_POINT ( 'NONE',  ( 2.532365494947419027, -5.844999999999972218, -45.10000000000000142 ) ) ;
#1652 = EDGE_LOOP ( 'NONE', ( #865, #350, #1082, #953 ) ) ;
#1653 = CARTESIAN_POINT ( 'NONE',  ( -6.875000000000000000, 0.000000000000000000, -10.87499999999998046 ) ) ;
#1654 = CIRCLE ( 'NONE', #366, 11.00000000000000000 ) ;
#1655 = ORIENTED_EDGE ( 'NONE', *, *, #546, .T. ) ;
#1656 = CARTESIAN_POINT ( 'NONE',  ( -1.118465495612053662, 6.344999999999999751, -10.43917043250884724 ) ) ;
#1657 = CIRCLE ( 'NONE', #86, 6.870000000000000107 ) ;
#1658 = CIRCLE ( 'NONE', #372, 6.369999999999997442 ) ;
#1659 = CIRCLE ( 'NONE', #1813, 4.500000000000000000 ) ;
#1660 = CARTESIAN_POINT ( 'NONE',  ( 0.000000000000000000, 0.000000000000000000, -10.86999999999997968 ) ) ;
#1661 = EDGE_CURVE ( 'NONE', #1399, #167, #1301, .T. ) ;
#1662 = CARTESIAN_POINT ( 'NONE',  ( 6.328101232593750680, 0.7294071497083812750, -45.10000000000000142 ) ) ;
#1663 = EDGE_LOOP ( 'NONE', ( #17, #55 ) ) ;
#1664 = CARTESIAN_POINT ( 'NONE',  ( 0.000000000000000000, 0.000000000000000000, 0.000000000000000000 ) ) ;
#1665 = ORIENTED_EDGE ( 'NONE', *, *, #1149, .F. ) ;
#1666 = CARTESIAN_POINT ( 'NONE',  ( 8.628203230275504509, -4.000000000000001776, -3.000000000000000000 ) ) ;
#1667 = ORIENTED_EDGE ( 'NONE', *, *, #643, .F. ) ;
#1668 = LINE ( 'NONE', #502, #1714 ) ;
#1669 = CARTESIAN_POINT ( 'NONE',  ( 6.650913862525505316, 0.8368170092138140781, -44.76673113206391719 ) ) ;
#1670 = EDGE_LOOP ( 'NONE', ( #904, #139 ) ) ;
#1671 = EDGE_CURVE ( 'NONE', #331, #1099, #1066, .T. ) ;
#1672 = DIRECTION ( 'NONE',  ( 0.000000000000000000, -1.000000000000000000, 0.000000000000000000 ) ) ;
#1673 = VERTEX_POINT ( 'NONE', #1318 ) ;
#1674 = DIRECTION ( 'NONE',  ( 0.000000000000000000, 0.7071067811865505703, -0.7071067811865444641 ) ) ;
#1675 = DIRECTION ( 'NONE',  ( -0.7071067811865463515, 0.000000000000000000, -0.7071067811865487940 ) ) ;
#1676 = PLANE ( 'NONE',  #848 ) ;
#1677 = ORIENTED_EDGE ( 'NONE', *, *, #1495, .T. ) ;
#1678 = DIRECTION ( 'NONE',  ( 0.000000000000000000, -0.000000000000000000, -1.000000000000000000 ) ) ;
#1679 = EDGE_CURVE ( 'NONE', #455, #254, #992, .T. ) ;
#1680 = ORIENTED_EDGE ( 'NONE', *, *, #1101, .T. ) ;
#1681 = DIRECTION ( 'NONE',  ( -1.000000000000000000, -1.776356839400250465E-15, 0.000000000000000000 ) ) ;
#1682 = AXIS2_PLACEMENT_3D ( 'NONE', #102, #1589, #678 ) ;
#1683 = ORIENTED_EDGE ( 'NONE', *, *, #1271, .T. ) ;
#1684 = DIRECTION ( 'NONE',  ( -1.000000000000000000, 0.000000000000000000, 0.000000000000000000 ) ) ;
#1685 = AXIS2_PLACEMENT_3D ( 'NONE', #239, #1897, #1605 ) ;
#1686 = CONICAL_SURFACE ( 'NONE', #1229, 11.00000000000000000, 0.7853981633974621568 ) ;
#1687 = CARTESIAN_POINT ( 'NONE',  ( -2.019299999999997208, 0.000000000000000000, -45.10000000000000142 ) ) ;
#1688 = VERTEX_POINT ( 'NONE', #1330 ) ;
#1689 = AXIS2_PLACEMENT_3D ( 'NONE', #1477, #1012, #1613 ) ;
#1690 = DIRECTION ( 'NONE',  ( 0.000000000000000000, 0.000000000000000000, 1.000000000000000000 ) ) ;
#1691 = EDGE_LOOP ( 'NONE', ( #1204, #1922, #1698, #365 ) ) ;
#1692 = CARTESIAN_POINT ( 'NONE',  ( 3.744926173069586195, -5.203597597648990103, -45.10000000000000142 ) ) ;
#1693 = EDGE_CURVE ( 'NONE', #550, #1099, #1615, .T. ) ;
#1694 = ORIENTED_EDGE ( 'NONE', *, *, #181, .T. ) ;
#1695 = EDGE_CURVE ( 'NONE', #167, #8, #23, .T. ) ;
#1696 = LINE ( 'NONE', #1402, #401 ) ;
#1697 = DIRECTION ( 'NONE',  ( -0.000000000000000000, -0.000000000000000000, -1.000000000000000000 ) ) ;
#1698 = ORIENTED_EDGE ( 'NONE', *, *, #1271, .F. ) ;
#1699 = CARTESIAN_POINT ( 'NONE',  ( 0.000000000000000000, 0.000000000000000000, 0.000000000000000000 ) ) ;
#1700 = VERTEX_POINT ( 'NONE', #1735 ) ;
#1701 = DIRECTION ( 'NONE',  ( 1.000000000000000000, 0.000000000000000000, 0.000000000000000000 ) ) ;
#1702 = DIRECTION ( 'NONE',  ( 1.000000000000000000, 0.000000000000000000, 0.000000000000000000 ) ) ;
#1703 = DATE_AND_TIME ( #1276, #1876 ) ;
#1704 = EDGE_CURVE ( 'NONE', #791, #1087, #247, .T. ) ;
#1705 = DIRECTION ( 'NONE',  ( -1.000000000000000000, 0.000000000000000000, 0.000000000000000000 ) ) ;
#1706 = VERTEX_POINT ( 'NONE', #551 ) ;
#1707 = DIRECTION ( 'NONE',  ( -1.000000000000000000, 0.000000000000000000, 0.000000000000000000 ) ) ;
#1708 = VERTEX_POINT ( 'NONE', #1745 ) ;
#1709 = CARTESIAN_POINT ( 'NONE',  ( -5.228203230275513036, -3.999999999999997335, -3.000000000000000000 ) ) ;
#1710 = CIRCLE ( 'NONE', #874, 4.999999999999997335 ) ;
#1711 = VECTOR ( 'NONE', #300, 1000.000000000000000 ) ;
#1712 = DIRECTION ( 'NONE',  ( -1.000000000000000000, 0.000000000000000000, 0.000000000000000000 ) ) ;
#1713 = PERSON_AND_ORGANIZATION_ROLE ( 'classification_officer' ) ;
#1714 = VECTOR ( 'NONE', #193, 1000.000000000000000 ) ;
#1715 = EDGE_CURVE ( 'NONE', #254, #591, #405, .T. ) ;
#1716 = AXIS2_PLACEMENT_3D ( 'NONE', #724, #575, #1467 ) ;
#1717 = DIRECTION ( 'NONE',  ( -0.000000000000000000, -0.000000000000000000, -1.000000000000000000 ) ) ;
#1718 = ORIENTED_EDGE ( 'NONE', *, *, #1179, .F. ) ;
#1719 = CARTESIAN_POINT ( 'NONE',  ( 4.177938874961810711, 5.453597597648990991, -45.10000000000000142 ) ) ;
#1720 = PERSON ( 'UNSPECIFIED', 'UNSPECIFIED', 'UNSPECIFIED', ('UNSPECIFIED'), ('UNSPECIFIED'), ('UNSPECIFIED') ) ;
#1721 = ORIENTED_EDGE ( 'NONE', *, *, #1273, .T. ) ;
#1722 = DIRECTION ( 'NONE',  ( -1.000000000000000000, 0.000000000000000000, 0.000000000000000000 ) ) ;
#1723 = CYLINDRICAL_SURFACE ( 'NONE', #1416, 6.870000000000000107 ) ;
#1724 = PERSON_AND_ORGANIZATION ( #1720, #1785 ) ;
#1725 = ORIENTED_EDGE ( 'NONE', *, *, #581, .T. ) ;
#1726 = DIRECTION ( 'NONE',  ( -0.000000000000000000, -0.000000000000000000, 1.000000000000000000 ) ) ;
#1727 = ORIENTED_EDGE ( 'NONE', *, *, #1729, .T. ) ;
#1728 = LINE ( 'NONE', #60, #523 ) ;
#1729 = EDGE_CURVE ( 'NONE', #895, #1700, #1476, .T. ) ;
#1730 = ORIENTED_EDGE ( 'NONE', *, *, #572, .T. ) ;
#1731 = CARTESIAN_POINT ( 'NONE',  ( 0.000000000000000000, 0.000000000000000000, -45.10000000000000142 ) ) ;
#1732 = LINE ( 'NONE', #373, #1001 ) ;
#1733 = ORIENTED_EDGE ( 'NONE', *, *, #1729, .F. ) ;
#1734 = B_SPLINE_CURVE_WITH_KNOTS ( 'NONE', 3,
 ( #1156, #685, #1606, #1298 ),
 .UNSPECIFIED., .F., .F.,
 ( 4, 4 ),
 ( 0.000000000000000000, 0.0007143713651945668560 ),
 .UNSPECIFIED. ) ;
#1735 = CARTESIAN_POINT ( 'NONE',  ( 4.999999999999997335, 0.000000000000000000, -3.000000000000000000 ) ) ;
#1736 = CARTESIAN_POINT ( 'NONE',  ( -6.928203230275510549, 4.000000000000002665, -3.000000000000000000 ) ) ;
#1737 = ORIENTED_EDGE ( 'NONE', *, *, #387, .F. ) ;
#1738 = DIRECTION ( 'NONE',  ( 0.000000000000000000, 0.000000000000000000, -1.000000000000000000 ) ) ;
#1739 = EDGE_CURVE ( 'NONE', #1853, #1454, #1053, .T. ) ;
#1740 = ORIENTED_EDGE ( 'NONE', *, *, #1679, .F. ) ;
#1741 = CARTESIAN_POINT ( 'NONE',  ( 0.000000000000000000, 0.000000000000000000, -3.000000000000000000 ) ) ;
#1742 = CARTESIAN_POINT ( 'NONE',  ( 4.177938874961810711, 5.453597597648990991, -10.86999999999997968 ) ) ;
#1743 = ORIENTED_EDGE ( 'NONE', *, *, #1363, .F. ) ;
#1744 = CONICAL_SURFACE ( 'NONE', #1929, 6.875000000000000000, 0.7853981633974538301 ) ;
#1745 = CARTESIAN_POINT ( 'NONE',  ( -8.628203230275508062, -3.999999999999997335, 0.000000000000000000 ) ) ;
#1746 = DIRECTION ( 'NONE',  ( 1.000000000000000000, 0.000000000000000000, 0.000000000000000000 ) ) ;
#1747 = AXIS2_PLACEMENT_3D ( 'NONE', #421, #270, #815 ) ;
#1748 = AXIS2_PLACEMENT_3D ( 'NONE', #530, #1456, #381 ) ;
#1749 = AXIS2_PLACEMENT_3D ( 'NONE', #734, #1343, #585 ) ;
#1750 = ORIENTED_EDGE ( 'NONE', *, *, #980, .F. ) ;
#1751 = DIRECTION ( 'NONE',  ( 0.000000000000000000, 0.000000000000000000, 1.000000000000000000 ) ) ;
#1752 = VECTOR ( 'NONE', #761, 1000.000000000000114 ) ;
#1753 = CC_DESIGN_APPROVAL ( #922, ( #1572 ) ) ;
#1754 = ORIENTED_EDGE ( 'NONE', *, *, #1875, .T. ) ;
#1755 = FACE_OUTER_BOUND ( 'NONE', #1195, .T. ) ;
#1756 = EDGE_CURVE ( 'NONE', #1636, #662, #56, .T. ) ;
#1757 = CARTESIAN_POINT ( 'NONE',  ( -2.633984624100909500, -6.344999999999999751, -10.86999999999997968 ) ) ;
#1758 = EDGE_CURVE ( 'NONE', #1142, #676, #160, .T. ) ;
#1759 = ORIENTED_EDGE ( 'NONE', *, *, #1050, .F. ) ;
#1760 = ADVANCED_FACE ( 'NONE', ( #1761 ), #1676, .T. ) ;
#1761 = FACE_OUTER_BOUND ( 'NONE', #1296, .T. ) ;
#1762 = LINE ( 'NONE', #1913, #1096 ) ;
#1763 = DIRECTION ( 'NONE',  ( -0.000000000000000000, -0.000000000000000000, -1.000000000000000000 ) ) ;
#1764 = ORIENTED_EDGE ( 'NONE', *, *, #196, .F. ) ;
#1765 = CARTESIAN_POINT ( 'NONE',  ( -2.213688493911067035, 6.344999999999999751, -10.70885683486327267 ) ) ;
#1766 = FACE_OUTER_BOUND ( 'NONE', #352, .T. ) ;
#1767 = CARTESIAN_POINT ( 'NONE',  ( 6.811923499062716658, -0.8914024023510105366, -10.86999999999997968 ) ) ;
#1768 = CARTESIAN_POINT ( 'NONE',  ( 11.00000000000000000, 1.347111479062088405E-15, -0.2500000000000036637 ) ) ;
#1769 = DIRECTION ( 'NONE',  ( -0.000000000000000000, -0.000000000000000000, -1.000000000000000000 ) ) ;
#1770 = DIRECTION ( 'NONE',  ( 0.000000000000000000, 0.000000000000000000, -1.000000000000000000 ) ) ;
#1771 = ORIENTED_EDGE ( 'NONE', *, *, #1335, .T. ) ;
#1772 = CARTESIAN_POINT ( 'NONE',  ( -2.532365494947419027, -5.844999999999997087, -45.10000000000000142 ) ) ;
#1773 = CARTESIAN_POINT ( 'NONE',  ( -6.328101232593750680, -0.7294071497083811639, -45.10000000000000142 ) ) ;
#1774 = DIRECTION ( 'NONE',  ( 0.000000000000000000, 0.000000000000000000, -1.000000000000000000 ) ) ;
#1775 = CARTESIAN_POINT ( 'NONE',  ( 6.875000000000000000, 8.419446744138053269E-16, -10.87499999999998046 ) ) ;
#1776 = EDGE_CURVE ( 'NONE', #733, #206, #153, .T. ) ;
#1777 = ADVANCED_FACE ( 'NONE', ( #930 ), #748, .F. ) ;
#1778 = AXIS2_PLACEMENT_3D ( 'NONE', #939, #931, #630 ) ;
#1779 = AXIS2_PLACEMENT_3D ( 'NONE', #104, #1011, #1612 ) ;
#1780 = CARTESIAN_POINT ( 'NONE',  ( -6.928203230275510549, -3.999999999999997335, 0.000000000000000000 ) ) ;
#1781 = CIRCLE ( 'NONE', #1507, 1.699999999999997513 ) ;
#1782 = ORIENTED_EDGE ( 'NONE', *, *, #754, .F. ) ;
#1783 = FACE_OUTER_BOUND ( 'NONE', #355, .T. ) ;
#1784 = CIRCLE ( 'NONE', #1444, 6.369999999999997442 ) ;
#1785 = ORGANIZATION ( 'UNSPECIFIED', 'UNSPECIFIED', '' ) ;
#1786 = CARTESIAN_POINT ( 'NONE',  ( -6.489648904871152979, -0.7827951011175301455, -44.93340163618095318 ) ) ;
#1787 = CARTESIAN_POINT ( 'NONE',  ( 6.599822067219404786, -1.258772858661733940, -10.70735897810039639 ) ) ;
#1788 = CARTESIAN_POINT ( 'NONE',  ( 0.000000000000000000, 0.000000000000000000, -3.000000000000000000 ) ) ;
#1789 = ORIENTED_EDGE ( 'NONE', *, *, #82, .F. ) ;
#1790 = DIRECTION ( 'NONE',  ( 0.000000000000000000, 0.000000000000000000, -1.000000000000000000 ) ) ;
#1791 = ADVANCED_FACE ( 'NONE', ( #145 ), #462, .T. ) ;
#1792 = ORIENTED_EDGE ( 'NONE', *, *, #1149, .T. ) ;
#1793 = CARTESIAN_POINT ( 'NONE',  ( 4.500000000000000000, 5.510910596163088569E-16, 0.000000000000000000 ) ) ;
#1794 = EDGE_CURVE ( 'NONE', #1636, #631, #1796, .T. ) ;
#1795 = DIRECTION ( 'NONE',  ( -1.000000000000000000, 0.000000000000000000, 0.000000000000000000 ) ) ;
#1796 = LINE ( 'NONE', #1511, #1360 ) ;
#1797 = ORIENTED_EDGE ( 'NONE', *, *, #955, .T. ) ;
#1798 = CARTESIAN_POINT ( 'NONE',  ( 5.228203230275507707, -4.000000000000001776, -3.000000000000000000 ) ) ;
#1799 = ORIENTED_EDGE ( 'NONE', *, *, #507, .T. ) ;
#1800 = CARTESIAN_POINT ( 'NONE',  ( -2.633984624100909500, -6.344999999999999751, -44.59999999999999432 ) ) ;
#1801 = EDGE_CURVE ( 'NONE', #1673, #893, #1239, .T. ) ;
#1802 = CARTESIAN_POINT ( 'NONE',  ( -1.699999999999998401, 7.999999999999998224, 0.000000000000000000 ) ) ;
#1803 = CARTESIAN_POINT ( 'NONE',  ( 0.000000000000000000, 0.000000000000000000, -30.02000000000000313 ) ) ;
#1804 = ORIENTED_EDGE ( 'NONE', *, *, #808, .T. ) ;
#1805 = DIRECTION ( 'NONE',  ( 1.000000000000000000, -1.183857051802332166E-16, 0.000000000000000000 ) ) ;
#1806 = AXIS2_PLACEMENT_3D ( 'NONE', #1780, #1933, #287 ) ;
#1807 = CIRCLE ( 'NONE', #966, 2.999999999999999112 ) ;
#1808 = ORIENTED_EDGE ( 'NONE', *, *, #1661, .F. ) ;
#1809 = DIRECTION ( 'NONE',  ( 0.000000000000000000, 0.000000000000000000, -1.000000000000000000 ) ) ;
#1810 = B_SPLINE_CURVE_WITH_KNOTS ( 'NONE', 3,
 ( #1649, #451, #559, #298 ),
 .UNSPECIFIED., .F., .F.,
 ( 4, 4 ),
 ( 1.226634733346699349E-18, 0.0007143713651945483162 ),
 .UNSPECIFIED. ) ;
#1811 = CIRCLE ( 'NONE', #1414, 11.00000000000000000 ) ;
#1812 = CIRCLE ( 'NONE', #719, 6.870000000000000107 ) ;
#1813 = AXIS2_PLACEMENT_3D ( 'NONE', #825, #665, #858 ) ;
#1814 = ORIENTED_EDGE ( 'NONE', *, *, #925, .F. ) ;
#1815 = DIRECTION ( 'NONE',  ( 0.000000000000000000, 0.000000000000000000, 1.000000000000000000 ) ) ;
#1816 = EDGE_CURVE ( 'NONE', #91, #550, #1510, .T. ) ;
#1817 = CARTESIAN_POINT ( 'NONE',  ( 2.633984624100908611, 6.344999999999999751, -10.86999999999997968 ) ) ;
#1818 = ORIENTED_EDGE ( 'NONE', *, *, #673, .T. ) ;
#1819 = DIRECTION ( 'NONE',  ( -1.000000000000000000, 0.000000000000000000, 0.000000000000000000 ) ) ;
#1820 = VERTEX_POINT ( 'NONE', #901 ) ;
#1821 = DIRECTION ( 'NONE',  ( 0.000000000000000000, 0.000000000000000000, -1.000000000000000000 ) ) ;
#1822 = EDGE_LOOP ( 'NONE', ( #508, #989, #1804, #653 ) ) ;
#1823 = LINE ( 'NONE', #640, #1599 ) ;
#1824 = CARTESIAN_POINT ( 'NONE',  ( 7.999999999999996447, 0.000000000000000000, -7.757359312880703683 ) ) ;
#1825 = ORIENTED_EDGE ( 'NONE', *, *, #1931, .T. ) ;
#1826 = EDGE_CURVE ( 'NONE', #195, #1216, #1203, .T. ) ;
#1827 = CARTESIAN_POINT ( 'NONE',  ( -1.699999999999998401, 7.999999999999998224, -3.000000000000000000 ) ) ;
#1828 = ORIENTED_EDGE ( 'NONE', *, *, #222, .F. ) ;
#1829 = FACE_OUTER_BOUND ( 'NONE', #231, .T. ) ;
#1830 = EDGE_LOOP ( 'NONE', ( #1077, #1401 ) ) ;
#1831 = CARTESIAN_POINT ( 'NONE',  ( -11.00000000000000000, 0.000000000000000000, -0.2500000000000036637 ) ) ;
#1832 = APPLICATION_PROTOCOL_DEFINITION ( 'international standard', 'config_control_design', 1994, #164 ) ;
#1833 = ADVANCED_FACE ( 'NONE', ( #454 ), #739, .T. ) ;
#1834 = DIRECTION ( 'NONE',  ( -1.000000000000000000, 0.000000000000000000, 0.000000000000000000 ) ) ;
#1835 = ADVANCED_FACE ( 'NONE', ( #1369 ), #346, .T. ) ;
#1836 = ORIENTED_EDGE ( 'NONE', *, *, #1695, .F. ) ;
#1837 = AXIS2_PLACEMENT_3D ( 'NONE', #30, #479, #1235 ) ;
#1838 = DIRECTION ( 'NONE',  ( -0.000000000000000000, -0.000000000000000000, -1.000000000000000000 ) ) ;
#1839 = AXIS2_PLACEMENT_3D ( 'NONE', #792, #173, #1382 ) ;
#1840 = EDGE_LOOP ( 'NONE', ( #1683, #1391, #563, #1551 ) ) ;
#1841 = CYLINDRICAL_SURFACE ( 'NONE', #51, 6.870000000000000107 ) ;
#1842 = CIRCLE ( 'NONE', #911, 6.870000000000000107 ) ;
#1843 = VECTOR ( 'NONE', #81, 1000.000000000000000 ) ;
#1844 = COORDINATED_UNIVERSAL_TIME_OFFSET ( 6, 0, .BEHIND. ) ;
#1845 = EDGE_LOOP ( 'NONE', ( #1497, #986, #1089, #151 ) ) ;
#1846 = AXIS2_PLACEMENT_3D ( 'NONE', #1529, #176, #1389 ) ;
#1847 = DIRECTION ( 'NONE',  ( -0.000000000000000000, -0.000000000000000000, 1.000000000000000000 ) ) ;
#1848 = CARTESIAN_POINT ( 'NONE',  ( -8.673617379884035472E-16, 7.999999999999998224, -3.000000000000000000 ) ) ;
#1849 = EDGE_LOOP ( 'NONE', ( #762, #671, #377, #1825 ) ) ;
#1850 = CARTESIAN_POINT ( 'NONE',  ( -3.795735737646311225, -5.115592850291603710, -45.10000000000000142 ) ) ;
#1851 = EDGE_CURVE ( 'NONE', #1454, #8, #1361, .T. ) ;
#1852 = CARTESIAN_POINT ( 'NONE',  ( 0.000000000000000000, 0.000000000000000000, 1.750000000000000000 ) ) ;
#1853 = VERTEX_POINT ( 'NONE', #1651 ) ;
#1854 = DIRECTION ( 'NONE',  ( -1.000000000000000000, 0.000000000000000000, 0.000000000000000000 ) ) ;
#1855 = DIRECTION ( 'NONE',  ( -0.000000000000000000, -0.000000000000000000, 1.000000000000000000 ) ) ;
#1856 = EDGE_LOOP ( 'NONE', ( #480, #1733 ) ) ;
#1857 = DIRECTION ( 'NONE',  ( -1.000000000000000000, 0.000000000000000000, 0.000000000000000000 ) ) ;
#1858 = ADVANCED_FACE ( 'NONE', ( #1230 ), #1543, .T. ) ;
#1859 = CARTESIAN_POINT ( 'NONE',  ( -2.633984624100909500, -6.344999999999999751, -45.10000000000000142 ) ) ;
#1860 = DIRECTION ( 'NONE',  ( 0.000000000000000000, 0.000000000000000000, 1.000000000000000000 ) ) ;
#1861 = VERTEX_POINT ( 'NONE', #1817 ) ;
#1862 = CARTESIAN_POINT ( 'NONE',  ( 0.000000000000000000, 0.000000000000000000, 0.000000000000000000 ) ) ;
#1863 = ORIENTED_EDGE ( 'NONE', *, *, #673, .F. ) ;
#1864 = DIRECTION ( 'NONE',  ( -0.000000000000000000, -0.000000000000000000, -1.000000000000000000 ) ) ;
#1865 = ORIENTED_EDGE ( 'NONE', *, *, #1218, .F. ) ;
#1866 = DIRECTION ( 'NONE',  ( -0.000000000000000000, -0.000000000000000000, -1.000000000000000000 ) ) ;
#1867 = AXIS2_PLACEMENT_3D ( 'NONE', #121, #1350, #725 ) ;
#1868 = DIRECTION ( 'NONE',  ( 0.000000000000000000, 0.000000000000000000, -1.000000000000000000 ) ) ;
#1869 = DIRECTION ( 'NONE',  ( 0.000000000000000000, 0.000000000000000000, 1.000000000000000000 ) ) ;
#1870 = AXIS2_PLACEMENT_3D ( 'NONE', #1306, #1887, #1429 ) ;
#1871 = AXIS2_PLACEMENT_3D ( 'NONE', #985, #1259, #1874 ) ;
#1872 = CONICAL_SURFACE ( 'NONE', #1033, 6.369999999999997442, 0.7853981633974439491 ) ;
#1873 = AXIS2_PLACEMENT_3D ( 'NONE', #285, #107, #1466 ) ;
#1874 = DIRECTION ( 'NONE',  ( -1.000000000000000000, 0.000000000000000000, 0.000000000000000000 ) ) ;
#1875 = EDGE_CURVE ( 'NONE', #158, #1040, #834, .T. ) ;
#1876 = LOCAL_TIME ( 8, 38, 47.00000000000000000, #1122 ) ;
#1877 = DIRECTION ( 'NONE',  ( -0.000000000000000000, -0.000000000000000000, -1.000000000000000000 ) ) ;
#1878 = EDGE_LOOP ( 'NONE', ( #573, #1896, #1521, #1159 ) ) ;
#1879 = DIRECTION ( 'NONE',  ( -1.000000000000000000, 0.000000000000000000, -0.000000000000000000 ) ) ;
#1880 = LINE ( 'NONE', #1315, #682 ) ;
#1881 = ORIENTED_EDGE ( 'NONE', *, *, #1715, .T. ) ;
#1882 = CARTESIAN_POINT ( 'NONE',  ( -8.628203230275508062, 4.000000000000002665, 0.000000000000000000 ) ) ;
#1883 = FACE_OUTER_BOUND ( 'NONE', #469, .T. ) ;
#1884 = ADVANCED_FACE ( 'NONE', ( #316 ), #1263, .T. ) ;
#1885 = CARTESIAN_POINT ( 'NONE',  ( 4.390040306805122583, 5.086227141338269142, -10.70735897810039994 ) ) ;
#1886 = ORIENTED_EDGE ( 'NONE', *, *, #110, .T. ) ;
#1887 = DIRECTION ( 'NONE',  ( -0.000000000000000000, -0.000000000000000000, -1.000000000000000000 ) ) ;
#1888 = CARTESIAN_POINT ( 'NONE',  ( 3.795735737646309893, 5.115592850291604599, -45.10000000000000142 ) ) ;
#1889 = EDGE_LOOP ( 'NONE', ( #839, #172 ) ) ;
#1890 = DIRECTION ( 'NONE',  ( 0.000000000000000000, 0.000000000000000000, -1.000000000000000000 ) ) ;
#1891 = DIRECTION ( 'NONE',  ( 0.000000000000000000, 0.000000000000000000, 1.000000000000000000 ) ) ;
#1892 = PRODUCT_DEFINITION ( 'UNKNOWN', '', #1572, #1345 ) ;
#1893 = ORIENTED_EDGE ( 'NONE', *, *, #1364, .F. ) ;
#1894 = CARTESIAN_POINT ( 'NONE',  ( -6.599822067219405675, 1.258772858661728833, -10.70735897810039639 ) ) ;
#1895 = EDGE_CURVE ( 'NONE', #1927, #893, #1327, .T. ) ;
#1896 = ORIENTED_EDGE ( 'NONE', *, *, #163, .T. ) ;
#1897 = DIRECTION ( 'NONE',  ( 0.000000000000000000, 0.000000000000000000, -1.000000000000000000 ) ) ;
#1898 = DIRECTION ( 'NONE',  ( -0.000000000000000000, -0.000000000000000000, 1.000000000000000000 ) ) ;
#1899 = ORIENTED_EDGE ( 'NONE', *, *, #862, .T. ) ;
#1900 = CIRCLE ( 'NONE', #1255, 1.699999999999998401 ) ;
#1901 = DIRECTION ( 'NONE',  ( 0.000000000000000000, 0.000000000000000000, -1.000000000000000000 ) ) ;
#1902 = DIRECTION ( 'NONE',  ( -0.000000000000000000, -0.000000000000000000, -1.000000000000000000 ) ) ;
#1903 = CIRCLE ( 'NONE', #525, 10.75000000000000178 ) ;
#1904 = AXIS2_PLACEMENT_3D ( 'NONE', #1479, #1890, #1024 ) ;
#1905 = CARTESIAN_POINT ( 'NONE',  ( -5.720737970568871233, 2.781391178186239710, -10.34474035655108892 ) ) ;
#1906 = AXIS2_PLACEMENT_3D ( 'NONE', #1852, #1423, #1411 ) ;
#1907 = ORIENTED_EDGE ( 'NONE', *, *, #651, .T. ) ;
#1908 = DIRECTION ( 'NONE',  ( -0.5000000000000002220, -0.8660254037844384856, 0.000000000000000000 ) ) ;
#1909 = FACE_BOUND ( 'NONE', #304, .T. ) ;
#1910 = ADVANCED_FACE ( 'NONE', ( #475 ), #325, .T. ) ;
#1911 = ORIENTED_EDGE ( 'NONE', *, *, #460, .F. ) ;
#1912 = CARTESIAN_POINT ( 'NONE',  ( -6.650913862525538178, 0.8368170092137295901, -44.76673113206392429 ) ) ;
#1913 = CARTESIAN_POINT ( 'NONE',  ( -4.500000000000000000, 0.000000000000000000, 1.750000000000000000 ) ) ;
#1914 = CYLINDRICAL_SURFACE ( 'NONE', #80, 1.699999999999998401 ) ;
#1915 = ORIENTED_EDGE ( 'NONE', *, *, #797, .T. ) ;
#1916 = CARTESIAN_POINT ( 'NONE',  ( 0.8941482378560164923, 6.344999999999998863, -10.39302482905761593 ) ) ;
#1917 = CARTESIAN_POINT ( 'NONE',  ( 0.2202956968775478253, -6.345000000000000639, -10.34489573347923752 ) ) ;
#1918 = EDGE_CURVE ( 'NONE', #190, #1457, #688, .T. ) ;
#1919 = DIRECTION ( 'NONE',  ( -0.000000000000000000, -0.000000000000000000, -1.000000000000000000 ) ) ;
#1920 = CARTESIAN_POINT ( 'NONE',  ( 0.000000000000000000, 0.000000000000000000, -3.000000000000000000 ) ) ;
#1921 = CARTESIAN_POINT ( 'NONE',  ( 0.000000000000000000, 0.000000000000000000, -10.87499999999998046 ) ) ;
#1922 = ORIENTED_EDGE ( 'NONE', *, *, #1484, .T. ) ;
#1923 = CARTESIAN_POINT ( 'NONE',  ( -2.600752142964676938, -6.178268867936075992, -44.76673113206391719 ) ) ;
#1924 = LINE ( 'NONE', #1198, #1232 ) ;
#1925 = DIRECTION ( 'NONE',  ( 1.000000000000000000, 0.000000000000000000, 0.000000000000000000 ) ) ;
#1926 = CARTESIAN_POINT ( 'NONE',  ( 2.633984624100907723, -6.344999999999999751, -45.10000000000000142 ) ) ;
#1927 = VERTEX_POINT ( 'NONE', #187 ) ;
#1928 = EDGE_CURVE ( 'NONE', #893, #323, #788, .T. ) ;
#1929 = AXIS2_PLACEMENT_3D ( 'NONE', #1574, #1434, #842 ) ;
#1930 = AXIS2_PLACEMENT_3D ( 'NONE', #1664, #1690, #1550 ) ;
#1931 = EDGE_CURVE ( 'NONE', #584, #818, #1513, .T. ) ;
#1932 = CIRCLE ( 'NONE', #1095, 4.500000000000000000 ) ;
#1933 = DIRECTION ( 'NONE',  ( 0.000000000000000000, 0.000000000000000000, -1.000000000000000000 ) ) ;
#1934 = CIRCLE ( 'NONE', #403, 1.699999999999997513 ) ;
#1935 = CONICAL_SURFACE ( 'NONE', #246, 2.019299999999996320, 1.029744258676653423 ) ;
#1936 = EDGE_LOOP ( 'NONE', ( #223, #1915, #1224, #505 ) ) ;
#1937 = CARTESIAN_POINT ( 'NONE',  ( 6.870000000000000107, 0.000000000000000000, -45.10000000000000142 ) ) ;
#1938 = LOCAL_TIME ( 8, 38, 47.00000000000000000, #215 ) ;
#1939 = PLANE ( 'NONE',  #468 ) ;
#1940 = FACE_OUTER_BOUND ( 'NONE', #1, .T. ) ;
#1941 = DIRECTION ( 'NONE',  ( 0.000000000000000000, 0.000000000000000000, 1.000000000000000000 ) ) ;
ENDSEC;
END-ISO-10303-21;
