ISO-10303-21;
HEADER;
/* Generated by software containing ST-Developer
 * from STEP Tools, Inc. (www.steptools.com) 
 */

FILE_DESCRIPTION(
/* description */ ('STEP AP214'),
/* implementation_level */ '2;1');

FILE_NAME(
/* name */ 'REV-41-1623.step',
/* time_stamp */ '2025-09-11T15:56:46-05:00',
/* author */ (''),
/* organization */ (''),
/* preprocessor_version */ 'ST-DEVELOPER v20.1',
/* originating_system */ 'Autodesk Translation Framework v14.17.0.0',
/* authorisation */ '');

FILE_SCHEMA (('AUTOMOTIVE_DESIGN { 1 0 10303 214 3 1 1 }'));
ENDSEC;

DATA;
#10=MECHANICAL_DESIGN_GEOMETRIC_PRESENTATION_REPRESENTATION('',(#13),#2440);
#11=SHAPE_REPRESENTATION_RELATIONSHIP('SRR','None',#2447,#12);
#12=ADVANCED_BREP_SHAPE_REPRESENTATION('',(#14),#2439);
#13=STYLED_ITEM('',(#2457),#14);
#14=MANIFOLD_SOLID_BREP('Body1',#1430);
#15=FACE_BOUND('',#158,.T.);
#16=FACE_BOUND('',#159,.T.);
#17=FACE_BOUND('',#160,.T.);
#18=FACE_BOUND('',#161,.T.);
#19=FACE_BOUND('',#162,.T.);
#20=FACE_BOUND('',#163,.T.);
#21=FACE_BOUND('',#164,.T.);
#22=FACE_BOUND('',#165,.T.);
#23=FACE_BOUND('',#166,.T.);
#24=FACE_BOUND('',#167,.T.);
#25=FACE_BOUND('',#172,.T.);
#26=FACE_BOUND('',#173,.T.);
#27=FACE_BOUND('',#174,.T.);
#28=FACE_BOUND('',#175,.T.);
#29=FACE_BOUND('',#176,.T.);
#30=FACE_BOUND('',#177,.T.);
#31=FACE_BOUND('',#178,.T.);
#32=FACE_BOUND('',#179,.T.);
#33=FACE_BOUND('',#180,.T.);
#34=FACE_BOUND('',#181,.T.);
#35=FACE_BOUND('',#198,.T.);
#36=FACE_BOUND('',#199,.T.);
#37=FACE_BOUND('',#201,.T.);
#38=FACE_BOUND('',#202,.T.);
#39=FACE_BOUND('',#205,.T.);
#40=FACE_BOUND('',#206,.T.);
#41=FACE_BOUND('',#208,.T.);
#42=FACE_BOUND('',#209,.T.);
#43=PLANE('',#1450);
#44=PLANE('',#1474);
#45=PLANE('',#1514);
#46=PLANE('',#1521);
#47=PLANE('',#1529);
#48=PLANE('',#1536);
#49=PLANE('',#1544);
#50=PLANE('',#1548);
#51=PLANE('',#1549);
#52=PLANE('',#1550);
#53=PLANE('',#1551);
#54=PLANE('',#1552);
#55=PLANE('',#1554);
#56=PLANE('',#1557);
#57=PLANE('',#1558);
#58=PLANE('',#1559);
#59=PLANE('',#1560);
#60=PLANE('',#1561);
#61=PLANE('',#1562);
#62=PLANE('',#1563);
#63=PLANE('',#1564);
#64=PLANE('',#1565);
#65=PLANE('',#1566);
#66=PLANE('',#1567);
#67=PLANE('',#1568);
#68=PLANE('',#1569);
#69=PLANE('',#1570);
#70=PLANE('',#1571);
#71=PLANE('',#1572);
#72=PLANE('',#1573);
#73=PLANE('',#1574);
#74=PLANE('',#1587);
#75=PLANE('',#1589);
#76=PLANE('',#1590);
#77=PLANE('',#1592);
#78=B_SPLINE_CURVE_WITH_KNOTS('',3,(#2030,#2031,#2032,#2033),
 .UNSPECIFIED.,.F.,.F.,(4,4),(1.39239475419193,1.40109761525104),
 .UNSPECIFIED.);
#79=B_SPLINE_CURVE_WITH_KNOTS('',3,(#2037,#2038,#2039,#2040),
 .UNSPECIFIED.,.F.,.F.,(4,4),(0.73616457029965,0.744838220787293),
 .UNSPECIFIED.);
#80=B_SPLINE_CURVE_WITH_KNOTS('',3,(#2104,#2105,#2106,#2107),
 .UNSPECIFIED.,.F.,.F.,(4,4),(0.235295066424841,0.243968361744874),
 .UNSPECIFIED.);
#81=B_SPLINE_CURVE_WITH_KNOTS('',3,(#2110,#2111,#2112,#2113),
 .UNSPECIFIED.,.F.,.F.,(4,4),(0.452999136301169,0.461701997360281),
 .UNSPECIFIED.);
#82=FACE_OUTER_BOUND('',#155,.T.);
#83=FACE_OUTER_BOUND('',#156,.T.);
#84=FACE_OUTER_BOUND('',#157,.T.);
#85=FACE_OUTER_BOUND('',#168,.T.);
#86=FACE_OUTER_BOUND('',#169,.T.);
#87=FACE_OUTER_BOUND('',#170,.T.);
#88=FACE_OUTER_BOUND('',#171,.T.);
#89=FACE_OUTER_BOUND('',#182,.T.);
#90=FACE_OUTER_BOUND('',#183,.T.);
#91=FACE_OUTER_BOUND('',#184,.T.);
#92=FACE_OUTER_BOUND('',#185,.T.);
#93=FACE_OUTER_BOUND('',#186,.T.);
#94=FACE_OUTER_BOUND('',#187,.T.);
#95=FACE_OUTER_BOUND('',#188,.T.);
#96=FACE_OUTER_BOUND('',#189,.T.);
#97=FACE_OUTER_BOUND('',#190,.T.);
#98=FACE_OUTER_BOUND('',#191,.T.);
#99=FACE_OUTER_BOUND('',#192,.T.);
#100=FACE_OUTER_BOUND('',#193,.T.);
#101=FACE_OUTER_BOUND('',#194,.T.);
#102=FACE_OUTER_BOUND('',#195,.T.);
#103=FACE_OUTER_BOUND('',#196,.T.);
#104=FACE_OUTER_BOUND('',#197,.T.);
#105=FACE_OUTER_BOUND('',#200,.T.);
#106=FACE_OUTER_BOUND('',#203,.T.);
#107=FACE_OUTER_BOUND('',#204,.T.);
#108=FACE_OUTER_BOUND('',#207,.T.);
#109=FACE_OUTER_BOUND('',#210,.T.);
#110=FACE_OUTER_BOUND('',#211,.T.);
#111=FACE_OUTER_BOUND('',#212,.T.);
#112=FACE_OUTER_BOUND('',#213,.T.);
#113=FACE_OUTER_BOUND('',#214,.T.);
#114=FACE_OUTER_BOUND('',#215,.T.);
#115=FACE_OUTER_BOUND('',#216,.T.);
#116=FACE_OUTER_BOUND('',#217,.T.);
#117=FACE_OUTER_BOUND('',#218,.T.);
#118=FACE_OUTER_BOUND('',#219,.T.);
#119=FACE_OUTER_BOUND('',#220,.T.);
#120=FACE_OUTER_BOUND('',#221,.T.);
#121=FACE_OUTER_BOUND('',#222,.T.);
#122=FACE_OUTER_BOUND('',#223,.T.);
#123=FACE_OUTER_BOUND('',#224,.T.);
#124=FACE_OUTER_BOUND('',#225,.T.);
#125=FACE_OUTER_BOUND('',#226,.T.);
#126=FACE_OUTER_BOUND('',#227,.T.);
#127=FACE_OUTER_BOUND('',#228,.T.);
#128=FACE_OUTER_BOUND('',#229,.T.);
#129=FACE_OUTER_BOUND('',#230,.T.);
#130=FACE_OUTER_BOUND('',#231,.T.);
#131=FACE_OUTER_BOUND('',#232,.T.);
#132=FACE_OUTER_BOUND('',#233,.T.);
#133=FACE_OUTER_BOUND('',#234,.T.);
#134=FACE_OUTER_BOUND('',#235,.T.);
#135=FACE_OUTER_BOUND('',#236,.T.);
#136=FACE_OUTER_BOUND('',#237,.T.);
#137=FACE_OUTER_BOUND('',#238,.T.);
#138=FACE_OUTER_BOUND('',#239,.T.);
#139=FACE_OUTER_BOUND('',#240,.T.);
#140=FACE_OUTER_BOUND('',#241,.T.);
#141=FACE_OUTER_BOUND('',#242,.T.);
#142=FACE_OUTER_BOUND('',#243,.T.);
#143=FACE_OUTER_BOUND('',#244,.T.);
#144=FACE_OUTER_BOUND('',#245,.T.);
#145=FACE_OUTER_BOUND('',#246,.T.);
#146=FACE_OUTER_BOUND('',#247,.T.);
#147=FACE_OUTER_BOUND('',#248,.T.);
#148=FACE_OUTER_BOUND('',#249,.T.);
#149=FACE_OUTER_BOUND('',#250,.T.);
#150=FACE_OUTER_BOUND('',#251,.T.);
#151=FACE_OUTER_BOUND('',#252,.T.);
#152=FACE_OUTER_BOUND('',#253,.T.);
#153=FACE_OUTER_BOUND('',#254,.T.);
#154=FACE_OUTER_BOUND('',#255,.T.);
#155=EDGE_LOOP('',(#913,#914,#915,#916));
#156=EDGE_LOOP('',(#917,#918,#919,#920,#921,#922));
#157=EDGE_LOOP('',(#923,#924,#925,#926,#927,#928,#929,#930,#931,#932,#933,
#934,#935,#936,#937,#938,#939,#940));
#158=EDGE_LOOP('',(#941));
#159=EDGE_LOOP('',(#942));
#160=EDGE_LOOP('',(#943));
#161=EDGE_LOOP('',(#944));
#162=EDGE_LOOP('',(#945));
#163=EDGE_LOOP('',(#946));
#164=EDGE_LOOP('',(#947));
#165=EDGE_LOOP('',(#948));
#166=EDGE_LOOP('',(#949));
#167=EDGE_LOOP('',(#950));
#168=EDGE_LOOP('',(#951,#952,#953,#954));
#169=EDGE_LOOP('',(#955,#956,#957,#958,#959,#960));
#170=EDGE_LOOP('',(#961,#962,#963,#964,#965));
#171=EDGE_LOOP('',(#966,#967,#968,#969,#970,#971,#972,#973,#974,#975,#976,
#977,#978,#979,#980,#981,#982,#983));
#172=EDGE_LOOP('',(#984));
#173=EDGE_LOOP('',(#985));
#174=EDGE_LOOP('',(#986));
#175=EDGE_LOOP('',(#987));
#176=EDGE_LOOP('',(#988));
#177=EDGE_LOOP('',(#989));
#178=EDGE_LOOP('',(#990));
#179=EDGE_LOOP('',(#991));
#180=EDGE_LOOP('',(#992));
#181=EDGE_LOOP('',(#993));
#182=EDGE_LOOP('',(#994,#995,#996,#997,#998));
#183=EDGE_LOOP('',(#999,#1000,#1001,#1002));
#184=EDGE_LOOP('',(#1003,#1004,#1005,#1006));
#185=EDGE_LOOP('',(#1007,#1008,#1009,#1010));
#186=EDGE_LOOP('',(#1011,#1012,#1013,#1014));
#187=EDGE_LOOP('',(#1015,#1016,#1017,#1018));
#188=EDGE_LOOP('',(#1019,#1020,#1021,#1022));
#189=EDGE_LOOP('',(#1023,#1024,#1025,#1026));
#190=EDGE_LOOP('',(#1027,#1028,#1029,#1030));
#191=EDGE_LOOP('',(#1031,#1032,#1033,#1034));
#192=EDGE_LOOP('',(#1035,#1036,#1037,#1038));
#193=EDGE_LOOP('',(#1039,#1040,#1041,#1042));
#194=EDGE_LOOP('',(#1043,#1044,#1045,#1046));
#195=EDGE_LOOP('',(#1047,#1048,#1049,#1050));
#196=EDGE_LOOP('',(#1051,#1052,#1053,#1054));
#197=EDGE_LOOP('',(#1055,#1056,#1057,#1058,#1059,#1060,#1061,#1062,#1063,
#1064));
#198=EDGE_LOOP('',(#1065,#1066,#1067,#1068));
#199=EDGE_LOOP('',(#1069,#1070,#1071,#1072));
#200=EDGE_LOOP('',(#1073,#1074,#1075,#1076,#1077,#1078,#1079,#1080,#1081,
#1082));
#201=EDGE_LOOP('',(#1083,#1084,#1085,#1086));
#202=EDGE_LOOP('',(#1087,#1088,#1089,#1090));
#203=EDGE_LOOP('',(#1091,#1092,#1093,#1094));
#204=EDGE_LOOP('',(#1095,#1096,#1097,#1098,#1099,#1100,#1101,#1102,#1103,
#1104));
#205=EDGE_LOOP('',(#1105,#1106,#1107,#1108));
#206=EDGE_LOOP('',(#1109,#1110,#1111,#1112));
#207=EDGE_LOOP('',(#1113,#1114,#1115,#1116,#1117,#1118,#1119,#1120,#1121,
#1122));
#208=EDGE_LOOP('',(#1123,#1124,#1125,#1126));
#209=EDGE_LOOP('',(#1127,#1128,#1129,#1130));
#210=EDGE_LOOP('',(#1131,#1132,#1133,#1134));
#211=EDGE_LOOP('',(#1135,#1136,#1137,#1138));
#212=EDGE_LOOP('',(#1139,#1140,#1141,#1142,#1143));
#213=EDGE_LOOP('',(#1144,#1145,#1146,#1147));
#214=EDGE_LOOP('',(#1148,#1149,#1150,#1151));
#215=EDGE_LOOP('',(#1152,#1153,#1154,#1155));
#216=EDGE_LOOP('',(#1156,#1157,#1158,#1159));
#217=EDGE_LOOP('',(#1160,#1161,#1162,#1163));
#218=EDGE_LOOP('',(#1164,#1165,#1166,#1167));
#219=EDGE_LOOP('',(#1168,#1169,#1170,#1171,#1172));
#220=EDGE_LOOP('',(#1173,#1174,#1175,#1176));
#221=EDGE_LOOP('',(#1177,#1178,#1179,#1180));
#222=EDGE_LOOP('',(#1181,#1182,#1183,#1184));
#223=EDGE_LOOP('',(#1185,#1186,#1187,#1188));
#224=EDGE_LOOP('',(#1189,#1190,#1191,#1192));
#225=EDGE_LOOP('',(#1193,#1194,#1195,#1196));
#226=EDGE_LOOP('',(#1197,#1198,#1199,#1200,#1201,#1202));
#227=EDGE_LOOP('',(#1203,#1204,#1205,#1206));
#228=EDGE_LOOP('',(#1207,#1208,#1209,#1210));
#229=EDGE_LOOP('',(#1211,#1212,#1213,#1214));
#230=EDGE_LOOP('',(#1215,#1216,#1217,#1218));
#231=EDGE_LOOP('',(#1219,#1220,#1221,#1222));
#232=EDGE_LOOP('',(#1223,#1224,#1225,#1226));
#233=EDGE_LOOP('',(#1227,#1228,#1229,#1230));
#234=EDGE_LOOP('',(#1231,#1232,#1233,#1234));
#235=EDGE_LOOP('',(#1235,#1236,#1237,#1238));
#236=EDGE_LOOP('',(#1239,#1240,#1241,#1242));
#237=EDGE_LOOP('',(#1243,#1244,#1245,#1246));
#238=EDGE_LOOP('',(#1247,#1248,#1249,#1250));
#239=EDGE_LOOP('',(#1251,#1252,#1253,#1254));
#240=EDGE_LOOP('',(#1255,#1256,#1257,#1258));
#241=EDGE_LOOP('',(#1259,#1260,#1261,#1262));
#242=EDGE_LOOP('',(#1263,#1264,#1265,#1266));
#243=EDGE_LOOP('',(#1267,#1268,#1269,#1270));
#244=EDGE_LOOP('',(#1271,#1272,#1273,#1274));
#245=EDGE_LOOP('',(#1275,#1276,#1277,#1278));
#246=EDGE_LOOP('',(#1279,#1280,#1281,#1282));
#247=EDGE_LOOP('',(#1283,#1284,#1285,#1286));
#248=EDGE_LOOP('',(#1287,#1288,#1289,#1290));
#249=EDGE_LOOP('',(#1291,#1292,#1293,#1294));
#250=EDGE_LOOP('',(#1295,#1296,#1297,#1298));
#251=EDGE_LOOP('',(#1299,#1300,#1301,#1302));
#252=EDGE_LOOP('',(#1303,#1304,#1305,#1306));
#253=EDGE_LOOP('',(#1307,#1308,#1309,#1310));
#254=EDGE_LOOP('',(#1311,#1312,#1313,#1314));
#255=EDGE_LOOP('',(#1315,#1316,#1317,#1318));
#256=LINE('',#2022,#379);
#257=LINE('',#2025,#380);
#258=LINE('',#2035,#381);
#259=LINE('',#2044,#382);
#260=LINE('',#2050,#383);
#261=LINE('',#2052,#384);
#262=LINE('',#2054,#385);
#263=LINE('',#2058,#386);
#264=LINE('',#2062,#387);
#265=LINE('',#2066,#388);
#266=LINE('',#2070,#389);
#267=LINE('',#2072,#390);
#268=LINE('',#2073,#391);
#269=LINE('',#2096,#392);
#270=LINE('',#2099,#393);
#271=LINE('',#2109,#394);
#272=LINE('',#2118,#395);
#273=LINE('',#2121,#396);
#274=LINE('',#2124,#397);
#275=LINE('',#2126,#398);
#276=LINE('',#2128,#399);
#277=LINE('',#2132,#400);
#278=LINE('',#2136,#401);
#279=LINE('',#2140,#402);
#280=LINE('',#2144,#403);
#281=LINE('',#2145,#404);
#282=LINE('',#2146,#405);
#283=LINE('',#2171,#406);
#284=LINE('',#2174,#407);
#285=LINE('',#2176,#408);
#286=LINE('',#2178,#409);
#287=LINE('',#2180,#410);
#288=LINE('',#2186,#411);
#289=LINE('',#2189,#412);
#290=LINE('',#2195,#413);
#291=LINE('',#2198,#414);
#292=LINE('',#2200,#415);
#293=LINE('',#2202,#416);
#294=LINE('',#2204,#417);
#295=LINE('',#2206,#418);
#296=LINE('',#2208,#419);
#297=LINE('',#2210,#420);
#298=LINE('',#2214,#421);
#299=LINE('',#2218,#422);
#300=LINE('',#2223,#423);
#301=LINE('',#2227,#424);
#302=LINE('',#2232,#425);
#303=LINE('',#2236,#426);
#304=LINE('',#2240,#427);
#305=LINE('',#2244,#428);
#306=LINE('',#2246,#429);
#307=LINE('',#2248,#430);
#308=LINE('',#2253,#431);
#309=LINE('',#2254,#432);
#310=LINE('',#2256,#433);
#311=LINE('',#2258,#434);
#312=LINE('',#2263,#435);
#313=LINE('',#2267,#436);
#314=LINE('',#2270,#437);
#315=LINE('',#2272,#438);
#316=LINE('',#2276,#439);
#317=LINE('',#2279,#440);
#318=LINE('',#2282,#441);
#319=LINE('',#2284,#442);
#320=LINE('',#2287,#443);
#321=LINE('',#2289,#444);
#322=LINE('',#2290,#445);
#323=LINE('',#2294,#446);
#324=LINE('',#2298,#447);
#325=LINE('',#2300,#448);
#326=LINE('',#2302,#449);
#327=LINE('',#2306,#450);
#328=LINE('',#2310,#451);
#329=LINE('',#2315,#452);
#330=LINE('',#2316,#453);
#331=LINE('',#2318,#454);
#332=LINE('',#2320,#455);
#333=LINE('',#2324,#456);
#334=LINE('',#2328,#457);
#335=LINE('',#2332,#458);
#336=LINE('',#2336,#459);
#337=LINE('',#2339,#460);
#338=LINE('',#2341,#461);
#339=LINE('',#2344,#462);
#340=LINE('',#2346,#463);
#341=LINE('',#2349,#464);
#342=LINE('',#2351,#465);
#343=LINE('',#2352,#466);
#344=LINE('',#2354,#467);
#345=LINE('',#2355,#468);
#346=LINE('',#2360,#469);
#347=LINE('',#2361,#470);
#348=LINE('',#2363,#471);
#349=LINE('',#2364,#472);
#350=LINE('',#2366,#473);
#351=LINE('',#2367,#474);
#352=LINE('',#2369,#475);
#353=LINE('',#2370,#476);
#354=LINE('',#2372,#477);
#355=LINE('',#2375,#478);
#356=LINE('',#2379,#479);
#357=LINE('',#2381,#480);
#358=LINE('',#2383,#481);
#359=LINE('',#2384,#482);
#360=LINE('',#2386,#483);
#361=LINE('',#2388,#484);
#362=LINE('',#2391,#485);
#363=LINE('',#2394,#486);
#364=LINE('',#2395,#487);
#365=LINE('',#2397,#488);
#366=LINE('',#2398,#489);
#367=LINE('',#2400,#490);
#368=LINE('',#2401,#491);
#369=LINE('',#2403,#492);
#370=LINE('',#2404,#493);
#371=LINE('',#2406,#494);
#372=LINE('',#2407,#495);
#373=LINE('',#2409,#496);
#374=LINE('',#2410,#497);
#375=LINE('',#2428,#498);
#376=LINE('',#2430,#499);
#377=LINE('',#2433,#500);
#378=LINE('',#2435,#501);
#379=VECTOR('',#1599,10.);
#380=VECTOR('',#1602,10.);
#381=VECTOR('',#1607,10.);
#382=VECTOR('',#1612,1000.);
#383=VECTOR('',#1617,1000.);
#384=VECTOR('',#1618,1000.);
#385=VECTOR('',#1619,1000.);
#386=VECTOR('',#1622,1000.);
#387=VECTOR('',#1625,1000.);
#388=VECTOR('',#1628,1000.);
#389=VECTOR('',#1631,1000.);
#390=VECTOR('',#1632,1000.);
#391=VECTOR('',#1633,1000.);
#392=VECTOR('',#1656,10.);
#393=VECTOR('',#1659,10.);
#394=VECTOR('',#1664,10.);
#395=VECTOR('',#1669,1000.);
#396=VECTOR('',#1672,1000.);
#397=VECTOR('',#1675,1000.);
#398=VECTOR('',#1676,1000.);
#399=VECTOR('',#1677,1000.);
#400=VECTOR('',#1680,1000.);
#401=VECTOR('',#1683,1000.);
#402=VECTOR('',#1686,1000.);
#403=VECTOR('',#1689,1000.);
#404=VECTOR('',#1690,1000.);
#405=VECTOR('',#1691,1000.);
#406=VECTOR('',#1716,1000.);
#407=VECTOR('',#1721,3.);
#408=VECTOR('',#1724,3.);
#409=VECTOR('',#1727,3.);
#410=VECTOR('',#1730,3.);
#411=VECTOR('',#1735,1000.);
#412=VECTOR('',#1738,1000.);
#413=VECTOR('',#1743,1000.);
#414=VECTOR('',#1746,1000.);
#415=VECTOR('',#1749,1.7);
#416=VECTOR('',#1752,1.7);
#417=VECTOR('',#1755,1.7);
#418=VECTOR('',#1758,1.7);
#419=VECTOR('',#1761,1.7);
#420=VECTOR('',#1764,12.);
#421=VECTOR('',#1767,1000.);
#422=VECTOR('',#1770,1000.);
#423=VECTOR('',#1775,1000.);
#424=VECTOR('',#1778,1000.);
#425=VECTOR('',#1783,1000.);
#426=VECTOR('',#1786,1000.);
#427=VECTOR('',#1789,1000.);
#428=VECTOR('',#1792,1000.);
#429=VECTOR('',#1793,1000.);
#430=VECTOR('',#1794,1000.);
#431=VECTOR('',#1799,1000.);
#432=VECTOR('',#1800,1000.);
#433=VECTOR('',#1801,1000.);
#434=VECTOR('',#1802,1000.);
#435=VECTOR('',#1807,1000.);
#436=VECTOR('',#1810,1000.);
#437=VECTOR('',#1813,1000.);
#438=VECTOR('',#1814,1000.);
#439=VECTOR('',#1817,1000.);
#440=VECTOR('',#1820,1000.);
#441=VECTOR('',#1823,1000.);
#442=VECTOR('',#1824,1000.);
#443=VECTOR('',#1827,1000.);
#444=VECTOR('',#1830,1000.);
#445=VECTOR('',#1831,1000.);
#446=VECTOR('',#1834,1000.);
#447=VECTOR('',#1837,1000.);
#448=VECTOR('',#1838,1000.);
#449=VECTOR('',#1839,1000.);
#450=VECTOR('',#1842,1000.);
#451=VECTOR('',#1845,1000.);
#452=VECTOR('',#1850,1000.);
#453=VECTOR('',#1851,1000.);
#454=VECTOR('',#1852,1000.);
#455=VECTOR('',#1853,1000.);
#456=VECTOR('',#1858,1000.);
#457=VECTOR('',#1861,1000.);
#458=VECTOR('',#1864,1000.);
#459=VECTOR('',#1867,1000.);
#460=VECTOR('',#1870,1000.);
#461=VECTOR('',#1871,1000.);
#462=VECTOR('',#1874,1000.);
#463=VECTOR('',#1875,1000.);
#464=VECTOR('',#1878,1000.);
#465=VECTOR('',#1881,1000.);
#466=VECTOR('',#1882,1000.);
#467=VECTOR('',#1885,1000.);
#468=VECTOR('',#1886,1000.);
#469=VECTOR('',#1895,1000.);
#470=VECTOR('',#1896,1000.);
#471=VECTOR('',#1899,1000.);
#472=VECTOR('',#1900,1000.);
#473=VECTOR('',#1903,1000.);
#474=VECTOR('',#1904,1000.);
#475=VECTOR('',#1907,1000.);
#476=VECTOR('',#1908,1000.);
#477=VECTOR('',#1911,1000.);
#478=VECTOR('',#1916,1000.);
#479=VECTOR('',#1923,1000.);
#480=VECTOR('',#1926,1000.);
#481=VECTOR('',#1929,1000.);
#482=VECTOR('',#1930,1000.);
#483=VECTOR('',#1933,1000.);
#484=VECTOR('',#1936,1000.);
#485=VECTOR('',#1941,1000.);
#486=VECTOR('',#1946,1000.);
#487=VECTOR('',#1947,1000.);
#488=VECTOR('',#1950,1000.);
#489=VECTOR('',#1951,1000.);
#490=VECTOR('',#1954,1000.);
#491=VECTOR('',#1955,1000.);
#492=VECTOR('',#1958,1000.);
#493=VECTOR('',#1959,1000.);
#494=VECTOR('',#1962,1000.);
#495=VECTOR('',#1963,1000.);
#496=VECTOR('',#1966,1000.);
#497=VECTOR('',#1967,1000.);
#498=VECTOR('',#2002,1000.);
#499=VECTOR('',#2005,1000.);
#500=VECTOR('',#2010,1000.);
#501=VECTOR('',#2013,1000.);
#502=CIRCLE('',#1445,3.);
#503=CIRCLE('',#1446,3.);
#504=CIRCLE('',#1448,2.96249999999999);
#505=CIRCLE('',#1449,2.96249999999999);
#506=CIRCLE('',#1451,3.);
#507=CIRCLE('',#1452,2.96249999999999);
#508=CIRCLE('',#1453,1.);
#509=CIRCLE('',#1454,1.);
#510=CIRCLE('',#1455,1.);
#511=CIRCLE('',#1456,1.);
#512=CIRCLE('',#1457,3.);
#513=CIRCLE('',#1458,3.);
#514=CIRCLE('',#1459,3.);
#515=CIRCLE('',#1460,3.);
#516=CIRCLE('',#1461,12.);
#517=CIRCLE('',#1462,1.7);
#518=CIRCLE('',#1463,1.7);
#519=CIRCLE('',#1464,1.7);
#520=CIRCLE('',#1465,1.7);
#521=CIRCLE('',#1466,1.7);
#522=CIRCLE('',#1468,3.);
#523=CIRCLE('',#1470,2.96249999999999);
#524=CIRCLE('',#1472,1.5875);
#525=CIRCLE('',#1473,1.5875);
#526=CIRCLE('',#1475,1.);
#527=CIRCLE('',#1476,1.);
#528=CIRCLE('',#1477,1.);
#529=CIRCLE('',#1478,1.);
#530=CIRCLE('',#1479,12.);
#531=CIRCLE('',#1480,1.7);
#532=CIRCLE('',#1481,1.7);
#533=CIRCLE('',#1482,1.7);
#534=CIRCLE('',#1483,1.7);
#535=CIRCLE('',#1484,1.7);
#536=CIRCLE('',#1485,3.);
#537=CIRCLE('',#1486,3.);
#538=CIRCLE('',#1487,3.);
#539=CIRCLE('',#1488,3.);
#540=CIRCLE('',#1490,1.5875);
#541=CIRCLE('',#1491,1.5875);
#542=CIRCLE('',#1497,1.7);
#543=CIRCLE('',#1498,1.7);
#544=CIRCLE('',#1500,1.7);
#545=CIRCLE('',#1501,1.7);
#546=CIRCLE('',#1509,1.7);
#547=CIRCLE('',#1510,1.7);
#548=CIRCLE('',#1512,1.7);
#549=CIRCLE('',#1513,1.7);
#550=CIRCLE('',#1515,1.);
#551=CIRCLE('',#1516,1.);
#552=CIRCLE('',#1517,1.);
#553=CIRCLE('',#1518,0.999999999999999);
#554=CIRCLE('',#1519,1.7);
#555=CIRCLE('',#1520,1.7);
#556=CIRCLE('',#1522,1.);
#557=CIRCLE('',#1523,0.999999999999999);
#558=CIRCLE('',#1524,1.);
#559=CIRCLE('',#1525,1.);
#560=CIRCLE('',#1526,1.7);
#561=CIRCLE('',#1527,1.7);
#562=CIRCLE('',#1530,0.999999999999999);
#563=CIRCLE('',#1531,1.);
#564=CIRCLE('',#1532,1.);
#565=CIRCLE('',#1533,1.);
#566=CIRCLE('',#1534,1.7);
#567=CIRCLE('',#1535,1.7);
#568=CIRCLE('',#1537,0.999999999999999);
#569=CIRCLE('',#1538,1.);
#570=CIRCLE('',#1539,1.);
#571=CIRCLE('',#1540,1.);
#572=CIRCLE('',#1541,1.7);
#573=CIRCLE('',#1542,1.7);
#574=CIRCLE('',#1546,4.5875);
#575=CIRCLE('',#1547,4.5875);
#576=CIRCLE('',#1553,4.5875);
#577=CIRCLE('',#1556,4.5875);
#578=VERTEX_POINT('',#2018);
#579=VERTEX_POINT('',#2019);
#580=VERTEX_POINT('',#2021);
#581=VERTEX_POINT('',#2023);
#582=VERTEX_POINT('',#2027);
#583=VERTEX_POINT('',#2029);
#584=VERTEX_POINT('',#2034);
#585=VERTEX_POINT('',#2036);
#586=VERTEX_POINT('',#2043);
#587=VERTEX_POINT('',#2045);
#588=VERTEX_POINT('',#2047);
#589=VERTEX_POINT('',#2049);
#590=VERTEX_POINT('',#2051);
#591=VERTEX_POINT('',#2053);
#592=VERTEX_POINT('',#2055);
#593=VERTEX_POINT('',#2057);
#594=VERTEX_POINT('',#2059);
#595=VERTEX_POINT('',#2061);
#596=VERTEX_POINT('',#2063);
#597=VERTEX_POINT('',#2065);
#598=VERTEX_POINT('',#2067);
#599=VERTEX_POINT('',#2069);
#600=VERTEX_POINT('',#2071);
#601=VERTEX_POINT('',#2074);
#602=VERTEX_POINT('',#2076);
#603=VERTEX_POINT('',#2078);
#604=VERTEX_POINT('',#2080);
#605=VERTEX_POINT('',#2082);
#606=VERTEX_POINT('',#2084);
#607=VERTEX_POINT('',#2086);
#608=VERTEX_POINT('',#2088);
#609=VERTEX_POINT('',#2090);
#610=VERTEX_POINT('',#2092);
#611=VERTEX_POINT('',#2095);
#612=VERTEX_POINT('',#2097);
#613=VERTEX_POINT('',#2101);
#614=VERTEX_POINT('',#2103);
#615=VERTEX_POINT('',#2108);
#616=VERTEX_POINT('',#2115);
#617=VERTEX_POINT('',#2117);
#618=VERTEX_POINT('',#2119);
#619=VERTEX_POINT('',#2123);
#620=VERTEX_POINT('',#2125);
#621=VERTEX_POINT('',#2127);
#622=VERTEX_POINT('',#2129);
#623=VERTEX_POINT('',#2131);
#624=VERTEX_POINT('',#2133);
#625=VERTEX_POINT('',#2135);
#626=VERTEX_POINT('',#2137);
#627=VERTEX_POINT('',#2139);
#628=VERTEX_POINT('',#2141);
#629=VERTEX_POINT('',#2143);
#630=VERTEX_POINT('',#2147);
#631=VERTEX_POINT('',#2149);
#632=VERTEX_POINT('',#2151);
#633=VERTEX_POINT('',#2153);
#634=VERTEX_POINT('',#2155);
#635=VERTEX_POINT('',#2157);
#636=VERTEX_POINT('',#2159);
#637=VERTEX_POINT('',#2161);
#638=VERTEX_POINT('',#2163);
#639=VERTEX_POINT('',#2165);
#640=VERTEX_POINT('',#2168);
#641=VERTEX_POINT('',#2170);
#642=VERTEX_POINT('',#2182);
#643=VERTEX_POINT('',#2183);
#644=VERTEX_POINT('',#2185);
#645=VERTEX_POINT('',#2187);
#646=VERTEX_POINT('',#2191);
#647=VERTEX_POINT('',#2192);
#648=VERTEX_POINT('',#2194);
#649=VERTEX_POINT('',#2196);
#650=VERTEX_POINT('',#2212);
#651=VERTEX_POINT('',#2213);
#652=VERTEX_POINT('',#2215);
#653=VERTEX_POINT('',#2217);
#654=VERTEX_POINT('',#2221);
#655=VERTEX_POINT('',#2222);
#656=VERTEX_POINT('',#2224);
#657=VERTEX_POINT('',#2226);
#658=VERTEX_POINT('',#2230);
#659=VERTEX_POINT('',#2231);
#660=VERTEX_POINT('',#2233);
#661=VERTEX_POINT('',#2235);
#662=VERTEX_POINT('',#2237);
#663=VERTEX_POINT('',#2239);
#664=VERTEX_POINT('',#2241);
#665=VERTEX_POINT('',#2243);
#666=VERTEX_POINT('',#2245);
#667=VERTEX_POINT('',#2247);
#668=VERTEX_POINT('',#2250);
#669=VERTEX_POINT('',#2251);
#670=VERTEX_POINT('',#2255);
#671=VERTEX_POINT('',#2257);
#672=VERTEX_POINT('',#2261);
#673=VERTEX_POINT('',#2262);
#674=VERTEX_POINT('',#2264);
#675=VERTEX_POINT('',#2266);
#676=VERTEX_POINT('',#2268);
#677=VERTEX_POINT('',#2271);
#678=VERTEX_POINT('',#2273);
#679=VERTEX_POINT('',#2275);
#680=VERTEX_POINT('',#2278);
#681=VERTEX_POINT('',#2280);
#682=VERTEX_POINT('',#2283);
#683=VERTEX_POINT('',#2285);
#684=VERTEX_POINT('',#2292);
#685=VERTEX_POINT('',#2293);
#686=VERTEX_POINT('',#2295);
#687=VERTEX_POINT('',#2297);
#688=VERTEX_POINT('',#2299);
#689=VERTEX_POINT('',#2301);
#690=VERTEX_POINT('',#2303);
#691=VERTEX_POINT('',#2305);
#692=VERTEX_POINT('',#2307);
#693=VERTEX_POINT('',#2309);
#694=VERTEX_POINT('',#2312);
#695=VERTEX_POINT('',#2313);
#696=VERTEX_POINT('',#2317);
#697=VERTEX_POINT('',#2319);
#698=VERTEX_POINT('',#2323);
#699=VERTEX_POINT('',#2325);
#700=VERTEX_POINT('',#2327);
#701=VERTEX_POINT('',#2329);
#702=VERTEX_POINT('',#2331);
#703=VERTEX_POINT('',#2333);
#704=VERTEX_POINT('',#2335);
#705=VERTEX_POINT('',#2337);
#706=VERTEX_POINT('',#2340);
#707=VERTEX_POINT('',#2342);
#708=VERTEX_POINT('',#2345);
#709=VERTEX_POINT('',#2347);
#710=EDGE_CURVE('',#578,#579,#502,.T.);
#711=EDGE_CURVE('',#579,#580,#256,.T.);
#712=EDGE_CURVE('',#580,#581,#503,.T.);
#713=EDGE_CURVE('',#581,#578,#257,.T.);
#714=EDGE_CURVE('',#582,#581,#504,.T.);
#715=EDGE_CURVE('',#583,#582,#78,.T.);
#716=EDGE_CURVE('',#583,#584,#258,.T.);
#717=EDGE_CURVE('',#585,#584,#79,.T.);
#718=EDGE_CURVE('',#578,#585,#505,.T.);
#719=EDGE_CURVE('',#586,#580,#259,.T.);
#720=EDGE_CURVE('',#587,#586,#506,.T.);
#721=EDGE_CURVE('',#587,#588,#507,.T.);
#722=EDGE_CURVE('',#588,#589,#260,.T.);
#723=EDGE_CURVE('',#590,#589,#261,.T.);
#724=EDGE_CURVE('',#591,#590,#262,.T.);
#725=EDGE_CURVE('',#591,#592,#508,.T.);
#726=EDGE_CURVE('',#592,#593,#263,.T.);
#727=EDGE_CURVE('',#593,#594,#509,.T.);
#728=EDGE_CURVE('',#595,#594,#264,.T.);
#729=EDGE_CURVE('',#595,#596,#510,.T.);
#730=EDGE_CURVE('',#596,#597,#265,.T.);
#731=EDGE_CURVE('',#597,#598,#511,.T.);
#732=EDGE_CURVE('',#599,#598,#266,.T.);
#733=EDGE_CURVE('',#600,#599,#267,.T.);
#734=EDGE_CURVE('',#600,#582,#268,.T.);
#735=EDGE_CURVE('',#601,#601,#512,.T.);
#736=EDGE_CURVE('',#602,#602,#513,.T.);
#737=EDGE_CURVE('',#603,#603,#514,.T.);
#738=EDGE_CURVE('',#604,#604,#515,.T.);
#739=EDGE_CURVE('',#605,#605,#516,.T.);
#740=EDGE_CURVE('',#606,#606,#517,.T.);
#741=EDGE_CURVE('',#607,#607,#518,.T.);
#742=EDGE_CURVE('',#608,#608,#519,.T.);
#743=EDGE_CURVE('',#609,#609,#520,.T.);
#744=EDGE_CURVE('',#610,#610,#521,.T.);
#745=EDGE_CURVE('',#586,#611,#269,.T.);
#746=EDGE_CURVE('',#611,#612,#522,.T.);
#747=EDGE_CURVE('',#612,#587,#270,.T.);
#748=EDGE_CURVE('',#613,#612,#523,.T.);
#749=EDGE_CURVE('',#614,#613,#80,.T.);
#750=EDGE_CURVE('',#615,#614,#271,.T.);
#751=EDGE_CURVE('',#588,#615,#81,.T.);
#752=EDGE_CURVE('',#616,#614,#524,.T.);
#753=EDGE_CURVE('',#613,#617,#272,.T.);
#754=EDGE_CURVE('',#617,#618,#525,.T.);
#755=EDGE_CURVE('',#618,#616,#273,.T.);
#756=EDGE_CURVE('',#619,#585,#274,.T.);
#757=EDGE_CURVE('',#619,#620,#275,.T.);
#758=EDGE_CURVE('',#621,#620,#276,.T.);
#759=EDGE_CURVE('',#621,#622,#526,.T.);
#760=EDGE_CURVE('',#622,#623,#277,.T.);
#761=EDGE_CURVE('',#623,#624,#527,.T.);
#762=EDGE_CURVE('',#624,#625,#278,.T.);
#763=EDGE_CURVE('',#625,#626,#528,.T.);
#764=EDGE_CURVE('',#626,#627,#279,.T.);
#765=EDGE_CURVE('',#627,#628,#529,.T.);
#766=EDGE_CURVE('',#629,#628,#280,.T.);
#767=EDGE_CURVE('',#629,#617,#281,.T.);
#768=EDGE_CURVE('',#579,#611,#282,.T.);
#769=EDGE_CURVE('',#630,#630,#530,.T.);
#770=EDGE_CURVE('',#631,#631,#531,.T.);
#771=EDGE_CURVE('',#632,#632,#532,.T.);
#772=EDGE_CURVE('',#633,#633,#533,.T.);
#773=EDGE_CURVE('',#634,#634,#534,.T.);
#774=EDGE_CURVE('',#635,#635,#535,.T.);
#775=EDGE_CURVE('',#636,#636,#536,.T.);
#776=EDGE_CURVE('',#637,#637,#537,.T.);
#777=EDGE_CURVE('',#638,#638,#538,.T.);
#778=EDGE_CURVE('',#639,#639,#539,.T.);
#779=EDGE_CURVE('',#584,#640,#540,.T.);
#780=EDGE_CURVE('',#640,#641,#283,.T.);
#781=EDGE_CURVE('',#641,#619,#541,.T.);
#782=EDGE_CURVE('',#639,#601,#284,.T.);
#783=EDGE_CURVE('',#638,#602,#285,.T.);
#784=EDGE_CURVE('',#637,#603,#286,.T.);
#785=EDGE_CURVE('',#636,#604,#287,.T.);
#786=EDGE_CURVE('',#642,#643,#542,.T.);
#787=EDGE_CURVE('',#644,#642,#288,.T.);
#788=EDGE_CURVE('',#644,#645,#543,.T.);
#789=EDGE_CURVE('',#645,#643,#289,.T.);
#790=EDGE_CURVE('',#646,#647,#544,.T.);
#791=EDGE_CURVE('',#648,#646,#290,.T.);
#792=EDGE_CURVE('',#648,#649,#545,.T.);
#793=EDGE_CURVE('',#649,#647,#291,.T.);
#794=EDGE_CURVE('',#610,#635,#292,.T.);
#795=EDGE_CURVE('',#609,#634,#293,.T.);
#796=EDGE_CURVE('',#608,#633,#294,.T.);
#797=EDGE_CURVE('',#607,#632,#295,.T.);
#798=EDGE_CURVE('',#606,#631,#296,.T.);
#799=EDGE_CURVE('',#605,#630,#297,.T.);
#800=EDGE_CURVE('',#650,#651,#298,.T.);
#801=EDGE_CURVE('',#651,#652,#546,.T.);
#802=EDGE_CURVE('',#653,#652,#299,.T.);
#803=EDGE_CURVE('',#650,#653,#547,.T.);
#804=EDGE_CURVE('',#654,#655,#300,.T.);
#805=EDGE_CURVE('',#655,#656,#548,.T.);
#806=EDGE_CURVE('',#657,#656,#301,.T.);
#807=EDGE_CURVE('',#654,#657,#549,.T.);
#808=EDGE_CURVE('',#658,#659,#302,.T.);
#809=EDGE_CURVE('',#659,#660,#550,.T.);
#810=EDGE_CURVE('',#660,#661,#303,.T.);
#811=EDGE_CURVE('',#661,#662,#551,.T.);
#812=EDGE_CURVE('',#662,#663,#304,.T.);
#813=EDGE_CURVE('',#663,#664,#552,.T.);
#814=EDGE_CURVE('',#664,#665,#305,.T.);
#815=EDGE_CURVE('',#666,#665,#306,.T.);
#816=EDGE_CURVE('',#667,#666,#307,.T.);
#817=EDGE_CURVE('',#667,#658,#553,.T.);
#818=EDGE_CURVE('',#668,#669,#554,.T.);
#819=EDGE_CURVE('',#669,#650,#308,.T.);
#820=EDGE_CURVE('',#653,#668,#309,.T.);
#821=EDGE_CURVE('',#670,#642,#310,.T.);
#822=EDGE_CURVE('',#643,#671,#311,.T.);
#823=EDGE_CURVE('',#671,#670,#555,.T.);
#824=EDGE_CURVE('',#672,#673,#312,.T.);
#825=EDGE_CURVE('',#672,#674,#556,.T.);
#826=EDGE_CURVE('',#674,#675,#313,.T.);
#827=EDGE_CURVE('',#675,#676,#557,.T.);
#828=EDGE_CURVE('',#616,#676,#314,.T.);
#829=EDGE_CURVE('',#677,#618,#315,.T.);
#830=EDGE_CURVE('',#677,#678,#558,.T.);
#831=EDGE_CURVE('',#678,#679,#316,.T.);
#832=EDGE_CURVE('',#679,#673,#559,.T.);
#833=EDGE_CURVE('',#680,#644,#317,.T.);
#834=EDGE_CURVE('',#681,#680,#560,.T.);
#835=EDGE_CURVE('',#645,#681,#318,.T.);
#836=EDGE_CURVE('',#682,#651,#319,.T.);
#837=EDGE_CURVE('',#683,#682,#561,.T.);
#838=EDGE_CURVE('',#652,#683,#320,.T.);
#839=EDGE_CURVE('',#680,#670,#321,.T.);
#840=EDGE_CURVE('',#681,#671,#322,.T.);
#841=EDGE_CURVE('',#684,#685,#323,.T.);
#842=EDGE_CURVE('',#685,#686,#562,.T.);
#843=EDGE_CURVE('',#686,#687,#324,.T.);
#844=EDGE_CURVE('',#688,#687,#325,.T.);
#845=EDGE_CURVE('',#688,#689,#326,.T.);
#846=EDGE_CURVE('',#689,#690,#563,.T.);
#847=EDGE_CURVE('',#690,#691,#327,.T.);
#848=EDGE_CURVE('',#691,#692,#564,.T.);
#849=EDGE_CURVE('',#692,#693,#328,.T.);
#850=EDGE_CURVE('',#693,#684,#565,.T.);
#851=EDGE_CURVE('',#694,#695,#566,.T.);
#852=EDGE_CURVE('',#695,#654,#329,.T.);
#853=EDGE_CURVE('',#657,#694,#330,.T.);
#854=EDGE_CURVE('',#696,#646,#331,.T.);
#855=EDGE_CURVE('',#647,#697,#332,.T.);
#856=EDGE_CURVE('',#697,#696,#567,.T.);
#857=EDGE_CURVE('',#698,#640,#333,.T.);
#858=EDGE_CURVE('',#698,#699,#568,.T.);
#859=EDGE_CURVE('',#699,#700,#334,.T.);
#860=EDGE_CURVE('',#700,#701,#569,.T.);
#861=EDGE_CURVE('',#702,#701,#335,.T.);
#862=EDGE_CURVE('',#702,#703,#570,.T.);
#863=EDGE_CURVE('',#703,#704,#336,.T.);
#864=EDGE_CURVE('',#704,#705,#571,.T.);
#865=EDGE_CURVE('',#641,#705,#337,.T.);
#866=EDGE_CURVE('',#706,#648,#338,.T.);
#867=EDGE_CURVE('',#707,#706,#572,.T.);
#868=EDGE_CURVE('',#649,#707,#339,.T.);
#869=EDGE_CURVE('',#708,#655,#340,.T.);
#870=EDGE_CURVE('',#709,#708,#573,.T.);
#871=EDGE_CURVE('',#656,#709,#341,.T.);
#872=EDGE_CURVE('',#706,#696,#342,.T.);
#873=EDGE_CURVE('',#707,#697,#343,.T.);
#874=EDGE_CURVE('',#676,#667,#344,.T.);
#875=EDGE_CURVE('',#666,#616,#345,.T.);
#876=EDGE_CURVE('',#688,#600,#574,.T.);
#877=EDGE_CURVE('',#583,#687,#575,.T.);
#878=EDGE_CURVE('',#701,#693,#346,.T.);
#879=EDGE_CURVE('',#692,#702,#347,.T.);
#880=EDGE_CURVE('',#620,#599,#348,.T.);
#881=EDGE_CURVE('',#619,#600,#349,.T.);
#882=EDGE_CURVE('',#629,#590,#350,.T.);
#883=EDGE_CURVE('',#617,#589,#351,.T.);
#884=EDGE_CURVE('',#624,#595,#352,.T.);
#885=EDGE_CURVE('',#594,#625,#353,.T.);
#886=EDGE_CURVE('',#618,#665,#354,.T.);
#887=EDGE_CURVE('',#589,#665,#576,.T.);
#888=EDGE_CURVE('',#641,#688,#355,.T.);
#889=EDGE_CURVE('',#666,#615,#577,.T.);
#890=EDGE_CURVE('',#664,#677,#356,.T.);
#891=EDGE_CURVE('',#705,#689,#357,.T.);
#892=EDGE_CURVE('',#660,#672,#358,.T.);
#893=EDGE_CURVE('',#673,#661,#359,.T.);
#894=EDGE_CURVE('',#628,#591,#360,.T.);
#895=EDGE_CURVE('',#598,#621,#361,.T.);
#896=EDGE_CURVE('',#686,#698,#362,.T.);
#897=EDGE_CURVE('',#626,#593,#363,.T.);
#898=EDGE_CURVE('',#592,#627,#364,.T.);
#899=EDGE_CURVE('',#622,#597,#365,.T.);
#900=EDGE_CURVE('',#596,#623,#366,.T.);
#901=EDGE_CURVE('',#699,#685,#367,.T.);
#902=EDGE_CURVE('',#684,#700,#368,.T.);
#903=EDGE_CURVE('',#674,#659,#369,.T.);
#904=EDGE_CURVE('',#658,#675,#370,.T.);
#905=EDGE_CURVE('',#703,#691,#371,.T.);
#906=EDGE_CURVE('',#690,#704,#372,.T.);
#907=EDGE_CURVE('',#662,#679,#373,.T.);
#908=EDGE_CURVE('',#678,#663,#374,.T.);
#909=EDGE_CURVE('',#695,#708,#375,.T.);
#910=EDGE_CURVE('',#694,#709,#376,.T.);
#911=EDGE_CURVE('',#669,#682,#377,.T.);
#912=EDGE_CURVE('',#668,#683,#378,.T.);
#913=ORIENTED_EDGE('',*,*,#710,.T.);
#914=ORIENTED_EDGE('',*,*,#711,.T.);
#915=ORIENTED_EDGE('',*,*,#712,.T.);
#916=ORIENTED_EDGE('',*,*,#713,.T.);
#917=ORIENTED_EDGE('',*,*,#713,.F.);
#918=ORIENTED_EDGE('',*,*,#714,.F.);
#919=ORIENTED_EDGE('',*,*,#715,.F.);
#920=ORIENTED_EDGE('',*,*,#716,.T.);
#921=ORIENTED_EDGE('',*,*,#717,.F.);
#922=ORIENTED_EDGE('',*,*,#718,.F.);
#923=ORIENTED_EDGE('',*,*,#712,.F.);
#924=ORIENTED_EDGE('',*,*,#719,.F.);
#925=ORIENTED_EDGE('',*,*,#720,.F.);
#926=ORIENTED_EDGE('',*,*,#721,.T.);
#927=ORIENTED_EDGE('',*,*,#722,.T.);
#928=ORIENTED_EDGE('',*,*,#723,.F.);
#929=ORIENTED_EDGE('',*,*,#724,.F.);
#930=ORIENTED_EDGE('',*,*,#725,.T.);
#931=ORIENTED_EDGE('',*,*,#726,.T.);
#932=ORIENTED_EDGE('',*,*,#727,.T.);
#933=ORIENTED_EDGE('',*,*,#728,.F.);
#934=ORIENTED_EDGE('',*,*,#729,.T.);
#935=ORIENTED_EDGE('',*,*,#730,.T.);
#936=ORIENTED_EDGE('',*,*,#731,.T.);
#937=ORIENTED_EDGE('',*,*,#732,.F.);
#938=ORIENTED_EDGE('',*,*,#733,.F.);
#939=ORIENTED_EDGE('',*,*,#734,.T.);
#940=ORIENTED_EDGE('',*,*,#714,.T.);
#941=ORIENTED_EDGE('',*,*,#735,.T.);
#942=ORIENTED_EDGE('',*,*,#736,.T.);
#943=ORIENTED_EDGE('',*,*,#737,.T.);
#944=ORIENTED_EDGE('',*,*,#738,.T.);
#945=ORIENTED_EDGE('',*,*,#739,.T.);
#946=ORIENTED_EDGE('',*,*,#740,.T.);
#947=ORIENTED_EDGE('',*,*,#741,.T.);
#948=ORIENTED_EDGE('',*,*,#742,.T.);
#949=ORIENTED_EDGE('',*,*,#743,.T.);
#950=ORIENTED_EDGE('',*,*,#744,.T.);
#951=ORIENTED_EDGE('',*,*,#720,.T.);
#952=ORIENTED_EDGE('',*,*,#745,.T.);
#953=ORIENTED_EDGE('',*,*,#746,.T.);
#954=ORIENTED_EDGE('',*,*,#747,.T.);
#955=ORIENTED_EDGE('',*,*,#747,.F.);
#956=ORIENTED_EDGE('',*,*,#748,.F.);
#957=ORIENTED_EDGE('',*,*,#749,.F.);
#958=ORIENTED_EDGE('',*,*,#750,.F.);
#959=ORIENTED_EDGE('',*,*,#751,.F.);
#960=ORIENTED_EDGE('',*,*,#721,.F.);
#961=ORIENTED_EDGE('',*,*,#752,.T.);
#962=ORIENTED_EDGE('',*,*,#749,.T.);
#963=ORIENTED_EDGE('',*,*,#753,.T.);
#964=ORIENTED_EDGE('',*,*,#754,.T.);
#965=ORIENTED_EDGE('',*,*,#755,.T.);
#966=ORIENTED_EDGE('',*,*,#710,.F.);
#967=ORIENTED_EDGE('',*,*,#718,.T.);
#968=ORIENTED_EDGE('',*,*,#756,.F.);
#969=ORIENTED_EDGE('',*,*,#757,.T.);
#970=ORIENTED_EDGE('',*,*,#758,.F.);
#971=ORIENTED_EDGE('',*,*,#759,.T.);
#972=ORIENTED_EDGE('',*,*,#760,.T.);
#973=ORIENTED_EDGE('',*,*,#761,.T.);
#974=ORIENTED_EDGE('',*,*,#762,.T.);
#975=ORIENTED_EDGE('',*,*,#763,.T.);
#976=ORIENTED_EDGE('',*,*,#764,.T.);
#977=ORIENTED_EDGE('',*,*,#765,.T.);
#978=ORIENTED_EDGE('',*,*,#766,.F.);
#979=ORIENTED_EDGE('',*,*,#767,.T.);
#980=ORIENTED_EDGE('',*,*,#753,.F.);
#981=ORIENTED_EDGE('',*,*,#748,.T.);
#982=ORIENTED_EDGE('',*,*,#746,.F.);
#983=ORIENTED_EDGE('',*,*,#768,.F.);
#984=ORIENTED_EDGE('',*,*,#769,.F.);
#985=ORIENTED_EDGE('',*,*,#770,.F.);
#986=ORIENTED_EDGE('',*,*,#771,.F.);
#987=ORIENTED_EDGE('',*,*,#772,.F.);
#988=ORIENTED_EDGE('',*,*,#773,.F.);
#989=ORIENTED_EDGE('',*,*,#774,.F.);
#990=ORIENTED_EDGE('',*,*,#775,.T.);
#991=ORIENTED_EDGE('',*,*,#776,.T.);
#992=ORIENTED_EDGE('',*,*,#777,.T.);
#993=ORIENTED_EDGE('',*,*,#778,.T.);
#994=ORIENTED_EDGE('',*,*,#717,.T.);
#995=ORIENTED_EDGE('',*,*,#779,.T.);
#996=ORIENTED_EDGE('',*,*,#780,.T.);
#997=ORIENTED_EDGE('',*,*,#781,.T.);
#998=ORIENTED_EDGE('',*,*,#756,.T.);
#999=ORIENTED_EDGE('',*,*,#778,.F.);
#1000=ORIENTED_EDGE('',*,*,#782,.T.);
#1001=ORIENTED_EDGE('',*,*,#735,.F.);
#1002=ORIENTED_EDGE('',*,*,#782,.F.);
#1003=ORIENTED_EDGE('',*,*,#777,.F.);
#1004=ORIENTED_EDGE('',*,*,#783,.T.);
#1005=ORIENTED_EDGE('',*,*,#736,.F.);
#1006=ORIENTED_EDGE('',*,*,#783,.F.);
#1007=ORIENTED_EDGE('',*,*,#776,.F.);
#1008=ORIENTED_EDGE('',*,*,#784,.T.);
#1009=ORIENTED_EDGE('',*,*,#737,.F.);
#1010=ORIENTED_EDGE('',*,*,#784,.F.);
#1011=ORIENTED_EDGE('',*,*,#775,.F.);
#1012=ORIENTED_EDGE('',*,*,#785,.T.);
#1013=ORIENTED_EDGE('',*,*,#738,.F.);
#1014=ORIENTED_EDGE('',*,*,#785,.F.);
#1015=ORIENTED_EDGE('',*,*,#786,.F.);
#1016=ORIENTED_EDGE('',*,*,#787,.F.);
#1017=ORIENTED_EDGE('',*,*,#788,.T.);
#1018=ORIENTED_EDGE('',*,*,#789,.T.);
#1019=ORIENTED_EDGE('',*,*,#790,.F.);
#1020=ORIENTED_EDGE('',*,*,#791,.F.);
#1021=ORIENTED_EDGE('',*,*,#792,.T.);
#1022=ORIENTED_EDGE('',*,*,#793,.T.);
#1023=ORIENTED_EDGE('',*,*,#744,.F.);
#1024=ORIENTED_EDGE('',*,*,#794,.T.);
#1025=ORIENTED_EDGE('',*,*,#774,.T.);
#1026=ORIENTED_EDGE('',*,*,#794,.F.);
#1027=ORIENTED_EDGE('',*,*,#743,.F.);
#1028=ORIENTED_EDGE('',*,*,#795,.T.);
#1029=ORIENTED_EDGE('',*,*,#773,.T.);
#1030=ORIENTED_EDGE('',*,*,#795,.F.);
#1031=ORIENTED_EDGE('',*,*,#742,.F.);
#1032=ORIENTED_EDGE('',*,*,#796,.T.);
#1033=ORIENTED_EDGE('',*,*,#772,.T.);
#1034=ORIENTED_EDGE('',*,*,#796,.F.);
#1035=ORIENTED_EDGE('',*,*,#741,.F.);
#1036=ORIENTED_EDGE('',*,*,#797,.T.);
#1037=ORIENTED_EDGE('',*,*,#771,.T.);
#1038=ORIENTED_EDGE('',*,*,#797,.F.);
#1039=ORIENTED_EDGE('',*,*,#740,.F.);
#1040=ORIENTED_EDGE('',*,*,#798,.T.);
#1041=ORIENTED_EDGE('',*,*,#770,.T.);
#1042=ORIENTED_EDGE('',*,*,#798,.F.);
#1043=ORIENTED_EDGE('',*,*,#739,.F.);
#1044=ORIENTED_EDGE('',*,*,#799,.T.);
#1045=ORIENTED_EDGE('',*,*,#769,.T.);
#1046=ORIENTED_EDGE('',*,*,#799,.F.);
#1047=ORIENTED_EDGE('',*,*,#800,.T.);
#1048=ORIENTED_EDGE('',*,*,#801,.T.);
#1049=ORIENTED_EDGE('',*,*,#802,.F.);
#1050=ORIENTED_EDGE('',*,*,#803,.F.);
#1051=ORIENTED_EDGE('',*,*,#804,.T.);
#1052=ORIENTED_EDGE('',*,*,#805,.T.);
#1053=ORIENTED_EDGE('',*,*,#806,.F.);
#1054=ORIENTED_EDGE('',*,*,#807,.F.);
#1055=ORIENTED_EDGE('',*,*,#808,.T.);
#1056=ORIENTED_EDGE('',*,*,#809,.T.);
#1057=ORIENTED_EDGE('',*,*,#810,.T.);
#1058=ORIENTED_EDGE('',*,*,#811,.T.);
#1059=ORIENTED_EDGE('',*,*,#812,.T.);
#1060=ORIENTED_EDGE('',*,*,#813,.T.);
#1061=ORIENTED_EDGE('',*,*,#814,.T.);
#1062=ORIENTED_EDGE('',*,*,#815,.F.);
#1063=ORIENTED_EDGE('',*,*,#816,.F.);
#1064=ORIENTED_EDGE('',*,*,#817,.T.);
#1065=ORIENTED_EDGE('',*,*,#818,.T.);
#1066=ORIENTED_EDGE('',*,*,#819,.T.);
#1067=ORIENTED_EDGE('',*,*,#803,.T.);
#1068=ORIENTED_EDGE('',*,*,#820,.T.);
#1069=ORIENTED_EDGE('',*,*,#821,.T.);
#1070=ORIENTED_EDGE('',*,*,#786,.T.);
#1071=ORIENTED_EDGE('',*,*,#822,.T.);
#1072=ORIENTED_EDGE('',*,*,#823,.T.);
#1073=ORIENTED_EDGE('',*,*,#824,.F.);
#1074=ORIENTED_EDGE('',*,*,#825,.T.);
#1075=ORIENTED_EDGE('',*,*,#826,.T.);
#1076=ORIENTED_EDGE('',*,*,#827,.T.);
#1077=ORIENTED_EDGE('',*,*,#828,.F.);
#1078=ORIENTED_EDGE('',*,*,#755,.F.);
#1079=ORIENTED_EDGE('',*,*,#829,.F.);
#1080=ORIENTED_EDGE('',*,*,#830,.T.);
#1081=ORIENTED_EDGE('',*,*,#831,.T.);
#1082=ORIENTED_EDGE('',*,*,#832,.T.);
#1083=ORIENTED_EDGE('',*,*,#788,.F.);
#1084=ORIENTED_EDGE('',*,*,#833,.F.);
#1085=ORIENTED_EDGE('',*,*,#834,.F.);
#1086=ORIENTED_EDGE('',*,*,#835,.F.);
#1087=ORIENTED_EDGE('',*,*,#836,.F.);
#1088=ORIENTED_EDGE('',*,*,#837,.F.);
#1089=ORIENTED_EDGE('',*,*,#838,.F.);
#1090=ORIENTED_EDGE('',*,*,#801,.F.);
#1091=ORIENTED_EDGE('',*,*,#839,.T.);
#1092=ORIENTED_EDGE('',*,*,#823,.F.);
#1093=ORIENTED_EDGE('',*,*,#840,.F.);
#1094=ORIENTED_EDGE('',*,*,#834,.T.);
#1095=ORIENTED_EDGE('',*,*,#841,.T.);
#1096=ORIENTED_EDGE('',*,*,#842,.T.);
#1097=ORIENTED_EDGE('',*,*,#843,.T.);
#1098=ORIENTED_EDGE('',*,*,#844,.F.);
#1099=ORIENTED_EDGE('',*,*,#845,.T.);
#1100=ORIENTED_EDGE('',*,*,#846,.T.);
#1101=ORIENTED_EDGE('',*,*,#847,.T.);
#1102=ORIENTED_EDGE('',*,*,#848,.T.);
#1103=ORIENTED_EDGE('',*,*,#849,.T.);
#1104=ORIENTED_EDGE('',*,*,#850,.T.);
#1105=ORIENTED_EDGE('',*,*,#851,.T.);
#1106=ORIENTED_EDGE('',*,*,#852,.T.);
#1107=ORIENTED_EDGE('',*,*,#807,.T.);
#1108=ORIENTED_EDGE('',*,*,#853,.T.);
#1109=ORIENTED_EDGE('',*,*,#854,.T.);
#1110=ORIENTED_EDGE('',*,*,#790,.T.);
#1111=ORIENTED_EDGE('',*,*,#855,.T.);
#1112=ORIENTED_EDGE('',*,*,#856,.T.);
#1113=ORIENTED_EDGE('',*,*,#857,.F.);
#1114=ORIENTED_EDGE('',*,*,#858,.T.);
#1115=ORIENTED_EDGE('',*,*,#859,.T.);
#1116=ORIENTED_EDGE('',*,*,#860,.T.);
#1117=ORIENTED_EDGE('',*,*,#861,.F.);
#1118=ORIENTED_EDGE('',*,*,#862,.T.);
#1119=ORIENTED_EDGE('',*,*,#863,.T.);
#1120=ORIENTED_EDGE('',*,*,#864,.T.);
#1121=ORIENTED_EDGE('',*,*,#865,.F.);
#1122=ORIENTED_EDGE('',*,*,#780,.F.);
#1123=ORIENTED_EDGE('',*,*,#792,.F.);
#1124=ORIENTED_EDGE('',*,*,#866,.F.);
#1125=ORIENTED_EDGE('',*,*,#867,.F.);
#1126=ORIENTED_EDGE('',*,*,#868,.F.);
#1127=ORIENTED_EDGE('',*,*,#869,.F.);
#1128=ORIENTED_EDGE('',*,*,#870,.F.);
#1129=ORIENTED_EDGE('',*,*,#871,.F.);
#1130=ORIENTED_EDGE('',*,*,#805,.F.);
#1131=ORIENTED_EDGE('',*,*,#872,.T.);
#1132=ORIENTED_EDGE('',*,*,#856,.F.);
#1133=ORIENTED_EDGE('',*,*,#873,.F.);
#1134=ORIENTED_EDGE('',*,*,#867,.T.);
#1135=ORIENTED_EDGE('',*,*,#828,.T.);
#1136=ORIENTED_EDGE('',*,*,#874,.T.);
#1137=ORIENTED_EDGE('',*,*,#816,.T.);
#1138=ORIENTED_EDGE('',*,*,#875,.T.);
#1139=ORIENTED_EDGE('',*,*,#715,.T.);
#1140=ORIENTED_EDGE('',*,*,#734,.F.);
#1141=ORIENTED_EDGE('',*,*,#876,.F.);
#1142=ORIENTED_EDGE('',*,*,#844,.T.);
#1143=ORIENTED_EDGE('',*,*,#877,.F.);
#1144=ORIENTED_EDGE('',*,*,#861,.T.);
#1145=ORIENTED_EDGE('',*,*,#878,.T.);
#1146=ORIENTED_EDGE('',*,*,#849,.F.);
#1147=ORIENTED_EDGE('',*,*,#879,.T.);
#1148=ORIENTED_EDGE('',*,*,#880,.F.);
#1149=ORIENTED_EDGE('',*,*,#757,.F.);
#1150=ORIENTED_EDGE('',*,*,#881,.T.);
#1151=ORIENTED_EDGE('',*,*,#733,.T.);
#1152=ORIENTED_EDGE('',*,*,#882,.T.);
#1153=ORIENTED_EDGE('',*,*,#723,.T.);
#1154=ORIENTED_EDGE('',*,*,#883,.F.);
#1155=ORIENTED_EDGE('',*,*,#767,.F.);
#1156=ORIENTED_EDGE('',*,*,#762,.F.);
#1157=ORIENTED_EDGE('',*,*,#884,.T.);
#1158=ORIENTED_EDGE('',*,*,#728,.T.);
#1159=ORIENTED_EDGE('',*,*,#885,.T.);
#1160=ORIENTED_EDGE('',*,*,#886,.F.);
#1161=ORIENTED_EDGE('',*,*,#754,.F.);
#1162=ORIENTED_EDGE('',*,*,#883,.T.);
#1163=ORIENTED_EDGE('',*,*,#887,.T.);
#1164=ORIENTED_EDGE('',*,*,#781,.F.);
#1165=ORIENTED_EDGE('',*,*,#888,.T.);
#1166=ORIENTED_EDGE('',*,*,#876,.T.);
#1167=ORIENTED_EDGE('',*,*,#881,.F.);
#1168=ORIENTED_EDGE('',*,*,#889,.F.);
#1169=ORIENTED_EDGE('',*,*,#815,.T.);
#1170=ORIENTED_EDGE('',*,*,#887,.F.);
#1171=ORIENTED_EDGE('',*,*,#722,.F.);
#1172=ORIENTED_EDGE('',*,*,#751,.T.);
#1173=ORIENTED_EDGE('',*,*,#814,.F.);
#1174=ORIENTED_EDGE('',*,*,#890,.T.);
#1175=ORIENTED_EDGE('',*,*,#829,.T.);
#1176=ORIENTED_EDGE('',*,*,#886,.T.);
#1177=ORIENTED_EDGE('',*,*,#865,.T.);
#1178=ORIENTED_EDGE('',*,*,#891,.T.);
#1179=ORIENTED_EDGE('',*,*,#845,.F.);
#1180=ORIENTED_EDGE('',*,*,#888,.F.);
#1181=ORIENTED_EDGE('',*,*,#810,.F.);
#1182=ORIENTED_EDGE('',*,*,#892,.T.);
#1183=ORIENTED_EDGE('',*,*,#824,.T.);
#1184=ORIENTED_EDGE('',*,*,#893,.T.);
#1185=ORIENTED_EDGE('',*,*,#766,.T.);
#1186=ORIENTED_EDGE('',*,*,#894,.T.);
#1187=ORIENTED_EDGE('',*,*,#724,.T.);
#1188=ORIENTED_EDGE('',*,*,#882,.F.);
#1189=ORIENTED_EDGE('',*,*,#732,.T.);
#1190=ORIENTED_EDGE('',*,*,#895,.T.);
#1191=ORIENTED_EDGE('',*,*,#758,.T.);
#1192=ORIENTED_EDGE('',*,*,#880,.T.);
#1193=ORIENTED_EDGE('',*,*,#711,.F.);
#1194=ORIENTED_EDGE('',*,*,#768,.T.);
#1195=ORIENTED_EDGE('',*,*,#745,.F.);
#1196=ORIENTED_EDGE('',*,*,#719,.T.);
#1197=ORIENTED_EDGE('',*,*,#779,.F.);
#1198=ORIENTED_EDGE('',*,*,#716,.F.);
#1199=ORIENTED_EDGE('',*,*,#877,.T.);
#1200=ORIENTED_EDGE('',*,*,#843,.F.);
#1201=ORIENTED_EDGE('',*,*,#896,.T.);
#1202=ORIENTED_EDGE('',*,*,#857,.T.);
#1203=ORIENTED_EDGE('',*,*,#889,.T.);
#1204=ORIENTED_EDGE('',*,*,#750,.T.);
#1205=ORIENTED_EDGE('',*,*,#752,.F.);
#1206=ORIENTED_EDGE('',*,*,#875,.F.);
#1207=ORIENTED_EDGE('',*,*,#764,.F.);
#1208=ORIENTED_EDGE('',*,*,#897,.T.);
#1209=ORIENTED_EDGE('',*,*,#726,.F.);
#1210=ORIENTED_EDGE('',*,*,#898,.T.);
#1211=ORIENTED_EDGE('',*,*,#760,.F.);
#1212=ORIENTED_EDGE('',*,*,#899,.T.);
#1213=ORIENTED_EDGE('',*,*,#730,.F.);
#1214=ORIENTED_EDGE('',*,*,#900,.T.);
#1215=ORIENTED_EDGE('',*,*,#859,.F.);
#1216=ORIENTED_EDGE('',*,*,#901,.T.);
#1217=ORIENTED_EDGE('',*,*,#841,.F.);
#1218=ORIENTED_EDGE('',*,*,#902,.T.);
#1219=ORIENTED_EDGE('',*,*,#826,.F.);
#1220=ORIENTED_EDGE('',*,*,#903,.T.);
#1221=ORIENTED_EDGE('',*,*,#808,.F.);
#1222=ORIENTED_EDGE('',*,*,#904,.T.);
#1223=ORIENTED_EDGE('',*,*,#863,.F.);
#1224=ORIENTED_EDGE('',*,*,#905,.T.);
#1225=ORIENTED_EDGE('',*,*,#847,.F.);
#1226=ORIENTED_EDGE('',*,*,#906,.T.);
#1227=ORIENTED_EDGE('',*,*,#812,.F.);
#1228=ORIENTED_EDGE('',*,*,#907,.T.);
#1229=ORIENTED_EDGE('',*,*,#831,.F.);
#1230=ORIENTED_EDGE('',*,*,#908,.T.);
#1231=ORIENTED_EDGE('',*,*,#872,.F.);
#1232=ORIENTED_EDGE('',*,*,#866,.T.);
#1233=ORIENTED_EDGE('',*,*,#791,.T.);
#1234=ORIENTED_EDGE('',*,*,#854,.F.);
#1235=ORIENTED_EDGE('',*,*,#868,.T.);
#1236=ORIENTED_EDGE('',*,*,#873,.T.);
#1237=ORIENTED_EDGE('',*,*,#855,.F.);
#1238=ORIENTED_EDGE('',*,*,#793,.F.);
#1239=ORIENTED_EDGE('',*,*,#839,.F.);
#1240=ORIENTED_EDGE('',*,*,#833,.T.);
#1241=ORIENTED_EDGE('',*,*,#787,.T.);
#1242=ORIENTED_EDGE('',*,*,#821,.F.);
#1243=ORIENTED_EDGE('',*,*,#835,.T.);
#1244=ORIENTED_EDGE('',*,*,#840,.T.);
#1245=ORIENTED_EDGE('',*,*,#822,.F.);
#1246=ORIENTED_EDGE('',*,*,#789,.F.);
#1247=ORIENTED_EDGE('',*,*,#731,.F.);
#1248=ORIENTED_EDGE('',*,*,#899,.F.);
#1249=ORIENTED_EDGE('',*,*,#759,.F.);
#1250=ORIENTED_EDGE('',*,*,#895,.F.);
#1251=ORIENTED_EDGE('',*,*,#761,.F.);
#1252=ORIENTED_EDGE('',*,*,#900,.F.);
#1253=ORIENTED_EDGE('',*,*,#729,.F.);
#1254=ORIENTED_EDGE('',*,*,#884,.F.);
#1255=ORIENTED_EDGE('',*,*,#727,.F.);
#1256=ORIENTED_EDGE('',*,*,#897,.F.);
#1257=ORIENTED_EDGE('',*,*,#763,.F.);
#1258=ORIENTED_EDGE('',*,*,#885,.F.);
#1259=ORIENTED_EDGE('',*,*,#765,.F.);
#1260=ORIENTED_EDGE('',*,*,#898,.F.);
#1261=ORIENTED_EDGE('',*,*,#725,.F.);
#1262=ORIENTED_EDGE('',*,*,#894,.F.);
#1263=ORIENTED_EDGE('',*,*,#809,.F.);
#1264=ORIENTED_EDGE('',*,*,#903,.F.);
#1265=ORIENTED_EDGE('',*,*,#825,.F.);
#1266=ORIENTED_EDGE('',*,*,#892,.F.);
#1267=ORIENTED_EDGE('',*,*,#827,.F.);
#1268=ORIENTED_EDGE('',*,*,#904,.F.);
#1269=ORIENTED_EDGE('',*,*,#817,.F.);
#1270=ORIENTED_EDGE('',*,*,#874,.F.);
#1271=ORIENTED_EDGE('',*,*,#842,.F.);
#1272=ORIENTED_EDGE('',*,*,#901,.F.);
#1273=ORIENTED_EDGE('',*,*,#858,.F.);
#1274=ORIENTED_EDGE('',*,*,#896,.F.);
#1275=ORIENTED_EDGE('',*,*,#860,.F.);
#1276=ORIENTED_EDGE('',*,*,#902,.F.);
#1277=ORIENTED_EDGE('',*,*,#850,.F.);
#1278=ORIENTED_EDGE('',*,*,#878,.F.);
#1279=ORIENTED_EDGE('',*,*,#848,.F.);
#1280=ORIENTED_EDGE('',*,*,#905,.F.);
#1281=ORIENTED_EDGE('',*,*,#862,.F.);
#1282=ORIENTED_EDGE('',*,*,#879,.F.);
#1283=ORIENTED_EDGE('',*,*,#864,.F.);
#1284=ORIENTED_EDGE('',*,*,#906,.F.);
#1285=ORIENTED_EDGE('',*,*,#846,.F.);
#1286=ORIENTED_EDGE('',*,*,#891,.F.);
#1287=ORIENTED_EDGE('',*,*,#832,.F.);
#1288=ORIENTED_EDGE('',*,*,#907,.F.);
#1289=ORIENTED_EDGE('',*,*,#811,.F.);
#1290=ORIENTED_EDGE('',*,*,#893,.F.);
#1291=ORIENTED_EDGE('',*,*,#813,.F.);
#1292=ORIENTED_EDGE('',*,*,#908,.F.);
#1293=ORIENTED_EDGE('',*,*,#830,.F.);
#1294=ORIENTED_EDGE('',*,*,#890,.F.);
#1295=ORIENTED_EDGE('',*,*,#869,.T.);
#1296=ORIENTED_EDGE('',*,*,#804,.F.);
#1297=ORIENTED_EDGE('',*,*,#852,.F.);
#1298=ORIENTED_EDGE('',*,*,#909,.T.);
#1299=ORIENTED_EDGE('',*,*,#870,.T.);
#1300=ORIENTED_EDGE('',*,*,#909,.F.);
#1301=ORIENTED_EDGE('',*,*,#851,.F.);
#1302=ORIENTED_EDGE('',*,*,#910,.T.);
#1303=ORIENTED_EDGE('',*,*,#871,.T.);
#1304=ORIENTED_EDGE('',*,*,#910,.F.);
#1305=ORIENTED_EDGE('',*,*,#853,.F.);
#1306=ORIENTED_EDGE('',*,*,#806,.T.);
#1307=ORIENTED_EDGE('',*,*,#836,.T.);
#1308=ORIENTED_EDGE('',*,*,#800,.F.);
#1309=ORIENTED_EDGE('',*,*,#819,.F.);
#1310=ORIENTED_EDGE('',*,*,#911,.T.);
#1311=ORIENTED_EDGE('',*,*,#837,.T.);
#1312=ORIENTED_EDGE('',*,*,#911,.F.);
#1313=ORIENTED_EDGE('',*,*,#818,.F.);
#1314=ORIENTED_EDGE('',*,*,#912,.T.);
#1315=ORIENTED_EDGE('',*,*,#838,.T.);
#1316=ORIENTED_EDGE('',*,*,#912,.F.);
#1317=ORIENTED_EDGE('',*,*,#820,.F.);
#1318=ORIENTED_EDGE('',*,*,#802,.T.);
#1319=CYLINDRICAL_SURFACE('',#1444,3.);
#1320=CYLINDRICAL_SURFACE('',#1447,2.96249999999999);
#1321=CYLINDRICAL_SURFACE('',#1467,3.);
#1322=CYLINDRICAL_SURFACE('',#1469,2.96249999999999);
#1323=CYLINDRICAL_SURFACE('',#1471,1.5875);
#1324=CYLINDRICAL_SURFACE('',#1489,1.5875);
#1325=CYLINDRICAL_SURFACE('',#1492,3.);
#1326=CYLINDRICAL_SURFACE('',#1493,3.);
#1327=CYLINDRICAL_SURFACE('',#1494,3.);
#1328=CYLINDRICAL_SURFACE('',#1495,3.);
#1329=CYLINDRICAL_SURFACE('',#1496,1.7);
#1330=CYLINDRICAL_SURFACE('',#1499,1.7);
#1331=CYLINDRICAL_SURFACE('',#1502,1.7);
#1332=CYLINDRICAL_SURFACE('',#1503,1.7);
#1333=CYLINDRICAL_SURFACE('',#1504,1.7);
#1334=CYLINDRICAL_SURFACE('',#1505,1.7);
#1335=CYLINDRICAL_SURFACE('',#1506,1.7);
#1336=CYLINDRICAL_SURFACE('',#1507,12.);
#1337=CYLINDRICAL_SURFACE('',#1508,1.7);
#1338=CYLINDRICAL_SURFACE('',#1511,1.7);
#1339=CYLINDRICAL_SURFACE('',#1528,1.7);
#1340=CYLINDRICAL_SURFACE('',#1543,1.7);
#1341=CYLINDRICAL_SURFACE('',#1545,4.5875);
#1342=CYLINDRICAL_SURFACE('',#1555,4.5875);
#1343=CYLINDRICAL_SURFACE('',#1575,1.);
#1344=CYLINDRICAL_SURFACE('',#1576,1.);
#1345=CYLINDRICAL_SURFACE('',#1577,1.);
#1346=CYLINDRICAL_SURFACE('',#1578,1.);
#1347=CYLINDRICAL_SURFACE('',#1579,1.);
#1348=CYLINDRICAL_SURFACE('',#1580,1.);
#1349=CYLINDRICAL_SURFACE('',#1581,1.);
#1350=CYLINDRICAL_SURFACE('',#1582,1.);
#1351=CYLINDRICAL_SURFACE('',#1583,1.);
#1352=CYLINDRICAL_SURFACE('',#1584,1.);
#1353=CYLINDRICAL_SURFACE('',#1585,1.);
#1354=CYLINDRICAL_SURFACE('',#1586,1.);
#1355=CYLINDRICAL_SURFACE('',#1588,1.7);
#1356=CYLINDRICAL_SURFACE('',#1591,1.7);
#1357=ADVANCED_FACE('',(#82),#1319,.T.);
#1358=ADVANCED_FACE('',(#83),#1320,.F.);
#1359=ADVANCED_FACE('',(#84,#15,#16,#17,#18,#19,#20,#21,#22,#23,#24),#43,
 .F.);
#1360=ADVANCED_FACE('',(#85),#1321,.T.);
#1361=ADVANCED_FACE('',(#86),#1322,.F.);
#1362=ADVANCED_FACE('',(#87),#1323,.F.);
#1363=ADVANCED_FACE('',(#88,#25,#26,#27,#28,#29,#30,#31,#32,#33,#34),#44,
 .T.);
#1364=ADVANCED_FACE('',(#89),#1324,.F.);
#1365=ADVANCED_FACE('',(#90),#1325,.F.);
#1366=ADVANCED_FACE('',(#91),#1326,.F.);
#1367=ADVANCED_FACE('',(#92),#1327,.F.);
#1368=ADVANCED_FACE('',(#93),#1328,.F.);
#1369=ADVANCED_FACE('',(#94),#1329,.F.);
#1370=ADVANCED_FACE('',(#95),#1330,.F.);
#1371=ADVANCED_FACE('',(#96),#1331,.F.);
#1372=ADVANCED_FACE('',(#97),#1332,.F.);
#1373=ADVANCED_FACE('',(#98),#1333,.F.);
#1374=ADVANCED_FACE('',(#99),#1334,.F.);
#1375=ADVANCED_FACE('',(#100),#1335,.F.);
#1376=ADVANCED_FACE('',(#101),#1336,.F.);
#1377=ADVANCED_FACE('',(#102),#1337,.F.);
#1378=ADVANCED_FACE('',(#103),#1338,.F.);
#1379=ADVANCED_FACE('',(#104,#35,#36),#45,.F.);
#1380=ADVANCED_FACE('',(#105,#37,#38),#46,.T.);
#1381=ADVANCED_FACE('',(#106),#1339,.F.);
#1382=ADVANCED_FACE('',(#107,#39,#40),#47,.F.);
#1383=ADVANCED_FACE('',(#108,#41,#42),#48,.T.);
#1384=ADVANCED_FACE('',(#109),#1340,.F.);
#1385=ADVANCED_FACE('',(#110),#49,.F.);
#1386=ADVANCED_FACE('',(#111),#1341,.T.);
#1387=ADVANCED_FACE('',(#112),#50,.F.);
#1388=ADVANCED_FACE('',(#113),#51,.T.);
#1389=ADVANCED_FACE('',(#114),#52,.T.);
#1390=ADVANCED_FACE('',(#115),#53,.T.);
#1391=ADVANCED_FACE('',(#116),#54,.T.);
#1392=ADVANCED_FACE('',(#117),#55,.F.);
#1393=ADVANCED_FACE('',(#118),#1342,.T.);
#1394=ADVANCED_FACE('',(#119),#56,.F.);
#1395=ADVANCED_FACE('',(#120),#57,.F.);
#1396=ADVANCED_FACE('',(#121),#58,.F.);
#1397=ADVANCED_FACE('',(#122),#59,.F.);
#1398=ADVANCED_FACE('',(#123),#60,.F.);
#1399=ADVANCED_FACE('',(#124),#61,.F.);
#1400=ADVANCED_FACE('',(#125),#62,.F.);
#1401=ADVANCED_FACE('',(#126),#63,.F.);
#1402=ADVANCED_FACE('',(#127),#64,.T.);
#1403=ADVANCED_FACE('',(#128),#65,.T.);
#1404=ADVANCED_FACE('',(#129),#66,.F.);
#1405=ADVANCED_FACE('',(#130),#67,.F.);
#1406=ADVANCED_FACE('',(#131),#68,.F.);
#1407=ADVANCED_FACE('',(#132),#69,.F.);
#1408=ADVANCED_FACE('',(#133),#70,.F.);
#1409=ADVANCED_FACE('',(#134),#71,.F.);
#1410=ADVANCED_FACE('',(#135),#72,.F.);
#1411=ADVANCED_FACE('',(#136),#73,.F.);
#1412=ADVANCED_FACE('',(#137),#1343,.T.);
#1413=ADVANCED_FACE('',(#138),#1344,.T.);
#1414=ADVANCED_FACE('',(#139),#1345,.T.);
#1415=ADVANCED_FACE('',(#140),#1346,.T.);
#1416=ADVANCED_FACE('',(#141),#1347,.T.);
#1417=ADVANCED_FACE('',(#142),#1348,.T.);
#1418=ADVANCED_FACE('',(#143),#1349,.T.);
#1419=ADVANCED_FACE('',(#144),#1350,.T.);
#1420=ADVANCED_FACE('',(#145),#1351,.T.);
#1421=ADVANCED_FACE('',(#146),#1352,.T.);
#1422=ADVANCED_FACE('',(#147),#1353,.T.);
#1423=ADVANCED_FACE('',(#148),#1354,.T.);
#1424=ADVANCED_FACE('',(#149),#74,.F.);
#1425=ADVANCED_FACE('',(#150),#1355,.F.);
#1426=ADVANCED_FACE('',(#151),#75,.F.);
#1427=ADVANCED_FACE('',(#152),#76,.F.);
#1428=ADVANCED_FACE('',(#153),#1356,.F.);
#1429=ADVANCED_FACE('',(#154),#77,.F.);
#1430=CLOSED_SHELL('',(#1357,#1358,#1359,#1360,#1361,#1362,#1363,#1364,
#1365,#1366,#1367,#1368,#1369,#1370,#1371,#1372,#1373,#1374,#1375,#1376,
#1377,#1378,#1379,#1380,#1381,#1382,#1383,#1384,#1385,#1386,#1387,#1388,
#1389,#1390,#1391,#1392,#1393,#1394,#1395,#1396,#1397,#1398,#1399,#1400,
#1401,#1402,#1403,#1404,#1405,#1406,#1407,#1408,#1409,#1410,#1411,#1412,
#1413,#1414,#1415,#1416,#1417,#1418,#1419,#1420,#1421,#1422,#1423,#1424,
#1425,#1426,#1427,#1428,#1429));
#1431=DERIVED_UNIT_ELEMENT(#1433,1.);
#1432=DERIVED_UNIT_ELEMENT(#2442,-3.);
#1433=(
MASS_UNIT()
NAMED_UNIT(*)
SI_UNIT(.KILO.,.GRAM.)
);
#1434=DERIVED_UNIT((#1431,#1432));
#1435=MEASURE_REPRESENTATION_ITEM('density measure',
POSITIVE_RATIO_MEASURE(7850.),#1434);
#1436=PROPERTY_DEFINITION_REPRESENTATION(#1441,#1438);
#1437=PROPERTY_DEFINITION_REPRESENTATION(#1442,#1439);
#1438=REPRESENTATION('material name',(#1440),#2439);
#1439=REPRESENTATION('density',(#1435),#2439);
#1440=DESCRIPTIVE_REPRESENTATION_ITEM('Steel','Steel');
#1441=PROPERTY_DEFINITION('material property','material name',#2449);
#1442=PROPERTY_DEFINITION('material property','density of part',#2449);
#1443=AXIS2_PLACEMENT_3D('',#2016,#1593,#1594);
#1444=AXIS2_PLACEMENT_3D('',#2017,#1595,#1596);
#1445=AXIS2_PLACEMENT_3D('',#2020,#1597,#1598);
#1446=AXIS2_PLACEMENT_3D('',#2024,#1600,#1601);
#1447=AXIS2_PLACEMENT_3D('',#2026,#1603,#1604);
#1448=AXIS2_PLACEMENT_3D('',#2028,#1605,#1606);
#1449=AXIS2_PLACEMENT_3D('',#2041,#1608,#1609);
#1450=AXIS2_PLACEMENT_3D('',#2042,#1610,#1611);
#1451=AXIS2_PLACEMENT_3D('',#2046,#1613,#1614);
#1452=AXIS2_PLACEMENT_3D('',#2048,#1615,#1616);
#1453=AXIS2_PLACEMENT_3D('',#2056,#1620,#1621);
#1454=AXIS2_PLACEMENT_3D('',#2060,#1623,#1624);
#1455=AXIS2_PLACEMENT_3D('',#2064,#1626,#1627);
#1456=AXIS2_PLACEMENT_3D('',#2068,#1629,#1630);
#1457=AXIS2_PLACEMENT_3D('',#2075,#1634,#1635);
#1458=AXIS2_PLACEMENT_3D('',#2077,#1636,#1637);
#1459=AXIS2_PLACEMENT_3D('',#2079,#1638,#1639);
#1460=AXIS2_PLACEMENT_3D('',#2081,#1640,#1641);
#1461=AXIS2_PLACEMENT_3D('',#2083,#1642,#1643);
#1462=AXIS2_PLACEMENT_3D('',#2085,#1644,#1645);
#1463=AXIS2_PLACEMENT_3D('',#2087,#1646,#1647);
#1464=AXIS2_PLACEMENT_3D('',#2089,#1648,#1649);
#1465=AXIS2_PLACEMENT_3D('',#2091,#1650,#1651);
#1466=AXIS2_PLACEMENT_3D('',#2093,#1652,#1653);
#1467=AXIS2_PLACEMENT_3D('',#2094,#1654,#1655);
#1468=AXIS2_PLACEMENT_3D('',#2098,#1657,#1658);
#1469=AXIS2_PLACEMENT_3D('',#2100,#1660,#1661);
#1470=AXIS2_PLACEMENT_3D('',#2102,#1662,#1663);
#1471=AXIS2_PLACEMENT_3D('',#2114,#1665,#1666);
#1472=AXIS2_PLACEMENT_3D('',#2116,#1667,#1668);
#1473=AXIS2_PLACEMENT_3D('',#2120,#1670,#1671);
#1474=AXIS2_PLACEMENT_3D('',#2122,#1673,#1674);
#1475=AXIS2_PLACEMENT_3D('',#2130,#1678,#1679);
#1476=AXIS2_PLACEMENT_3D('',#2134,#1681,#1682);
#1477=AXIS2_PLACEMENT_3D('',#2138,#1684,#1685);
#1478=AXIS2_PLACEMENT_3D('',#2142,#1687,#1688);
#1479=AXIS2_PLACEMENT_3D('',#2148,#1692,#1693);
#1480=AXIS2_PLACEMENT_3D('',#2150,#1694,#1695);
#1481=AXIS2_PLACEMENT_3D('',#2152,#1696,#1697);
#1482=AXIS2_PLACEMENT_3D('',#2154,#1698,#1699);
#1483=AXIS2_PLACEMENT_3D('',#2156,#1700,#1701);
#1484=AXIS2_PLACEMENT_3D('',#2158,#1702,#1703);
#1485=AXIS2_PLACEMENT_3D('',#2160,#1704,#1705);
#1486=AXIS2_PLACEMENT_3D('',#2162,#1706,#1707);
#1487=AXIS2_PLACEMENT_3D('',#2164,#1708,#1709);
#1488=AXIS2_PLACEMENT_3D('',#2166,#1710,#1711);
#1489=AXIS2_PLACEMENT_3D('',#2167,#1712,#1713);
#1490=AXIS2_PLACEMENT_3D('',#2169,#1714,#1715);
#1491=AXIS2_PLACEMENT_3D('',#2172,#1717,#1718);
#1492=AXIS2_PLACEMENT_3D('',#2173,#1719,#1720);
#1493=AXIS2_PLACEMENT_3D('',#2175,#1722,#1723);
#1494=AXIS2_PLACEMENT_3D('',#2177,#1725,#1726);
#1495=AXIS2_PLACEMENT_3D('',#2179,#1728,#1729);
#1496=AXIS2_PLACEMENT_3D('',#2181,#1731,#1732);
#1497=AXIS2_PLACEMENT_3D('',#2184,#1733,#1734);
#1498=AXIS2_PLACEMENT_3D('',#2188,#1736,#1737);
#1499=AXIS2_PLACEMENT_3D('',#2190,#1739,#1740);
#1500=AXIS2_PLACEMENT_3D('',#2193,#1741,#1742);
#1501=AXIS2_PLACEMENT_3D('',#2197,#1744,#1745);
#1502=AXIS2_PLACEMENT_3D('',#2199,#1747,#1748);
#1503=AXIS2_PLACEMENT_3D('',#2201,#1750,#1751);
#1504=AXIS2_PLACEMENT_3D('',#2203,#1753,#1754);
#1505=AXIS2_PLACEMENT_3D('',#2205,#1756,#1757);
#1506=AXIS2_PLACEMENT_3D('',#2207,#1759,#1760);
#1507=AXIS2_PLACEMENT_3D('',#2209,#1762,#1763);
#1508=AXIS2_PLACEMENT_3D('',#2211,#1765,#1766);
#1509=AXIS2_PLACEMENT_3D('',#2216,#1768,#1769);
#1510=AXIS2_PLACEMENT_3D('',#2219,#1771,#1772);
#1511=AXIS2_PLACEMENT_3D('',#2220,#1773,#1774);
#1512=AXIS2_PLACEMENT_3D('',#2225,#1776,#1777);
#1513=AXIS2_PLACEMENT_3D('',#2228,#1779,#1780);
#1514=AXIS2_PLACEMENT_3D('',#2229,#1781,#1782);
#1515=AXIS2_PLACEMENT_3D('',#2234,#1784,#1785);
#1516=AXIS2_PLACEMENT_3D('',#2238,#1787,#1788);
#1517=AXIS2_PLACEMENT_3D('',#2242,#1790,#1791);
#1518=AXIS2_PLACEMENT_3D('',#2249,#1795,#1796);
#1519=AXIS2_PLACEMENT_3D('',#2252,#1797,#1798);
#1520=AXIS2_PLACEMENT_3D('',#2259,#1803,#1804);
#1521=AXIS2_PLACEMENT_3D('',#2260,#1805,#1806);
#1522=AXIS2_PLACEMENT_3D('',#2265,#1808,#1809);
#1523=AXIS2_PLACEMENT_3D('',#2269,#1811,#1812);
#1524=AXIS2_PLACEMENT_3D('',#2274,#1815,#1816);
#1525=AXIS2_PLACEMENT_3D('',#2277,#1818,#1819);
#1526=AXIS2_PLACEMENT_3D('',#2281,#1821,#1822);
#1527=AXIS2_PLACEMENT_3D('',#2286,#1825,#1826);
#1528=AXIS2_PLACEMENT_3D('',#2288,#1828,#1829);
#1529=AXIS2_PLACEMENT_3D('',#2291,#1832,#1833);
#1530=AXIS2_PLACEMENT_3D('',#2296,#1835,#1836);
#1531=AXIS2_PLACEMENT_3D('',#2304,#1840,#1841);
#1532=AXIS2_PLACEMENT_3D('',#2308,#1843,#1844);
#1533=AXIS2_PLACEMENT_3D('',#2311,#1846,#1847);
#1534=AXIS2_PLACEMENT_3D('',#2314,#1848,#1849);
#1535=AXIS2_PLACEMENT_3D('',#2321,#1854,#1855);
#1536=AXIS2_PLACEMENT_3D('',#2322,#1856,#1857);
#1537=AXIS2_PLACEMENT_3D('',#2326,#1859,#1860);
#1538=AXIS2_PLACEMENT_3D('',#2330,#1862,#1863);
#1539=AXIS2_PLACEMENT_3D('',#2334,#1865,#1866);
#1540=AXIS2_PLACEMENT_3D('',#2338,#1868,#1869);
#1541=AXIS2_PLACEMENT_3D('',#2343,#1872,#1873);
#1542=AXIS2_PLACEMENT_3D('',#2348,#1876,#1877);
#1543=AXIS2_PLACEMENT_3D('',#2350,#1879,#1880);
#1544=AXIS2_PLACEMENT_3D('',#2353,#1883,#1884);
#1545=AXIS2_PLACEMENT_3D('',#2356,#1887,#1888);
#1546=AXIS2_PLACEMENT_3D('',#2357,#1889,#1890);
#1547=AXIS2_PLACEMENT_3D('',#2358,#1891,#1892);
#1548=AXIS2_PLACEMENT_3D('',#2359,#1893,#1894);
#1549=AXIS2_PLACEMENT_3D('',#2362,#1897,#1898);
#1550=AXIS2_PLACEMENT_3D('',#2365,#1901,#1902);
#1551=AXIS2_PLACEMENT_3D('',#2368,#1905,#1906);
#1552=AXIS2_PLACEMENT_3D('',#2371,#1909,#1910);
#1553=AXIS2_PLACEMENT_3D('',#2373,#1912,#1913);
#1554=AXIS2_PLACEMENT_3D('',#2374,#1914,#1915);
#1555=AXIS2_PLACEMENT_3D('',#2376,#1917,#1918);
#1556=AXIS2_PLACEMENT_3D('',#2377,#1919,#1920);
#1557=AXIS2_PLACEMENT_3D('',#2378,#1921,#1922);
#1558=AXIS2_PLACEMENT_3D('',#2380,#1924,#1925);
#1559=AXIS2_PLACEMENT_3D('',#2382,#1927,#1928);
#1560=AXIS2_PLACEMENT_3D('',#2385,#1931,#1932);
#1561=AXIS2_PLACEMENT_3D('',#2387,#1934,#1935);
#1562=AXIS2_PLACEMENT_3D('',#2389,#1937,#1938);
#1563=AXIS2_PLACEMENT_3D('',#2390,#1939,#1940);
#1564=AXIS2_PLACEMENT_3D('',#2392,#1942,#1943);
#1565=AXIS2_PLACEMENT_3D('',#2393,#1944,#1945);
#1566=AXIS2_PLACEMENT_3D('',#2396,#1948,#1949);
#1567=AXIS2_PLACEMENT_3D('',#2399,#1952,#1953);
#1568=AXIS2_PLACEMENT_3D('',#2402,#1956,#1957);
#1569=AXIS2_PLACEMENT_3D('',#2405,#1960,#1961);
#1570=AXIS2_PLACEMENT_3D('',#2408,#1964,#1965);
#1571=AXIS2_PLACEMENT_3D('',#2411,#1968,#1969);
#1572=AXIS2_PLACEMENT_3D('',#2412,#1970,#1971);
#1573=AXIS2_PLACEMENT_3D('',#2413,#1972,#1973);
#1574=AXIS2_PLACEMENT_3D('',#2414,#1974,#1975);
#1575=AXIS2_PLACEMENT_3D('',#2415,#1976,#1977);
#1576=AXIS2_PLACEMENT_3D('',#2416,#1978,#1979);
#1577=AXIS2_PLACEMENT_3D('',#2417,#1980,#1981);
#1578=AXIS2_PLACEMENT_3D('',#2418,#1982,#1983);
#1579=AXIS2_PLACEMENT_3D('',#2419,#1984,#1985);
#1580=AXIS2_PLACEMENT_3D('',#2420,#1986,#1987);
#1581=AXIS2_PLACEMENT_3D('',#2421,#1988,#1989);
#1582=AXIS2_PLACEMENT_3D('',#2422,#1990,#1991);
#1583=AXIS2_PLACEMENT_3D('',#2423,#1992,#1993);
#1584=AXIS2_PLACEMENT_3D('',#2424,#1994,#1995);
#1585=AXIS2_PLACEMENT_3D('',#2425,#1996,#1997);
#1586=AXIS2_PLACEMENT_3D('',#2426,#1998,#1999);
#1587=AXIS2_PLACEMENT_3D('',#2427,#2000,#2001);
#1588=AXIS2_PLACEMENT_3D('',#2429,#2003,#2004);
#1589=AXIS2_PLACEMENT_3D('',#2431,#2006,#2007);
#1590=AXIS2_PLACEMENT_3D('',#2432,#2008,#2009);
#1591=AXIS2_PLACEMENT_3D('',#2434,#2011,#2012);
#1592=AXIS2_PLACEMENT_3D('',#2436,#2014,#2015);
#1593=DIRECTION('axis',(0.,0.,1.));
#1594=DIRECTION('refdir',(1.,0.,0.));
#1595=DIRECTION('center_axis',(0.,0.,1.));
#1596=DIRECTION('ref_axis',(0.491024741598898,-0.871145626825811,0.));
#1597=DIRECTION('center_axis',(0.,0.,-1.));
#1598=DIRECTION('ref_axis',(0.491024741598898,-0.871145626825811,0.));
#1599=DIRECTION('',(0.,0.,-1.));
#1600=DIRECTION('center_axis',(0.,0.,1.));
#1601=DIRECTION('ref_axis',(0.491024741598898,-0.871145626825811,0.));
#1602=DIRECTION('',(0.,0.,1.));
#1603=DIRECTION('center_axis',(0.,0.,-1.));
#1604=DIRECTION('ref_axis',(-1.,0.,0.));
#1605=DIRECTION('center_axis',(0.,0.,1.));
#1606=DIRECTION('ref_axis',(-1.,0.,0.));
#1607=DIRECTION('',(0.,0.,1.));
#1608=DIRECTION('center_axis',(0.,0.,-1.));
#1609=DIRECTION('ref_axis',(-1.,0.,0.));
#1610=DIRECTION('center_axis',(0.,0.,1.));
#1611=DIRECTION('ref_axis',(1.,0.,0.));
#1612=DIRECTION('',(1.,-1.42190448850558E-16,0.));
#1613=DIRECTION('center_axis',(0.,0.,1.));
#1614=DIRECTION('ref_axis',(-0.491024741598898,-0.871145626825811,0.));
#1615=DIRECTION('center_axis',(0.,0.,1.));
#1616=DIRECTION('ref_axis',(-1.,0.,0.));
#1617=DIRECTION('',(-1.,0.,6.82961998416067E-17));
#1618=DIRECTION('',(1.69241314729445E-16,-1.,0.));
#1619=DIRECTION('',(-0.395262655443909,-0.918568142933027,0.));
#1620=DIRECTION('center_axis',(0.,0.,-1.));
#1621=DIRECTION('ref_axis',(1.,0.,0.));
#1622=DIRECTION('',(0.707106781186549,0.707106781186546,0.));
#1623=DIRECTION('center_axis',(0.,0.,-1.));
#1624=DIRECTION('ref_axis',(1.,0.,0.));
#1625=DIRECTION('',(-1.,0.,0.));
#1626=DIRECTION('center_axis',(0.,0.,-1.));
#1627=DIRECTION('ref_axis',(1.,6.93889390390722E-15,0.));
#1628=DIRECTION('',(0.707106781186549,-0.707106781186546,0.));
#1629=DIRECTION('center_axis',(0.,0.,-1.));
#1630=DIRECTION('ref_axis',(1.,-2.77555756156289E-14,0.));
#1631=DIRECTION('',(-0.395262655443909,0.918568142933027,0.));
#1632=DIRECTION('',(-1.69241314729445E-16,1.,0.));
#1633=DIRECTION('',(-1.,0.,6.82961998416067E-17));
#1634=DIRECTION('center_axis',(0.,0.,1.));
#1635=DIRECTION('ref_axis',(-1.,0.,0.));
#1636=DIRECTION('center_axis',(0.,0.,1.));
#1637=DIRECTION('ref_axis',(-1.,0.,0.));
#1638=DIRECTION('center_axis',(0.,0.,1.));
#1639=DIRECTION('ref_axis',(-1.,0.,0.));
#1640=DIRECTION('center_axis',(0.,0.,1.));
#1641=DIRECTION('ref_axis',(-1.,0.,0.));
#1642=DIRECTION('center_axis',(0.,0.,1.));
#1643=DIRECTION('ref_axis',(1.,0.,0.));
#1644=DIRECTION('center_axis',(0.,0.,1.));
#1645=DIRECTION('ref_axis',(1.,0.,0.));
#1646=DIRECTION('center_axis',(0.,0.,1.));
#1647=DIRECTION('ref_axis',(0.499999999999998,0.86602540378444,0.));
#1648=DIRECTION('center_axis',(0.,0.,1.));
#1649=DIRECTION('ref_axis',(-0.500000000000004,0.866025403784436,0.));
#1650=DIRECTION('center_axis',(0.,0.,1.));
#1651=DIRECTION('ref_axis',(-0.499999999999992,-0.866025403784443,0.));
#1652=DIRECTION('center_axis',(0.,0.,1.));
#1653=DIRECTION('ref_axis',(0.50000000000001,-0.866025403784433,0.));
#1654=DIRECTION('center_axis',(0.,0.,-1.));
#1655=DIRECTION('ref_axis',(-0.491024741598898,-0.871145626825811,0.));
#1656=DIRECTION('',(0.,0.,1.));
#1657=DIRECTION('center_axis',(0.,0.,-1.));
#1658=DIRECTION('ref_axis',(-0.491024741598898,-0.871145626825811,0.));
#1659=DIRECTION('',(0.,0.,-1.));
#1660=DIRECTION('center_axis',(0.,0.,-1.));
#1661=DIRECTION('ref_axis',(-1.,0.,0.));
#1662=DIRECTION('center_axis',(0.,0.,-1.));
#1663=DIRECTION('ref_axis',(-1.,0.,0.));
#1664=DIRECTION('',(0.,0.,1.));
#1665=DIRECTION('center_axis',(1.,0.,-6.82961998416066E-17));
#1666=DIRECTION('ref_axis',(-2.33218545640234E-31,-1.,-3.41480999208033E-15));
#1667=DIRECTION('center_axis',(1.,0.,0.));
#1668=DIRECTION('ref_axis',(0.,0.,1.));
#1669=DIRECTION('',(-1.,0.,6.82961998416067E-17));
#1670=DIRECTION('center_axis',(-1.,0.,6.82961998416066E-17));
#1671=DIRECTION('ref_axis',(-6.82961998416066E-17,0.,-1.));
#1672=DIRECTION('',(1.,1.99289108483778E-31,-5.74411747012188E-17));
#1673=DIRECTION('center_axis',(0.,0.,1.));
#1674=DIRECTION('ref_axis',(1.,0.,0.));
#1675=DIRECTION('',(-1.,0.,6.82961998416067E-17));
#1676=DIRECTION('',(-1.69241314729445E-16,1.,0.));
#1677=DIRECTION('',(0.395262655443909,-0.918568142933027,0.));
#1678=DIRECTION('center_axis',(0.,0.,1.));
#1679=DIRECTION('ref_axis',(1.,0.,0.));
#1680=DIRECTION('',(-0.707106781186549,0.707106781186546,0.));
#1681=DIRECTION('center_axis',(0.,0.,1.));
#1682=DIRECTION('ref_axis',(1.,0.,0.));
#1683=DIRECTION('',(-1.,0.,0.));
#1684=DIRECTION('center_axis',(0.,0.,1.));
#1685=DIRECTION('ref_axis',(1.,0.,0.));
#1686=DIRECTION('',(-0.707106781186549,-0.707106781186546,0.));
#1687=DIRECTION('center_axis',(0.,0.,1.));
#1688=DIRECTION('ref_axis',(1.,0.,0.));
#1689=DIRECTION('',(0.395262655443909,0.918568142933027,0.));
#1690=DIRECTION('',(1.69241314729445E-16,-1.,0.));
#1691=DIRECTION('',(-1.,0.,6.82961998416067E-17));
#1692=DIRECTION('center_axis',(0.,0.,1.));
#1693=DIRECTION('ref_axis',(1.,0.,0.));
#1694=DIRECTION('center_axis',(0.,0.,1.));
#1695=DIRECTION('ref_axis',(1.,0.,0.));
#1696=DIRECTION('center_axis',(0.,0.,1.));
#1697=DIRECTION('ref_axis',(0.499999999999998,0.86602540378444,0.));
#1698=DIRECTION('center_axis',(0.,0.,1.));
#1699=DIRECTION('ref_axis',(-0.500000000000004,0.866025403784436,0.));
#1700=DIRECTION('center_axis',(0.,0.,1.));
#1701=DIRECTION('ref_axis',(-0.499999999999992,-0.866025403784443,0.));
#1702=DIRECTION('center_axis',(0.,0.,1.));
#1703=DIRECTION('ref_axis',(0.50000000000001,-0.866025403784433,0.));
#1704=DIRECTION('center_axis',(0.,0.,-1.));
#1705=DIRECTION('ref_axis',(-1.,0.,0.));
#1706=DIRECTION('center_axis',(0.,0.,-1.));
#1707=DIRECTION('ref_axis',(-1.,0.,0.));
#1708=DIRECTION('center_axis',(0.,0.,-1.));
#1709=DIRECTION('ref_axis',(-1.,0.,0.));
#1710=DIRECTION('center_axis',(0.,0.,-1.));
#1711=DIRECTION('ref_axis',(-1.,0.,0.));
#1712=DIRECTION('center_axis',(1.,0.,-6.82961998416066E-17));
#1713=DIRECTION('ref_axis',(-2.33218545640234E-31,-1.,-3.41480999208033E-15));
#1714=DIRECTION('center_axis',(-1.,0.,0.));
#1715=DIRECTION('ref_axis',(-2.33218545640234E-31,-1.,-3.41480999208033E-15));
#1716=DIRECTION('',(1.,1.99289108483778E-31,-5.74411747012188E-17));
#1717=DIRECTION('center_axis',(1.,0.,-6.82961998416066E-17));
#1718=DIRECTION('ref_axis',(-6.82961998416066E-17,0.,-1.));
#1719=DIRECTION('center_axis',(0.,0.,-1.));
#1720=DIRECTION('ref_axis',(-1.,0.,0.));
#1721=DIRECTION('',(0.,0.,-1.));
#1722=DIRECTION('center_axis',(0.,0.,-1.));
#1723=DIRECTION('ref_axis',(-1.,0.,0.));
#1724=DIRECTION('',(0.,0.,-1.));
#1725=DIRECTION('center_axis',(0.,0.,-1.));
#1726=DIRECTION('ref_axis',(-1.,0.,0.));
#1727=DIRECTION('',(0.,0.,-1.));
#1728=DIRECTION('center_axis',(0.,0.,-1.));
#1729=DIRECTION('ref_axis',(-1.,0.,0.));
#1730=DIRECTION('',(0.,0.,-1.));
#1731=DIRECTION('center_axis',(0.,1.,3.46944695195361E-15));
#1732=DIRECTION('ref_axis',(0.,-3.46944695195361E-15,1.));
#1733=DIRECTION('center_axis',(0.,1.,3.46944695195361E-15));
#1734=DIRECTION('ref_axis',(0.,-3.46944695195361E-15,1.));
#1735=DIRECTION('',(0.,-1.,-3.46944695195361E-15));
#1736=DIRECTION('center_axis',(0.,1.,3.46944695195361E-15));
#1737=DIRECTION('ref_axis',(0.,-3.46944695195361E-15,1.));
#1738=DIRECTION('',(0.,-1.,-3.46944695195361E-15));
#1739=DIRECTION('center_axis',(0.,1.,3.46944695195361E-15));
#1740=DIRECTION('ref_axis',(0.,-3.46944695195361E-15,1.));
#1741=DIRECTION('center_axis',(0.,1.,3.46944695195361E-15));
#1742=DIRECTION('ref_axis',(0.,-3.46944695195361E-15,1.));
#1743=DIRECTION('',(0.,-1.,-3.46944695195361E-15));
#1744=DIRECTION('center_axis',(0.,1.,3.46944695195361E-15));
#1745=DIRECTION('ref_axis',(0.,-3.46944695195361E-15,1.));
#1746=DIRECTION('',(0.,-1.,-3.46944695195361E-15));
#1747=DIRECTION('center_axis',(0.,0.,1.));
#1748=DIRECTION('ref_axis',(1.,0.,0.));
#1749=DIRECTION('',(0.,0.,1.));
#1750=DIRECTION('center_axis',(0.,0.,1.));
#1751=DIRECTION('ref_axis',(1.,0.,0.));
#1752=DIRECTION('',(0.,0.,1.));
#1753=DIRECTION('center_axis',(0.,0.,1.));
#1754=DIRECTION('ref_axis',(1.,0.,0.));
#1755=DIRECTION('',(0.,0.,1.));
#1756=DIRECTION('center_axis',(0.,0.,1.));
#1757=DIRECTION('ref_axis',(1.,0.,0.));
#1758=DIRECTION('',(0.,0.,1.));
#1759=DIRECTION('center_axis',(0.,0.,1.));
#1760=DIRECTION('ref_axis',(1.,0.,0.));
#1761=DIRECTION('',(0.,0.,1.));
#1762=DIRECTION('center_axis',(0.,0.,1.));
#1763=DIRECTION('ref_axis',(1.,0.,0.));
#1764=DIRECTION('',(0.,0.,1.));
#1765=DIRECTION('center_axis',(0.,1.,3.46944695195361E-15));
#1766=DIRECTION('ref_axis',(0.,-3.46944695195361E-15,1.));
#1767=DIRECTION('',(0.,1.,3.46944695195361E-15));
#1768=DIRECTION('center_axis',(0.,1.,3.46944695195361E-15));
#1769=DIRECTION('ref_axis',(0.,-3.46944695195361E-15,1.));
#1770=DIRECTION('',(0.,1.,3.46944695195361E-15));
#1771=DIRECTION('center_axis',(0.,1.,3.46944695195361E-15));
#1772=DIRECTION('ref_axis',(0.,-3.46944695195361E-15,1.));
#1773=DIRECTION('center_axis',(0.,1.,3.46944695195361E-15));
#1774=DIRECTION('ref_axis',(0.,-3.46944695195361E-15,1.));
#1775=DIRECTION('',(0.,1.,3.46944695195361E-15));
#1776=DIRECTION('center_axis',(0.,1.,3.46944695195361E-15));
#1777=DIRECTION('ref_axis',(0.,-3.46944695195361E-15,1.));
#1778=DIRECTION('',(0.,1.,3.46944695195361E-15));
#1779=DIRECTION('center_axis',(0.,1.,3.46944695195361E-15));
#1780=DIRECTION('ref_axis',(0.,-3.46944695195361E-15,1.));
#1781=DIRECTION('center_axis',(0.,1.,3.46944695195361E-15));
#1782=DIRECTION('ref_axis',(0.,-3.46944695195361E-15,1.));
#1783=DIRECTION('',(-0.707106781186546,-2.4532694666934E-15,0.707106781186549));
#1784=DIRECTION('center_axis',(0.,-1.,-3.46944695195361E-15));
#1785=DIRECTION('ref_axis',(-8.67361737988403E-15,-3.46944695195361E-15,
1.));
#1786=DIRECTION('',(-1.,0.,0.));
#1787=DIRECTION('center_axis',(0.,-1.,-3.46944695195361E-15));
#1788=DIRECTION('ref_axis',(0.,-3.46944695195361E-15,1.));
#1789=DIRECTION('',(-0.707106781186549,2.45326946669339E-15,-0.707106781186546));
#1790=DIRECTION('center_axis',(0.,-1.,-3.46944695195361E-15));
#1791=DIRECTION('ref_axis',(0.,-3.46944695195361E-15,1.));
#1792=DIRECTION('',(0.,3.46944695195361E-15,-1.));
#1793=DIRECTION('',(-1.,-1.99289108483778E-31,5.74411747012188E-17));
#1794=DIRECTION('',(0.,0.,-1.));
#1795=DIRECTION('center_axis',(0.,-1.,-3.46944695195361E-15));
#1796=DIRECTION('ref_axis',(-1.73472347597681E-15,-3.46944695195361E-15,
1.));
#1797=DIRECTION('center_axis',(0.,1.,3.46944695195361E-15));
#1798=DIRECTION('ref_axis',(0.,-3.46944695195361E-15,1.));
#1799=DIRECTION('',(1.,0.,-8.67361737988403E-16));
#1800=DIRECTION('',(-1.,0.,-4.33680868994201E-16));
#1801=DIRECTION('',(0.,-3.46944695195361E-15,1.));
#1802=DIRECTION('',(0.,3.46944695195361E-15,-1.));
#1803=DIRECTION('center_axis',(0.,1.,3.46944695195361E-15));
#1804=DIRECTION('ref_axis',(0.,-3.46944695195361E-15,1.));
#1805=DIRECTION('center_axis',(0.,1.,3.46944695195361E-15));
#1806=DIRECTION('ref_axis',(0.,-3.46944695195361E-15,1.));
#1807=DIRECTION('',(-1.,0.,0.));
#1808=DIRECTION('center_axis',(0.,1.,3.46944695195361E-15));
#1809=DIRECTION('ref_axis',(0.,-3.46944695195361E-15,1.));
#1810=DIRECTION('',(0.707106781186546,2.4532694666934E-15,-0.707106781186549));
#1811=DIRECTION('center_axis',(0.,1.,3.46944695195361E-15));
#1812=DIRECTION('ref_axis',(0.,-3.46944695195361E-15,1.));
#1813=DIRECTION('',(0.,-3.46944695195361E-15,1.));
#1814=DIRECTION('',(0.,3.46944695195361E-15,-1.));
#1815=DIRECTION('center_axis',(0.,1.,3.46944695195361E-15));
#1816=DIRECTION('ref_axis',(0.,-3.46944695195361E-15,1.));
#1817=DIRECTION('',(0.707106781186549,-2.45326946669339E-15,0.707106781186546));
#1818=DIRECTION('center_axis',(0.,1.,3.46944695195361E-15));
#1819=DIRECTION('ref_axis',(0.,-3.46944695195361E-15,1.));
#1820=DIRECTION('',(0.,-3.22739251344522E-15,1.));
#1821=DIRECTION('center_axis',(0.,1.,3.46944695195361E-15));
#1822=DIRECTION('ref_axis',(0.,-3.46944695195361E-15,1.));
#1823=DIRECTION('',(0.,3.22739251344522E-15,-1.));
#1824=DIRECTION('',(1.,0.,-8.67361737988403E-16));
#1825=DIRECTION('center_axis',(0.,1.,3.46944695195361E-15));
#1826=DIRECTION('ref_axis',(0.,-3.46944695195361E-15,1.));
#1827=DIRECTION('',(-1.,0.,-4.33680868994201E-16));
#1828=DIRECTION('center_axis',(0.,1.,3.46944695195361E-15));
#1829=DIRECTION('ref_axis',(1.65389215948552E-15,3.46944695195361E-15,-1.));
#1830=DIRECTION('',(0.,-1.,-3.46944695195361E-15));
#1831=DIRECTION('',(0.,-1.,-3.46944695195361E-15));
#1832=DIRECTION('center_axis',(0.,1.,3.46944695195361E-15));
#1833=DIRECTION('ref_axis',(0.,-3.46944695195361E-15,1.));
#1834=DIRECTION('',(-0.707106781186547,2.4532694666934E-15,-0.707106781186548));
#1835=DIRECTION('center_axis',(0.,-1.,-3.46944695195361E-15));
#1836=DIRECTION('ref_axis',(1.73472347597681E-15,-3.46944695195361E-15,
1.));
#1837=DIRECTION('',(0.,0.,-1.));
#1838=DIRECTION('',(-1.,-1.99289108483778E-31,5.74411747012188E-17));
#1839=DIRECTION('',(0.,-3.46944695195361E-15,1.));
#1840=DIRECTION('center_axis',(0.,-1.,-3.46944695195361E-15));
#1841=DIRECTION('ref_axis',(-3.46944695195361E-15,-3.46944695195361E-15,
1.));
#1842=DIRECTION('',(-0.707106781186546,-2.4532694666934E-15,0.707106781186549));
#1843=DIRECTION('center_axis',(0.,-1.,-3.46944695195361E-15));
#1844=DIRECTION('ref_axis',(3.46944695195361E-15,-3.46944695195361E-15,
1.));
#1845=DIRECTION('',(-1.,0.,0.));
#1846=DIRECTION('center_axis',(0.,-1.,-3.46944695195361E-15));
#1847=DIRECTION('ref_axis',(0.,-3.46944695195361E-15,1.));
#1848=DIRECTION('center_axis',(0.,1.,3.46944695195361E-15));
#1849=DIRECTION('ref_axis',(0.,-3.46944695195361E-15,1.));
#1850=DIRECTION('',(-1.,0.,0.));
#1851=DIRECTION('',(1.,0.,0.));
#1852=DIRECTION('',(0.,-3.46944695195361E-15,1.));
#1853=DIRECTION('',(0.,3.46944695195361E-15,-1.));
#1854=DIRECTION('center_axis',(0.,1.,3.46944695195361E-15));
#1855=DIRECTION('ref_axis',(0.,-3.46944695195361E-15,1.));
#1856=DIRECTION('center_axis',(0.,1.,3.46944695195361E-15));
#1857=DIRECTION('ref_axis',(0.,-3.46944695195361E-15,1.));
#1858=DIRECTION('',(0.,3.46944695195361E-15,-1.));
#1859=DIRECTION('center_axis',(0.,1.,3.46944695195361E-15));
#1860=DIRECTION('ref_axis',(0.,-3.46944695195361E-15,1.));
#1861=DIRECTION('',(0.707106781186547,-2.4532694666934E-15,0.707106781186548));
#1862=DIRECTION('center_axis',(0.,1.,3.46944695195361E-15));
#1863=DIRECTION('ref_axis',(0.,-3.46944695195361E-15,1.));
#1864=DIRECTION('',(-1.,0.,0.));
#1865=DIRECTION('center_axis',(0.,1.,3.46944695195361E-15));
#1866=DIRECTION('ref_axis',(0.,-3.46944695195361E-15,1.));
#1867=DIRECTION('',(0.707106781186546,2.4532694666934E-15,-0.707106781186549));
#1868=DIRECTION('center_axis',(0.,1.,3.46944695195361E-15));
#1869=DIRECTION('ref_axis',(0.,-3.46944695195361E-15,1.));
#1870=DIRECTION('',(0.,-3.46944695195361E-15,1.));
#1871=DIRECTION('',(0.,-3.22739251344522E-15,1.));
#1872=DIRECTION('center_axis',(0.,1.,3.46944695195361E-15));
#1873=DIRECTION('ref_axis',(0.,-3.46944695195361E-15,1.));
#1874=DIRECTION('',(0.,3.22739251344522E-15,-1.));
#1875=DIRECTION('',(-1.,0.,0.));
#1876=DIRECTION('center_axis',(0.,1.,3.46944695195361E-15));
#1877=DIRECTION('ref_axis',(0.,-3.46944695195361E-15,1.));
#1878=DIRECTION('',(1.,0.,0.));
#1879=DIRECTION('center_axis',(0.,1.,3.46944695195361E-15));
#1880=DIRECTION('ref_axis',(1.65389215948552E-15,3.46944695195361E-15,-1.));
#1881=DIRECTION('',(0.,-1.,-3.46944695195361E-15));
#1882=DIRECTION('',(0.,-1.,-3.46944695195361E-15));
#1883=DIRECTION('center_axis',(-1.,0.,0.));
#1884=DIRECTION('ref_axis',(0.,0.,1.));
#1885=DIRECTION('',(0.,-1.,-3.49148133884313E-15));
#1886=DIRECTION('',(0.,1.,3.46944695195362E-15));
#1887=DIRECTION('center_axis',(1.,0.,-6.82961998416066E-17));
#1888=DIRECTION('ref_axis',(-2.35658761485624E-31,-1.,-3.45053988409556E-15));
#1889=DIRECTION('center_axis',(1.,0.,-6.82961998416066E-17));
#1890=DIRECTION('ref_axis',(-6.82961998416066E-17,0.,-1.));
#1891=DIRECTION('center_axis',(-1.,0.,0.));
#1892=DIRECTION('ref_axis',(0.,0.,-1.));
#1893=DIRECTION('center_axis',(0.,3.49148133884313E-15,-1.));
#1894=DIRECTION('ref_axis',(0.,1.,3.49148133884313E-15));
#1895=DIRECTION('',(0.,-1.,-3.49148133884313E-15));
#1896=DIRECTION('',(-7.55024121799988E-31,1.,3.49148133884313E-15));
#1897=DIRECTION('center_axis',(1.,1.69241314729445E-16,0.));
#1898=DIRECTION('ref_axis',(-1.69241314729445E-16,1.,0.));
#1899=DIRECTION('',(0.,0.,-1.));
#1900=DIRECTION('',(-6.82961998416067E-17,0.,-1.));
#1901=DIRECTION('center_axis',(-1.,-1.69241314729445E-16,0.));
#1902=DIRECTION('ref_axis',(1.69241314729445E-16,-1.,0.));
#1903=DIRECTION('',(0.,0.,-1.));
#1904=DIRECTION('',(0.,0.,-1.));
#1905=DIRECTION('center_axis',(0.,1.,0.));
#1906=DIRECTION('ref_axis',(0.,0.,1.));
#1907=DIRECTION('',(0.,0.,-1.));
#1908=DIRECTION('',(0.,0.,1.));
#1909=DIRECTION('center_axis',(-1.,0.,6.82961998416066E-17));
#1910=DIRECTION('ref_axis',(6.82961998416066E-17,0.,1.));
#1911=DIRECTION('',(0.,-1.,-3.49148133884313E-15));
#1912=DIRECTION('center_axis',(-1.,0.,6.82961998416066E-17));
#1913=DIRECTION('ref_axis',(-6.82961998416066E-17,0.,-1.));
#1914=DIRECTION('center_axis',(-1.,0.,6.82961998416066E-17));
#1915=DIRECTION('ref_axis',(6.82961998416066E-17,0.,1.));
#1916=DIRECTION('',(0.,-1.,-3.49148133884313E-15));
#1917=DIRECTION('center_axis',(1.,0.,-6.82961998416066E-17));
#1918=DIRECTION('ref_axis',(-2.35658761485624E-31,-1.,-3.45053988409556E-15));
#1919=DIRECTION('center_axis',(1.,0.,0.));
#1920=DIRECTION('ref_axis',(0.,7.56282714322314E-16,1.));
#1921=DIRECTION('center_axis',(1.,0.,0.));
#1922=DIRECTION('ref_axis',(0.,0.,-1.));
#1923=DIRECTION('',(0.,1.,3.49148133884313E-15));
#1924=DIRECTION('center_axis',(-1.,0.,0.));
#1925=DIRECTION('ref_axis',(0.,0.,1.));
#1926=DIRECTION('',(0.,-1.,-3.49148133884313E-15));
#1927=DIRECTION('center_axis',(0.,3.49148133884313E-15,-1.));
#1928=DIRECTION('ref_axis',(0.,1.,3.49148133884313E-15));
#1929=DIRECTION('',(-1.97215226305253E-31,1.,3.49148133884313E-15));
#1930=DIRECTION('',(-5.57808895494737E-31,-1.,-3.49148133884313E-15));
#1931=DIRECTION('center_axis',(0.918568142933027,-0.395262655443908,0.));
#1932=DIRECTION('ref_axis',(0.395262655443908,0.918568142933027,0.));
#1933=DIRECTION('',(0.,0.,-1.));
#1934=DIRECTION('center_axis',(-0.918568142933027,-0.395262655443909,0.));
#1935=DIRECTION('ref_axis',(0.395262655443909,-0.918568142933027,0.));
#1936=DIRECTION('',(0.,0.,1.));
#1937=DIRECTION('center_axis',(1.42190448850558E-16,1.,0.));
#1938=DIRECTION('ref_axis',(-1.,1.42190448850558E-16,0.));
#1939=DIRECTION('center_axis',(1.,0.,0.));
#1940=DIRECTION('ref_axis',(0.,0.,-1.));
#1941=DIRECTION('',(0.,1.,3.49148133884313E-15));
#1942=DIRECTION('center_axis',(-1.,0.,0.));
#1943=DIRECTION('ref_axis',(0.,0.,1.));
#1944=DIRECTION('center_axis',(-0.707106781186546,0.707106781186549,0.));
#1945=DIRECTION('ref_axis',(0.,0.,1.));
#1946=DIRECTION('',(0.,0.,-1.));
#1947=DIRECTION('',(0.,0.,1.));
#1948=DIRECTION('center_axis',(0.707106781186546,0.707106781186549,0.));
#1949=DIRECTION('ref_axis',(0.,0.,-1.));
#1950=DIRECTION('',(0.,0.,-1.));
#1951=DIRECTION('',(0.,0.,1.));
#1952=DIRECTION('center_axis',(0.707106781186548,2.46885013108226E-15,-0.707106781186547));
#1953=DIRECTION('ref_axis',(-1.97215226305253E-31,-1.,-3.49148133884313E-15));
#1954=DIRECTION('',(0.,-1.,-3.49148133884313E-15));
#1955=DIRECTION('',(0.,1.,3.49148133884313E-15));
#1956=DIRECTION('center_axis',(-0.707106781186549,2.46885013108226E-15,
-0.707106781186546));
#1957=DIRECTION('ref_axis',(-1.97215226305253E-31,1.,3.49148133884313E-15));
#1958=DIRECTION('',(1.97215226305253E-31,-1.,-3.49148133884313E-15));
#1959=DIRECTION('',(-1.97215226305253E-31,1.,3.49148133884313E-15));
#1960=DIRECTION('center_axis',(-0.707106781186549,2.46885013108226E-15,
-0.707106781186546));
#1961=DIRECTION('ref_axis',(-1.97215226305253E-31,1.,3.49148133884313E-15));
#1962=DIRECTION('',(5.9164567891576E-31,-1.,-3.49148133884313E-15));
#1963=DIRECTION('',(4.76119674052619E-31,1.,3.49148133884313E-15));
#1964=DIRECTION('center_axis',(0.707106781186546,2.46885013108227E-15,-0.707106781186549));
#1965=DIRECTION('ref_axis',(-1.97215226305253E-31,1.,3.49148133884313E-15));
#1966=DIRECTION('',(3.1274123116839E-31,1.,3.49148133884313E-15));
#1967=DIRECTION('',(9.63392694223312E-46,-1.,-3.49148133884313E-15));
#1968=DIRECTION('center_axis',(-1.,0.,0.));
#1969=DIRECTION('ref_axis',(0.,-3.22739251344522E-15,1.));
#1970=DIRECTION('center_axis',(1.,0.,0.));
#1971=DIRECTION('ref_axis',(0.,3.22739251344522E-15,-1.));
#1972=DIRECTION('center_axis',(-1.,0.,0.));
#1973=DIRECTION('ref_axis',(0.,-3.22739251344522E-15,1.));
#1974=DIRECTION('center_axis',(1.,0.,0.));
#1975=DIRECTION('ref_axis',(0.,3.22739251344522E-15,-1.));
#1976=DIRECTION('center_axis',(0.,0.,-1.));
#1977=DIRECTION('ref_axis',(-1.,0.,0.));
#1978=DIRECTION('center_axis',(0.,0.,-1.));
#1979=DIRECTION('ref_axis',(-1.,0.,0.));
#1980=DIRECTION('center_axis',(0.,0.,1.));
#1981=DIRECTION('ref_axis',(1.,0.,0.));
#1982=DIRECTION('center_axis',(0.,0.,1.));
#1983=DIRECTION('ref_axis',(1.,0.,0.));
#1984=DIRECTION('center_axis',(-1.97215226305253E-31,1.,3.49148133884313E-15));
#1985=DIRECTION('ref_axis',(4.34551659691464E-48,-3.49148133884313E-15,
1.));
#1986=DIRECTION('center_axis',(0.,-1.,-3.49148133884313E-15));
#1987=DIRECTION('ref_axis',(0.,3.49148133884313E-15,-1.));
#1988=DIRECTION('center_axis',(0.,1.,3.49148133884313E-15));
#1989=DIRECTION('ref_axis',(0.,-3.49148133884313E-15,1.));
#1990=DIRECTION('center_axis',(0.,-1.,-3.49148133884313E-15));
#1991=DIRECTION('ref_axis',(0.,3.49148133884313E-15,-1.));
#1992=DIRECTION('center_axis',(-7.55024121799988E-31,1.,3.49148133884313E-15));
#1993=DIRECTION('ref_axis',(1.66364936106627E-47,-3.49148133884313E-15,
1.));
#1994=DIRECTION('center_axis',(0.,-1.,-3.49148133884313E-15));
#1995=DIRECTION('ref_axis',(0.,3.49148133884313E-15,-1.));
#1996=DIRECTION('center_axis',(-5.57808895494737E-31,-1.,-3.49148133884313E-15));
#1997=DIRECTION('ref_axis',(1.22909770137484E-47,3.49148133884313E-15,-1.));
#1998=DIRECTION('center_axis',(0.,1.,3.49148133884313E-15));
#1999=DIRECTION('ref_axis',(0.,-3.49148133884313E-15,1.));
#2000=DIRECTION('center_axis',(0.,3.46944695195361E-15,-1.));
#2001=DIRECTION('ref_axis',(0.,1.,3.46944695195361E-15));
#2002=DIRECTION('',(0.,1.,3.46944695195361E-15));
#2003=DIRECTION('center_axis',(0.,1.,3.46944695195361E-15));
#2004=DIRECTION('ref_axis',(0.,-3.46944695195361E-15,1.));
#2005=DIRECTION('',(0.,1.,3.46944695195361E-15));
#2006=DIRECTION('center_axis',(0.,-3.46944695195361E-15,1.));
#2007=DIRECTION('ref_axis',(0.,-1.,-3.46944695195361E-15));
#2008=DIRECTION('center_axis',(8.67361737988403E-16,-3.46944695195361E-15,
1.));
#2009=DIRECTION('ref_axis',(0.,-1.,-3.46944695195361E-15));
#2010=DIRECTION('',(0.,1.,3.46944695195361E-15));
#2011=DIRECTION('center_axis',(0.,1.,3.46944695195361E-15));
#2012=DIRECTION('ref_axis',(0.,-3.46944695195361E-15,1.));
#2013=DIRECTION('',(0.,1.,3.46944695195361E-15));
#2014=DIRECTION('center_axis',(4.33680868994201E-16,3.46944695195361E-15,
-1.));
#2015=DIRECTION('ref_axis',(0.,1.,3.46944695195361E-15));
#2016=CARTESIAN_POINT('',(0.,0.,0.));
#2017=CARTESIAN_POINT('Origin',(4.13653287853719,-12.9125,0.));
#2018=CARTESIAN_POINT('',(6.70305721638011,-14.4658682188264,0.));
#2019=CARTESIAN_POINT('',(4.13653287853719,-15.9125,4.5312283115761E-17));
#2020=CARTESIAN_POINT('Origin',(4.13653287853719,-12.9125,0.));
#2021=CARTESIAN_POINT('',(4.13653287853719,-15.9125,-3.));
#2022=CARTESIAN_POINT('',(4.13653287853719,-15.9125,0.));
#2023=CARTESIAN_POINT('',(6.70305721638011,-14.4658682188264,-3.));
#2024=CARTESIAN_POINT('Origin',(4.13653287853719,-12.9125,-3.));
#2025=CARTESIAN_POINT('',(6.70305721638011,-14.4658682188264,0.));
#2026=CARTESIAN_POINT('Origin',(9.2375,-15.9998193349175,0.));
#2027=CARTESIAN_POINT('',(12.1987128568797,-15.9125,-3.));
#2028=CARTESIAN_POINT('Origin',(9.2375,-15.9998193349175,-3.));
#2029=CARTESIAN_POINT('',(12.2,-15.9998193349175,-2.99916889842177));
#2030=CARTESIAN_POINT('Ctrl Pts',(12.2,-15.9998193349175,-2.99916889842177));
#2031=CARTESIAN_POINT('Ctrl Pts',(12.2,-15.9708150536117,-2.99972107138421));
#2032=CARTESIAN_POINT('Ctrl Pts',(12.1995739013499,-15.9417001302794,-3.));
#2033=CARTESIAN_POINT('Ctrl Pts',(12.1987128568797,-15.9125,-3.));
#2034=CARTESIAN_POINT('',(12.2,-15.9998193349175,0.00240328883390607));
#2035=CARTESIAN_POINT('',(12.2,-15.9998193349175,-3.59417227830895E-16));
#2036=CARTESIAN_POINT('',(12.1987128568797,-15.9125,-5.05303971844117E-16));
#2037=CARTESIAN_POINT('Ctrl Pts',(12.1987128568797,-15.9125,-5.55111512312578E-16));
#2038=CARTESIAN_POINT('Ctrl Pts',(12.1995650395991,-15.9413996065711,-5.55831762052342E-16));
#2039=CARTESIAN_POINT('Ctrl Pts',(12.2,-15.9705364506291,0.000790162036961928));
#2040=CARTESIAN_POINT('Ctrl Pts',(12.2,-15.9998193349175,0.00240328883390595));
#2041=CARTESIAN_POINT('Origin',(9.2375,-15.9998193349175,0.));
#2042=CARTESIAN_POINT('Origin',(0.,0.,-3.));
#2043=CARTESIAN_POINT('',(-4.1365328785372,-15.9125,-3.));
#2044=CARTESIAN_POINT('',(12.2,-15.9125,-3.));
#2045=CARTESIAN_POINT('',(-6.70305721638012,-14.4658682188264,-3.));
#2046=CARTESIAN_POINT('Origin',(-4.1365328785372,-12.9125,-3.));
#2047=CARTESIAN_POINT('',(-12.1987128568797,-15.9125,-3.));
#2048=CARTESIAN_POINT('Origin',(-9.2375,-15.9998193349175,-3.));
#2049=CARTESIAN_POINT('',(-30.2,-15.9125,-3.));
#2050=CARTESIAN_POINT('',(30.2,-15.9125,-3.));
#2051=CARTESIAN_POINT('',(-30.2,-12.5,-3.));
#2052=CARTESIAN_POINT('',(-30.2,20.5,-3.));
#2053=CARTESIAN_POINT('',(-17.5864593217418,16.8131579142621,-3.));
#2054=CARTESIAN_POINT('',(-30.2,-12.5,-3.));
#2055=CARTESIAN_POINT('',(-17.3749979599953,17.1250020400047,-3.));
#2056=CARTESIAN_POINT('Origin',(-16.6678911788088,16.4178952588182,-3.));
#2057=CARTESIAN_POINT('',(-14.2928932188134,20.2071067811866,-3.));
#2058=CARTESIAN_POINT('',(-17.5106382978723,16.9893617021277,-3.));
#2059=CARTESIAN_POINT('',(-13.5857864376269,20.5,-3.));
#2060=CARTESIAN_POINT('Origin',(-13.5857864376269,19.5,-3.));
#2061=CARTESIAN_POINT('',(13.5857864376269,20.5,-3.));
#2062=CARTESIAN_POINT('',(-30.2,20.5,-3.));
#2063=CARTESIAN_POINT('',(14.2928932188134,20.2071067811866,-3.));
#2064=CARTESIAN_POINT('Origin',(13.5857864376269,19.5,-3.));
#2065=CARTESIAN_POINT('',(17.3749979599953,17.1250020400047,-3.));
#2066=CARTESIAN_POINT('',(17.5106382978723,16.9893617021277,-3.));
#2067=CARTESIAN_POINT('',(17.5864593217418,16.8131579142621,-3.));
#2068=CARTESIAN_POINT('Origin',(16.6678911788087,16.4178952588182,-3.));
#2069=CARTESIAN_POINT('',(30.2,-12.5,-3.));
#2070=CARTESIAN_POINT('',(16.,20.5,-3.));
#2071=CARTESIAN_POINT('',(30.2,-15.9125,-3.));
#2072=CARTESIAN_POINT('',(30.2,20.5,-3.));
#2073=CARTESIAN_POINT('',(30.2,-15.9125,-3.));
#2074=CARTESIAN_POINT('',(-6.23749999999999,15.9998193349175,-3.));
#2075=CARTESIAN_POINT('Origin',(-9.23749999999999,15.9998193349175,-3.));
#2076=CARTESIAN_POINT('',(12.2375,15.9998193349175,-3.));
#2077=CARTESIAN_POINT('Origin',(9.2375,15.9998193349175,-3.));
#2078=CARTESIAN_POINT('',(-15.475,3.67394039744206E-16,-3.));
#2079=CARTESIAN_POINT('Origin',(-18.475,0.,-3.));
#2080=CARTESIAN_POINT('',(21.475,-1.89514092168053E-15,-3.));
#2081=CARTESIAN_POINT('Origin',(18.475,-2.26253496142474E-15,-3.));
#2082=CARTESIAN_POINT('',(-12.,-1.46957615897682E-15,-3.));
#2083=CARTESIAN_POINT('Origin',(0.,0.,-3.));
#2084=CARTESIAN_POINT('',(-1.7,16.,-3.));
#2085=CARTESIAN_POINT('Origin',(0.,16.,-3.));
#2086=CARTESIAN_POINT('',(-15.556406460551,7.99999999999997,-3.));
#2087=CARTESIAN_POINT('Origin',(-13.856406460551,7.99999999999997,-3.));
#2088=CARTESIAN_POINT('',(-15.556406460551,-8.00000000000007,-3.));
#2089=CARTESIAN_POINT('Origin',(-13.856406460551,-8.00000000000007,-3.));
#2090=CARTESIAN_POINT('',(12.1564064605511,-7.99999999999987,-3.));
#2091=CARTESIAN_POINT('Origin',(13.8564064605511,-7.99999999999987,-3.));
#2092=CARTESIAN_POINT('',(12.1564064605509,8.00000000000016,-3.));
#2093=CARTESIAN_POINT('Origin',(13.8564064605509,8.00000000000016,-3.));
#2094=CARTESIAN_POINT('Origin',(-4.1365328785372,-12.9125,0.));
#2095=CARTESIAN_POINT('',(-4.1365328785372,-15.9125,6.10331235363666E-16));
#2096=CARTESIAN_POINT('',(-4.1365328785372,-15.9125,0.));
#2097=CARTESIAN_POINT('',(-6.70305721638012,-14.4658682188264,0.));
#2098=CARTESIAN_POINT('Origin',(-4.1365328785372,-12.9125,0.));
#2099=CARTESIAN_POINT('',(-6.70305721638012,-14.4658682188264,0.));
#2100=CARTESIAN_POINT('Origin',(-9.2375,-15.9998193349175,0.));
#2101=CARTESIAN_POINT('',(-12.1987128568797,-15.9125,1.16094749032354E-15));
#2102=CARTESIAN_POINT('Origin',(-9.2375,-15.9998193349175,0.));
#2103=CARTESIAN_POINT('',(-12.2,-15.9998193349175,0.00240328883390746));
#2104=CARTESIAN_POINT('Ctrl Pts',(-12.2,-15.9998193349175,0.00240328883390734));
#2105=CARTESIAN_POINT('Ctrl Pts',(-12.2,-15.9705353681119,0.000790102403577957));
#2106=CARTESIAN_POINT('Ctrl Pts',(-12.199565004704,-15.9413984231935,1.23153724155236E-15));
#2107=CARTESIAN_POINT('Ctrl Pts',(-12.1987128568797,-15.9125,1.11022302462516E-15));
#2108=CARTESIAN_POINT('',(-12.2,-15.9998193349175,-2.99916889842177));
#2109=CARTESIAN_POINT('',(-12.2,-15.9998193349175,1.1042262731266E-15));
#2110=CARTESIAN_POINT('Ctrl Pts',(-12.1987128568797,-15.9125,-3.));
#2111=CARTESIAN_POINT('Ctrl Pts',(-12.1995739013499,-15.9417001302794,-3.));
#2112=CARTESIAN_POINT('Ctrl Pts',(-12.2,-15.9708150536117,-2.99972107138421));
#2113=CARTESIAN_POINT('Ctrl Pts',(-12.2,-15.9998193349175,-2.99916889842177));
#2114=CARTESIAN_POINT('Origin',(30.2,-15.9125,1.5875));
#2115=CARTESIAN_POINT('',(-12.2,-17.5,1.58749999999999));
#2116=CARTESIAN_POINT('Origin',(-12.2,-15.9125,1.5875));
#2117=CARTESIAN_POINT('',(-30.2,-15.9125,2.38524477946811E-15));
#2118=CARTESIAN_POINT('',(30.2,-15.9125,-1.73472347597681E-15));
#2119=CARTESIAN_POINT('',(-30.2,-17.5,1.5875));
#2120=CARTESIAN_POINT('Origin',(-30.2,-15.9125,1.5875));
#2121=CARTESIAN_POINT('',(-30.2,-17.5,1.5875));
#2122=CARTESIAN_POINT('Origin',(0.,0.,0.));
#2123=CARTESIAN_POINT('',(30.2,-15.9125,0.));
#2124=CARTESIAN_POINT('',(30.2,-15.9125,-1.73472347597681E-15));
#2125=CARTESIAN_POINT('',(30.2,-12.5,0.));
#2126=CARTESIAN_POINT('',(30.2,20.5,0.));
#2127=CARTESIAN_POINT('',(17.5864593217418,16.8131579142621,0.));
#2128=CARTESIAN_POINT('',(20.9433304407116,9.01197855327589,0.));
#2129=CARTESIAN_POINT('',(17.3749979599953,17.1250020400047,0.));
#2130=CARTESIAN_POINT('Origin',(16.6678911788087,16.4178952588182,0.));
#2131=CARTESIAN_POINT('',(14.2928932188134,20.2071067811866,0.));
#2132=CARTESIAN_POINT('',(17.25,17.25,0.));
#2133=CARTESIAN_POINT('',(13.5857864376269,20.5,0.));
#2134=CARTESIAN_POINT('Origin',(13.5857864376269,19.5,0.));
#2135=CARTESIAN_POINT('',(-13.5857864376269,20.5,0.));
#2136=CARTESIAN_POINT('',(-30.2,20.5,0.));
#2137=CARTESIAN_POINT('',(-14.2928932188134,20.2071067811866,0.));
#2138=CARTESIAN_POINT('Origin',(-13.5857864376269,19.5,0.));
#2139=CARTESIAN_POINT('',(-17.3749979599953,17.1250020400047,0.));
#2140=CARTESIAN_POINT('',(-17.25,17.25,0.));
#2141=CARTESIAN_POINT('',(-17.5864593217418,16.8131579142621,0.));
#2142=CARTESIAN_POINT('Origin',(-16.6678911788088,16.4178952588182,0.));
#2143=CARTESIAN_POINT('',(-30.2,-12.5,0.));
#2144=CARTESIAN_POINT('',(-20.9433304407116,9.01197855327589,0.));
#2145=CARTESIAN_POINT('',(-30.2,20.5,0.));
#2146=CARTESIAN_POINT('',(30.2,-15.9125,-1.73472347597681E-15));
#2147=CARTESIAN_POINT('',(-12.,-1.46957615897682E-15,0.));
#2148=CARTESIAN_POINT('Origin',(0.,0.,0.));
#2149=CARTESIAN_POINT('',(-1.7,16.,0.));
#2150=CARTESIAN_POINT('Origin',(0.,16.,0.));
#2151=CARTESIAN_POINT('',(-15.556406460551,7.99999999999997,0.));
#2152=CARTESIAN_POINT('Origin',(-13.856406460551,7.99999999999997,0.));
#2153=CARTESIAN_POINT('',(-15.556406460551,-8.00000000000007,0.));
#2154=CARTESIAN_POINT('Origin',(-13.856406460551,-8.00000000000007,0.));
#2155=CARTESIAN_POINT('',(12.1564064605511,-7.99999999999987,0.));
#2156=CARTESIAN_POINT('Origin',(13.8564064605511,-7.99999999999987,0.));
#2157=CARTESIAN_POINT('',(12.1564064605509,8.00000000000016,0.));
#2158=CARTESIAN_POINT('Origin',(13.8564064605509,8.00000000000016,0.));
#2159=CARTESIAN_POINT('',(21.475,-1.89514092168053E-15,0.));
#2160=CARTESIAN_POINT('Origin',(18.475,-2.26253496142474E-15,0.));
#2161=CARTESIAN_POINT('',(-15.475,3.67394039744206E-16,0.));
#2162=CARTESIAN_POINT('Origin',(-18.475,0.,0.));
#2163=CARTESIAN_POINT('',(12.2375,15.9998193349175,0.));
#2164=CARTESIAN_POINT('Origin',(9.2375,15.9998193349175,0.));
#2165=CARTESIAN_POINT('',(-6.23749999999999,15.9998193349175,0.));
#2166=CARTESIAN_POINT('Origin',(-9.23749999999999,15.9998193349175,0.));
#2167=CARTESIAN_POINT('Origin',(30.2,-15.9125,1.5875));
#2168=CARTESIAN_POINT('',(12.2,-17.5,1.58749999999999));
#2169=CARTESIAN_POINT('Origin',(12.2,-15.9125,1.5875));
#2170=CARTESIAN_POINT('',(30.2,-17.5,1.58749999999999));
#2171=CARTESIAN_POINT('',(-30.2,-17.5,1.5875));
#2172=CARTESIAN_POINT('Origin',(30.2,-15.9125,1.5875));
#2173=CARTESIAN_POINT('Origin',(-9.23749999999999,15.9998193349175,0.));
#2174=CARTESIAN_POINT('',(-6.23749999999999,15.9998193349175,0.));
#2175=CARTESIAN_POINT('Origin',(9.2375,15.9998193349175,0.));
#2176=CARTESIAN_POINT('',(12.2375,15.9998193349175,0.));
#2177=CARTESIAN_POINT('Origin',(-18.475,0.,0.));
#2178=CARTESIAN_POINT('',(-15.475,-3.67394039744206E-16,0.));
#2179=CARTESIAN_POINT('Origin',(18.475,-2.26253496142474E-15,0.));
#2180=CARTESIAN_POINT('',(21.475,-2.62992900116894E-15,0.));
#2181=CARTESIAN_POINT('Origin',(-24.2,-17.5,8.80000000000001));
#2182=CARTESIAN_POINT('',(-25.9,-20.5,8.8));
#2183=CARTESIAN_POINT('',(-22.5,-20.5,8.8));
#2184=CARTESIAN_POINT('Origin',(-24.2,-20.5,8.8));
#2185=CARTESIAN_POINT('',(-25.9,-17.5,8.80000000000001));
#2186=CARTESIAN_POINT('',(-25.9,-17.5,8.80000000000001));
#2187=CARTESIAN_POINT('',(-22.5,-17.5,8.80000000000001));
#2188=CARTESIAN_POINT('Origin',(-24.2,-17.5,8.80000000000001));
#2189=CARTESIAN_POINT('',(-22.5,-17.5,8.80000000000001));
#2190=CARTESIAN_POINT('Origin',(23.8,-17.5,8.80000000000001));
#2191=CARTESIAN_POINT('',(22.1,-20.5,8.8));
#2192=CARTESIAN_POINT('',(25.5,-20.5,8.8));
#2193=CARTESIAN_POINT('Origin',(23.8,-20.5,8.8));
#2194=CARTESIAN_POINT('',(22.1,-17.5,8.80000000000001));
#2195=CARTESIAN_POINT('',(22.1,-17.5,8.80000000000001));
#2196=CARTESIAN_POINT('',(25.5,-17.5,8.80000000000001));
#2197=CARTESIAN_POINT('Origin',(23.8,-17.5,8.80000000000001));
#2198=CARTESIAN_POINT('',(25.5,-17.5,8.80000000000001));
#2199=CARTESIAN_POINT('Origin',(13.8564064605509,8.00000000000016,-3.));
#2200=CARTESIAN_POINT('',(12.1564064605509,8.00000000000016,-3.));
#2201=CARTESIAN_POINT('Origin',(13.8564064605511,-7.99999999999987,-3.));
#2202=CARTESIAN_POINT('',(12.1564064605511,-7.99999999999987,-3.));
#2203=CARTESIAN_POINT('Origin',(-13.856406460551,-8.00000000000007,-3.));
#2204=CARTESIAN_POINT('',(-15.556406460551,-8.00000000000007,-3.));
#2205=CARTESIAN_POINT('Origin',(-13.856406460551,7.99999999999997,-3.));
#2206=CARTESIAN_POINT('',(-15.556406460551,7.99999999999997,-3.));
#2207=CARTESIAN_POINT('Origin',(0.,16.,-3.));
#2208=CARTESIAN_POINT('',(-1.7,16.,-3.));
#2209=CARTESIAN_POINT('Origin',(0.,0.,-10.));
#2210=CARTESIAN_POINT('',(-12.,-1.46957615897682E-15,-10.));
#2211=CARTESIAN_POINT('Origin',(-16.2,-27.5,4.49999999999998));
#2212=CARTESIAN_POINT('',(-16.2,-20.5000000000001,6.2));
#2213=CARTESIAN_POINT('',(-16.2,-17.5,6.20000000000001));
#2214=CARTESIAN_POINT('',(-16.2,-20.5000000000001,6.2));
#2215=CARTESIAN_POINT('',(-16.2,-17.5,2.80000000000001));
#2216=CARTESIAN_POINT('Origin',(-16.2,-17.5,4.50000000000001));
#2217=CARTESIAN_POINT('',(-16.2,-20.5,2.8));
#2218=CARTESIAN_POINT('',(-16.2,-20.5000000000001,2.8));
#2219=CARTESIAN_POINT('Origin',(-16.2,-20.5,4.5));
#2220=CARTESIAN_POINT('Origin',(15.8,-27.5,4.49999999999998));
#2221=CARTESIAN_POINT('',(15.8,-20.5000000000001,2.8));
#2222=CARTESIAN_POINT('',(15.8,-17.5,2.80000000000001));
#2223=CARTESIAN_POINT('',(15.8,-20.5000000000001,2.8));
#2224=CARTESIAN_POINT('',(15.8,-17.5,6.20000000000001));
#2225=CARTESIAN_POINT('Origin',(15.8,-17.5,4.50000000000001));
#2226=CARTESIAN_POINT('',(15.8,-20.5,6.2));
#2227=CARTESIAN_POINT('',(15.8,-20.5000000000001,6.2));
#2228=CARTESIAN_POINT('Origin',(15.8,-20.5,4.5));
#2229=CARTESIAN_POINT('Origin',(0.,-20.5,-8.15981065315784E-14));
#2230=CARTESIAN_POINT('',(-12.4928932188135,-20.5,10.2928932188135));
#2231=CARTESIAN_POINT('',(-13.9071067811865,-20.5,11.7071067811865));
#2232=CARTESIAN_POINT('',(-14.2,-20.5,12.));
#2233=CARTESIAN_POINT('',(-14.6142135623731,-20.5,12.));
#2234=CARTESIAN_POINT('Origin',(-14.6142135623731,-20.5,11.));
#2235=CARTESIAN_POINT('',(-27.7857864376269,-20.5,12.));
#2236=CARTESIAN_POINT('',(0.,-20.5,12.));
#2237=CARTESIAN_POINT('',(-28.4928932188135,-20.5,11.7071067811865));
#2238=CARTESIAN_POINT('Origin',(-27.7857864376269,-20.5,11.));
#2239=CARTESIAN_POINT('',(-29.9071067811865,-20.5,10.2928932188135));
#2240=CARTESIAN_POINT('',(-30.2,-20.5,10.));
#2241=CARTESIAN_POINT('',(-30.2,-20.5,9.58578643762692));
#2242=CARTESIAN_POINT('Origin',(-29.2,-20.5,9.58578643762692));
#2243=CARTESIAN_POINT('',(-30.2,-20.5,1.58749999999999));
#2244=CARTESIAN_POINT('',(-30.2,-20.5,-8.15981065315784E-14));
#2245=CARTESIAN_POINT('',(-12.2,-20.5,1.58749999999998));
#2246=CARTESIAN_POINT('',(-30.2,-20.5,1.58749999999999));
#2247=CARTESIAN_POINT('',(-12.2,-20.5,9.5857864376269));
#2248=CARTESIAN_POINT('',(-12.2,-20.5,12.));
#2249=CARTESIAN_POINT('Origin',(-13.2,-20.5,9.5857864376269));
#2250=CARTESIAN_POINT('',(-17.2,-20.5000000000001,2.8));
#2251=CARTESIAN_POINT('',(-17.2,-20.5000000000001,6.2));
#2252=CARTESIAN_POINT('Origin',(-17.2,-20.5000000000001,4.5));
#2253=CARTESIAN_POINT('',(-16.2,-20.5000000000001,6.2));
#2254=CARTESIAN_POINT('',(-16.2,-20.5000000000001,2.8));
#2255=CARTESIAN_POINT('',(-25.9,-20.5,4.5));
#2256=CARTESIAN_POINT('',(-25.9,-20.5,-8.15320033709099E-14));
#2257=CARTESIAN_POINT('',(-22.5,-20.5,4.5));
#2258=CARTESIAN_POINT('',(-22.5,-20.5,-8.15320033709099E-14));
#2259=CARTESIAN_POINT('Origin',(-24.2,-20.5,4.5));
#2260=CARTESIAN_POINT('Origin',(0.,-17.5,-7.1123662515049E-14));
#2261=CARTESIAN_POINT('',(-14.6142135623731,-17.5,12.));
#2262=CARTESIAN_POINT('',(-27.7857864376269,-17.5,12.));
#2263=CARTESIAN_POINT('',(-30.2,-17.5,12.));
#2264=CARTESIAN_POINT('',(-13.9071067811865,-17.5,11.7071067811866));
#2265=CARTESIAN_POINT('Origin',(-14.6142135623731,-17.5,11.));
#2266=CARTESIAN_POINT('',(-12.4928932188135,-17.5,10.2928932188135));
#2267=CARTESIAN_POINT('',(-1.09999999999998,-17.5,-1.10000000000005));
#2268=CARTESIAN_POINT('',(-12.2,-17.5,9.58578643762691));
#2269=CARTESIAN_POINT('Origin',(-13.2,-17.5,9.58578643762691));
#2270=CARTESIAN_POINT('',(-12.2,-17.5,-7.1123662515049E-14));
#2271=CARTESIAN_POINT('',(-30.2,-17.5,9.58578643762693));
#2272=CARTESIAN_POINT('',(-30.2,-17.5,-6.61031606685702E-17));
#2273=CARTESIAN_POINT('',(-29.9071067811865,-17.5,10.2928932188135));
#2274=CARTESIAN_POINT('Origin',(-29.2,-17.5,9.58578643762693));
#2275=CARTESIAN_POINT('',(-28.4928932188135,-17.5,11.7071067811866));
#2276=CARTESIAN_POINT('',(-20.1,-17.5000000000001,20.1));
#2277=CARTESIAN_POINT('Origin',(-27.7857864376269,-17.5,11.));
#2278=CARTESIAN_POINT('',(-25.9,-17.5,4.50000000000001));
#2279=CARTESIAN_POINT('',(-25.9,-17.5,4.50000000000001));
#2280=CARTESIAN_POINT('',(-22.5,-17.5,4.50000000000001));
#2281=CARTESIAN_POINT('Origin',(-24.2,-17.5,4.50000000000001));
#2282=CARTESIAN_POINT('',(-22.5,-17.5,4.50000000000001));
#2283=CARTESIAN_POINT('',(-17.2,-17.5,6.20000000000001));
#2284=CARTESIAN_POINT('',(-16.2,-17.5,6.20000000000001));
#2285=CARTESIAN_POINT('',(-17.2,-17.5,2.80000000000001));
#2286=CARTESIAN_POINT('Origin',(-17.2,-17.5,4.50000000000001));
#2287=CARTESIAN_POINT('',(-16.2,-17.5,2.80000000000001));
#2288=CARTESIAN_POINT('Origin',(-24.2,-27.5,4.49999999999998));
#2289=CARTESIAN_POINT('',(-25.9,-17.5,4.50000000000001));
#2290=CARTESIAN_POINT('',(-22.5,-17.5,4.50000000000001));
#2291=CARTESIAN_POINT('Origin',(0.,-20.5,-8.15981065315784E-14));
#2292=CARTESIAN_POINT('',(13.9071067811865,-20.5,11.7071067811865));
#2293=CARTESIAN_POINT('',(12.4928932188135,-20.5,10.2928932188135));
#2294=CARTESIAN_POINT('',(14.2,-20.5,12.));
#2295=CARTESIAN_POINT('',(12.2,-20.5,9.5857864376269));
#2296=CARTESIAN_POINT('Origin',(13.2,-20.5,9.5857864376269));
#2297=CARTESIAN_POINT('',(12.2,-20.5,1.58749999999998));
#2298=CARTESIAN_POINT('',(12.2,-20.5,12.));
#2299=CARTESIAN_POINT('',(30.2,-20.5,1.58749999999998));
#2300=CARTESIAN_POINT('',(-30.2,-20.5,1.58749999999999));
#2301=CARTESIAN_POINT('',(30.2,-20.5,9.58578643762691));
#2302=CARTESIAN_POINT('',(30.2,-20.5,-8.15981065315784E-14));
#2303=CARTESIAN_POINT('',(29.9071067811865,-20.5,10.2928932188135));
#2304=CARTESIAN_POINT('Origin',(29.2,-20.5,9.58578643762691));
#2305=CARTESIAN_POINT('',(28.4928932188135,-20.5,11.7071067811865));
#2306=CARTESIAN_POINT('',(28.2,-20.5,12.));
#2307=CARTESIAN_POINT('',(27.7857864376269,-20.5,12.));
#2308=CARTESIAN_POINT('Origin',(27.7857864376269,-20.5,11.));
#2309=CARTESIAN_POINT('',(14.6142135623731,-20.5,12.));
#2310=CARTESIAN_POINT('',(0.,-20.5,12.));
#2311=CARTESIAN_POINT('Origin',(14.6142135623731,-20.5,11.));
#2312=CARTESIAN_POINT('',(16.8,-20.5000000000001,6.2));
#2313=CARTESIAN_POINT('',(16.8,-20.5000000000001,2.8));
#2314=CARTESIAN_POINT('Origin',(16.8,-20.5000000000001,4.5));
#2315=CARTESIAN_POINT('',(15.8,-20.5000000000001,2.8));
#2316=CARTESIAN_POINT('',(15.8,-20.5000000000001,6.2));
#2317=CARTESIAN_POINT('',(22.1,-20.5,4.5));
#2318=CARTESIAN_POINT('',(22.1,-20.5,-8.15320033709099E-14));
#2319=CARTESIAN_POINT('',(25.5,-20.5,4.5));
#2320=CARTESIAN_POINT('',(25.5,-20.5,-8.15320033709099E-14));
#2321=CARTESIAN_POINT('Origin',(23.8,-20.5,4.5));
#2322=CARTESIAN_POINT('Origin',(0.,-17.5,-7.1123662515049E-14));
#2323=CARTESIAN_POINT('',(12.2,-17.5,9.58578643762691));
#2324=CARTESIAN_POINT('',(12.2,-17.5,-7.1123662515049E-14));
#2325=CARTESIAN_POINT('',(12.4928932188135,-17.5,10.2928932188135));
#2326=CARTESIAN_POINT('Origin',(13.2,-17.5,9.58578643762691));
#2327=CARTESIAN_POINT('',(13.9071067811865,-17.5,11.7071067811866));
#2328=CARTESIAN_POINT('',(1.09999999999997,-17.5,-1.10000000000004));
#2329=CARTESIAN_POINT('',(14.6142135623731,-17.5,12.));
#2330=CARTESIAN_POINT('Origin',(14.6142135623731,-17.5,11.));
#2331=CARTESIAN_POINT('',(27.7857864376269,-17.5,12.));
#2332=CARTESIAN_POINT('',(-30.2,-17.5,12.));
#2333=CARTESIAN_POINT('',(28.4928932188135,-17.5,11.7071067811866));
#2334=CARTESIAN_POINT('Origin',(27.7857864376269,-17.5,11.));
#2335=CARTESIAN_POINT('',(29.9071067811865,-17.5,10.2928932188135));
#2336=CARTESIAN_POINT('',(20.1000000000001,-17.5000000000001,20.1));
#2337=CARTESIAN_POINT('',(30.2,-17.5,9.58578643762692));
#2338=CARTESIAN_POINT('Origin',(29.2,-17.5,9.58578643762692));
#2339=CARTESIAN_POINT('',(30.2,-17.5,12.));
#2340=CARTESIAN_POINT('',(22.1,-17.5,4.50000000000001));
#2341=CARTESIAN_POINT('',(22.1,-17.5,4.50000000000001));
#2342=CARTESIAN_POINT('',(25.5,-17.5,4.50000000000001));
#2343=CARTESIAN_POINT('Origin',(23.8,-17.5,4.50000000000001));
#2344=CARTESIAN_POINT('',(25.5,-17.5,4.50000000000001));
#2345=CARTESIAN_POINT('',(16.8,-17.5,2.80000000000001));
#2346=CARTESIAN_POINT('',(15.8,-17.5,2.80000000000001));
#2347=CARTESIAN_POINT('',(16.8,-17.5,6.20000000000001));
#2348=CARTESIAN_POINT('Origin',(16.8,-17.5,4.50000000000001));
#2349=CARTESIAN_POINT('',(15.8,-17.5,6.20000000000001));
#2350=CARTESIAN_POINT('Origin',(23.8,-27.5,4.49999999999998));
#2351=CARTESIAN_POINT('',(22.1,-17.5,4.50000000000001));
#2352=CARTESIAN_POINT('',(25.5,-17.5,4.50000000000001));
#2353=CARTESIAN_POINT('Origin',(-12.2,-15.9125,12.));
#2354=CARTESIAN_POINT('',(-12.2,-20.5,9.5857864376269));
#2355=CARTESIAN_POINT('',(-12.2,-20.5,1.58749999999998));
#2356=CARTESIAN_POINT('Origin',(30.2,-15.9125,1.5875));
#2357=CARTESIAN_POINT('Origin',(30.2,-15.9125,1.5875));
#2358=CARTESIAN_POINT('Origin',(12.2,-15.9125,1.5875));
#2359=CARTESIAN_POINT('Origin',(-30.2,-20.5,12.));
#2360=CARTESIAN_POINT('',(14.6142135623731,-20.5,12.));
#2361=CARTESIAN_POINT('',(27.7857864376269,-17.5,12.));
#2362=CARTESIAN_POINT('Origin',(30.2,20.5,-3.));
#2363=CARTESIAN_POINT('',(30.2,-12.5,12.));
#2364=CARTESIAN_POINT('',(30.2,-15.9125,-1.73472347597681E-15));
#2365=CARTESIAN_POINT('Origin',(-30.2,20.5,-3.));
#2366=CARTESIAN_POINT('',(-30.2,-12.5,12.));
#2367=CARTESIAN_POINT('',(-30.2,-15.9125,2.38524477946811E-15));
#2368=CARTESIAN_POINT('Origin',(-30.2,20.5,-3.));
#2369=CARTESIAN_POINT('',(13.5857864376269,20.5,-3.));
#2370=CARTESIAN_POINT('',(-13.5857864376269,20.5,-3.));
#2371=CARTESIAN_POINT('Origin',(-30.2,-15.9125,1.5875));
#2372=CARTESIAN_POINT('',(-30.2,-20.5,1.58749999999999));
#2373=CARTESIAN_POINT('Origin',(-30.2,-15.9125,1.5875));
#2374=CARTESIAN_POINT('Origin',(30.2,-15.9125,1.5875));
#2375=CARTESIAN_POINT('',(30.2,-17.5,1.58749999999999));
#2376=CARTESIAN_POINT('Origin',(30.2,-15.9125,1.5875));
#2377=CARTESIAN_POINT('Origin',(-12.2,-15.9125,1.5875));
#2378=CARTESIAN_POINT('Origin',(-30.2,-20.5,-1.04744440165294E-14));
#2379=CARTESIAN_POINT('',(-30.2,-17.5,9.58578643762693));
#2380=CARTESIAN_POINT('Origin',(30.2,-20.5,12.));
#2381=CARTESIAN_POINT('',(30.2,-20.5,9.58578643762691));
#2382=CARTESIAN_POINT('Origin',(-30.2,-20.5,12.));
#2383=CARTESIAN_POINT('',(-14.6142135623731,-17.5,12.));
#2384=CARTESIAN_POINT('',(-27.7857864376269,-20.5,12.));
#2385=CARTESIAN_POINT('Origin',(-30.2,-12.5,12.));
#2386=CARTESIAN_POINT('',(-17.5864593217418,16.8131579142621,-3.));
#2387=CARTESIAN_POINT('Origin',(16.,20.5,12.));
#2388=CARTESIAN_POINT('',(17.5864593217418,16.8131579142621,0.));
#2389=CARTESIAN_POINT('Origin',(12.2,-15.9125,12.));
#2390=CARTESIAN_POINT('Origin',(12.2,-15.9125,12.));
#2391=CARTESIAN_POINT('',(12.2,-17.5,9.58578643762691));
#2392=CARTESIAN_POINT('Origin',(-12.2,-15.9125,12.));
#2393=CARTESIAN_POINT('Origin',(-17.5106382978723,16.9893617021277,12.));
#2394=CARTESIAN_POINT('',(-14.2928932188134,20.2071067811866,12.));
#2395=CARTESIAN_POINT('',(-17.3749979599953,17.1250020400047,0.));
#2396=CARTESIAN_POINT('Origin',(17.5106382978723,16.9893617021277,12.));
#2397=CARTESIAN_POINT('',(17.3749979599953,17.1250020400047,-3.));
#2398=CARTESIAN_POINT('',(14.2928932188134,20.2071067811866,12.));
#2399=CARTESIAN_POINT('Origin',(14.2,-20.5,12.));
#2400=CARTESIAN_POINT('',(12.4928932188135,-20.5,10.2928932188135));
#2401=CARTESIAN_POINT('',(13.9071067811865,-17.5,11.7071067811866));
#2402=CARTESIAN_POINT('Origin',(-14.2,-20.5,12.));
#2403=CARTESIAN_POINT('',(-13.9071067811865,-20.5,11.7071067811865));
#2404=CARTESIAN_POINT('',(-12.4928932188135,-17.5,10.2928932188135));
#2405=CARTESIAN_POINT('Origin',(28.2,-20.5,12.));
#2406=CARTESIAN_POINT('',(28.4928932188135,-20.5,11.7071067811865));
#2407=CARTESIAN_POINT('',(29.9071067811865,-17.5,10.2928932188135));
#2408=CARTESIAN_POINT('Origin',(-30.2,-20.5,10.));
#2409=CARTESIAN_POINT('',(-28.4928932188135,-17.5,11.7071067811866));
#2410=CARTESIAN_POINT('',(-29.9071067811865,-20.5,10.2928932188135));
#2411=CARTESIAN_POINT('Origin',(22.1,-17.5,4.50000000000001));
#2412=CARTESIAN_POINT('Origin',(25.5,-17.5,4.50000000000001));
#2413=CARTESIAN_POINT('Origin',(-25.9,-17.5,4.50000000000001));
#2414=CARTESIAN_POINT('Origin',(-22.5,-17.5,4.50000000000001));
#2415=CARTESIAN_POINT('Origin',(16.6678911788087,16.4178952588182,12.));
#2416=CARTESIAN_POINT('Origin',(13.5857864376269,19.5,-3.));
#2417=CARTESIAN_POINT('Origin',(-13.5857864376269,19.5,-3.));
#2418=CARTESIAN_POINT('Origin',(-16.6678911788088,16.4178952588182,12.));
#2419=CARTESIAN_POINT('Origin',(-14.6142135623731,-20.5,11.));
#2420=CARTESIAN_POINT('Origin',(-13.2,-15.9125,9.58578643762692));
#2421=CARTESIAN_POINT('Origin',(13.2,-15.9125,9.58578643762692));
#2422=CARTESIAN_POINT('Origin',(14.6142135623731,-20.5,11.));
#2423=CARTESIAN_POINT('Origin',(27.7857864376269,-20.5,11.));
#2424=CARTESIAN_POINT('Origin',(29.2,-20.5,9.58578643762691));
#2425=CARTESIAN_POINT('Origin',(-27.7857864376269,-20.5,11.));
#2426=CARTESIAN_POINT('Origin',(-29.2,-20.5,9.58578643762692));
#2427=CARTESIAN_POINT('Origin',(15.8,-20.5000000000001,2.8));
#2428=CARTESIAN_POINT('',(16.8,-20.5000000000001,2.8));
#2429=CARTESIAN_POINT('Origin',(16.8,-20.5000000000001,4.5));
#2430=CARTESIAN_POINT('',(16.8,-20.5000000000001,6.2));
#2431=CARTESIAN_POINT('Origin',(15.8,-20.5000000000001,6.2));
#2432=CARTESIAN_POINT('Origin',(-16.2,-20.5000000000001,6.2));
#2433=CARTESIAN_POINT('',(-17.2,-20.5000000000001,6.2));
#2434=CARTESIAN_POINT('Origin',(-17.2,-20.5000000000001,4.5));
#2435=CARTESIAN_POINT('',(-17.2,-20.5000000000001,2.8));
#2436=CARTESIAN_POINT('Origin',(-16.2,-20.5000000000001,2.8));
#2437=UNCERTAINTY_MEASURE_WITH_UNIT(LENGTH_MEASURE(0.01),#2441,
'DISTANCE_ACCURACY_VALUE',
'Maximum model space distance between geometric entities at asserted c
onnectivities');
#2438=UNCERTAINTY_MEASURE_WITH_UNIT(LENGTH_MEASURE(0.01),#2441,
'DISTANCE_ACCURACY_VALUE',
'Maximum model space distance between geometric entities at asserted c
onnectivities');
#2439=(
GEOMETRIC_REPRESENTATION_CONTEXT(3)
GLOBAL_UNCERTAINTY_ASSIGNED_CONTEXT((#2437))
GLOBAL_UNIT_ASSIGNED_CONTEXT((#2441,#2443,#2444))
REPRESENTATION_CONTEXT('','3D')
);
#2440=(
GEOMETRIC_REPRESENTATION_CONTEXT(3)
GLOBAL_UNCERTAINTY_ASSIGNED_CONTEXT((#2438))
GLOBAL_UNIT_ASSIGNED_CONTEXT((#2441,#2443,#2444))
REPRESENTATION_CONTEXT('','3D')
);
#2441=(
LENGTH_UNIT()
NAMED_UNIT(*)
SI_UNIT(.MILLI.,.METRE.)
);
#2442=(
LENGTH_UNIT()
NAMED_UNIT(*)
SI_UNIT($,.METRE.)
);
#2443=(
NAMED_UNIT(*)
PLANE_ANGLE_UNIT()
SI_UNIT($,.RADIAN.)
);
#2444=(
NAMED_UNIT(*)
SI_UNIT($,.STERADIAN.)
SOLID_ANGLE_UNIT()
);
#2445=SHAPE_DEFINITION_REPRESENTATION(#2446,#2447);
#2446=PRODUCT_DEFINITION_SHAPE('',$,#2449);
#2447=SHAPE_REPRESENTATION('',(#1443),#2439);
#2448=PRODUCT_DEFINITION_CONTEXT('part definition',#2453,'design');
#2449=PRODUCT_DEFINITION('REV-41-1623','REV-41-1623 v3',#2450,#2448);
#2450=PRODUCT_DEFINITION_FORMATION('',$,#2455);
#2451=PRODUCT_RELATED_PRODUCT_CATEGORY('REV-41-1623 v3',
'REV-41-1623 v3',(#2455));
#2452=APPLICATION_PROTOCOL_DEFINITION('international standard',
'automotive_design',2009,#2453);
#2453=APPLICATION_CONTEXT(
'Core Data for Automotive Mechanical Design Process');
#2454=PRODUCT_CONTEXT('part definition',#2453,'mechanical');
#2455=PRODUCT('REV-41-1623','REV-41-1623 v3','STEP AP214',(#2454));
#2456=PRESENTATION_STYLE_ASSIGNMENT((#2458));
#2457=PRESENTATION_STYLE_ASSIGNMENT((#2459));
#2458=SURFACE_STYLE_USAGE(.BOTH.,#2460);
#2459=SURFACE_STYLE_USAGE(.BOTH.,#2461);
#2460=SURFACE_SIDE_STYLE('',(#2462));
#2461=SURFACE_SIDE_STYLE('',(#2463));
#2462=SURFACE_STYLE_FILL_AREA(#2464);
#2463=SURFACE_STYLE_FILL_AREA(#2465);
#2464=FILL_AREA_STYLE('Steel - Satin',(#2466));
#2465=FILL_AREA_STYLE('Aluminum - Satin',(#2467));
#2466=FILL_AREA_STYLE_COLOUR('Steel - Satin',#2468);
#2467=FILL_AREA_STYLE_COLOUR('Aluminum - Satin',#2469);
#2468=COLOUR_RGB('Steel - Satin',0.627450980392157,0.627450980392157,0.627450980392157);
#2469=COLOUR_RGB('Aluminum - Satin',0.96078431372549,0.96078431372549,0.964705882352941);
ENDSEC;
END-ISO-10303-21;
