ISO-10303-21;
HEADER;
FILE_DESCRIPTION (( 'STEP AP214' ),
    '1' );
FILE_NAME ('REV-21-2804.STEP',
    '2024-12-06T14:43:48',
    ( '' ),
    ( '' ),
    'SwSTEP 2.0',
    'SolidWorks 2022',
    '' );
FILE_SCHEMA (( 'AUTOMOTIVE_DESIGN' ));
ENDSEC;

DATA;
#1 = VERTEX_POINT ( 'NONE', #1189 ) ;
#2 = FACE_OUTER_BOUND ( 'NONE', #4810, .T. ) ;
#3 = CIRCLE ( 'NONE', #2266, 2.489199999999988311 ) ;
#4 = ORIENTED_EDGE ( 'NONE', *, *, #4297, .T. ) ;
#5 = ORIENTED_EDGE ( 'NONE', *, *, #487, .F. ) ;
#6 = DIRECTION ( 'NONE',  ( 1.000000000000000000, 0.000000000000000000, 0.000000000000000000 ) ) ;
#7 = CARTESIAN_POINT ( 'NONE',  ( 31.75000000000002842, -68.60735931288064648, 0.000000000000000000 ) ) ;
#8 = ORIENTED_EDGE ( 'NONE', *, *, #3792, .T. ) ;
#9 = CARTESIAN_POINT ( 'NONE',  ( 2.489199999999991419, -50.79999999999999716, 4.762500000000001066 ) ) ;
#10 = EDGE_LOOP ( 'NONE', ( #2833, #284, #3777, #4133 ) ) ;
#11 = AXIS2_PLACEMENT_3D ( 'NONE', #4984, #5431, #4151 ) ;
#12 = EDGE_LOOP ( 'NONE', ( #2877, #2032, #2431, #5386 ) ) ;
#13 = DIRECTION ( 'NONE',  ( -0.000000000000000000, -0.000000000000000000, 1.000000000000000000 ) ) ;
#14 = CARTESIAN_POINT ( 'NONE',  ( 24.15735931288071825, 31.75000000000000711, 4.512500000000000178 ) ) ;
#15 = EDGE_CURVE ( 'NONE', #5560, #2202, #2061, .T. ) ;
#16 = CARTESIAN_POINT ( 'NONE',  ( -12.70000000000025686, -21.99704525612459349, 4.762500000000000178 ) ) ;
#17 = FACE_BOUND ( 'NONE', #3356, .T. ) ;
#18 = DIRECTION ( 'NONE',  ( -0.000000000000000000, -0.000000000000000000, -1.000000000000000000 ) ) ;
#19 = DIRECTION ( 'NONE',  ( -1.000000000000000000, 0.000000000000000000, 0.000000000000000000 ) ) ;
#20 = ORIENTED_EDGE ( 'NONE', *, *, #1693, .T. ) ;
#21 = CARTESIAN_POINT ( 'NONE',  ( 17.96051224213833208, 17.96051224213827169, 4.762500000000000178 ) ) ;
#22 = FACE_BOUND ( 'NONE', #1205, .T. ) ;
#23 = ORIENTED_EDGE ( 'NONE', *, *, #4029, .T. ) ;
#24 = EDGE_CURVE ( 'NONE', #517, #304, #714, .T. ) ;
#25 = DIRECTION ( 'NONE',  ( -1.000000000000000000, 4.336808689942013792E-15, 0.000000000000000000 ) ) ;
#26 = DIRECTION ( 'NONE',  ( -1.000000000000000000, 8.673617379884027583E-16, 0.000000000000000000 ) ) ;
#27 = VERTEX_POINT ( 'NONE', #3390 ) ;
#28 = EDGE_LOOP ( 'NONE', ( #3770, #2907 ) ) ;
#29 = AXIS2_PLACEMENT_3D ( 'NONE', #1111, #4588, #259 ) ;
#30 = ORIENTED_EDGE ( 'NONE', *, *, #2696, .F. ) ;
#31 = LINE ( 'NONE', #1335, #3870 ) ;
#32 = CARTESIAN_POINT ( 'NONE',  ( -2.489199999999996749, -50.79999999999999716, -8.673617379884035472E-16 ) ) ;
#33 = EDGE_LOOP ( 'NONE', ( #4216, #361, #1145, #4 ) ) ;
#34 = FACE_OUTER_BOUND ( 'NONE', #4785, .T. ) ;
#35 = ORIENTED_EDGE ( 'NONE', *, *, #2117, .T. ) ;
#36 = ORIENTED_EDGE ( 'NONE', *, *, #2837, .F. ) ;
#37 = CARTESIAN_POINT ( 'NONE',  ( 24.15735931288071825, 28.75000000000000711, 0.000000000000000000 ) ) ;
#38 = CARTESIAN_POINT ( 'NONE',  ( 19.50784525612465359, -12.70000000000018048, -1.250462353673376935E-15 ) ) ;
#39 = CARTESIAN_POINT ( 'NONE',  ( -24.15735931288069693, 28.75000000000000000, 4.762500000000000178 ) ) ;
#40 = CIRCLE ( 'NONE', #2215, 2.489199999999998525 ) ;
#41 = ADVANCED_FACE ( 'NONE', ( #4311 ), #5146, .F. ) ;
#42 = EDGE_LOOP ( 'NONE', ( #1423, #2856, #2158, #2159 ) ) ;
#43 = DIRECTION ( 'NONE',  ( 1.000000000000000000, 0.000000000000000000, 0.000000000000000000 ) ) ;
#44 = AXIS2_PLACEMENT_3D ( 'NONE', #4127, #707, #4155 ) ;
#45 = DIRECTION ( 'NONE',  ( 1.000000000000000000, 0.000000000000000000, 0.000000000000000000 ) ) ;
#46 = ORIENTED_EDGE ( 'NONE', *, *, #4165, .T. ) ;
#47 = DIRECTION ( 'NONE',  ( -0.000000000000000000, -0.000000000000000000, -1.000000000000000000 ) ) ;
#48 = CARTESIAN_POINT ( 'NONE',  ( 24.15735931288068983, -76.19999999999997442, 0.2500000000000002220 ) ) ;
#49 = ORIENTED_EDGE ( 'NONE', *, *, #1553, .T. ) ;
#50 = EDGE_CURVE ( 'NONE', #463, #5291, #3619, .T. ) ;
#51 = AXIS2_PLACEMENT_3D ( 'NONE', #614, #4054, #157 ) ;
#52 = VECTOR ( 'NONE', #5289, 1000.000000000000000 ) ;
#53 = DIRECTION ( 'NONE',  ( 3.213938816075603989E-16, -1.000000000000000000, 0.000000000000000000 ) ) ;
#54 = CARTESIAN_POINT ( 'NONE',  ( 24.48624525612480696, 12.69999999999987139, -1.250462353673376935E-15 ) ) ;
#55 = ORIENTED_EDGE ( 'NONE', *, *, #5109, .F. ) ;
#56 = AXIS2_PLACEMENT_3D ( 'NONE', #2217, #526, #4794 ) ;
#57 = EDGE_CURVE ( 'NONE', #2363, #5488, #3006, .T. ) ;
#58 =( GEOMETRIC_REPRESENTATION_CONTEXT ( 3 ) GLOBAL_UNCERTAINTY_ASSIGNED_CONTEXT ( ( #3165 ) ) GLOBAL_UNIT_ASSIGNED_CONTEXT ( ( #4521, #616, #1070 ) ) REPRESENTATION_CONTEXT ( 'NONE', 'WORKASPACE' ) );
#59 = EDGE_LOOP ( 'NONE', ( #3372, #2633 ) ) ;
#60 = VECTOR ( 'NONE', #1426, 1000.000000000000000 ) ;
#61 = VECTOR ( 'NONE', #1064, 1000.000000000000114 ) ;
#62 = APPLICATION_CONTEXT ( 'automotive_design' ) ;
#63 = ORIENTED_EDGE ( 'NONE', *, *, #4325, .F. ) ;
#64 = CARTESIAN_POINT ( 'NONE',  ( 15.47131224213834422, 17.96051224213827169, -1.250462353673376935E-15 ) ) ;
#65 = CARTESIAN_POINT ( 'NONE',  ( 20.44971224213832528, 17.96051224213827169, 0.000000000000000000 ) ) ;
#66 = ADVANCED_FACE ( 'NONE', ( #859 ), #5124, .F. ) ;
#67 = VECTOR ( 'NONE', #1417, 1000.000000000000000 ) ;
#68 = EDGE_LOOP ( 'NONE', ( #1235, #4350, #1096, #1777 ) ) ;
#69 = CARTESIAN_POINT ( 'NONE',  ( -9.499999999999966249, -12.55736835487438086, 6.735557395310589195E-17 ) ) ;
#70 = ADVANCED_FACE ( 'NONE', ( #363 ), #2540, .F. ) ;
#71 = EDGE_LOOP ( 'NONE', ( #4330, #940, #2408, #5545 ) ) ;
#72 = EDGE_CURVE ( 'NONE', #5568, #5611, #2969, .T. ) ;
#73 = ORIENTED_EDGE ( 'NONE', *, *, #1935, .T. ) ;
#74 = CARTESIAN_POINT ( 'NONE',  ( -24.15735931288069693, 31.75000000000000000, 4.762500000000000178 ) ) ;
#75 = DIRECTION ( 'NONE',  ( 0.000000000000000000, 0.000000000000000000, 1.000000000000000000 ) ) ;
#76 = DIRECTION ( 'NONE',  ( 1.000000000000000000, 0.000000000000000000, 0.000000000000000000 ) ) ;
#77 = AXIS2_PLACEMENT_3D ( 'NONE', #1921, #2348, #5403 ) ;
#78 = EDGE_LOOP ( 'NONE', ( #3441, #3257 ) ) ;
#79 = AXIS2_PLACEMENT_3D ( 'NONE', #1726, #3463, #5213 ) ;
#80 = DIRECTION ( 'NONE',  ( -0.000000000000000000, -0.000000000000000000, 1.000000000000000000 ) ) ;
#81 = LINE ( 'NONE', #3513, #4739 ) ;
#82 = ORIENTED_EDGE ( 'NONE', *, *, #1656, .T. ) ;
#83 = CARTESIAN_POINT ( 'NONE',  ( -22.91079999999999828, 3.048390812437589833E-16, 4.762500000000000178 ) ) ;
#84 = DIRECTION ( 'NONE',  ( 1.000000000000000000, 0.000000000000000000, 0.000000000000000000 ) ) ;
#85 = AXIS2_PLACEMENT_3D ( 'NONE', #3939, #920, #2651 ) ;
#86 = ORIENTED_EDGE ( 'NONE', *, *, #2038, .F. ) ;
#87 = CARTESIAN_POINT ( 'NONE',  ( -24.15735931288069693, 28.75000000000000000, 0.000000000000000000 ) ) ;
#88 = CYLINDRICAL_SURFACE ( 'NONE', #524, 1.699999999999993072 ) ;
#89 = ORIENTED_EDGE ( 'NONE', *, *, #1344, .F. ) ;
#90 = ORIENTED_EDGE ( 'NONE', *, *, #5438, .F. ) ;
#91 = ORIENTED_EDGE ( 'NONE', *, *, #4518, .T. ) ;
#92 = DIRECTION ( 'NONE',  ( 1.000000000000000000, 0.000000000000000000, 0.000000000000000000 ) ) ;
#93 = LINE ( 'NONE', #942, #4420 ) ;
#94 = ORIENTED_EDGE ( 'NONE', *, *, #2662, .F. ) ;
#95 = LINE ( 'NONE', #5251, #1240 ) ;
#96 = ORIENTED_EDGE ( 'NONE', *, *, #4573, .T. ) ;
#97 = ORIENTED_EDGE ( 'NONE', *, *, #1752, .F. ) ;
#98 = EDGE_CURVE ( 'NONE', #4356, #5552, #392, .T. ) ;
#99 = EDGE_CURVE ( 'NONE', #2243, #5210, #2940, .T. ) ;
#100 = DIRECTION ( 'NONE',  ( -0.000000000000000000, -0.000000000000000000, -1.000000000000000000 ) ) ;
#101 = CYLINDRICAL_SURFACE ( 'NONE', #3161, 0.5000000000000004441 ) ;
#102 = FACE_BOUND ( 'NONE', #3290, .T. ) ;
#103 = CIRCLE ( 'NONE', #4008, 2.489199999999986535 ) ;
#104 = ORIENTED_EDGE ( 'NONE', *, *, #2918, .T. ) ;
#105 = CIRCLE ( 'NONE', #472, 2.489199999999990087 ) ;
#106 = DIRECTION ( 'NONE',  ( 1.000000000000000000, 0.000000000000000000, 0.000000000000000000 ) ) ;
#107 = CYLINDRICAL_SURFACE ( 'NONE', #2721, 2.999999999999999112 ) ;
#108 = VERTEX_POINT ( 'NONE', #5594 ) ;
#109 = DIRECTION ( 'NONE',  ( 0.000000000000000000, 0.000000000000000000, 1.000000000000000000 ) ) ;
#110 = DIRECTION ( 'NONE',  ( 1.000000000000000000, 0.000000000000000000, 0.000000000000000000 ) ) ;
#111 = CIRCLE ( 'NONE', #1720, 2.749999999999999112 ) ;
#112 = CIRCLE ( 'NONE', #3745, 2.489199999999998525 ) ;
#113 = FACE_OUTER_BOUND ( 'NONE', #4593, .T. ) ;
#114 = CARTESIAN_POINT ( 'NONE',  ( -24.15735931288076088, -73.19999999999998863, 0.000000000000000000 ) ) ;
#115 = ORIENTED_EDGE ( 'NONE', *, *, #4238, .F. ) ;
#116 = VERTEX_POINT ( 'NONE', #3449 ) ;
#117 = EDGE_LOOP ( 'NONE', ( #3551, #3098, #3909, #724 ) ) ;
#118 = DIRECTION ( 'NONE',  ( -1.000000000000000000, 0.000000000000000000, 0.000000000000000000 ) ) ;
#119 = LINE ( 'NONE', #3157, #5032 ) ;
#120 = CARTESIAN_POINT ( 'NONE',  ( 1.699999999999993072, 16.00000000000000000, 0.000000000000000000 ) ) ;
#121 = CIRCLE ( 'NONE', #1384, 2.489199999999998525 ) ;
#122 = DIRECTION ( 'NONE',  ( -0.000000000000000000, -0.000000000000000000, 1.000000000000000000 ) ) ;
#123 = ORIENTED_EDGE ( 'NONE', *, *, #2649, .T. ) ;
#124 = ADVANCED_FACE ( 'NONE', ( #4336 ), #1687, .F. ) ;
#125 = VERTEX_POINT ( 'NONE', #3419 ) ;
#126 = EDGE_CURVE ( 'NONE', #623, #3561, #3375, .T. ) ;
#127 = DIRECTION ( 'NONE',  ( -1.000000000000000000, 0.000000000000000000, 0.000000000000000000 ) ) ;
#128 = CARTESIAN_POINT ( 'NONE',  ( -2.489199999999986535, -63.50000000000000000, 4.762500000000001066 ) ) ;
#129 = EDGE_CURVE ( 'NONE', #5071, #1310, #753, .T. ) ;
#130 = CARTESIAN_POINT ( 'NONE',  ( 22.91080000000000183, -63.50000000000000000, 4.762500000000000178 ) ) ;
#131 = VERTEX_POINT ( 'NONE', #330 ) ;
#132 = FACE_OUTER_BOUND ( 'NONE', #4826, .T. ) ;
#133 = DIRECTION ( 'NONE',  ( -1.000000000000000000, 8.673617379884027583E-16, 0.000000000000000000 ) ) ;
#134 = ORIENTED_EDGE ( 'NONE', *, *, #1577, .F. ) ;
#135 = LINE ( 'NONE', #1105, #1082 ) ;
#136 = CARTESIAN_POINT ( 'NONE',  ( 6.350000000000003197, -50.79999999999999716, 4.762500000000001066 ) ) ;
#137 = AXIS2_PLACEMENT_3D ( 'NONE', #286, #2748, #2773 ) ;
#138 = CARTESIAN_POINT ( 'NONE',  ( -27.88919999999998112, -50.80000000000000426, 4.762500000000001066 ) ) ;
#139 = CARTESIAN_POINT ( 'NONE',  ( -24.15735931288069693, 28.75000000000000000, 4.762500000000000178 ) ) ;
#140 = VERTEX_POINT ( 'NONE', #3802 ) ;
#141 = ORIENTED_EDGE ( 'NONE', *, *, #3546, .T. ) ;
#142 = ORIENTED_EDGE ( 'NONE', *, *, #2398, .T. ) ;
#143 = DIRECTION ( 'NONE',  ( -0.000000000000000000, -0.000000000000000000, 1.000000000000000000 ) ) ;
#144 = DIRECTION ( 'NONE',  ( 1.000000000000000000, 0.000000000000000000, 0.000000000000000000 ) ) ;
#145 = AXIS2_PLACEMENT_3D ( 'NONE', #5038, #5009, #3592 ) ;
#146 = STYLED_ITEM ( 'NONE', ( #3196 ), #3895 ) ;
#147 = CARTESIAN_POINT ( 'NONE',  ( 6.350000000000001421, -63.50000000000000000, 4.762500000000000178 ) ) ;
#148 = CARTESIAN_POINT ( 'NONE',  ( -3.860799999999998455, -63.50000000000000000, -8.673617379884035472E-16 ) ) ;
#149 = CIRCLE ( 'NONE', #2960, 2.489200000000000301 ) ;
#150 = ORIENTED_EDGE ( 'NONE', *, *, #4633, .F. ) ;
#151 = AXIS2_PLACEMENT_3D ( 'NONE', #2641, #3903, #2273 ) ;
#152 = VERTEX_POINT ( 'NONE', #1660 ) ;
#153 = DIRECTION ( 'NONE',  ( 0.000000000000000000, 0.000000000000000000, 1.000000000000000000 ) ) ;
#154 = EDGE_CURVE ( 'NONE', #2845, #4038, #1654, .T. ) ;
#155 = CARTESIAN_POINT ( 'NONE',  ( -28.75000000000000711, 24.15735931288069693, 4.762500000000000178 ) ) ;
#156 = CARTESIAN_POINT ( 'NONE',  ( -12.70000000000025686, -21.99704525612459349, 4.762500000000000178 ) ) ;
#157 = DIRECTION ( 'NONE',  ( 1.000000000000000000, 0.000000000000000000, 0.000000000000000000 ) ) ;
#158 = VECTOR ( 'NONE', #1000, 1000.000000000000000 ) ;
#159 = ORIENTED_EDGE ( 'NONE', *, *, #1143, .T. ) ;
#160 = LINE ( 'NONE', #2261, #4156 ) ;
#161 = DIRECTION ( 'NONE',  ( 1.000000000000000000, 0.000000000000000000, 0.000000000000000000 ) ) ;
#162 = VERTEX_POINT ( 'NONE', #2701 ) ;
#163 = DIRECTION ( 'NONE',  ( -0.000000000000000000, -0.000000000000000000, 1.000000000000000000 ) ) ;
#164 = CIRCLE ( 'NONE', #1980, 1.699999999999998401 ) ;
#165 = CARTESIAN_POINT ( 'NONE',  ( 31.75000000000002842, -68.60735931288064648, 4.512500000000000178 ) ) ;
#166 = VECTOR ( 'NONE', #2063, 1000.000000000000114 ) ;
#167 = VECTOR ( 'NONE', #4841, 1000.000000000000114 ) ;
#168 = EDGE_CURVE ( 'NONE', #661, #2373, #2359, .T. ) ;
#169 = DIRECTION ( 'NONE',  ( -0.000000000000000000, -0.000000000000000000, 1.000000000000000000 ) ) ;
#170 = DIRECTION ( 'NONE',  ( -1.000000000000000000, 0.000000000000000000, 0.000000000000000000 ) ) ;
#172 = ORIENTED_EDGE ( 'NONE', *, *, #3187, .T. ) ;
#171 = CONICAL_SURFACE ( 'NONE', #2709, 2.749999999999999112, 0.7853981633974473908 ) ;
#173 = ADVANCED_FACE ( 'NONE', ( #4910 ), #2788, .F. ) ;
#174 = ORIENTED_EDGE ( 'NONE', *, *, #5121, .T. ) ;
#175 = CIRCLE ( 'NONE', #4351, 2.489200000000000301 ) ;
#176 = ADVANCED_FACE ( 'NONE', ( #4135 ), #5359, .T. ) ;
#177 = ADVANCED_FACE ( 'NONE', ( #5000 ), #968, .F. ) ;
#178 = ORIENTED_EDGE ( 'NONE', *, *, #4238, .T. ) ;
#179 = CIRCLE ( 'NONE', #1349, 1.699999999999987965 ) ;
#180 = CYLINDRICAL_SURFACE ( 'NONE', #4620, 1.699999999999993072 ) ;
#181 = DIRECTION ( 'NONE',  ( -0.000000000000000000, -0.000000000000000000, -1.000000000000000000 ) ) ;
#182 = DIRECTION ( 'NONE',  ( -0.000000000000000000, -0.000000000000000000, 1.000000000000000000 ) ) ;
#183 = ORIENTED_EDGE ( 'NONE', *, *, #4867, .T. ) ;
#184 = ORIENTED_EDGE ( 'NONE', *, *, #1847, .T. ) ;
#185 = CARTESIAN_POINT ( 'NONE',  ( 26.10190296114372899, 30.69454364826300719, 0.000000000000000000 ) ) ;
#186 = EDGE_CURVE ( 'NONE', #108, #4310, #209, .T. ) ;
#187 = LINE ( 'NONE', #2366, #3828 ) ;
#188 = CARTESIAN_POINT ( 'NONE',  ( -12.70000000000000107, -38.09999999999999432, 4.762500000000000178 ) ) ;
#189 = CYLINDRICAL_SURFACE ( 'NONE', #327, 2.489199999999996749 ) ;
#190 = EDGE_LOOP ( 'NONE', ( #3305, #2216 ) ) ;
#191 = ORIENTED_EDGE ( 'NONE', *, *, #4211, .T. ) ;
#192 = ORIENTED_EDGE ( 'NONE', *, *, #895, .F. ) ;
#193 = FACE_OUTER_BOUND ( 'NONE', #2707, .T. ) ;
#194 = LINE ( 'NONE', #1042, #2452 ) ;
#195 = ORIENTED_EDGE ( 'NONE', *, *, #486, .T. ) ;
#196 = CARTESIAN_POINT ( 'NONE',  ( 17.96051224213827169, -17.96051224213833564, 0.000000000000000000 ) ) ;
#197 = VECTOR ( 'NONE', #4024, 1000.000000000000114 ) ;
#198 = DIRECTION ( 'NONE',  ( 1.000000000000000000, 0.000000000000000000, 0.000000000000000000 ) ) ;
#199 = AXIS2_PLACEMENT_3D ( 'NONE', #5452, #5420, #584 ) ;
#200 = CARTESIAN_POINT ( 'NONE',  ( 6.350000000000001421, -63.50000000000000000, 4.762500000000000178 ) ) ;
#201 = DIRECTION ( 'NONE',  ( -0.000000000000000000, -0.000000000000000000, -1.000000000000000000 ) ) ;
#202 = VERTEX_POINT ( 'NONE', #4076 ) ;
#203 = ADVANCED_FACE ( 'NONE', ( #2755 ), #1393, .F. ) ;
#204 = ORIENTED_EDGE ( 'NONE', *, *, #4198, .F. ) ;
#205 = ORIENTED_EDGE ( 'NONE', *, *, #3203, .F. ) ;
#206 = CARTESIAN_POINT ( 'NONE',  ( 8.731250000000072120, -15.12296861358571576, -2.602085213965210642E-15 ) ) ;
#207 = CARTESIAN_POINT ( 'NONE',  ( -10.21080000000000787, -50.79999999999999716, 4.762500000000001066 ) ) ;
#208 = DIRECTION ( 'NONE',  ( -1.000000000000000000, 0.000000000000000000, 0.000000000000000000 ) ) ;
#209 = CIRCLE ( 'NONE', #927, 2.999999999999999112 ) ;
#210 = ORIENTED_EDGE ( 'NONE', *, *, #3853, .F. ) ;
#211 = VERTEX_POINT ( 'NONE', #207 ) ;
#212 = CYLINDRICAL_SURFACE ( 'NONE', #1819, 2.489199999999994084 ) ;
#213 = CARTESIAN_POINT ( 'NONE',  ( 25.39999999999999858, -63.50000000000000000, 4.762500000000000178 ) ) ;
#214 = CYLINDRICAL_SURFACE ( 'NONE', #3255, 2.489199999999993640 ) ;
#215 = CARTESIAN_POINT ( 'NONE',  ( -17.96051224213827524, 17.96051224213833208, -1.250462353673376935E-15 ) ) ;
#216 = EDGE_LOOP ( 'NONE', ( #2850, #2880 ) ) ;
#217 = CIRCLE ( 'NONE', #3937, 1.699999999999987965 ) ;
#218 = EDGE_CURVE ( 'NONE', #2421, #1304, #3126, .T. ) ;
#219 = ORIENTED_EDGE ( 'NONE', *, *, #3580, .F. ) ;
#220 = VERTEX_POINT ( 'NONE', #5327 ) ;
#221 = DIRECTION ( 'NONE',  ( -0.000000000000000000, -0.000000000000000000, -1.000000000000000000 ) ) ;
#222 = CARTESIAN_POINT ( 'NONE',  ( -20.44971224213833239, -17.96051224213827169, 4.762500000000000178 ) ) ;
#223 = ORIENTED_EDGE ( 'NONE', *, *, #4867, .F. ) ;
#224 = DIRECTION ( 'NONE',  ( -0.000000000000000000, -0.000000000000000000, -1.000000000000000000 ) ) ;
#225 = CARTESIAN_POINT ( 'NONE',  ( -12.15915000000000212, -1.665479293626906054, 0.000000000000000000 ) ) ;
#226 = DIRECTION ( 'NONE',  ( -0.000000000000000000, -0.000000000000000000, 1.000000000000000000 ) ) ;
#227 = FACE_OUTER_BOUND ( 'NONE', #593, .T. ) ;
#228 = ORIENTED_EDGE ( 'NONE', *, *, #3400, .F. ) ;
#229 = VERTEX_POINT ( 'NONE', #4877 ) ;
#230 = AXIS2_PLACEMENT_3D ( 'NONE', #442, #1734, #4449 ) ;
#231 = ORIENTED_EDGE ( 'NONE', *, *, #344, .F. ) ;
#232 = DIRECTION ( 'NONE',  ( 0.7071067811865483499, 0.7071067811865467956, 0.000000000000000000 ) ) ;
#233 = DIRECTION ( 'NONE',  ( -0.000000000000000000, -0.000000000000000000, 1.000000000000000000 ) ) ;
#234 = EDGE_CURVE ( 'NONE', #950, #2469, #3240, .T. ) ;
#235 = DIRECTION ( 'NONE',  ( -1.000000000000000000, 0.000000000000000000, 0.000000000000000000 ) ) ;
#236 = AXIS2_PLACEMENT_3D ( 'NONE', #987, #1382, #110 ) ;
#237 = ORIENTED_EDGE ( 'NONE', *, *, #2165, .T. ) ;
#238 = VECTOR ( 'NONE', #3945, 1000.000000000000000 ) ;
#239 = ORIENTED_EDGE ( 'NONE', *, *, #5056, .T. ) ;
#240 = LINE ( 'NONE', #1518, #3052 ) ;
#241 = ADVANCED_FACE ( 'NONE', ( #4018 ), #4502, .F. ) ;
#242 = EDGE_CURVE ( 'NONE', #1, #1729, #5207, .T. ) ;
#243 = CYLINDRICAL_SURFACE ( 'NONE', #2829, 2.489199999999993640 ) ;
#244 = DIRECTION ( 'NONE',  ( -0.000000000000000000, -0.000000000000000000, -1.000000000000000000 ) ) ;
#245 = EDGE_CURVE ( 'NONE', #3965, #2539, #112, .T. ) ;
#246 = AXIS2_PLACEMENT_3D ( 'NONE', #1598, #3820, #356 ) ;
#247 = DIRECTION ( 'NONE',  ( -0.000000000000000000, -0.000000000000000000, -1.000000000000000000 ) ) ;
#248 = VECTOR ( 'NONE', #2019, 1000.000000000000000 ) ;
#249 = CIRCLE ( 'NONE', #4977, 2.489200000000000301 ) ;
#250 = CARTESIAN_POINT ( 'NONE',  ( 10.21080000000000965, -50.79999999999999716, 4.762500000000000178 ) ) ;
#251 = ORIENTED_EDGE ( 'NONE', *, *, #5526, .F. ) ;
#252 = CIRCLE ( 'NONE', #3416, 2.489199999999986535 ) ;
#253 = ORIENTED_EDGE ( 'NONE', *, *, #1525, .T. ) ;
#254 = FACE_OUTER_BOUND ( 'NONE', #2653, .T. ) ;
#255 = EDGE_LOOP ( 'NONE', ( #3587, #2263 ) ) ;
#256 = DIRECTION ( 'NONE',  ( -0.000000000000000000, -0.000000000000000000, 1.000000000000000000 ) ) ;
#257 = CARTESIAN_POINT ( 'NONE',  ( -10.21080000000001320, -38.09999999999999432, 4.762500000000001066 ) ) ;
#258 = CARTESIAN_POINT ( 'NONE',  ( -2.489200000000259205, -25.40000000000000213, 0.000000000000000000 ) ) ;
#259 = DIRECTION ( 'NONE',  ( 0.7071067811865483499, 0.7071067811865467956, 0.000000000000000000 ) ) ;
#260 = ORIENTED_EDGE ( 'NONE', *, *, #1480, .F. ) ;
#261 = CYLINDRICAL_SURFACE ( 'NONE', #2226, 2.489199999999996749 ) ;
#262 = ORIENTED_EDGE ( 'NONE', *, *, #786, .T. ) ;
#263 = AXIS2_PLACEMENT_3D ( 'NONE', #2812, #1416, #3605 ) ;
#264 = AXIS2_PLACEMENT_3D ( 'NONE', #652, #163, #4926 ) ;
#265 = ORIENTED_EDGE ( 'NONE', *, *, #168, .T. ) ;
#266 = CARTESIAN_POINT ( 'NONE',  ( 12.70000000000000107, -63.50000000000000000, 4.762500000000000178 ) ) ;
#267 = DIRECTION ( 'NONE',  ( -0.000000000000000000, -0.000000000000000000, 1.000000000000000000 ) ) ;
#268 = EDGE_CURVE ( 'NONE', #5005, #3607, #119, .T. ) ;
#269 = CARTESIAN_POINT ( 'NONE',  ( -12.69999999999994955, 21.99704525612477113, 4.762500000000000178 ) ) ;
#270 = EDGE_CURVE ( 'NONE', #1729, #1, #2553, .T. ) ;
#271 = CIRCLE ( 'NONE', #721, 1.699999999999987965 ) ;
#272 = ORIENTED_EDGE ( 'NONE', *, *, #1399, .F. ) ;
#273 = EDGE_LOOP ( 'NONE', ( #4998, #651 ) ) ;
#274 = LINE ( 'NONE', #2364, #2324 ) ;
#275 = AXIS2_PLACEMENT_3D ( 'NONE', #3927, #935, #907 ) ;
#276 = CARTESIAN_POINT ( 'NONE',  ( 3.035766082959412415E-15, -50.79999999999999716, 4.762500000000001066 ) ) ;
#277 = CARTESIAN_POINT ( 'NONE',  ( -12.50000000000000000, 0.000000000000000000, 0.000000000000000000 ) ) ;
#278 = FACE_BOUND ( 'NONE', #1116, .T. ) ;
#279 = ORIENTED_EDGE ( 'NONE', *, *, #479, .F. ) ;
#280 = EDGE_CURVE ( 'NONE', #2949, #4046, #2730, .T. ) ;
#281 = ORIENTED_EDGE ( 'NONE', *, *, #2569, .T. ) ;
#282 = DIRECTION ( 'NONE',  ( -1.000000000000000000, 0.000000000000000000, 0.000000000000000000 ) ) ;
#283 = CIRCLE ( 'NONE', #3841, 0.5000000000000004441 ) ;
#284 = ORIENTED_EDGE ( 'NONE', *, *, #876, .F. ) ;
#285 = CARTESIAN_POINT ( 'NONE',  ( -12.05890000000000484, -2.155326144693640700, 4.762500000000000178 ) ) ;
#286 = CARTESIAN_POINT ( 'NONE',  ( -2.654126918244514854E-13, -25.40000000000000213, -1.250462353673376935E-15 ) ) ;
#287 = DIRECTION ( 'NONE',  ( -1.000000000000000000, -1.092739197465705534E-16, 0.000000000000000000 ) ) ;
#288 = CYLINDRICAL_SURFACE ( 'NONE', #4678, 1.699999999999993072 ) ;
#289 = EDGE_LOOP ( 'NONE', ( #3972, #3701, #4414, #2851 ) ) ;
#290 = DIRECTION ( 'NONE',  ( -0.000000000000000000, -0.000000000000000000, -1.000000000000000000 ) ) ;
#291 = VECTOR ( 'NONE', #5069, 1000.000000000000000 ) ;
#292 = VERTEX_POINT ( 'NONE', #4042 ) ;
#293 = CARTESIAN_POINT ( 'NONE',  ( 17.96051224213827169, -17.96051224213833564, -1.250462353673376935E-15 ) ) ;
#294 = CARTESIAN_POINT ( 'NONE',  ( -25.40000000000003411, -76.19999999999998863, 0.2500000000000019429 ) ) ;
#295 = CYLINDRICAL_SURFACE ( 'NONE', #5440, 1.699999999999993072 ) ;
#296 = ORIENTED_EDGE ( 'NONE', *, *, #4638, .F. ) ;
#297 = CIRCLE ( 'NONE', #2284, 2.489199999999988311 ) ;
#298 = ORIENTED_EDGE ( 'NONE', *, *, #1269, .F. ) ;
#299 = CARTESIAN_POINT ( 'NONE',  ( -28.39822330470330058, 28.39822330470342493, 0.000000000000000000 ) ) ;
#300 = FACE_OUTER_BOUND ( 'NONE', #1803, .T. ) ;
#301 = CARTESIAN_POINT ( 'NONE',  ( -21.53919999999999746, -63.50000000000000000, -8.673617379884035472E-16 ) ) ;
#302 = EDGE_CURVE ( 'NONE', #3975, #4106, #1290, .T. ) ;
#303 = VERTEX_POINT ( 'NONE', #1093 ) ;
#304 = VERTEX_POINT ( 'NONE', #2818 ) ;
#305 = ADVANCED_FACE ( 'NONE', ( #4569 ), #666, .F. ) ;
#306 = DIRECTION ( 'NONE',  ( -0.000000000000000000, -0.000000000000000000, 1.000000000000000000 ) ) ;
#307 = ORIENTED_EDGE ( 'NONE', *, *, #5620, .F. ) ;
#308 = DIRECTION ( 'NONE',  ( -0.000000000000000000, -0.000000000000000000, 1.000000000000000000 ) ) ;
#309 = EDGE_CURVE ( 'NONE', #3224, #4371, #4625, .T. ) ;
#310 = CARTESIAN_POINT ( 'NONE',  ( 13.85640646055101755, 8.000000000000005329, 4.762500000000001066 ) ) ;
#311 = ADVANCED_FACE ( 'NONE', ( #1566 ), #2023, .F. ) ;
#312 = DIRECTION ( 'NONE',  ( 0.000000000000000000, 0.000000000000000000, -1.000000000000000000 ) ) ;
#313 = LINE ( 'NONE', #5020, #3385 ) ;
#314 = EDGE_LOOP ( 'NONE', ( #1560, #2442 ) ) ;
#315 = EDGE_CURVE ( 'NONE', #5114, #407, #297, .T. ) ;
#316 = CYLINDRICAL_SURFACE ( 'NONE', #781, 2.489199999999996749 ) ;
#317 = ORIENTED_EDGE ( 'NONE', *, *, #1901, .F. ) ;
#318 = FACE_OUTER_BOUND ( 'NONE', #4443, .T. ) ;
#319 = CARTESIAN_POINT ( 'NONE',  ( 12.69999999999979323, -21.99704525612485639, 0.000000000000000000 ) ) ;
#320 = CARTESIAN_POINT ( 'NONE',  ( -11.22045000000005821, 15.12296861358571576, 4.762500000000000178 ) ) ;
#321 = ORIENTED_EDGE ( 'NONE', *, *, #758, .F. ) ;
#322 = ORIENTED_EDGE ( 'NONE', *, *, #129, .F. ) ;
#323 = FACE_OUTER_BOUND ( 'NONE', #2280, .T. ) ;
#324 = CIRCLE ( 'NONE', #5319, 2.489199999999998525 ) ;
#325 = DIRECTION ( 'NONE',  ( -1.000000000000000000, 0.000000000000000000, 0.000000000000000000 ) ) ;
#326 = DIRECTION ( 'NONE',  ( 1.000000000000000000, 0.000000000000000000, 0.000000000000000000 ) ) ;
#327 = AXIS2_PLACEMENT_3D ( 'NONE', #1912, #3652, #4204 ) ;
#328 = VERTEX_POINT ( 'NONE', #690 ) ;
#329 = CIRCLE ( 'NONE', #2413, 2.489199999999988311 ) ;
#330 = CARTESIAN_POINT ( 'NONE',  ( 27.88919999999999888, -63.50000000000000000, -8.673617379884035472E-16 ) ) ;
#331 = DIRECTION ( 'NONE',  ( -1.000000000000000000, 0.000000000000000000, 0.000000000000000000 ) ) ;
#333 = ORIENTED_EDGE ( 'NONE', *, *, #3001, .T. ) ;
#332 = CIRCLE ( 'NONE', #3503, 2.489200000000000301 ) ;
#334 = PLANE ( 'NONE',  #2888 ) ;
#335 = DIRECTION ( 'NONE',  ( -0.000000000000000000, -0.000000000000000000, -1.000000000000000000 ) ) ;
#336 = AXIS2_PLACEMENT_3D ( 'NONE', #1127, #153, #1878 ) ;
#337 = AXIS2_PLACEMENT_3D ( 'NONE', #1048, #201, #1502 ) ;
#338 = CARTESIAN_POINT ( 'NONE',  ( -30.87132034355966326, -70.72867965644033461, 0.2500000000000001665 ) ) ;
#339 = DIRECTION ( 'NONE',  ( -0.000000000000000000, -0.000000000000000000, -1.000000000000000000 ) ) ;
#340 = ORIENTED_EDGE ( 'NONE', *, *, #5246, .T. ) ;
#341 = DIRECTION ( 'NONE',  ( -0.000000000000000000, -0.000000000000000000, -1.000000000000000000 ) ) ;
#342 = EDGE_CURVE ( 'NONE', #2735, #2386, #4474, .T. ) ;
#343 = EDGE_LOOP ( 'NONE', ( #3282, #608, #2026, #2842 ) ) ;
#344 = EDGE_CURVE ( 'NONE', #3059, #5493, #3270, .T. ) ;
#345 = DIRECTION ( 'NONE',  ( -1.000000000000000000, 0.000000000000000000, 0.000000000000000000 ) ) ;
#346 = DIRECTION ( 'NONE',  ( 1.000000000000000000, 0.000000000000000000, 0.000000000000000000 ) ) ;
#348 = EDGE_LOOP ( 'NONE', ( #3756, #2188, #3610, #3163 ) ) ;
#347 = CIRCLE ( 'NONE', #1429, 2.489200000000000301 ) ;
#349 = DIRECTION ( 'NONE',  ( 1.000000000000000000, 0.000000000000000000, 0.000000000000000000 ) ) ;
#350 = VECTOR ( 'NONE', #4405, 1000.000000000000000 ) ;
#351 = VERTEX_POINT ( 'NONE', #4167 ) ;
#352 = EDGE_CURVE ( 'NONE', #1942, #1608, #1115, .T. ) ;
#353 = CIRCLE ( 'NONE', #4636, 2.489199999999988311 ) ;
#354 = EDGE_LOOP ( 'NONE', ( #3656, #3648, #4121, #4380 ) ) ;
#355 = CIRCLE ( 'NONE', #3984, 2.489199999999986535 ) ;
#356 = DIRECTION ( 'NONE',  ( -1.000000000000000000, 4.625929269271486900E-15, 0.000000000000000000 ) ) ;
#357 = DIRECTION ( 'NONE',  ( -0.000000000000000000, -0.000000000000000000, -1.000000000000000000 ) ) ;
#358 = AXIS2_PLACEMENT_3D ( 'NONE', #4025, #643, #1971 ) ;
#359 = ADVANCED_FACE ( 'NONE', ( #2848 ), #5026, .F. ) ;
#360 = CARTESIAN_POINT ( 'NONE',  ( -30.87132034355966681, -70.72867965644033461, 4.512499999999997513 ) ) ;
#361 = ORIENTED_EDGE ( 'NONE', *, *, #4425, .F. ) ;
#362 = EDGE_CURVE ( 'NONE', #2483, #3655, #832, .T. ) ;
#363 = FACE_OUTER_BOUND ( 'NONE', #5042, .T. ) ;
#364 = AXIS2_PLACEMENT_3D ( 'NONE', #3704, #2046, #1223 ) ;
#365 = FACE_OUTER_BOUND ( 'NONE', #33, .T. ) ;
#366 = LINE ( 'NONE', #5596, #5348 ) ;
#367 = DIRECTION ( 'NONE',  ( -0.000000000000000000, -0.000000000000000000, -1.000000000000000000 ) ) ;
#368 = DIRECTION ( 'NONE',  ( -0.000000000000000000, -0.000000000000000000, 1.000000000000000000 ) ) ;
#369 = CARTESIAN_POINT ( 'NONE',  ( -26.10190296114376096, -75.14454364826298161, 4.762500000000000178 ) ) ;
#370 = ORIENTED_EDGE ( 'NONE', *, *, #1356, .T. ) ;
#371 = FACE_BOUND ( 'NONE', #2694, .T. ) ;
#372 = EDGE_CURVE ( 'NONE', #4720, #3581, #179, .T. ) ;
#373 = CYLINDRICAL_SURFACE ( 'NONE', #3254, 2.489199999999993640 ) ;
#374 = DIRECTION ( 'NONE',  ( 1.000000000000000000, 0.000000000000000000, 0.000000000000000000 ) ) ;
#375 = EDGE_LOOP ( 'NONE', ( #3929, #3691 ) ) ;
#376 = ADVANCED_FACE ( 'NONE', ( #2875 ), #3350, .T. ) ;
#377 = DIRECTION ( 'NONE',  ( -0.000000000000000000, -0.000000000000000000, -1.000000000000000000 ) ) ;
#378 = AXIS2_PLACEMENT_3D ( 'NONE', #1662, #2941, #331 ) ;
#379 = ORIENTED_EDGE ( 'NONE', *, *, #2014, .F. ) ;
#380 = VECTOR ( 'NONE', #5036, 1000.000000000000000 ) ;
#381 = ORIENTED_EDGE ( 'NONE', *, *, #2785, .T. ) ;
#382 = CARTESIAN_POINT ( 'NONE',  ( -10.21080000000000965, -63.50000000000000000, 4.762500000000001066 ) ) ;
#383 = DIRECTION ( 'NONE',  ( -1.000000000000000000, 0.000000000000000000, 0.000000000000000000 ) ) ;
#384 = DIRECTION ( 'NONE',  ( 0.000000000000000000, 0.000000000000000000, 1.000000000000000000 ) ) ;
#385 = AXIS2_PLACEMENT_3D ( 'NONE', #4700, #3833, #19 ) ;
#386 = EDGE_LOOP ( 'NONE', ( #4619, #5243 ) ) ;
#387 = ORIENTED_EDGE ( 'NONE', *, *, #5033, .F. ) ;
#388 = DIRECTION ( 'NONE',  ( 1.000000000000000000, 0.000000000000000000, 0.000000000000000000 ) ) ;
#389 = DIRECTION ( 'NONE',  ( 1.000000000000000000, 0.000000000000000000, 0.000000000000000000 ) ) ;
#390 = CARTESIAN_POINT ( 'NONE',  ( -22.91080000000000183, -63.50000000000000000, 4.762500000000000178 ) ) ;
#391 = LINE ( 'NONE', #3342, #1314 ) ;
#392 = CIRCLE ( 'NONE', #4382, 2.489199999999988311 ) ;
#393 = EDGE_CURVE ( 'NONE', #1934, #3640, #3758, .T. ) ;
#394 = ADVANCED_FACE ( 'NONE', ( #2417 ), #1203, .F. ) ;
#395 = VECTOR ( 'NONE', #2686, 1000.000000000000114 ) ;
#396 = FACE_OUTER_BOUND ( 'NONE', #3022, .T. ) ;
#397 = CARTESIAN_POINT ( 'NONE',  ( 0.000000000000000000, -16.00000000000000000, -1.347111479062085841E-15 ) ) ;
#398 = ORIENTED_EDGE ( 'NONE', *, *, #4763, .F. ) ;
#399 = FACE_BOUND ( 'NONE', #4598, .T. ) ;
#400 = DIRECTION ( 'NONE',  ( 1.000000000000000000, 0.000000000000000000, 0.000000000000000000 ) ) ;
#401 = EDGE_CURVE ( 'NONE', #2304, #1976, #4550, .T. ) ;
#402 = CARTESIAN_POINT ( 'NONE',  ( -19.04999999999999361, -50.80000000000000426, 4.762500000000001066 ) ) ;
#403 = ORIENTED_EDGE ( 'NONE', *, *, #4028, .T. ) ;
#404 = CARTESIAN_POINT ( 'NONE',  ( -28.75000000000000711, 24.15735931288069693, 0.2500000000000002220 ) ) ;
#405 = ORIENTED_EDGE ( 'NONE', *, *, #1251, .F. ) ;
#406 = EDGE_CURVE ( 'NONE', #5552, #4356, #4087, .T. ) ;
#407 = VERTEX_POINT ( 'NONE', #793 ) ;
#408 = CARTESIAN_POINT ( 'NONE',  ( 25.40000000000000213, -50.79999999999999716, 4.762500000000000178 ) ) ;
#409 = PRESENTATION_STYLE_ASSIGNMENT (( #1629 ) ) ;
#410 = DIRECTION ( 'NONE',  ( -1.000000000000000000, 0.000000000000000000, 0.000000000000000000 ) ) ;
#411 = ORIENTED_EDGE ( 'NONE', *, *, #4448, .F. ) ;
#412 = VECTOR ( 'NONE', #5549, 1000.000000000000000 ) ;
#413 = EDGE_CURVE ( 'NONE', #3653, #471, #3533, .T. ) ;
#414 = ORIENTED_EDGE ( 'NONE', *, *, #4783, .T. ) ;
#415 = EDGE_CURVE ( 'NONE', #5174, #3224, #2447, .T. ) ;
#416 = DIRECTION ( 'NONE',  ( -0.000000000000000000, -0.000000000000000000, -1.000000000000000000 ) ) ;
#417 = EDGE_CURVE ( 'NONE', #1927, #4120, #4355, .T. ) ;
#418 = PLANE ( 'NONE',  #5559 ) ;
#419 = DIRECTION ( 'NONE',  ( -0.000000000000000000, -0.000000000000000000, 1.000000000000000000 ) ) ;
#420 = AXIS2_PLACEMENT_3D ( 'NONE', #5204, #1375, #76 ) ;
#421 = CARTESIAN_POINT ( 'NONE',  ( 25.40000000000000213, -50.79999999999999716, 4.762500000000000178 ) ) ;
#422 = EDGE_CURVE ( 'NONE', #4714, #1448, #2609, .T. ) ;
#423 = DIRECTION ( 'NONE',  ( -0.000000000000000000, -0.000000000000000000, -1.000000000000000000 ) ) ;
#424 = LINE ( 'NONE', #4062, #1544 ) ;
#425 = ORIENTED_EDGE ( 'NONE', *, *, #3018, .T. ) ;
#426 = CIRCLE ( 'NONE', #4882, 1.699999999999987965 ) ;
#427 = FACE_BOUND ( 'NONE', #4948, .T. ) ;
#428 = VECTOR ( 'NONE', #2454, 1000.000000000000114 ) ;
#429 = CARTESIAN_POINT ( 'NONE',  ( -2.489199999999997637, -63.50000000000000000, -8.673617379884035472E-16 ) ) ;
#430 = CARTESIAN_POINT ( 'NONE',  ( -12.05890000000000484, 2.155326144693640700, 4.762500000000000178 ) ) ;
#431 = ORIENTED_EDGE ( 'NONE', *, *, #3263, .T. ) ;
#432 = CARTESIAN_POINT ( 'NONE',  ( -11.56670000000000442, -2.067353648991859583, -8.673617379884035472E-16 ) ) ;
#433 = EDGE_LOOP ( 'NONE', ( #3039, #2212, #403, #1505 ) ) ;
#434 = EDGE_CURVE ( 'NONE', #5298, #2578, #5098, .T. ) ;
#435 = AXIS2_PLACEMENT_3D ( 'NONE', #1995, #3241, #2849 ) ;
#436 = ORIENTED_EDGE ( 'NONE', *, *, #1069, .F. ) ;
#437 = DIRECTION ( 'NONE',  ( -0.000000000000000000, -0.000000000000000000, 1.000000000000000000 ) ) ;
#438 = EDGE_CURVE ( 'NONE', #4480, #1071, #3811, .T. ) ;
#439 = CARTESIAN_POINT ( 'NONE',  ( -25.39999999999999858, 0.000000000000000000, 4.762500000000000178 ) ) ;
#440 = AXIS2_PLACEMENT_3D ( 'NONE', #961, #4009, #572 ) ;
#441 = EDGE_LOOP ( 'NONE', ( #4124, #2520, #5509, #398 ) ) ;
#442 = CARTESIAN_POINT ( 'NONE',  ( 0.000000000000000000, 25.39999999999999858, 0.000000000000000000 ) ) ;
#443 = ORIENTED_EDGE ( 'NONE', *, *, #3791, .F. ) ;
#444 = CIRCLE ( 'NONE', #5350, 2.489199999999998525 ) ;
#445 = ORIENTED_EDGE ( 'NONE', *, *, #2117, .F. ) ;
#446 = AXIS2_PLACEMENT_3D ( 'NONE', #3825, #2997, #448 ) ;
#447 = AXIS2_PLACEMENT_3D ( 'NONE', #1911, #3651, #560 ) ;
#448 = DIRECTION ( 'NONE',  ( 1.000000000000000000, 0.000000000000000000, 0.000000000000000000 ) ) ;
#449 = LINE ( 'NONE', #5202, #562 ) ;
#450 = DIRECTION ( 'NONE',  ( -0.4999999999999821809, 0.4999999999999832911, -0.7071067811865721087 ) ) ;
#451 = ADVANCED_FACE ( 'NONE', ( #4736 ), #461, .F. ) ;
#452 = CARTESIAN_POINT ( 'NONE',  ( 30.87132034355967036, -70.72867965644029198, 0.2500000000000038303 ) ) ;
#453 = AXIS2_PLACEMENT_3D ( 'NONE', #2620, #469, #3877 ) ;
#454 = DIRECTION ( 'NONE',  ( -1.000000000000000000, 0.000000000000000000, 0.000000000000000000 ) ) ;
#455 = FACE_OUTER_BOUND ( 'NONE', #2815, .T. ) ;
#456 = ORIENTED_EDGE ( 'NONE', *, *, #5177, .F. ) ;
#457 = CYLINDRICAL_SURFACE ( 'NONE', #4878, 3.000000000000002665 ) ;
#458 = FACE_BOUND ( 'NONE', #3468, .T. ) ;
#459 = ORIENTED_EDGE ( 'NONE', *, *, #2207, .T. ) ;
#460 = CARTESIAN_POINT ( 'NONE',  ( 7.249999999999968026, 12.55736835487438086, 0.000000000000000000 ) ) ;
#461 = CYLINDRICAL_SURFACE ( 'NONE', #3725, 2.489199999999993640 ) ;
#462 = EDGE_LOOP ( 'NONE', ( #298, #1101, #5060, #4318 ) ) ;
#463 = VERTEX_POINT ( 'NONE', #2184 ) ;
#464 = ORIENTED_EDGE ( 'NONE', *, *, #2767, .T. ) ;
#465 = PLANE ( 'NONE',  #4884 ) ;
#466 = VECTOR ( 'NONE', #4363, 1000.000000000000000 ) ;
#467 = DIRECTION ( 'NONE',  ( -0.000000000000000000, -0.000000000000000000, 1.000000000000000000 ) ) ;
#468 = ORIENTED_EDGE ( 'NONE', *, *, #647, .T. ) ;
#469 = DIRECTION ( 'NONE',  ( -0.000000000000000000, -0.000000000000000000, 1.000000000000000000 ) ) ;
#470 = EDGE_CURVE ( 'NONE', #1212, #3234, #1360, .T. ) ;
#471 = VERTEX_POINT ( 'NONE', #1331 ) ;
#472 = AXIS2_PLACEMENT_3D ( 'NONE', #4176, #1547, #4601 ) ;
#473 = ORIENTED_EDGE ( 'NONE', *, *, #1885, .T. ) ;
#474 = EDGE_CURVE ( 'NONE', #2025, #2585, #5186, .T. ) ;
#475 = DIRECTION ( 'NONE',  ( 6.427877632151209458E-17, 1.000000000000000000, 0.000000000000000000 ) ) ;
#476 = LINE ( 'NONE', #5256, #4079 ) ;
#477 = FACE_BOUND ( 'NONE', #5279, .T. ) ;
#478 = EDGE_LOOP ( 'NONE', ( #4257, #3728, #4940, #638 ) ) ;
#479 = EDGE_CURVE ( 'NONE', #3819, #5078, #1991, .T. ) ;
#480 = LINE ( 'NONE', #4293, #1862 ) ;
#481 = CARTESIAN_POINT ( 'NONE',  ( 16.56080000000000041, -63.50000000000000000, 4.762500000000000178 ) ) ;
#482 = VERTEX_POINT ( 'NONE', #5581 ) ;
#483 = CARTESIAN_POINT ( 'NONE',  ( 2.489199999999990087, -63.50000000000000000, 4.762500000000001066 ) ) ;
#484 = CARTESIAN_POINT ( 'NONE',  ( 0.000000000000000000, 0.000000000000000000, 4.762500000000000178 ) ) ;
#485 = VERTEX_POINT ( 'NONE', #4842 ) ;
#486 = EDGE_CURVE ( 'NONE', #1306, #1054, #2714, .T. ) ;
#487 = EDGE_CURVE ( 'NONE', #1430, #910, #2168, .T. ) ;
#488 = DIRECTION ( 'NONE',  ( 1.000000000000000000, 0.000000000000000000, 0.000000000000000000 ) ) ;
#489 = DIRECTION ( 'NONE',  ( 1.000000000000000000, 1.092739197465705534E-16, 0.000000000000000000 ) ) ;
#490 = EDGE_LOOP ( 'NONE', ( #1361, #5219 ) ) ;
#491 = ORIENTED_EDGE ( 'NONE', *, *, #4085, .F. ) ;
#492 = AXIS2_PLACEMENT_3D ( 'NONE', #738, #2407, #659 ) ;
#493 = ORIENTED_EDGE ( 'NONE', *, *, #2569, .F. ) ;
#494 = CARTESIAN_POINT ( 'NONE',  ( 30.69454364826302495, -70.55190296114363946, 4.762500000000000178 ) ) ;
#495 = CARTESIAN_POINT ( 'NONE',  ( -50.62322330470342990, -50.62322330470320964, 4.762500000000000178 ) ) ;
#496 = ORIENTED_EDGE ( 'NONE', *, *, #3629, .F. ) ;
#497 = CYLINDRICAL_SURFACE ( 'NONE', #453, 2.489199999999996749 ) ;
#498 = EDGE_LOOP ( 'NONE', ( #3743, #5632, #1161, #1707 ) ) ;
#499 = VERTEX_POINT ( 'NONE', #1279 ) ;
#500 = DIRECTION ( 'NONE',  ( -1.000000000000000000, 0.000000000000000000, 0.000000000000000000 ) ) ;
#501 = DIRECTION ( 'NONE',  ( 1.000000000000000000, 0.000000000000000000, 0.000000000000000000 ) ) ;
#502 = CARTESIAN_POINT ( 'NONE',  ( 24.15735931288071825, 31.50000000000001421, 4.762500000000000178 ) ) ;
#503 = EDGE_LOOP ( 'NONE', ( #918, #4089, #5411, #1334 ) ) ;
#504 = DIRECTION ( 'NONE',  ( -0.000000000000000000, -0.000000000000000000, 1.000000000000000000 ) ) ;
#505 = CIRCLE ( 'NONE', #137, 2.489199999999988311 ) ;
#506 = DIRECTION ( 'NONE',  ( -0.000000000000000000, -0.000000000000000000, 1.000000000000000000 ) ) ;
#507 = EDGE_LOOP ( 'NONE', ( #3540, #550 ) ) ;
#508 = DIRECTION ( 'NONE',  ( -0.000000000000000000, -0.000000000000000000, 1.000000000000000000 ) ) ;
#509 = FACE_BOUND ( 'NONE', #3473, .T. ) ;
#510 = ORIENTED_EDGE ( 'NONE', *, *, #1661, .T. ) ;
#511 = PRESENTATION_LAYER_ASSIGNMENT (  '', '', ( #5421 ) ) ;
#512 = CARTESIAN_POINT ( 'NONE',  ( 0.000000000000000000, 25.39999999999999858, 4.762500000000000178 ) ) ;
#513 = DIRECTION ( 'NONE',  ( -0.000000000000000000, -0.000000000000000000, 1.000000000000000000 ) ) ;
#514 = ORIENTED_EDGE ( 'NONE', *, *, #4642, .T. ) ;
#515 = AXIS2_PLACEMENT_3D ( 'NONE', #725, #2911, #2130 ) ;
#516 = AXIS2_PLACEMENT_3D ( 'NONE', #1725, #5579, #1616 ) ;
#517 = VERTEX_POINT ( 'NONE', #2984 ) ;
#518 = VECTOR ( 'NONE', #3991, 1000.000000000000000 ) ;
#519 = ADVANCED_FACE ( 'NONE', ( #1303 ), #2636, .F. ) ;
#520 = EDGE_CURVE ( 'NONE', #3561, #2684, #3864, .T. ) ;
#521 = EDGE_LOOP ( 'NONE', ( #1341, #1576 ) ) ;
#522 = CARTESIAN_POINT ( 'NONE',  ( -31.50000000000000711, 24.15735931288069693, 0.000000000000000000 ) ) ;
#523 = CARTESIAN_POINT ( 'NONE',  ( -27.88919999999998822, 0.000000000000000000, -1.250462353673376935E-15 ) ) ;
#524 = AXIS2_PLACEMENT_3D ( 'NONE', #4533, #2352, #2750 ) ;
#525 = VERTEX_POINT ( 'NONE', #54 ) ;
#526 = DIRECTION ( 'NONE',  ( -0.000000000000000000, -0.000000000000000000, -1.000000000000000000 ) ) ;
#527 = ORIENTED_EDGE ( 'NONE', *, *, #5405, .F. ) ;
#528 = EDGE_LOOP ( 'NONE', ( #5238, #191 ) ) ;
#529 = EDGE_CURVE ( 'NONE', #3234, #5304, #2259, .T. ) ;
#530 = CARTESIAN_POINT ( 'NONE',  ( 10.21079999999980537, -21.99704525612485639, -1.250462353673376935E-15 ) ) ;
#531 = CIRCLE ( 'NONE', #5530, 2.489199999999999413 ) ;
#532 = CARTESIAN_POINT ( 'NONE',  ( -26.27867965644033887, 30.87132034355964905, 0.000000000000000000 ) ) ;
#533 = FACE_BOUND ( 'NONE', #1031, .T. ) ;
#534 = CIRCLE ( 'NONE', #5173, 2.750000000000002665 ) ;
#535 = AXIS2_PLACEMENT_3D ( 'NONE', #4125, #2316, #4558 ) ;
#536 = ORIENTED_EDGE ( 'NONE', *, *, #268, .F. ) ;
#537 = CARTESIAN_POINT ( 'NONE',  ( -24.48624525612472524, 12.70000000000002593, 4.762500000000000178 ) ) ;
#538 = FACE_OUTER_BOUND ( 'NONE', #1179, .T. ) ;
#539 = EDGE_LOOP ( 'NONE', ( #4930, #703 ) ) ;
#540 = CARTESIAN_POINT ( 'NONE',  ( -6.350000000000000533, -38.09999999999999432, -8.673617379884035472E-16 ) ) ;
#541 = DIRECTION ( 'NONE',  ( -0.000000000000000000, -0.000000000000000000, 1.000000000000000000 ) ) ;
#542 = CIRCLE ( 'NONE', #358, 2.489199999999988311 ) ;
#543 = CIRCLE ( 'NONE', #2444, 2.999999999999999112 ) ;
#544 = DIRECTION ( 'NONE',  ( -1.000000000000000000, 0.000000000000000000, 0.000000000000000000 ) ) ;
#545 = CYLINDRICAL_SURFACE ( 'NONE', #337, 2.489199999999993640 ) ;
#546 = ORIENTED_EDGE ( 'NONE', *, *, #2081, .T. ) ;
#547 = ORIENTED_EDGE ( 'NONE', *, *, #3461, .F. ) ;
#548 = EDGE_CURVE ( 'NONE', #2386, #2412, #1781, .T. ) ;
#549 = EDGE_CURVE ( 'NONE', #3815, #3707, #3169, .T. ) ;
#550 = ORIENTED_EDGE ( 'NONE', *, *, #2774, .T. ) ;
#551 = FACE_OUTER_BOUND ( 'NONE', #3121, .T. ) ;
#552 = DIRECTION ( 'NONE',  ( -0.000000000000000000, -0.000000000000000000, -1.000000000000000000 ) ) ;
#553 = AXIS2_PLACEMENT_3D ( 'NONE', #1802, #3598, #4526 ) ;
#554 = DIRECTION ( 'NONE',  ( -0.000000000000000000, -0.000000000000000000, -1.000000000000000000 ) ) ;
#555 = ORIENTED_EDGE ( 'NONE', *, *, #4105, .T. ) ;
#556 = DIRECTION ( 'NONE',  ( -1.000000000000000000, 0.000000000000000000, 0.000000000000000000 ) ) ;
#557 = ORIENTED_EDGE ( 'NONE', *, *, #4297, .F. ) ;
#558 = ORIENTED_EDGE ( 'NONE', *, *, #5591, .F. ) ;
#559 = CARTESIAN_POINT ( 'NONE',  ( 3.035766082959412415E-15, -50.79999999999999716, -8.673617379884035472E-16 ) ) ;
#560 = DIRECTION ( 'NONE',  ( 1.000000000000000000, 0.000000000000000000, 0.000000000000000000 ) ) ;
#561 = FACE_BOUND ( 'NONE', #1076, .T. ) ;
#562 = VECTOR ( 'NONE', #3854, 1000.000000000000000 ) ;
#563 = VERTEX_POINT ( 'NONE', #4761 ) ;
#564 = DIRECTION ( 'NONE',  ( -1.000000000000000000, 0.000000000000000000, 0.000000000000000000 ) ) ;
#565 = CARTESIAN_POINT ( 'NONE',  ( -10.21080000000000787, -38.09999999999999432, 4.762500000000000178 ) ) ;
#566 = VERTEX_POINT ( 'NONE', #4784 ) ;
#567 = CARTESIAN_POINT ( 'NONE',  ( 26.10190296114372899, 30.69454364826300719, 4.762500000000000178 ) ) ;
#568 = CARTESIAN_POINT ( 'NONE',  ( -12.69999999999999751, -63.50000000000000000, -8.673617379884035472E-16 ) ) ;
#569 = CIRCLE ( 'NONE', #2283, 2.489199999999990087 ) ;
#570 = AXIS2_PLACEMENT_3D ( 'NONE', #2141, #1737, #4477 ) ;
#571 = EDGE_CURVE ( 'NONE', #2391, #1898, #4648, .T. ) ;
#572 = DIRECTION ( 'NONE',  ( -1.000000000000000000, -2.185478394931409589E-16, 0.000000000000000000 ) ) ;
#573 = DIRECTION ( 'NONE',  ( -0.000000000000000000, -0.000000000000000000, 1.000000000000000000 ) ) ;
#574 = ORIENTED_EDGE ( 'NONE', *, *, #4014, .T. ) ;
#575 = ORIENTED_EDGE ( 'NONE', *, *, #362, .T. ) ;
#576 = ADVANCED_FACE ( 'NONE', ( #3838 ), #3036, .F. ) ;
#577 = VERTEX_POINT ( 'NONE', #3066 ) ;
#578 = CARTESIAN_POINT ( 'NONE',  ( 24.15735931288071825, 28.75000000000000711, 0.2500000000000002220 ) ) ;
#579 = CARTESIAN_POINT ( 'NONE',  ( -15.55640646055101683, 7.999999999999989342, 0.000000000000000000 ) ) ;
#580 = DIRECTION ( 'NONE',  ( -0.000000000000000000, -0.000000000000000000, 1.000000000000000000 ) ) ;
#581 = CYLINDRICAL_SURFACE ( 'NONE', #2672, 2.489199999999994084 ) ;
#582 = ORIENTED_EDGE ( 'NONE', *, *, #1198, .F. ) ;
#583 = ORIENTED_EDGE ( 'NONE', *, *, #186, .F. ) ;
#584 = DIRECTION ( 'NONE',  ( -1.000000000000000000, 0.000000000000000000, 0.000000000000000000 ) ) ;
#585 = DIRECTION ( 'NONE',  ( -0.000000000000000000, -0.000000000000000000, 1.000000000000000000 ) ) ;
#586 = CARTESIAN_POINT ( 'NONE',  ( -6.349999999999996092, -50.79999999999999716, -8.673617379884035472E-16 ) ) ;
#587 = CARTESIAN_POINT ( 'NONE',  ( -12.70000000000025686, -21.99704525612459349, -1.250462353673376935E-15 ) ) ;
#588 = EDGE_CURVE ( 'NONE', #5071, #4714, #543, .T. ) ;
#589 = EDGE_CURVE ( 'NONE', #4506, #4597, #1386, .T. ) ;
#590 = ORIENTED_EDGE ( 'NONE', *, *, #4944, .T. ) ;
#591 = DIRECTION ( 'NONE',  ( -0.000000000000000000, -0.000000000000000000, 1.000000000000000000 ) ) ;
#592 = DIRECTION ( 'NONE',  ( 1.000000000000000000, 0.000000000000000000, 0.000000000000000000 ) ) ;
#593 = EDGE_LOOP ( 'NONE', ( #1324, #4039, #1043, #1508 ) ) ;
#594 = CYLINDRICAL_SURFACE ( 'NONE', #4177, 2.999999999999999112 ) ;
#595 = DIRECTION ( 'NONE',  ( -0.000000000000000000, -0.000000000000000000, -1.000000000000000000 ) ) ;
#596 = CIRCLE ( 'NONE', #5503, 2.489199999999998525 ) ;
#597 = CARTESIAN_POINT ( 'NONE',  ( -31.50000000000000711, 2.024781454127631337E-15, 4.762500000000000178 ) ) ;
#598 = DIRECTION ( 'NONE',  ( 0.000000000000000000, 0.000000000000000000, 1.000000000000000000 ) ) ;
#599 = ORIENTED_EDGE ( 'NONE', *, *, #2975, .T. ) ;
#600 = EDGE_LOOP ( 'NONE', ( #2816, #4522, #2531, #4346 ) ) ;
#601 = EDGE_CURVE ( 'NONE', #2104, #4722, #2621, .T. ) ;
#602 = ORIENTED_EDGE ( 'NONE', *, *, #1169, .T. ) ;
#603 = CARTESIAN_POINT ( 'NONE',  ( -30.87132034355965260, 26.27867965644035309, 4.512500000000000178 ) ) ;
#604 = DIRECTION ( 'NONE',  ( -0.7071067811865445751, 4.545195862331429679E-17, -0.7071067811865504593 ) ) ;
#605 = CARTESIAN_POINT ( 'NONE',  ( -31.50000000000001421, -68.60735931288070333, 0.000000000000000000 ) ) ;
#606 = CARTESIAN_POINT ( 'NONE',  ( 3.035766082959412415E-15, -50.79999999999999716, 4.762500000000000178 ) ) ;
#607 = CIRCLE ( 'NONE', #2320, 2.489199999999988311 ) ;
#608 = ORIENTED_EDGE ( 'NONE', *, *, #3546, .F. ) ;
#609 = AXIS2_PLACEMENT_3D ( 'NONE', #2478, #3357, #1207 ) ;
#610 = ORIENTED_EDGE ( 'NONE', *, *, #3603, .F. ) ;
#611 = DIRECTION ( 'NONE',  ( -0.000000000000000000, -0.000000000000000000, -1.000000000000000000 ) ) ;
#612 = DIRECTION ( 'NONE',  ( -0.000000000000000000, -0.000000000000000000, 1.000000000000000000 ) ) ;
#613 = CYLINDRICAL_SURFACE ( 'NONE', #4906, 2.489199999999993640 ) ;
#614 = CARTESIAN_POINT ( 'NONE',  ( -25.39999999999999858, -63.50000000000000000, -8.673617379884035472E-16 ) ) ;
#615 = ORIENTED_EDGE ( 'NONE', *, *, #3589, .T. ) ;
#616 =( NAMED_UNIT ( * ) PLANE_ANGLE_UNIT ( ) SI_UNIT ( $, .RADIAN. ) );
#617 = ORIENTED_EDGE ( 'NONE', *, *, #3422, .T. ) ;
#618 = VECTOR ( 'NONE', #4168, 1000.000000000000000 ) ;
#619 = ORIENTED_EDGE ( 'NONE', *, *, #1590, .F. ) ;
#620 = EDGE_CURVE ( 'NONE', #4169, #661, #3237, .T. ) ;
#621 = DIRECTION ( 'NONE',  ( -0.000000000000000000, -0.000000000000000000, -1.000000000000000000 ) ) ;
#622 = CARTESIAN_POINT ( 'NONE',  ( 12.05890000000000484, 2.155326144693640700, 4.762500000000000178 ) ) ;
#623 = VERTEX_POINT ( 'NONE', #4068 ) ;
#624 = DIRECTION ( 'NONE',  ( -0.000000000000000000, -0.000000000000000000, -1.000000000000000000 ) ) ;
#625 = CARTESIAN_POINT ( 'NONE',  ( -3.860800000000007781, -50.79999999999999716, 4.762500000000001066 ) ) ;
#626 = AXIS2_PLACEMENT_3D ( 'NONE', #3771, #1581, #4209 ) ;
#627 = CIRCLE ( 'NONE', #2893, 2.489199999999988311 ) ;
#628 = LINE ( 'NONE', #1501, #4174 ) ;
#629 = CARTESIAN_POINT ( 'NONE',  ( 2.489199999999993196, -38.09999999999999432, 4.762500000000000178 ) ) ;
#631 = ORIENTED_EDGE ( 'NONE', *, *, #486, .F. ) ;
#630 = AXIS2_PLACEMENT_3D ( 'NONE', #2854, #2002, #3386 ) ;
#632 = ORIENTED_EDGE ( 'NONE', *, *, #4931, .T. ) ;
#633 = VERTEX_POINT ( 'NONE', #2693 ) ;
#634 = AXIS2_PLACEMENT_3D ( 'NONE', #4595, #2931, #346 ) ;
#635 = FACE_OUTER_BOUND ( 'NONE', #2189, .T. ) ;
#636 = DIRECTION ( 'NONE',  ( 0.000000000000000000, 0.000000000000000000, 1.000000000000000000 ) ) ;
#637 = CARTESIAN_POINT ( 'NONE',  ( 0.000000000000000000, -16.00000000000000000, 4.762500000000001066 ) ) ;
#638 = ORIENTED_EDGE ( 'NONE', *, *, #3662, .T. ) ;
#639 = ORIENTED_EDGE ( 'NONE', *, *, #1109, .T. ) ;
#640 = CARTESIAN_POINT ( 'NONE',  ( -15.47131224213834244, -17.96051224213827169, -1.250462353673376935E-15 ) ) ;
#641 = DIRECTION ( 'NONE',  ( 1.000000000000000000, 0.000000000000000000, 0.000000000000000000 ) ) ;
#642 = ADVANCED_FACE ( 'NONE', ( #5321 ), #545, .F. ) ;
#643 = DIRECTION ( 'NONE',  ( -0.000000000000000000, -0.000000000000000000, 1.000000000000000000 ) ) ;
#644 = FACE_BOUND ( 'NONE', #2581, .T. ) ;
#645 = ORIENTED_EDGE ( 'NONE', *, *, #422, .T. ) ;
#646 = ORIENTED_EDGE ( 'NONE', *, *, #2135, .F. ) ;
#647 = EDGE_CURVE ( 'NONE', #5363, #4833, #4991, .T. ) ;
#648 = ORIENTED_EDGE ( 'NONE', *, *, #5123, .F. ) ;
#649 = LINE ( 'NONE', #1855, #52 ) ;
#650 = CARTESIAN_POINT ( 'NONE',  ( 31.75000000000002842, -69.84999999999993747, 0.2500000000000036637 ) ) ;
#651 = ORIENTED_EDGE ( 'NONE', *, *, #4989, .T. ) ;
#652 = CARTESIAN_POINT ( 'NONE',  ( -9.555824911305043203E-16, -38.09999999999999432, -8.673617379884035472E-16 ) ) ;
#653 = CIRCLE ( 'NONE', #2544, 2.749999999999999112 ) ;
#654 = DIRECTION ( 'NONE',  ( -0.000000000000000000, -0.000000000000000000, 1.000000000000000000 ) ) ;
#655 = ADVANCED_FACE ( 'NONE', ( #4958 ), #3981, .F. ) ;
#656 = CIRCLE ( 'NONE', #5115, 11.75000000000000178 ) ;
#657 = ADVANCED_FACE ( 'NONE', ( #4468 ), #3178, .T. ) ;
#658 = DIRECTION ( 'NONE',  ( -0.000000000000000000, -0.000000000000000000, 1.000000000000000000 ) ) ;
#659 = DIRECTION ( 'NONE',  ( 1.000000000000000000, 0.000000000000000000, 0.000000000000000000 ) ) ;
#660 = ORIENTED_EDGE ( 'NONE', *, *, #3747, .T. ) ;
#661 = VERTEX_POINT ( 'NONE', #1864 ) ;
#662 = ADVANCED_FACE ( 'NONE', ( #2665 ), #88, .F. ) ;
#663 = ORIENTED_EDGE ( 'NONE', *, *, #2482, .F. ) ;
#664 = EDGE_CURVE ( 'NONE', #4840, #4472, #5434, .T. ) ;
#665 = LINE ( 'NONE', #3210, #5079 ) ;
#666 = CYLINDRICAL_SURFACE ( 'NONE', #1563, 2.489199999999996749 ) ;
#667 = DIRECTION ( 'NONE',  ( -0.000000000000000000, -0.000000000000000000, 1.000000000000000000 ) ) ;
#668 = VECTOR ( 'NONE', #1904, 1000.000000000000000 ) ;
#669 = EDGE_LOOP ( 'NONE', ( #1833, #4581, #3702, #1275 ) ) ;
#670 = ORIENTED_EDGE ( 'NONE', *, *, #72, .T. ) ;
#671 = CIRCLE ( 'NONE', #2563, 2.489199999999990087 ) ;
#672 = DIRECTION ( 'NONE',  ( -0.000000000000000000, -0.000000000000000000, -1.000000000000000000 ) ) ;
#673 = DIRECTION ( 'NONE',  ( 1.000000000000000000, 0.000000000000000000, 0.000000000000000000 ) ) ;
#674 = CARTESIAN_POINT ( 'NONE',  ( -24.15735931288069693, 31.50000000000000000, 0.000000000000000000 ) ) ;
#675 = FACE_BOUND ( 'NONE', #3407, .T. ) ;
#676 = VERTEX_POINT ( 'NONE', #4870 ) ;
#677 = ORIENTED_EDGE ( 'NONE', *, *, #5417, .F. ) ;
#678 = FACE_OUTER_BOUND ( 'NONE', #4428, .T. ) ;
#679 = ORIENTED_EDGE ( 'NONE', *, *, #2004, .F. ) ;
#680 = DIRECTION ( 'NONE',  ( -1.000000000000000000, 0.000000000000000000, 0.000000000000000000 ) ) ;
#681 = CARTESIAN_POINT ( 'NONE',  ( 24.15735931288071825, 28.75000000000000711, 4.762500000000000178 ) ) ;
#682 = EDGE_CURVE ( 'NONE', #1255, #4120, #1925, .T. ) ;
#683 = CARTESIAN_POINT ( 'NONE',  ( -1.699999999999993072, -16.00000000000000000, 0.000000000000000000 ) ) ;
#684 = DIRECTION ( 'NONE',  ( 1.000000000000000000, 0.000000000000000000, 0.000000000000000000 ) ) ;
#685 = VERTEX_POINT ( 'NONE', #3664 ) ;
#686 = EDGE_LOOP ( 'NONE', ( #3493, #1849, #3378, #219 ) ) ;
#687 = CIRCLE ( 'NONE', #3309, 2.749999999999999112 ) ;
#688 = VERTEX_POINT ( 'NONE', #3637 ) ;
#689 = DIRECTION ( 'NONE',  ( -0.000000000000000000, -0.000000000000000000, -1.000000000000000000 ) ) ;
#690 = CARTESIAN_POINT ( 'NONE',  ( -30.69454364826302495, -70.55190296114369630, 0.000000000000000000 ) ) ;
#691 = DIRECTION ( 'NONE',  ( -1.000000000000000000, 0.000000000000000000, 0.000000000000000000 ) ) ;
#692 = AXIS2_PLACEMENT_3D ( 'NONE', #2466, #4314, #4210 ) ;
#693 = ORIENTED_EDGE ( 'NONE', *, *, #3214, .F. ) ;
#694 = ADVANCED_FACE ( 'NONE', ( #962 ), #3151, .F. ) ;
#695 = ORIENTED_EDGE ( 'NONE', *, *, #5048, .F. ) ;
#696 = DIRECTION ( 'NONE',  ( -0.7071067811865430208, -2.272597931165709293E-16, -0.7071067811865521247 ) ) ;
#697 = AXIS2_PLACEMENT_3D ( 'NONE', #4306, #3413, #4743 ) ;
#698 = CARTESIAN_POINT ( 'NONE',  ( 24.15735931288071825, 31.75000000000000711, 0.000000000000000000 ) ) ;
#699 = FACE_OUTER_BOUND ( 'NONE', #909, .T. ) ;
#700 = CIRCLE ( 'NONE', #151, 2.999999999999999112 ) ;
#701 = FACE_BOUND ( 'NONE', #375, .T. ) ;
#702 = ORIENTED_EDGE ( 'NONE', *, *, #3008, .F. ) ;
#703 = ORIENTED_EDGE ( 'NONE', *, *, #2909, .F. ) ;
#704 = CARTESIAN_POINT ( 'NONE',  ( -21.53919999999999391, -38.10000000000000142, 4.762500000000000178 ) ) ;
#705 = ORIENTED_EDGE ( 'NONE', *, *, #2625, .T. ) ;
#706 = FACE_OUTER_BOUND ( 'NONE', #5496, .T. ) ;
#707 = DIRECTION ( 'NONE',  ( -0.000000000000000000, -0.000000000000000000, 1.000000000000000000 ) ) ;
#708 = CARTESIAN_POINT ( 'NONE',  ( -21.53919999999998680, -38.10000000000000142, 4.762500000000001066 ) ) ;
#709 = CARTESIAN_POINT ( 'NONE',  ( 25.39999999999999858, -63.50000000000000000, -8.673617379884035472E-16 ) ) ;
#710 = ORIENTED_EDGE ( 'NONE', *, *, #1053, .F. ) ;
#711 = CARTESIAN_POINT ( 'NONE',  ( -14.19999999999998863, 0.000000000000000000, -1.347111479062085841E-15 ) ) ;
#712 = AXIS2_PLACEMENT_3D ( 'NONE', #4077, #182, #1905 ) ;
#713 = VECTOR ( 'NONE', #737, 1000.000000000000000 ) ;
#714 = CIRCLE ( 'NONE', #446, 2.489200000000000301 ) ;
#715 = AXIS2_PLACEMENT_3D ( 'NONE', #4725, #4672, #1162 ) ;
#716 = VERTEX_POINT ( 'NONE', #4010 ) ;
#717 = EDGE_CURVE ( 'NONE', #2587, #4371, #2784, .T. ) ;
#718 = FACE_OUTER_BOUND ( 'NONE', #4536, .T. ) ;
#719 = CARTESIAN_POINT ( 'NONE',  ( -31.75000000000001421, -68.60735931288070333, 0.2500000000000002220 ) ) ;
#720 = CARTESIAN_POINT ( 'NONE',  ( -13.85640646055101577, -8.000000000000007105, 4.762500000000001066 ) ) ;
#721 = AXIS2_PLACEMENT_3D ( 'NONE', #2740, #3681, #2394 ) ;
#722 = VERTEX_POINT ( 'NONE', #4902 ) ;
#723 = ADVANCED_FACE ( 'NONE', ( #2723 ), #3606, .F. ) ;
#724 = ORIENTED_EDGE ( 'NONE', *, *, #2135, .T. ) ;
#725 = CARTESIAN_POINT ( 'NONE',  ( 19.04999999999999716, -63.50000000000000000, -8.673617379884035472E-16 ) ) ;
#726 = AXIS2_PLACEMENT_3D ( 'NONE', #1749, #3488, #5242 ) ;
#727 = CARTESIAN_POINT ( 'NONE',  ( 24.48624525612463287, -12.70000000000018048, 0.000000000000000000 ) ) ;
#728 = CARTESIAN_POINT ( 'NONE',  ( -28.39822330470330414, 28.39822330470342848, 0.000000000000000000 ) ) ;
#729 = DIRECTION ( 'NONE',  ( -0.000000000000000000, -0.000000000000000000, 1.000000000000000000 ) ) ;
#730 = ORIENTED_EDGE ( 'NONE', *, *, #3874, .T. ) ;
#731 = ORIENTED_EDGE ( 'NONE', *, *, #1997, .F. ) ;
#732 = CARTESIAN_POINT ( 'NONE',  ( -26.10190296114370412, 30.69454364826301429, 0.000000000000000000 ) ) ;
#733 = CIRCLE ( 'NONE', #3908, 2.489199999999986535 ) ;
#734 = ORIENTED_EDGE ( 'NONE', *, *, #5231, .F. ) ;
#735 = CARTESIAN_POINT ( 'NONE',  ( -11.56670000000000442, 2.067353648991859583, -8.673617379884035472E-16 ) ) ;
#736 = CYLINDRICAL_SURFACE ( 'NONE', #2405, 2.489199999999993640 ) ;
#737 = DIRECTION ( 'NONE',  ( 0.5000000000000014433, 0.5000000000000112133, -0.7071067811865385799 ) ) ;
#738 = CARTESIAN_POINT ( 'NONE',  ( -12.70000000000000107, -38.09999999999999432, 4.762500000000001066 ) ) ;
#739 = EDGE_LOOP ( 'NONE', ( #3024, #1421, #1131, #3722 ) ) ;
#740 = FACE_OUTER_BOUND ( 'NONE', #4574, .T. ) ;
#741 = VECTOR ( 'NONE', #5228, 1000.000000000000000 ) ;
#742 = ORIENTED_EDGE ( 'NONE', *, *, #2903, .F. ) ;
#743 = CARTESIAN_POINT ( 'NONE',  ( 8.839200000000001722, -63.50000000000000000, -8.673617379884035472E-16 ) ) ;
#744 = DIRECTION ( 'NONE',  ( 0.7071067811865460184, -0.7071067811865490160, -0.000000000000000000 ) ) ;
#745 = CARTESIAN_POINT ( 'NONE',  ( 13.85640646055102110, -7.999999999999996447, 4.762500000000001066 ) ) ;
#746 = VERTEX_POINT ( 'NONE', #1472 ) ;
#747 = VERTEX_POINT ( 'NONE', #3206 ) ;
#748 = FACE_OUTER_BOUND ( 'NONE', #4003, .T. ) ;
#749 = FILL_AREA_STYLE_COLOUR ( '', #3594 ) ;
#750 = FACE_OUTER_BOUND ( 'NONE', #2627, .T. ) ;
#751 = LINE ( 'NONE', #4602, #804 ) ;
#752 = ORIENTED_EDGE ( 'NONE', *, *, #4531, .T. ) ;
#753 = LINE ( 'NONE', #2484, #2838 ) ;
#754 = CARTESIAN_POINT ( 'NONE',  ( -8.731250000000072120, 15.12296861358571576, 4.762500000000000178 ) ) ;
#755 = ORIENTED_EDGE ( 'NONE', *, *, #1390, .F. ) ;
#756 = DIRECTION ( 'NONE',  ( -1.000000000000000000, 0.000000000000000000, 0.000000000000000000 ) ) ;
#757 = CARTESIAN_POINT ( 'NONE',  ( 7.249999999999968026, 12.55736835487438086, 4.762500000000001066 ) ) ;
#758 = EDGE_CURVE ( 'NONE', #2412, #5379, #3510, .T. ) ;
#759 = CIRCLE ( 'NONE', #2479, 2.489199999999989199 ) ;
#760 = EDGE_CURVE ( 'NONE', #3559, #3482, #4987, .T. ) ;
#761 = DIRECTION ( 'NONE',  ( 1.000000000000000000, 0.000000000000000000, 0.000000000000000000 ) ) ;
#762 = DIRECTION ( 'NONE',  ( -1.000000000000000000, -4.625929269271486900E-15, 0.000000000000000000 ) ) ;
#763 = ORIENTED_EDGE ( 'NONE', *, *, #5121, .F. ) ;
#764 = EDGE_CURVE ( 'NONE', #4820, #2211, #217, .T. ) ;
#765 = DIRECTION ( 'NONE',  ( -0.7071067811865474617, 0.000000000000000000, -0.7071067811865474617 ) ) ;
#766 = EDGE_LOOP ( 'NONE', ( #4489, #3978, #3045, #3667 ) ) ;
#767 = CARTESIAN_POINT ( 'NONE',  ( 2.489199999999999413, 25.39999999999999858, 4.762500000000000178 ) ) ;
#768 = DIRECTION ( 'NONE',  ( 1.000000000000000000, 0.000000000000000000, 0.000000000000000000 ) ) ;
#769 = DIRECTION ( 'NONE',  ( -0.000000000000000000, -0.000000000000000000, -1.000000000000000000 ) ) ;
#770 = VECTOR ( 'NONE', #5197, 1000.000000000000114 ) ;
#771 = VERTEX_POINT ( 'NONE', #2016 ) ;
#772 = EDGE_CURVE ( 'NONE', #5216, #2841, #1933, .T. ) ;
#773 = VERTEX_POINT ( 'NONE', #2897 ) ;
#774 = CARTESIAN_POINT ( 'NONE',  ( -12.15915000000000035, 1.665479293626911383, 4.762500000000001066 ) ) ;
#775 = VECTOR ( 'NONE', #5517, 1000.000000000000000 ) ;
#776 = FACE_OUTER_BOUND ( 'NONE', #10, .T. ) ;
#777 = EDGE_LOOP ( 'NONE', ( #3930, #104, #49, #645 ) ) ;
#778 = AXIS2_PLACEMENT_3D ( 'NONE', #1377, #4555, #4490 ) ;
#779 = DIRECTION ( 'NONE',  ( 0.000000000000000000, 0.000000000000000000, 1.000000000000000000 ) ) ;
#780 = FACE_OUTER_BOUND ( 'NONE', #3348, .T. ) ;
#781 = AXIS2_PLACEMENT_3D ( 'NONE', #4243, #341, #2071 ) ;
#782 = CYLINDRICAL_SURFACE ( 'NONE', #5088, 2.489199999999996749 ) ;
#783 = DIRECTION ( 'NONE',  ( 1.000000000000000000, 0.000000000000000000, 0.000000000000000000 ) ) ;
#784 = AXIS2_PLACEMENT_3D ( 'NONE', #2618, #3584, #1309 ) ;
#785 = CIRCLE ( 'NONE', #1155, 2.489199999999988311 ) ;
#786 = EDGE_CURVE ( 'NONE', #1448, #5364, #1984, .T. ) ;
#787 = AXIS2_PLACEMENT_3D ( 'NONE', #2492, #4618, #5077 ) ;
#788 = FACE_OUTER_BOUND ( 'NONE', #503, .T. ) ;
#789 = CARTESIAN_POINT ( 'NONE',  ( 6.349999999999998757, -38.09999999999999432, 4.762500000000000178 ) ) ;
#790 = ORIENTED_EDGE ( 'NONE', *, *, #168, .F. ) ;
#791 = FACE_BOUND ( 'NONE', #2792, .T. ) ;
#792 = DIRECTION ( 'NONE',  ( -0.000000000000000000, -0.000000000000000000, -1.000000000000000000 ) ) ;
#793 = CARTESIAN_POINT ( 'NONE',  ( -8.839199999999983959, -50.79999999999999716, 4.762500000000001066 ) ) ;
#795 = ORIENTED_EDGE ( 'NONE', *, *, #548, .T. ) ;
#794 = CIRCLE ( 'NONE', #5255, 2.489199999999990087 ) ;
#796 = DIRECTION ( 'NONE',  ( -0.000000000000000000, -0.000000000000000000, 1.000000000000000000 ) ) ;
#797 = CIRCLE ( 'NONE', #3888, 2.489199999999999413 ) ;
#798 = ORIENTED_EDGE ( 'NONE', *, *, #2903, .T. ) ;
#799 = ORIENTED_EDGE ( 'NONE', *, *, #2281, .F. ) ;
#800 = CONICAL_SURFACE ( 'NONE', #4263, 2.749999999999995559, 0.7853981633974526089 ) ;
#801 = CARTESIAN_POINT ( 'NONE',  ( 1.699999999999998401, 16.00000000000000000, 4.762500000000001066 ) ) ;
#802 = PLANE ( 'NONE',  #697 ) ;
#803 = EDGE_CURVE ( 'NONE', #1968, #5472, #4855, .T. ) ;
#804 = VECTOR ( 'NONE', #4230, 1000.000000000000000 ) ;
#805 = CARTESIAN_POINT ( 'NONE',  ( -31.75000000000000711, 24.15735931288069693, 0.2500000000000002220 ) ) ;
#806 = EDGE_CURVE ( 'NONE', #4992, #2390, #4949, .T. ) ;
#807 = ORIENTED_EDGE ( 'NONE', *, *, #889, .F. ) ;
#808 = DIRECTION ( 'NONE',  ( -0.000000000000000000, -0.000000000000000000, -1.000000000000000000 ) ) ;
#809 = CARTESIAN_POINT ( 'NONE',  ( -12.69999999999999751, -63.50000000000000000, 4.762500000000000178 ) ) ;
#810 = CARTESIAN_POINT ( 'NONE',  ( -8.839199999999987512, -38.09999999999999432, 4.762500000000001066 ) ) ;
#811 = CARTESIAN_POINT ( 'NONE',  ( 31.74999999999999289, 24.15735931288070404, 0.2500000000000002220 ) ) ;
#812 = DIRECTION ( 'NONE',  ( -1.000000000000000000, -1.092739197465705534E-16, 0.000000000000000000 ) ) ;
#813 = CARTESIAN_POINT ( 'NONE',  ( 24.15735931288068983, -75.94999999999998863, 4.762500000000000178 ) ) ;
#814 = VERTEX_POINT ( 'NONE', #5492 ) ;
#815 = FACE_BOUND ( 'NONE', #539, .T. ) ;
#816 = EDGE_CURVE ( 'NONE', #2868, #1383, #2441, .T. ) ;
#817 = CARTESIAN_POINT ( 'NONE',  ( 6.350000000000001421, -63.50000000000000000, 4.762500000000001066 ) ) ;
#818 = DIRECTION ( 'NONE',  ( -0.000000000000000000, -0.000000000000000000, 1.000000000000000000 ) ) ;
#819 = ORIENTED_EDGE ( 'NONE', *, *, #3176, .T. ) ;
#820 = CARTESIAN_POINT ( 'NONE',  ( -10.21080000000000432, -63.50000000000000000, 4.762500000000000178 ) ) ;
#821 = AXIS2_PLACEMENT_3D ( 'NONE', #4692, #4772, #2170 ) ;
#822 = EDGE_CURVE ( 'NONE', #3104, #2657, #1745, .T. ) ;
#823 = ORIENTED_EDGE ( 'NONE', *, *, #434, .F. ) ;
#824 = EDGE_CURVE ( 'NONE', #2859, #2373, #759, .T. ) ;
#825 = ADVANCED_FACE ( 'NONE', ( #227 ), #5469, .F. ) ;
#826 = CIRCLE ( 'NONE', #4368, 2.489199999999988311 ) ;
#827 = ORIENTED_EDGE ( 'NONE', *, *, #1141, .F. ) ;
#828 = DIRECTION ( 'NONE',  ( -0.7071067811865490160, -0.7071067811865460184, 0.000000000000000000 ) ) ;
#829 = SURFACE_SIDE_STYLE ('',( #5587 ) ) ;
#830 = CARTESIAN_POINT ( 'NONE',  ( -3.860800000000012222, -38.09999999999999432, 4.762500000000001066 ) ) ;
#831 = CIRCLE ( 'NONE', #4015, 2.489200000000000301 ) ;
#832 = CIRCLE ( 'NONE', #634, 2.489199999999988311 ) ;
#833 = VERTEX_POINT ( 'NONE', #2840 ) ;
#834 = ORIENTED_EDGE ( 'NONE', *, *, #3429, .T. ) ;
#835 = DIRECTION ( 'NONE',  ( -0.000000000000000000, -0.000000000000000000, 1.000000000000000000 ) ) ;
#836 = DIRECTION ( 'NONE',  ( -0.000000000000000000, -0.000000000000000000, 1.000000000000000000 ) ) ;
#837 = CARTESIAN_POINT ( 'NONE',  ( -10.21079999999995103, 21.99704525612477113, 4.762500000000000178 ) ) ;
#838 = CARTESIAN_POINT ( 'NONE',  ( 24.15735931288071825, 31.50000000000000711, 0.000000000000000000 ) ) ;
#839 = DIRECTION ( 'NONE',  ( -0.000000000000000000, -0.000000000000000000, 1.000000000000000000 ) ) ;
#840 = DIRECTION ( 'NONE',  ( -0.000000000000000000, -0.000000000000000000, 1.000000000000000000 ) ) ;
#841 = EDGE_LOOP ( 'NONE', ( #3437, #4960, #3005, #3688 ) ) ;
#842 = DIRECTION ( 'NONE',  ( -0.000000000000000000, -0.000000000000000000, -1.000000000000000000 ) ) ;
#843 = EDGE_CURVE ( 'NONE', #3428, #3842, #313, .T. ) ;
#844 = ADVANCED_FACE ( 'NONE', ( #5050 ), #3699, .T. ) ;
#845 = CARTESIAN_POINT ( 'NONE',  ( -24.15735931288076088, -75.94999999999998863, 0.000000000000000000 ) ) ;
#846 = DIRECTION ( 'NONE',  ( 1.000000000000000000, 0.000000000000000000, 0.000000000000000000 ) ) ;
#847 = ORIENTED_EDGE ( 'NONE', *, *, #4091, .T. ) ;
#848 = DIRECTION ( 'NONE',  ( 1.000000000000000000, 0.000000000000000000, 0.000000000000000000 ) ) ;
#849 = VERTEX_POINT ( 'NONE', #2069 ) ;
#850 = VERTEX_POINT ( 'NONE', #3289 ) ;
#851 = LINE ( 'NONE', #3020, #1688 ) ;
#852 = FACE_OUTER_BOUND ( 'NONE', #3669, .T. ) ;
#853 = EDGE_LOOP ( 'NONE', ( #2927, #1585, #1813, #4295 ) ) ;
#854 = CARTESIAN_POINT ( 'NONE',  ( 19.04999999999999716, -38.09999999999999432, 4.762500000000000178 ) ) ;
#855 = EDGE_CURVE ( 'NONE', #131, #1284, #2204, .T. ) ;
#856 = ORIENTED_EDGE ( 'NONE', *, *, #803, .T. ) ;
#857 = CIRCLE ( 'NONE', #44, 2.489199999999986535 ) ;
#858 = ORIENTED_EDGE ( 'NONE', *, *, #3148, .F. ) ;
#859 = FACE_OUTER_BOUND ( 'NONE', #441, .T. ) ;
#860 = CARTESIAN_POINT ( 'NONE',  ( -9.499999999999966249, -12.55736835487438086, 0.000000000000000000 ) ) ;
#861 = DIRECTION ( 'NONE',  ( -1.000000000000000000, 0.000000000000000000, 0.000000000000000000 ) ) ;
#862 = CARTESIAN_POINT ( 'NONE',  ( -12.15640646055102714, -8.000000000000007105, -1.347111479062085841E-15 ) ) ;
#863 = VECTOR ( 'NONE', #2309, 1000.000000000000000 ) ;
#864 = CIRCLE ( 'NONE', #3320, 2.249999999999998668 ) ;
#865 = CIRCLE ( 'NONE', #1596, 1.699999999999998401 ) ;
#866 = CARTESIAN_POINT ( 'NONE',  ( 21.99704525612481731, 12.69999999999987139, 4.762500000000000178 ) ) ;
#867 = CARTESIAN_POINT ( 'NONE',  ( 31.50000000000000000, 1.012390727063815274E-14, 4.762500000000000178 ) ) ;
#868 = EDGE_LOOP ( 'NONE', ( #321, #5225 ) ) ;
#869 = DIRECTION ( 'NONE',  ( -0.000000000000000000, -0.000000000000000000, 1.000000000000000000 ) ) ;
#870 = VECTOR ( 'NONE', #1721, 1000.000000000000000 ) ;
#871 = FACE_OUTER_BOUND ( 'NONE', #2272, .T. ) ;
#872 = AXIS2_PLACEMENT_3D ( 'NONE', #911, #4385, #5275 ) ;
#873 = AXIS2_PLACEMENT_3D ( 'NONE', #4075, #1903, #5382 ) ;
#874 = LINE ( 'NONE', #1748, #980 ) ;
#875 = DIRECTION ( 'NONE',  ( 1.000000000000000000, 0.000000000000000000, 0.000000000000000000 ) ) ;
#876 = EDGE_CURVE ( 'NONE', #5030, #2956, #3205, .T. ) ;
#877 = VERTEX_POINT ( 'NONE', #2867 ) ;
#878 = ORIENTED_EDGE ( 'NONE', *, *, #3189, .T. ) ;
#879 = ADVANCED_FACE ( 'NONE', ( #4189 ), #288, .F. ) ;
#880 = CIRCLE ( 'NONE', #4070, 1.699999999999998401 ) ;
#881 = EDGE_LOOP ( 'NONE', ( #5426, #4498, #4557, #966 ) ) ;
#882 = DIRECTION ( 'NONE',  ( -0.000000000000000000, -0.000000000000000000, -1.000000000000000000 ) ) ;
#883 = DIRECTION ( 'NONE',  ( -0.000000000000000000, -0.000000000000000000, -1.000000000000000000 ) ) ;
#884 = CONICAL_SURFACE ( 'NONE', #2606, 2.750000000000002665, 0.7853981633974430610 ) ;
#885 = EDGE_LOOP ( 'NONE', ( #4790, #4683, #937, #3514 ) ) ;
#886 = LINE ( 'NONE', #3993, #770 ) ;
#887 = AXIS2_PLACEMENT_3D ( 'NONE', #3340, #1192, #3367 ) ;
#888 = EDGE_LOOP ( 'NONE', ( #178, #5341, #3527, #1816 ) ) ;
#889 = EDGE_CURVE ( 'NONE', #3224, #2202, #5396, .T. ) ;
#890 = AXIS2_PLACEMENT_3D ( 'NONE', #2550, #4298, #488 ) ;
#891 = EDGE_LOOP ( 'NONE', ( #2814, #4715 ) ) ;
#892 = CARTESIAN_POINT ( 'NONE',  ( -31.75000000000001421, -68.60735931288070333, 4.762500000000000178 ) ) ;
#893 = FACE_OUTER_BOUND ( 'NONE', #4651, .T. ) ;
#894 = FACE_BOUND ( 'NONE', #59, .T. ) ;
#895 = EDGE_CURVE ( 'NONE', #3995, #771, #569, .T. ) ;
#896 = CIRCLE ( 'NONE', #56, 2.489200000000000301 ) ;
#897 = EDGE_CURVE ( 'NONE', #1391, #4741, #3554, .T. ) ;
#898 = AXIS2_PLACEMENT_3D ( 'NONE', #4248, #3377, #4710 ) ;
#899 = ORIENTED_EDGE ( 'NONE', *, *, #3363, .F. ) ;
#900 = CARTESIAN_POINT ( 'NONE',  ( 15.47131224213827672, -17.96051224213833564, 0.000000000000000000 ) ) ;
#901 = CARTESIAN_POINT ( 'NONE',  ( 1.699999999999998401, -16.00000000000000000, 4.762500000000001066 ) ) ;
#902 = ORIENTED_EDGE ( 'NONE', *, *, #2384, .F. ) ;
#903 = DIRECTION ( 'NONE',  ( -0.000000000000000000, -0.000000000000000000, 1.000000000000000000 ) ) ;
#904 = FACE_BOUND ( 'NONE', #2646, .T. ) ;
#905 = ORIENTED_EDGE ( 'NONE', *, *, #717, .T. ) ;
#906 = DIRECTION ( 'NONE',  ( 1.000000000000000000, 0.000000000000000000, 0.000000000000000000 ) ) ;
#907 = DIRECTION ( 'NONE',  ( 1.000000000000000000, 0.000000000000000000, 0.000000000000000000 ) ) ;
#908 = ORIENTED_EDGE ( 'NONE', *, *, #5152, .T. ) ;
#909 = EDGE_LOOP ( 'NONE', ( #1964, #3339, #1428, #583 ) ) ;
#910 = VERTEX_POINT ( 'NONE', #3859 ) ;
#911 = CARTESIAN_POINT ( 'NONE',  ( 19.05000000000000071, -50.79999999999999716, -8.673617379884035472E-16 ) ) ;
#912 = AXIS2_PLACEMENT_3D ( 'NONE', #3366, #5595, #5570 ) ;
#913 = DIRECTION ( 'NONE',  ( -0.000000000000000000, -0.000000000000000000, 1.000000000000000000 ) ) ;
#914 = VERTEX_POINT ( 'NONE', #5209 ) ;
#915 = CARTESIAN_POINT ( 'NONE',  ( -11.22045000000005821, 15.12296861358571576, -2.602085213965210642E-15 ) ) ;
#916 = ORIENTED_EDGE ( 'NONE', *, *, #98, .F. ) ;
#917 = CIRCLE ( 'NONE', #5027, 2.489199999999998525 ) ;
#918 = ORIENTED_EDGE ( 'NONE', *, *, #2774, .F. ) ;
#919 = CARTESIAN_POINT ( 'NONE',  ( 15.47131224213833178, 17.96051224213827169, 4.762500000000000178 ) ) ;
#920 = DIRECTION ( 'NONE',  ( 0.000000000000000000, 0.000000000000000000, -1.000000000000000000 ) ) ;
#921 = CARTESIAN_POINT ( 'NONE',  ( -16.56080000000000751, -50.80000000000000426, 4.762500000000001066 ) ) ;
#922 = ORIENTED_EDGE ( 'NONE', *, *, #588, .T. ) ;
#923 = LINE ( 'NONE', #4369, #870 ) ;
#924 = DIRECTION ( 'NONE',  ( -0.000000000000000000, -0.000000000000000000, 1.000000000000000000 ) ) ;
#925 = EDGE_LOOP ( 'NONE', ( #2315, #1999 ) ) ;
#926 = DIRECTION ( 'NONE',  ( 1.000000000000000000, 0.000000000000000000, 0.000000000000000000 ) ) ;
#927 = AXIS2_PLACEMENT_3D ( 'NONE', #2328, #636, #1930 ) ;
#928 = EDGE_CURVE ( 'NONE', #4995, #814, #1289, .T. ) ;
#929 = CARTESIAN_POINT ( 'NONE',  ( 27.88919999999998822, -38.09999999999999432, 4.762500000000001066 ) ) ;
#930 = ORIENTED_EDGE ( 'NONE', *, *, #245, .F. ) ;
#931 = ADVANCED_FACE ( 'NONE', ( #455 ), #1297, .F. ) ;
#932 = AXIS2_PLACEMENT_3D ( 'NONE', #2229, #1888, #1378 ) ;
#933 = ADVANCED_FACE ( 'NONE', ( #5631 ), #2095, .F. ) ;
#934 = FACE_OUTER_BOUND ( 'NONE', #1457, .T. ) ;
#935 = DIRECTION ( 'NONE',  ( -0.000000000000000000, -0.000000000000000000, 1.000000000000000000 ) ) ;
#936 = VERTEX_POINT ( 'NONE', #1667 ) ;
#937 = ORIENTED_EDGE ( 'NONE', *, *, #2805, .T. ) ;
#938 = AXIS2_PLACEMENT_3D ( 'NONE', #2468, #4215, #1953 ) ;
#939 = EDGE_CURVE ( 'NONE', #4268, #1363, #4755, .T. ) ;
#940 = ORIENTED_EDGE ( 'NONE', *, *, #5589, .F. ) ;
#941 = CARTESIAN_POINT ( 'NONE',  ( -24.15735931288076088, -75.94999999999998863, 4.762500000000000178 ) ) ;
#942 = CARTESIAN_POINT ( 'NONE',  ( 30.69454364826300719, 26.10190296114370412, 0.000000000000000000 ) ) ;
#943 = VERTEX_POINT ( 'NONE', #5602 ) ;
#944 = DIRECTION ( 'NONE',  ( -1.000000000000000000, 0.000000000000000000, 0.000000000000000000 ) ) ;
#945 = ORIENTED_EDGE ( 'NONE', *, *, #5417, .T. ) ;
#946 = VERTEX_POINT ( 'NONE', #4345 ) ;
#947 = DIRECTION ( 'NONE',  ( -1.000000000000000000, 0.000000000000000000, 0.000000000000000000 ) ) ;
#948 = DIRECTION ( 'NONE',  ( -1.000000000000000000, 0.000000000000000000, 0.000000000000000000 ) ) ;
#949 = CARTESIAN_POINT ( 'NONE',  ( -15.18920000000024473, -21.99704525612459349, -1.250462353673376935E-15 ) ) ;
#950 = VERTEX_POINT ( 'NONE', #901 ) ;
#951 = CARTESIAN_POINT ( 'NONE',  ( 6.242050000000085141, -15.12296861358571576, 4.762500000000000178 ) ) ;
#952 = AXIS2_PLACEMENT_3D ( 'NONE', #1806, #1835, #2660 ) ;
#953 = CARTESIAN_POINT ( 'NONE',  ( 21.99704525612463968, -12.70000000000018048, 0.000000000000000000 ) ) ;
#954 = EDGE_LOOP ( 'NONE', ( #1705, #123 ) ) ;
#955 = LINE ( 'NONE', #2176, #3774 ) ;
#956 = FACE_BOUND ( 'NONE', #3099, .T. ) ;
#957 = EDGE_CURVE ( 'NONE', #125, #2684, #4777, .T. ) ;
#958 = EDGE_CURVE ( 'NONE', #2385, #2421, #5295, .T. ) ;
#959 = AXIS2_PLACEMENT_3D ( 'NONE', #2231, #3459, #2689 ) ;
#960 = AXIS2_PLACEMENT_3D ( 'NONE', #5154, #1741, #2977 ) ;
#961 = CARTESIAN_POINT ( 'NONE',  ( 31.75000000000002842, -76.19999999999997442, 4.762500000000000178 ) ) ;
#962 = FACE_OUTER_BOUND ( 'NONE', #766, .T. ) ;
#963 = VERTEX_POINT ( 'NONE', #2546 ) ;
#964 = ORIENTED_EDGE ( 'NONE', *, *, #2450, .F. ) ;
#965 = AXIS2_PLACEMENT_3D ( 'NONE', #578, #3643, #2298 ) ;
#966 = ORIENTED_EDGE ( 'NONE', *, *, #5151, .F. ) ;
#967 = DIRECTION ( 'NONE',  ( -0.000000000000000000, -0.000000000000000000, 1.000000000000000000 ) ) ;
#968 = CYLINDRICAL_SURFACE ( 'NONE', #3836, 2.489199999999995416 ) ;
#969 = LINE ( 'NONE', #1756, #3414 ) ;
#970 = ORIENTED_EDGE ( 'NONE', *, *, #4278, .F. ) ;
#971 = CARTESIAN_POINT ( 'NONE',  ( -15.18919999999998538, -63.50000000000000000, 4.762500000000001066 ) ) ;
#972 = ORIENTED_EDGE ( 'NONE', *, *, #2250, .F. ) ;
#973 = ORIENTED_EDGE ( 'NONE', *, *, #3871, .T. ) ;
#974 = EDGE_CURVE ( 'NONE', #4534, #2025, #1742, .T. ) ;
#975 = DIRECTION ( 'NONE',  ( 1.000000000000000000, 0.000000000000000000, 0.000000000000000000 ) ) ;
#976 = AXIS2_PLACEMENT_3D ( 'NONE', #4712, #796, #3840 ) ;
#977 = EDGE_CURVE ( 'NONE', #5399, #746, #2519, .T. ) ;
#978 = DIRECTION ( 'NONE',  ( 1.000000000000000000, 0.000000000000000000, 0.000000000000000000 ) ) ;
#979 = FACE_BOUND ( 'NONE', #4173, .T. ) ;
#980 = VECTOR ( 'NONE', #2608, 1000.000000000000000 ) ;
#981 = AXIS2_PLACEMENT_3D ( 'NONE', #5310, #450, #2679 ) ;
#982 = EDGE_LOOP ( 'NONE', ( #2799, #3351, #4629, #3865 ) ) ;
#983 = DIRECTION ( 'NONE',  ( -0.000000000000000000, -0.000000000000000000, 1.000000000000000000 ) ) ;
#984 = CARTESIAN_POINT ( 'NONE',  ( 25.39999999999999858, 0.000000000000000000, -1.250462353673376935E-15 ) ) ;
#985 = ORIENTED_EDGE ( 'NONE', *, *, #4470, .T. ) ;
#986 = CARTESIAN_POINT ( 'NONE',  ( 28.74999999999999645, 24.15735931288070404, 4.762500000000000178 ) ) ;
#987 = CARTESIAN_POINT ( 'NONE',  ( 12.70000000000000284, -50.79999999999999716, -8.673617379884035472E-16 ) ) ;
#988 = CIRCLE ( 'NONE', #1263, 2.249999999999998668 ) ;
#989 = EDGE_CURVE ( 'NONE', #328, #3640, #5031, .T. ) ;
#990 = VECTOR ( 'NONE', #818, 1000.000000000000000 ) ;
#991 = CARTESIAN_POINT ( 'NONE',  ( 0.000000000000000000, 16.00000000000000000, -1.347111479062085841E-15 ) ) ;
#992 = CARTESIAN_POINT ( 'NONE',  ( -21.53919999999999391, -63.50000000000000000, 4.762500000000000178 ) ) ;
#993 = ORIENTED_EDGE ( 'NONE', *, *, #3741, .T. ) ;
#994 = EDGE_CURVE ( 'NONE', #5458, #485, #831, .T. ) ;
#995 = ORIENTED_EDGE ( 'NONE', *, *, #3816, .F. ) ;
#996 = ORIENTED_EDGE ( 'NONE', *, *, #2248, .F. ) ;
#997 = CARTESIAN_POINT ( 'NONE',  ( -15.47131224213833178, -17.96051224213827169, 4.762500000000000178 ) ) ;
#998 = DIRECTION ( 'NONE',  ( -0.000000000000000000, -0.000000000000000000, 1.000000000000000000 ) ) ;
#999 = AXIS2_PLACEMENT_3D ( 'NONE', #1466, #3571, #592 ) ;
#1000 = DIRECTION ( 'NONE',  ( -0.000000000000000000, -0.000000000000000000, 1.000000000000000000 ) ) ;
#1001 = EDGE_CURVE ( 'NONE', #2469, #676, #4752, .T. ) ;
#1002 = CARTESIAN_POINT ( 'NONE',  ( 3.035766082959412415E-15, -50.79999999999999716, 4.762500000000000178 ) ) ;
#1003 = EDGE_CURVE ( 'NONE', #833, #3104, #2201, .T. ) ;
#1004 = ORIENTED_EDGE ( 'NONE', *, *, #1525, .F. ) ;
#1005 = EDGE_CURVE ( 'NONE', #5210, #3928, #111, .T. ) ;
#1006 = ORIENTED_EDGE ( 'NONE', *, *, #5519, .T. ) ;
#1007 = DIRECTION ( 'NONE',  ( -0.000000000000000000, -0.000000000000000000, 1.000000000000000000 ) ) ;
#1008 = FACE_OUTER_BOUND ( 'NONE', #1140, .T. ) ;
#1009 = EDGE_CURVE ( 'NONE', #5210, #4300, #4730, .T. ) ;
#1010 = CARTESIAN_POINT ( 'NONE',  ( -26.10190296114370412, 30.69454364826301429, 0.000000000000000000 ) ) ;
#1011 = FACE_BOUND ( 'NONE', #1770, .T. ) ;
#1012 = VECTOR ( 'NONE', #3996, 1000.000000000000000 ) ;
#1013 = DIRECTION ( 'NONE',  ( -6.427877632151209458E-17, -1.000000000000000000, 0.000000000000000000 ) ) ;
#1014 = VERTEX_POINT ( 'NONE', #3890 ) ;
#1015 = CARTESIAN_POINT ( 'NONE',  ( -6.349999999999997868, -63.50000000000000000, -8.673617379884035472E-16 ) ) ;
#1016 = DIRECTION ( 'NONE',  ( -0.000000000000000000, -0.000000000000000000, 1.000000000000000000 ) ) ;
#1017 = ORIENTED_EDGE ( 'NONE', *, *, #1358, .F. ) ;
#1018 = DIRECTION ( 'NONE',  ( -0.000000000000000000, -0.000000000000000000, 1.000000000000000000 ) ) ;
#1019 = FACE_BOUND ( 'NONE', #5172, .T. ) ;
#1020 = AXIS2_PLACEMENT_3D ( 'NONE', #3183, #3211, #4963 ) ;
#1021 = CARTESIAN_POINT ( 'NONE',  ( 8.839199999999992841, -38.09999999999999432, 4.762500000000000178 ) ) ;
#1022 = DIRECTION ( 'NONE',  ( 1.000000000000000000, 0.000000000000000000, 0.000000000000000000 ) ) ;
#1023 = ORIENTED_EDGE ( 'NONE', *, *, #1405, .F. ) ;
#1024 = EDGE_CURVE ( 'NONE', #5196, #1968, #1697, .T. ) ;
#1025 = ORIENTED_EDGE ( 'NONE', *, *, #1436, .T. ) ;
#1026 = ORIENTED_EDGE ( 'NONE', *, *, #4815, .T. ) ;
#1027 = DIRECTION ( 'NONE',  ( -0.000000000000000000, -0.000000000000000000, -1.000000000000000000 ) ) ;
#1028 = CARTESIAN_POINT ( 'NONE',  ( 3.860800000000004673, -38.09999999999999432, 4.762500000000000178 ) ) ;
#1029 = LINE ( 'NONE', #2360, #618 ) ;
#1030 = DIRECTION ( 'NONE',  ( -0.000000000000000000, -0.000000000000000000, 1.000000000000000000 ) ) ;
#1031 = EDGE_LOOP ( 'NONE', ( #2463, #1812, #2297, #3952, #4069, #555, #4447, #4580, #1473 ) ) ;
#1032 = EDGE_CURVE ( 'NONE', #303, #3653, #424, .T. ) ;
#1033 = EDGE_LOOP ( 'NONE', ( #996, #5515, #5416, #4756 ) ) ;
#1034 = CARTESIAN_POINT ( 'NONE',  ( 12.15640646055102359, 8.000000000000005329, 0.000000000000000000 ) ) ;
#1035 = LINE ( 'NONE', #3537, #1637 ) ;
#1036 = DIRECTION ( 'NONE',  ( 1.000000000000000000, 0.000000000000000000, 0.000000000000000000 ) ) ;
#1037 = CARTESIAN_POINT ( 'NONE',  ( -22.91079999999999472, -50.80000000000000426, -8.673617379884035472E-16 ) ) ;
#1038 = EDGE_LOOP ( 'NONE', ( #1451, #4402, #995, #1736 ) ) ;
#1039 =( NAMED_UNIT ( * ) PLANE_ANGLE_UNIT ( ) SI_UNIT ( $, .RADIAN. ) );
#1040 = ORIENTED_EDGE ( 'NONE', *, *, #1024, .T. ) ;
#1041 = DIRECTION ( 'NONE',  ( 1.000000000000000000, 0.000000000000000000, 0.000000000000000000 ) ) ;
#1042 = CARTESIAN_POINT ( 'NONE',  ( 30.87132034355964194, 26.27867965644033887, 4.512500000000000178 ) ) ;
#1043 = ORIENTED_EDGE ( 'NONE', *, *, #1081, .T. ) ;
#1044 = DIRECTION ( 'NONE',  ( -0.000000000000000000, -0.000000000000000000, 1.000000000000000000 ) ) ;
#1045 = CARTESIAN_POINT ( 'NONE',  ( -11.56670000000000442, -2.067353648991859583, 4.762500000000000178 ) ) ;
#1046 = VECTOR ( 'NONE', #3516, 1000.000000000000000 ) ;
#1047 = CYLINDRICAL_SURFACE ( 'NONE', #2437, 2.489199999999996749 ) ;
#1048 = CARTESIAN_POINT ( 'NONE',  ( -17.96051224213833208, -17.96051224213827169, 0.000000000000000000 ) ) ;
#1049 = ORIENTED_EDGE ( 'NONE', *, *, #268, .T. ) ;
#1050 = AXIS2_PLACEMENT_3D ( 'NONE', #5316, #4897, #4864 ) ;
#1051 = ORIENTED_EDGE ( 'NONE', *, *, #3497, .T. ) ;
#1052 = CIRCLE ( 'NONE', #778, 2.489199999999990087 ) ;
#1053 = EDGE_CURVE ( 'NONE', #946, #2917, #4192, .T. ) ;
#1054 = VERTEX_POINT ( 'NONE', #3632 ) ;
#1055 = DIRECTION ( 'NONE',  ( 0.000000000000000000, 0.000000000000000000, -1.000000000000000000 ) ) ;
#1056 = CARTESIAN_POINT ( 'NONE',  ( -7.249999999999968026, -12.55736835487438086, 4.762500000000001066 ) ) ;
#1057 = CIRCLE ( 'NONE', #3395, 2.489200000000000301 ) ;
#1058 = DIRECTION ( 'NONE',  ( -1.000000000000000000, 0.000000000000000000, 0.000000000000000000 ) ) ;
#1059 = AXIS2_PLACEMENT_3D ( 'NONE', #439, #554, #5329 ) ;
#1060 = ORIENTED_EDGE ( 'NONE', *, *, #5519, .F. ) ;
#1061 = EDGE_CURVE ( 'NONE', #623, #716, #194, .T. ) ;
#1062 = ORIENTED_EDGE ( 'NONE', *, *, #309, .T. ) ;
#1063 = AXIS2_PLACEMENT_3D ( 'NONE', #139, #598, #1022 ) ;
#1064 = DIRECTION ( 'NONE',  ( 0.7071067811865455743, -0.7071067811865493491, 0.000000000000000000 ) ) ;
#1065 = CARTESIAN_POINT ( 'NONE',  ( 13.85640646055102110, -7.999999999999996447, -1.347111479062085841E-15 ) ) ;
#1066 = CARTESIAN_POINT ( 'NONE',  ( 16.56079999999999686, -63.50000000000000000, -8.673617379884035472E-16 ) ) ;
#1067 = FACE_BOUND ( 'NONE', #273, .T. ) ;
#1068 = ORIENTED_EDGE ( 'NONE', *, *, #1486, .T. ) ;
#1069 = EDGE_CURVE ( 'NONE', #4164, #1514, #3, .T. ) ;
#1070 =( NAMED_UNIT ( * ) SI_UNIT ( $, .STERADIAN. ) SOLID_ANGLE_UNIT ( ) );
#1071 = VERTEX_POINT ( 'NONE', #1856 ) ;
#1072 = AXIS2_PLACEMENT_3D ( 'NONE', #4359, #467, #2671 ) ;
#1073 = ORIENTED_EDGE ( 'NONE', *, *, #2398, .F. ) ;
#1074 = DIRECTION ( 'NONE',  ( -0.000000000000000000, -0.000000000000000000, -1.000000000000000000 ) ) ;
#1075 = DIRECTION ( 'NONE',  ( -0.000000000000000000, -0.000000000000000000, 1.000000000000000000 ) ) ;
#1076 = EDGE_LOOP ( 'NONE', ( #3900, #4630 ) ) ;
#1077 = CARTESIAN_POINT ( 'NONE',  ( -24.15735931288069693, 31.75000000000000000, 4.512500000000000178 ) ) ;
#1078 = EDGE_CURVE ( 'NONE', #1157, #3417, #3999, .T. ) ;
#1079 = AXIS2_PLACEMENT_3D ( 'NONE', #991, #3232, #544 ) ;
#1080 = DIRECTION ( 'NONE',  ( 1.000000000000000000, 0.000000000000000000, 0.000000000000000000 ) ) ;
#1081 = EDGE_CURVE ( 'NONE', #3381, #471, #81, .T. ) ;
#1082 = VECTOR ( 'NONE', #1890, 1000.000000000000000 ) ;
#1083 = ADVANCED_FACE ( 'NONE', ( #4836 ), #4398, .F. ) ;
#1084 = CIRCLE ( 'NONE', #1340, 2.489199999999986535 ) ;
#1085 = DIRECTION ( 'NONE',  ( -0.000000000000000000, -0.000000000000000000, -1.000000000000000000 ) ) ;
#1086 = DIRECTION ( 'NONE',  ( -0.000000000000000000, -0.000000000000000000, -1.000000000000000000 ) ) ;
#1088 = ORIENTED_EDGE ( 'NONE', *, *, #4383, .F. ) ;
#1087 = AXIS2_PLACEMENT_3D ( 'NONE', #3765, #2087, #5142 ) ;
#1089 = ORIENTED_EDGE ( 'NONE', *, *, #786, .F. ) ;
#1090 = ORIENTED_EDGE ( 'NONE', *, *, #549, .F. ) ;
#1091 = AXIS2_PLACEMENT_3D ( 'NONE', #3733, #5058, #1147 ) ;
#1092 = CARTESIAN_POINT ( 'NONE',  ( -24.15735931288069693, 31.50000000000000711, 4.762500000000000178 ) ) ;
#1093 = CARTESIAN_POINT ( 'NONE',  ( 16.56080000000000041, -50.79999999999999716, -8.673617379884035472E-16 ) ) ;
#1094 = DIRECTION ( 'NONE',  ( 0.5000000000000026645, 0.4999999999999999445, -0.7071067811865457964 ) ) ;
#1095 = EDGE_LOOP ( 'NONE', ( #5271, #1398, #3208, #546 ) ) ;
#1096 = ORIENTED_EDGE ( 'NONE', *, *, #3373, .F. ) ;
#1097 = CARTESIAN_POINT ( 'NONE',  ( 28.39822330470343914, 28.39822330470328282, 0.000000000000000000 ) ) ;
#1098 = CARTESIAN_POINT ( 'NONE',  ( -6.349999999999996092, -50.79999999999999716, 4.762500000000001066 ) ) ;
#1099 = DIRECTION ( 'NONE',  ( -0.000000000000000000, -0.000000000000000000, 1.000000000000000000 ) ) ;
#1100 = FACE_BOUND ( 'NONE', #5061, .T. ) ;
#1101 = ORIENTED_EDGE ( 'NONE', *, *, #24, .F. ) ;
#1102 = EDGE_LOOP ( 'NONE', ( #993, #5004 ) ) ;
#1103 = CARTESIAN_POINT ( 'NONE',  ( -6.349999999999997868, -63.50000000000000000, 4.762500000000000178 ) ) ;
#1104 = ORIENTED_EDGE ( 'NONE', *, *, #1486, .F. ) ;
#1105 = CARTESIAN_POINT ( 'NONE',  ( -14.19999999999999396, 0.000000000000000000, 0.000000000000000000 ) ) ;
#1106 = VECTOR ( 'NONE', #1634, 1000.000000000000000 ) ;
#1107 = CARTESIAN_POINT ( 'NONE',  ( 19.50784525612482412, 12.69999999999987139, -1.250462353673376935E-15 ) ) ;
#1108 = VECTOR ( 'NONE', #612, 1000.000000000000000 ) ;
#1109 = EDGE_CURVE ( 'NONE', #2695, #2715, #733, .T. ) ;
#1110 = CARTESIAN_POINT ( 'NONE',  ( -12.69999999999999574, -50.79999999999999716, 4.762500000000001066 ) ) ;
#1111 = CARTESIAN_POINT ( 'NONE',  ( 50.62322330470330201, -50.62322330470340859, 0.000000000000000000 ) ) ;
#1112 = VERTEX_POINT ( 'NONE', #2289 ) ;
#1113 = EDGE_CURVE ( 'NONE', #3768, #1496, #4953, .T. ) ;
#1114 = AXIS2_PLACEMENT_3D ( 'NONE', #3396, #3943, #1772 ) ;
#1115 = CIRCLE ( 'NONE', #1824, 2.489199999999998525 ) ;
#1116 = EDGE_LOOP ( 'NONE', ( #2139, #253 ) ) ;
#1117 = ORIENTED_EDGE ( 'NONE', *, *, #5286, .T. ) ;
#1118 = CARTESIAN_POINT ( 'NONE',  ( 15.18919999999998538, -38.09999999999999432, 4.762500000000001066 ) ) ;
#1119 = DIRECTION ( 'NONE',  ( -1.000000000000000000, 0.000000000000000000, 0.000000000000000000 ) ) ;
#1120 = CYLINDRICAL_SURFACE ( 'NONE', #435, 2.489199999999996749 ) ;
#1121 = VECTOR ( 'NONE', #3852, 1000.000000000000000 ) ;
#1122 = ORIENTED_EDGE ( 'NONE', *, *, #1679, .F. ) ;
#1123 = EDGE_CURVE ( 'NONE', #1255, #2355, #2995, .T. ) ;
#1124 = ADVANCED_FACE ( 'NONE', ( #2346 ), #2770, .F. ) ;
#1125 = EDGE_LOOP ( 'NONE', ( #1874, #3700, #4886, #1387 ) ) ;
#1126 = CONICAL_SURFACE ( 'NONE', #11, 2.749999999999999112, 0.7853981633974482790 ) ;
#1127 = CARTESIAN_POINT ( 'NONE',  ( -28.75000000000000711, 24.15735931288069693, 0.000000000000000000 ) ) ;
#1128 = CYLINDRICAL_SURFACE ( 'NONE', #2098, 2.489199999999994084 ) ;
#1129 = DIRECTION ( 'NONE',  ( -1.000000000000000000, 0.000000000000000000, 0.000000000000000000 ) ) ;
#1130 = FACE_BOUND ( 'NONE', #314, .T. ) ;
#1131 = ORIENTED_EDGE ( 'NONE', *, *, #529, .T. ) ;
#1132 = ORIENTED_EDGE ( 'NONE', *, *, #4170, .F. ) ;
#1133 = DIRECTION ( 'NONE',  ( -0.000000000000000000, -0.000000000000000000, -1.000000000000000000 ) ) ;
#1134 = ORIENTED_EDGE ( 'NONE', *, *, #1785, .F. ) ;
#1135 = CYLINDRICAL_SURFACE ( 'NONE', #5536, 2.489199999999993640 ) ;
#1136 = CARTESIAN_POINT ( 'NONE',  ( -10.21079999999999899, -63.50000000000000000, -8.673617379884035472E-16 ) ) ;
#1137 = ADVANCED_FACE ( 'NONE', ( #5290 ), #107, .T. ) ;
#1138 = DIRECTION ( 'NONE',  ( 1.000000000000000000, 0.000000000000000000, 0.000000000000000000 ) ) ;
#1139 = DIRECTION ( 'NONE',  ( 1.000000000000000000, 0.000000000000000000, 0.000000000000000000 ) ) ;
#1140 = EDGE_LOOP ( 'NONE', ( #89, #973, #1159, #3923 ) ) ;
#1141 = EDGE_CURVE ( 'NONE', #3955, #4992, #5343, .T. ) ;
#1142 = PLANE ( 'NONE',  #4055 ) ;
#1143 = EDGE_CURVE ( 'NONE', #3113, #5281, #283, .T. ) ;
#1144 = AXIS2_PLACEMENT_3D ( 'NONE', #136, #1859, #5490 ) ;
#1145 = ORIENTED_EDGE ( 'NONE', *, *, #5620, .T. ) ;
#1146 = FACE_OUTER_BOUND ( 'NONE', #5010, .T. ) ;
#1147 = DIRECTION ( 'NONE',  ( 1.000000000000000000, 0.000000000000000000, 0.000000000000000000 ) ) ;
#1148 = DIRECTION ( 'NONE',  ( 0.000000000000000000, 0.000000000000000000, 1.000000000000000000 ) ) ;
#1149 = EDGE_LOOP ( 'NONE', ( #141, #2751 ) ) ;
#1150 = CIRCLE ( 'NONE', #4412, 2.750000000000002665 ) ;
#1151 = ORIENTED_EDGE ( 'NONE', *, *, #2863, .T. ) ;
#1152 = FACE_OUTER_BOUND ( 'NONE', #888, .T. ) ;
#1153 = CARTESIAN_POINT ( 'NONE',  ( -3.860800000000001120, -38.09999999999999432, -8.673617379884035472E-16 ) ) ;
#1154 = CYLINDRICAL_SURFACE ( 'NONE', #5266, 1.699999999999993072 ) ;
#1155 = AXIS2_PLACEMENT_3D ( 'NONE', #5140, #4632, #1181 ) ;
#1156 = CARTESIAN_POINT ( 'NONE',  ( 10.21080000000001320, -63.50000000000000000, 4.762500000000001066 ) ) ;
#1157 = VERTEX_POINT ( 'NONE', #2745 ) ;
#1158 = VECTOR ( 'NONE', #1993, 1000.000000000000000 ) ;
#1159 = ORIENTED_EDGE ( 'NONE', *, *, #4727, .T. ) ;
#1160 = CARTESIAN_POINT ( 'NONE',  ( -16.56080000000000041, -50.80000000000000426, 4.762500000000000178 ) ) ;
#1161 = ORIENTED_EDGE ( 'NONE', *, *, #3490, .F. ) ;
#1162 = DIRECTION ( 'NONE',  ( -1.000000000000000000, 0.000000000000000000, 0.000000000000000000 ) ) ;
#1163 = CARTESIAN_POINT ( 'NONE',  ( -3.442128472016973036E-15, 31.50000000000000711, 4.762500000000000178 ) ) ;
#1164 = AXIS2_PLACEMENT_3D ( 'NONE', #495, #3958, #4446 ) ;
#1165 = AXIS2_PLACEMENT_3D ( 'NONE', #1952, #4532, #1863 ) ;
#1166 = CARTESIAN_POINT ( 'NONE',  ( -17.96051224213827524, 17.96051224213833208, 0.000000000000000000 ) ) ;
#1167 = DIRECTION ( 'NONE',  ( -0.000000000000000000, -0.000000000000000000, -1.000000000000000000 ) ) ;
#1168 = EDGE_LOOP ( 'NONE', ( #2296, #4527 ) ) ;
#1169 = EDGE_CURVE ( 'NONE', #2669, #5568, #1836, .T. ) ;
#1170 = CARTESIAN_POINT ( 'NONE',  ( 19.05000000000000071, -50.79999999999999716, -8.673617379884035472E-16 ) ) ;
#1171 = AXIS2_PLACEMENT_3D ( 'NONE', #1468, #224, #3201 ) ;
#1172 = AXIS2_PLACEMENT_3D ( 'NONE', #4816, #1330, #906 ) ;
#1173 = AXIS2_PLACEMENT_3D ( 'NONE', #3591, #2307, #5367 ) ;
#1174 = ORIENTED_EDGE ( 'NONE', *, *, #3672, .T. ) ;
#1175 = DIRECTION ( 'NONE',  ( -0.000000000000000000, -0.000000000000000000, -1.000000000000000000 ) ) ;
#1176 = CARTESIAN_POINT ( 'NONE',  ( -6.349999999999996092, -50.79999999999999716, 4.762500000000001066 ) ) ;
#1177 = DIRECTION ( 'NONE',  ( -0.000000000000000000, -0.000000000000000000, 1.000000000000000000 ) ) ;
#1178 = AXIS2_PLACEMENT_3D ( 'NONE', #4361, #3531, #2674 ) ;
#1179 = EDGE_LOOP ( 'NONE', ( #1197, #5442, #5439, #3091 ) ) ;
#1180 = ORIENTED_EDGE ( 'NONE', *, *, #4634, .F. ) ;
#1181 = DIRECTION ( 'NONE',  ( 1.000000000000000000, 0.000000000000000000, 0.000000000000000000 ) ) ;
#1182 = CARTESIAN_POINT ( 'NONE',  ( 2.489199999999996749, -50.79999999999999716, 4.762500000000000178 ) ) ;
#1183 = EDGE_CURVE ( 'NONE', #2112, #3898, #4461, .T. ) ;
#1184 = LINE ( 'NONE', #3796, #5376 ) ;
#1185 = FACE_OUTER_BOUND ( 'NONE', #777, .T. ) ;
#1186 = ADVANCED_FACE ( 'NONE', ( #538 ), #1408, .T. ) ;
#1187 = EDGE_CURVE ( 'NONE', #2175, #5244, #5046, .T. ) ;
#1188 = ORIENTED_EDGE ( 'NONE', *, *, #4047, .T. ) ;
#1189 = CARTESIAN_POINT ( 'NONE',  ( -4.999999999999969802, -12.55736835487438086, 4.762500000000001066 ) ) ;
#1190 = CARTESIAN_POINT ( 'NONE',  ( -21.99704525612472494, 12.70000000000002593, -1.250462353673376935E-15 ) ) ;
#1191 = EDGE_LOOP ( 'NONE', ( #4279, #646, #251, #1865 ) ) ;
#1192 = DIRECTION ( 'NONE',  ( -0.000000000000000000, -0.000000000000000000, -1.000000000000000000 ) ) ;
#1193 = DIRECTION ( 'NONE',  ( -0.000000000000000000, -0.000000000000000000, 1.000000000000000000 ) ) ;
#1194 = AXIS2_PLACEMENT_3D ( 'NONE', #2595, #836, #389 ) ;
#1195 = CARTESIAN_POINT ( 'NONE',  ( 13.85640646055102110, -7.999999999999996447, 4.762500000000001066 ) ) ;
#1196 = CARTESIAN_POINT ( 'NONE',  ( -24.15735931288076088, -73.19999999999998863, 0.2500000000000002220 ) ) ;
#1197 = ORIENTED_EDGE ( 'NONE', *, *, #3567, .F. ) ;
#1198 = EDGE_CURVE ( 'NONE', #1976, #2304, #1657, .T. ) ;
#1199 = FACE_BOUND ( 'NONE', #5534, .T. ) ;
#1200 = AXIS2_PLACEMENT_3D ( 'NONE', #213, #3764, #641 ) ;
#1201 = EDGE_LOOP ( 'NONE', ( #3621, #3267 ) ) ;
#1202 = DIRECTION ( 'NONE',  ( -0.000000000000000000, -0.000000000000000000, 1.000000000000000000 ) ) ;
#1203 = CYLINDRICAL_SURFACE ( 'NONE', #2083, 2.489199999999993640 ) ;
#1204 = CARTESIAN_POINT ( 'NONE',  ( -30.69454364826300719, 26.10190296114370767, 0.000000000000000000 ) ) ;
#1205 = EDGE_LOOP ( 'NONE', ( #823, #5215 ) ) ;
#1206 = VERTEX_POINT ( 'NONE', #1554 ) ;
#1207 = DIRECTION ( 'NONE',  ( -1.000000000000000000, 0.000000000000000000, 0.000000000000000000 ) ) ;
#1208 = CARTESIAN_POINT ( 'NONE',  ( -28.75000000000000711, 24.15735931288069693, 4.512500000000000178 ) ) ;
#1209 = AXIS2_PLACEMENT_3D ( 'NONE', #4691, #779, #2512 ) ;
#1210 = FACE_OUTER_BOUND ( 'NONE', #1954, .T. ) ;
#1211 = EDGE_CURVE ( 'NONE', #2074, #2493, #4302, .T. ) ;
#1212 = VERTEX_POINT ( 'NONE', #2858 ) ;
#1213 = CARTESIAN_POINT ( 'NONE',  ( -12.69999999999999574, -50.79999999999999716, 4.762500000000000178 ) ) ;
#1214 = CARTESIAN_POINT ( 'NONE',  ( 16.56080000000000751, -63.50000000000000000, 4.762500000000001066 ) ) ;
#1215 = DIRECTION ( 'NONE',  ( -0.000000000000000000, -0.000000000000000000, 1.000000000000000000 ) ) ;
#1216 = DIRECTION ( 'NONE',  ( -1.000000000000000000, 0.000000000000000000, 0.000000000000000000 ) ) ;
#1217 = VECTOR ( 'NONE', #4675, 1000.000000000000000 ) ;
#1218 = CARTESIAN_POINT ( 'NONE',  ( 11.56670000000000442, 2.067353648991859583, -8.673617379884035472E-16 ) ) ;
#1219 = CARTESIAN_POINT ( 'NONE',  ( -1.699999999999993072, 16.00000000000000000, 0.000000000000000000 ) ) ;
#1220 = ORIENTED_EDGE ( 'NONE', *, *, #4451, .F. ) ;
#1221 = DIRECTION ( 'NONE',  ( -0.000000000000000000, -0.000000000000000000, 1.000000000000000000 ) ) ;
#1222 = CARTESIAN_POINT ( 'NONE',  ( 19.50784525612464648, -12.70000000000018048, 0.000000000000000000 ) ) ;
#1223 = DIRECTION ( 'NONE',  ( 1.000000000000000000, 0.000000000000000000, 0.000000000000000000 ) ) ;
#1224 = ORIENTED_EDGE ( 'NONE', *, *, #2973, .F. ) ;
#1225 = FACE_OUTER_BOUND ( 'NONE', #1125, .T. ) ;
#1226 = CIRCLE ( 'NONE', #2683, 1.699999999999987965 ) ;
#1227 = ORIENTED_EDGE ( 'NONE', *, *, #302, .T. ) ;
#1228 = ORIENTED_EDGE ( 'NONE', *, *, #3624, .T. ) ;
#1229 = CYLINDRICAL_SURFACE ( 'NONE', #4789, 0.5000000000000004441 ) ;
#1230 = AXIS2_PLACEMENT_3D ( 'NONE', #1922, #2011, #4097 ) ;
#1231 = DIRECTION ( 'NONE',  ( -0.000000000000000000, -0.000000000000000000, -1.000000000000000000 ) ) ;
#1232 = CARTESIAN_POINT ( 'NONE',  ( -8.839199999999994617, -38.09999999999999432, 4.762500000000000178 ) ) ;
#1233 = EDGE_CURVE ( 'NONE', #771, #3995, #671, .T. ) ;
#1234 = AXIS2_PLACEMENT_3D ( 'NONE', #39, #2652, #4026 ) ;
#1235 = ORIENTED_EDGE ( 'NONE', *, *, #2248, .T. ) ;
#1236 = MECHANICAL_DESIGN_GEOMETRIC_PRESENTATION_REPRESENTATION (  '', ( #5421 ), #5427 ) ;
#1237 = DIRECTION ( 'NONE',  ( -1.000000000000000000, 0.000000000000000000, 0.000000000000000000 ) ) ;
#1238 = AXIS2_PLACEMENT_3D ( 'NONE', #408, #2962, #4253 ) ;
#1239 = CARTESIAN_POINT ( 'NONE',  ( 26.27867965644033532, -75.32132034355961991, 0.000000000000000000 ) ) ;
#1240 = VECTOR ( 'NONE', #1711, 1000.000000000000114 ) ;
#1241 = CARTESIAN_POINT ( 'NONE',  ( -15.55640646055101151, 7.999999999999989342, -1.347111479062085841E-15 ) ) ;
#1242 = EDGE_CURVE ( 'NONE', #1800, #3955, #121, .T. ) ;
#1243 = FACE_OUTER_BOUND ( 'NONE', #5614, .T. ) ;
#1244 = AXIS2_PLACEMENT_3D ( 'NONE', #2276, #5249, #1732 ) ;
#1245 = FACE_OUTER_BOUND ( 'NONE', #1353, .T. ) ;
#1246 = DIRECTION ( 'NONE',  ( -0.000000000000000000, -0.000000000000000000, 1.000000000000000000 ) ) ;
#1247 = ORIENTED_EDGE ( 'NONE', *, *, #1183, .F. ) ;
#1248 = EDGE_CURVE ( 'NONE', #4327, #108, #4556, .T. ) ;
#1249 = ADVANCED_FACE ( 'NONE', ( #5487 ), #3769, .F. ) ;
#1250 = CARTESIAN_POINT ( 'NONE',  ( 2.489199999999987423, -38.09999999999999432, 4.762500000000001066 ) ) ;
#1251 = EDGE_CURVE ( 'NONE', #3898, #3718, #4233, .T. ) ;
#1252 = DIRECTION ( 'NONE',  ( 1.000000000000000000, 0.000000000000000000, 0.000000000000000000 ) ) ;
#1253 = CARTESIAN_POINT ( 'NONE',  ( -15.55640646055100973, -8.000000000000007105, 0.000000000000000000 ) ) ;
#1255 = VERTEX_POINT ( 'NONE', #222 ) ;
#1254 = AXIS2_PLACEMENT_3D ( 'NONE', #2932, #769, #4249 ) ;
#1256 = CARTESIAN_POINT ( 'NONE',  ( 26.27867965644033532, -75.32132034355961991, 4.512500000000000178 ) ) ;
#1257 = AXIS2_PLACEMENT_3D ( 'NONE', #2467, #4214, #761 ) ;
#1258 = ORIENTED_EDGE ( 'NONE', *, *, #1374, .F. ) ;
#1259 = VECTOR ( 'NONE', #2747, 1000.000000000000000 ) ;
#1260 = EDGE_LOOP ( 'NONE', ( #4797, #2708 ) ) ;
#1261 = CYLINDRICAL_SURFACE ( 'NONE', #1958, 2.489199999999994084 ) ;
#1262 = CARTESIAN_POINT ( 'NONE',  ( -25.39999999999999858, 0.000000000000000000, -1.250462353673376935E-15 ) ) ;
#1263 = AXIS2_PLACEMENT_3D ( 'NONE', #2797, #244, #2337 ) ;
#1264 = DIRECTION ( 'NONE',  ( 0.000000000000000000, 0.000000000000000000, -1.000000000000000000 ) ) ;
#1265 = ORIENTED_EDGE ( 'NONE', *, *, #3853, .T. ) ;
#1266 = ORIENTED_EDGE ( 'NONE', *, *, #3454, .F. ) ;
#1267 = ORIENTED_EDGE ( 'NONE', *, *, #3034, .F. ) ;
#1268 = DIRECTION ( 'NONE',  ( -0.5000000000000045519, -0.5000000000000024425, -0.7071067811865425767 ) ) ;
#1269 = EDGE_CURVE ( 'NONE', #304, #1649, #1946, .T. ) ;
#1270 = CARTESIAN_POINT ( 'NONE',  ( -24.15735931288069693, 31.50000000000000000, 0.000000000000000000 ) ) ;
#1271 = CARTESIAN_POINT ( 'NONE',  ( 22.91080000000000894, 0.000000000000000000, -1.250462353673376935E-15 ) ) ;
#1272 = EDGE_CURVE ( 'NONE', #4106, #2917, #3689, .T. ) ;
#1273 = CARTESIAN_POINT ( 'NONE',  ( -13.85640646055102465, 7.999999999999989342, 4.762500000000001066 ) ) ;
#1274 = CARTESIAN_POINT ( 'NONE',  ( -21.99704525612472494, 12.70000000000002593, -1.250462353673376935E-15 ) ) ;
#1275 = ORIENTED_EDGE ( 'NONE', *, *, #4907, .T. ) ;
#1276 = FACE_BOUND ( 'NONE', #2966, .T. ) ;
#1277 = ADVANCED_FACE ( 'NONE', ( #678 ), #1126, .T. ) ;
#1278 = DIRECTION ( 'NONE',  ( 0.000000000000000000, 0.000000000000000000, -1.000000000000000000 ) ) ;
#1279 = CARTESIAN_POINT ( 'NONE',  ( 22.91079999999999828, -38.09999999999999432, -8.673617379884035472E-16 ) ) ;
#1280 = ORIENTED_EDGE ( 'NONE', *, *, #72, .F. ) ;
#1281 = CARTESIAN_POINT ( 'NONE',  ( -24.15735931288076088, -75.94999999999998863, 4.762500000000000178 ) ) ;
#1282 = CIRCLE ( 'NONE', #1194, 2.489200000000000301 ) ;
#1283 = ORIENTED_EDGE ( 'NONE', *, *, #4139, .F. ) ;
#1284 = VERTEX_POINT ( 'NONE', #1579 ) ;
#1285 = LINE ( 'NONE', #1392, #2594 ) ;
#1286 = DIRECTION ( 'NONE',  ( -0.000000000000000000, -0.000000000000000000, 1.000000000000000000 ) ) ;
#1287 = ORIENTED_EDGE ( 'NONE', *, *, #5286, .F. ) ;
#1288 = DIRECTION ( 'NONE',  ( 1.000000000000000000, 0.000000000000000000, 0.000000000000000000 ) ) ;
#1289 = CIRCLE ( 'NONE', #2738, 2.489199999999998525 ) ;
#1290 = CIRCLE ( 'NONE', #1020, 2.489200000000000301 ) ;
#1291 = ORIENTED_EDGE ( 'NONE', *, *, #4165, .F. ) ;
#1292 = CARTESIAN_POINT ( 'NONE',  ( -24.15735931288076088, -76.19999999999998863, 0.000000000000000000 ) ) ;
#1293 = DIRECTION ( 'NONE',  ( -0.000000000000000000, -0.000000000000000000, 1.000000000000000000 ) ) ;
#1294 = DIRECTION ( 'NONE',  ( -1.000000000000000000, 0.000000000000000000, 0.000000000000000000 ) ) ;
#1295 = DIRECTION ( 'NONE',  ( 1.000000000000000000, 0.000000000000000000, 0.000000000000000000 ) ) ;
#1296 = DIRECTION ( 'NONE',  ( -0.000000000000000000, -0.000000000000000000, -1.000000000000000000 ) ) ;
#1297 = CYLINDRICAL_SURFACE ( 'NONE', #3744, 11.75000000000000178 ) ;
#1298 = EDGE_LOOP ( 'NONE', ( #5584, #1906 ) ) ;
#1299 = LINE ( 'NONE', #4811, #3319 ) ;
#1300 = CARTESIAN_POINT ( 'NONE',  ( -24.15735931288076088, -73.19999999999998863, 4.762500000000000178 ) ) ;
#1301 = EDGE_CURVE ( 'NONE', #4480, #5298, #1528, .T. ) ;
#1302 = DIRECTION ( 'NONE',  ( 0.000000000000000000, 0.000000000000000000, -1.000000000000000000 ) ) ;
#1303 = FACE_OUTER_BOUND ( 'NONE', #12, .T. ) ;
#1304 = VERTEX_POINT ( 'NONE', #4207 ) ;
#1305 = ADVANCED_FACE ( 'NONE', ( #3658 ), #3258, .F. ) ;
#1306 = VERTEX_POINT ( 'NONE', #2832 ) ;
#1307 = VERTEX_POINT ( 'NONE', #5401 ) ;
#1308 = DIRECTION ( 'NONE',  ( 1.000000000000000000, 0.000000000000000000, 0.000000000000000000 ) ) ;
#1309 = DIRECTION ( 'NONE',  ( 1.000000000000000000, 0.000000000000000000, 0.000000000000000000 ) ) ;
#1310 = VERTEX_POINT ( 'NONE', #4644 ) ;
#1311 = CARTESIAN_POINT ( 'NONE',  ( -21.53919999999998680, -63.50000000000000000, 4.762500000000001066 ) ) ;
#1312 = EDGE_CURVE ( 'NONE', #4354, #2252, #5513, .T. ) ;
#1313 = ORIENTED_EDGE ( 'NONE', *, *, #3327, .T. ) ;
#1314 = VECTOR ( 'NONE', #3000, 1000.000000000000000 ) ;
#1315 = ORIENTED_EDGE ( 'NONE', *, *, #2537, .F. ) ;
#1316 = DIRECTION ( 'NONE',  ( 1.000000000000000000, 0.000000000000000000, 0.000000000000000000 ) ) ;
#1317 = FACE_OUTER_BOUND ( 'NONE', #2162, .T. ) ;
#1318 = FACE_BOUND ( 'NONE', #190, .T. ) ;
#1319 = AXIS2_PLACEMENT_3D ( 'NONE', #5264, #3573, #1804 ) ;
#1320 = AXIS2_PLACEMENT_3D ( 'NONE', #3889, #5208, #2628 ) ;
#1321 = VECTOR ( 'NONE', #765, 1000.000000000000114 ) ;
#1322 = FACE_OUTER_BOUND ( 'NONE', #5618, .T. ) ;
#1323 = DIRECTION ( 'NONE',  ( -1.000000000000000000, 0.000000000000000000, 0.000000000000000000 ) ) ;
#1324 = ORIENTED_EDGE ( 'NONE', *, *, #1032, .F. ) ;
#1325 = DIRECTION ( 'NONE',  ( -0.000000000000000000, -0.000000000000000000, -1.000000000000000000 ) ) ;
#1326 = FACE_BOUND ( 'NONE', #2471, .T. ) ;
#1327 = ORIENTED_EDGE ( 'NONE', *, *, #1570, .F. ) ;
#1328 = AXIS2_PLACEMENT_3D ( 'NONE', #1546, #696, #3164 ) ;
#1329 = APPLICATION_CONTEXT ( 'automotive_design' ) ;
#1330 = DIRECTION ( 'NONE',  ( -0.000000000000000000, -0.000000000000000000, 1.000000000000000000 ) ) ;
#1331 = CARTESIAN_POINT ( 'NONE',  ( 21.53919999999998680, -50.79999999999999716, 4.762500000000001066 ) ) ;
#1332 = VERTEX_POINT ( 'NONE', #2462 ) ;
#1333 = ORIENTED_EDGE ( 'NONE', *, *, #1419, .F. ) ;
#1334 = ORIENTED_EDGE ( 'NONE', *, *, #4225, .F. ) ;
#1335 = CARTESIAN_POINT ( 'NONE',  ( 15.55640646055101328, -7.999999999999996447, 0.000000000000000000 ) ) ;
#1336 = CARTESIAN_POINT ( 'NONE',  ( 22.91080000000000894, -63.50000000000000000, 4.762500000000001066 ) ) ;
#1337 = VECTOR ( 'NONE', #4436, 1000.000000000000000 ) ;
#1338 = ORIENTED_EDGE ( 'NONE', *, *, #2878, .F. ) ;
#1339 = CARTESIAN_POINT ( 'NONE',  ( -28.75000000000001421, -68.60735931288070333, 0.2500000000000002220 ) ) ;
#1340 = AXIS2_PLACEMENT_3D ( 'NONE', #1359, #3035, #5188 ) ;
#1341 = ORIENTED_EDGE ( 'NONE', *, *, #5270, .T. ) ;
#1342 = ADVANCED_FACE ( 'NONE', ( #254 ), #3721, .F. ) ;
#1343 = AXIS2_PLACEMENT_3D ( 'NONE', #4255, #5588, #2914 ) ;
#1344 = EDGE_CURVE ( 'NONE', #2956, #2025, #2010, .T. ) ;
#1345 = DIRECTION ( 'NONE',  ( 0.000000000000000000, 0.000000000000000000, -1.000000000000000000 ) ) ;
#1346 = DIRECTION ( 'NONE',  ( -0.000000000000000000, -0.000000000000000000, 1.000000000000000000 ) ) ;
#1347 = FACE_OUTER_BOUND ( 'NONE', #686, .T. ) ;
#1348 = EDGE_CURVE ( 'NONE', #3749, #3842, #2634, .T. ) ;
#1349 = AXIS2_PLACEMENT_3D ( 'NONE', #5135, #1646, #4681 ) ;
#1350 = ORIENTED_EDGE ( 'NONE', *, *, #186, .T. ) ;
#1351 = CYLINDRICAL_SURFACE ( 'NONE', #1507, 2.489199999999993640 ) ;
#1352 = CARTESIAN_POINT ( 'NONE',  ( -28.75000000000000711, 24.15735931288069693, 4.762500000000000178 ) ) ;
#1353 = EDGE_LOOP ( 'NONE', ( #1947, #1606, #4883, #4274 ) ) ;
#1354 = DIRECTION ( 'NONE',  ( -0.7071067811865474617, 0.000000000000000000, -0.7071067811865474617 ) ) ;
#1355 = LINE ( 'NONE', #48, #1046 ) ;
#1356 = EDGE_CURVE ( 'NONE', #499, #936, #3803, .T. ) ;
#1357 = ORIENTED_EDGE ( 'NONE', *, *, #2805, .F. ) ;
#1358 = EDGE_CURVE ( 'NONE', #566, #4908, #3882, .T. ) ;
#1359 = CARTESIAN_POINT ( 'NONE',  ( 19.05000000000000071, -50.79999999999999716, 4.762500000000001066 ) ) ;
#1360 = LINE ( 'NONE', #2153, #990 ) ;
#1361 = ORIENTED_EDGE ( 'NONE', *, *, #4217, .T. ) ;
#1362 = ORIENTED_EDGE ( 'NONE', *, *, #3067, .T. ) ;
#1363 = VERTEX_POINT ( 'NONE', #1214 ) ;
#1364 = DIRECTION ( 'NONE',  ( 1.000000000000000000, 0.000000000000000000, 0.000000000000000000 ) ) ;
#1365 = CONICAL_SURFACE ( 'NONE', #4566, 2.749999999999999112, 0.7853981633974500554 ) ;
#1366 = DIRECTION ( 'NONE',  ( -1.000000000000000000, 0.000000000000000000, 0.000000000000000000 ) ) ;
#1367 = ORIENTED_EDGE ( 'NONE', *, *, #989, .T. ) ;
#1368 = DIRECTION ( 'NONE',  ( 1.000000000000000000, 0.000000000000000000, 0.000000000000000000 ) ) ;
#1369 = ORIENTED_EDGE ( 'NONE', *, *, #5318, .T. ) ;
#1370 = ORIENTED_EDGE ( 'NONE', *, *, #3085, .F. ) ;
#1371 = EDGE_CURVE ( 'NONE', #304, #517, #1282, .T. ) ;
#1372 = LINE ( 'NONE', #1822, #1012 ) ;
#1373 = LINE ( 'NONE', #532, #2895 ) ;
#1374 = EDGE_CURVE ( 'NONE', #1619, #5472, #5625, .T. ) ;
#1375 = DIRECTION ( 'NONE',  ( -0.000000000000000000, -0.000000000000000000, 1.000000000000000000 ) ) ;
#1376 = EDGE_LOOP ( 'NONE', ( #5016, #702, #1089, #3259 ) ) ;
#1377 = CARTESIAN_POINT ( 'NONE',  ( -25.39999999999999858, -38.10000000000000142, 4.762500000000001066 ) ) ;
#1378 = DIRECTION ( 'NONE',  ( -1.000000000000000000, 0.000000000000000000, 0.000000000000000000 ) ) ;
#1379 = ORIENTED_EDGE ( 'NONE', *, *, #3262, .T. ) ;
#1380 = CARTESIAN_POINT ( 'NONE',  ( -24.15735931288076088, -76.19999999999998863, 4.512500000000000178 ) ) ;
#1381 = AXIS2_PLACEMENT_3D ( 'NONE', #2592, #13, #5097 ) ;
#1382 = DIRECTION ( 'NONE',  ( -0.000000000000000000, -0.000000000000000000, 1.000000000000000000 ) ) ;
#1383 = VERTEX_POINT ( 'NONE', #2566 ) ;
#1384 = AXIS2_PLACEMENT_3D ( 'NONE', #4610, #2034, #2920 ) ;
#1385 = CARTESIAN_POINT ( 'NONE',  ( -11.56670000000000442, 2.067353648991859583, 4.762500000000000178 ) ) ;
#1386 = LINE ( 'NONE', #992, #3901 ) ;
#1387 = ORIENTED_EDGE ( 'NONE', *, *, #434, .T. ) ;
#1388 = ORIENTED_EDGE ( 'NONE', *, *, #2426, .T. ) ;
#1389 = EDGE_CURVE ( 'NONE', #5373, #1854, #4832, .T. ) ;
#1390 = EDGE_CURVE ( 'NONE', #1934, #1014, #3420, .T. ) ;
#1391 = VERTEX_POINT ( 'NONE', #2623 ) ;
#1392 = CARTESIAN_POINT ( 'NONE',  ( -31.75000000000001421, -76.19999999999998863, 4.512500000000000178 ) ) ;
#1393 = CYLINDRICAL_SURFACE ( 'NONE', #2107, 2.489199999999993640 ) ;
#1394 = PLANE ( 'NONE',  #1164 ) ;
#1395 = ORIENTED_EDGE ( 'NONE', *, *, #3291, .F. ) ;
#1396 = LINE ( 'NONE', #4479, #2777 ) ;
#1397 = ORIENTED_EDGE ( 'NONE', *, *, #344, .T. ) ;
#1398 = ORIENTED_EDGE ( 'NONE', *, *, #4590, .F. ) ;
#1399 = EDGE_CURVE ( 'NONE', #4327, #4381, #3450, .T. ) ;
#1400 = CARTESIAN_POINT ( 'NONE',  ( -19.04999999999999716, -63.50000000000000000, 4.762500000000001066 ) ) ;
#1401 = LINE ( 'NONE', #4313, #3801 ) ;
#1402 = CYLINDRICAL_SURFACE ( 'NONE', #1594, 2.489199999999996749 ) ;
#1403 = AXIS2_PLACEMENT_3D ( 'NONE', #2317, #595, #5375 ) ;
#1404 = ORIENTED_EDGE ( 'NONE', *, *, #1659, .F. ) ;
#1405 = EDGE_CURVE ( 'NONE', #1908, #3730, #449, .T. ) ;
#1406 = CARTESIAN_POINT ( 'NONE',  ( -2.489199999999985202, -50.79999999999999716, 4.762500000000001066 ) ) ;
#1407 = CIRCLE ( 'NONE', #420, 2.489199999999990087 ) ;
#1408 = CYLINDRICAL_SURFACE ( 'NONE', #4585, 2.999999999999999112 ) ;
#1409 = EDGE_LOOP ( 'NONE', ( #527, #237, #195, #4961 ) ) ;
#1410 = CARTESIAN_POINT ( 'NONE',  ( -4.999999999999969802, -12.55736835487438086, 0.000000000000000000 ) ) ;
#1411 = DIRECTION ( 'NONE',  ( -1.000000000000000000, 0.000000000000000000, 0.000000000000000000 ) ) ;
#1412 = CIRCLE ( 'NONE', #1050, 2.489199999999986535 ) ;
#1413 = EDGE_CURVE ( 'NONE', #566, #499, #2731, .T. ) ;
#1414 = AXIS2_PLACEMENT_3D ( 'NONE', #1494, #3597, #3541 ) ;
#1415 = ADVANCED_FACE ( 'NONE', ( #365 ), #1689, .F. ) ;
#1416 = DIRECTION ( 'NONE',  ( -0.000000000000000000, -0.000000000000000000, 1.000000000000000000 ) ) ;
#1417 = DIRECTION ( 'NONE',  ( -0.000000000000000000, -0.000000000000000000, -1.000000000000000000 ) ) ;
#1418 = ORIENTED_EDGE ( 'NONE', *, *, #2494, .F. ) ;
#1419 = EDGE_CURVE ( 'NONE', #1649, #3335, #3916, .T. ) ;
#1420 = CIRCLE ( 'NONE', #872, 2.489200000000000301 ) ;
#1421 = ORIENTED_EDGE ( 'NONE', *, *, #470, .T. ) ;
#1422 = CIRCLE ( 'NONE', #873, 2.249999999999998668 ) ;
#1423 = ORIENTED_EDGE ( 'NONE', *, *, #1356, .F. ) ;
#1424 = DIRECTION ( 'NONE',  ( -1.000000000000000000, 0.000000000000000000, 0.000000000000000000 ) ) ;
#1425 = CARTESIAN_POINT ( 'NONE',  ( 1.699999999999993072, -16.00000000000000000, 0.000000000000000000 ) ) ;
#1426 = DIRECTION ( 'NONE',  ( -0.000000000000000000, -0.000000000000000000, 1.000000000000000000 ) ) ;
#1427 = CYLINDRICAL_SURFACE ( 'NONE', #4706, 2.489199999999993640 ) ;
#1428 = ORIENTED_EDGE ( 'NONE', *, *, #4815, .F. ) ;
#1429 = AXIS2_PLACEMENT_3D ( 'NONE', #1542, #4938, #2756 ) ;
#1430 = VERTEX_POINT ( 'NONE', #5125 ) ;
#1431 = DIRECTION ( 'NONE',  ( -0.000000000000000000, -0.000000000000000000, 1.000000000000000000 ) ) ;
#1432 = CIRCLE ( 'NONE', #712, 2.489199999999990087 ) ;
#1433 = DIRECTION ( 'NONE',  ( -1.000000000000000000, 0.000000000000000000, 0.000000000000000000 ) ) ;
#1434 = LINE ( 'NONE', #3168, #863 ) ;
#1435 = CIRCLE ( 'NONE', #5346, 0.5000000000000004441 ) ;
#1436 = EDGE_CURVE ( 'NONE', #3718, #4327, #4312, .T. ) ;
#1437 = ORIENTED_EDGE ( 'NONE', *, *, #1211, .T. ) ;
#1438 = CARTESIAN_POINT ( 'NONE',  ( -31.75000000000000711, 24.15735931288069693, 0.000000000000000000 ) ) ;
#1439 = DIRECTION ( 'NONE',  ( -0.000000000000000000, -0.000000000000000000, 1.000000000000000000 ) ) ;
#1440 = ORIENTED_EDGE ( 'NONE', *, *, #413, .F. ) ;
#1441 = EDGE_CURVE ( 'NONE', #5582, #4462, #3641, .T. ) ;
#1442 = FACE_OUTER_BOUND ( 'NONE', #2604, .T. ) ;
#1443 = FACE_BOUND ( 'NONE', #490, .T. ) ;
#1444 = AXIS2_PLACEMENT_3D ( 'NONE', #188, #4086, #978 ) ;
#1445 = AXIS2_PLACEMENT_3D ( 'NONE', #2100, #4299, #5189 ) ;
#1446 = DIRECTION ( 'NONE',  ( -0.000000000000000000, -0.000000000000000000, -1.000000000000000000 ) ) ;
#1447 = DIRECTION ( 'NONE',  ( -0.000000000000000000, -0.000000000000000000, -1.000000000000000000 ) ) ;
#1448 = VERTEX_POINT ( 'NONE', #14 ) ;
#1449 = ADVANCED_FACE ( 'NONE', ( #3476 ), #1738, .F. ) ;
#1450 = ORIENTED_EDGE ( 'NONE', *, *, #5218, .F. ) ;
#1451 = ORIENTED_EDGE ( 'NONE', *, *, #3404, .T. ) ;
#1452 = CARTESIAN_POINT ( 'NONE',  ( 12.70000000000010232, 21.99704525612468586, 0.000000000000000000 ) ) ;
#1453 = DIRECTION ( 'NONE',  ( -1.000000000000000000, 0.000000000000000000, 0.000000000000000000 ) ) ;
#1454 = VECTOR ( 'NONE', #3542, 1000.000000000000000 ) ;
#1455 = CARTESIAN_POINT ( 'NONE',  ( 21.99704525612481731, 12.69999999999987139, -1.250462353673376935E-15 ) ) ;
#1456 = DIRECTION ( 'NONE',  ( -0.000000000000000000, -0.000000000000000000, -1.000000000000000000 ) ) ;
#1457 = EDGE_LOOP ( 'NONE', ( #2080, #908, #4679, #3069 ) ) ;
#1458 = ORIENTED_EDGE ( 'NONE', *, *, #1650, .F. ) ;
#1459 = FACE_OUTER_BOUND ( 'NONE', #3868, .T. ) ;
#1460 = CARTESIAN_POINT ( 'NONE',  ( -50.62322330470342990, -50.62322330470320964, -0.000000000000000000 ) ) ;
#1461 = CYLINDRICAL_SURFACE ( 'NONE', #3344, 2.489199999999994084 ) ;
#1462 = DIRECTION ( 'NONE',  ( -1.000000000000000000, 0.000000000000000000, 0.000000000000000000 ) ) ;
#1463 = AXIS2_PLACEMENT_3D ( 'NONE', #3507, #100, #2220 ) ;
#1464 = ORIENTED_EDGE ( 'NONE', *, *, #3784, .T. ) ;
#1465 = CARTESIAN_POINT ( 'NONE',  ( -25.39999999999999858, -63.50000000000000000, 4.762500000000000178 ) ) ;
#1466 = CARTESIAN_POINT ( 'NONE',  ( -19.04999999999999716, -38.10000000000000142, 4.762500000000001066 ) ) ;
#1467 = ORIENTED_EDGE ( 'NONE', *, *, #3849, .F. ) ;
#1468 = CARTESIAN_POINT ( 'NONE',  ( -17.96051224213833208, -17.96051224213827169, -1.250462353673376935E-15 ) ) ;
#1469 = LINE ( 'NONE', #2404, #2676 ) ;
#1470 = ADVANCED_FACE ( 'NONE', ( #780 ), #418, .T. ) ;
#1471 = CARTESIAN_POINT ( 'NONE',  ( 13.85640646055101755, 8.000000000000005329, 4.762500000000001066 ) ) ;
#1472 = CARTESIAN_POINT ( 'NONE',  ( -26.10190296114375741, -75.14454364826298161, 4.762500000000000178 ) ) ;
#1473 = ORIENTED_EDGE ( 'NONE', *, *, #4727, .F. ) ;
#1474 = AXIS2_PLACEMENT_3D ( 'NONE', #2528, #1994, #1119 ) ;
#1475 = EDGE_CURVE ( 'NONE', #1729, #4539, #2998, .T. ) ;
#1476 = ORIENTED_EDGE ( 'NONE', *, *, #5029, .T. ) ;
#1477 = ORIENTED_EDGE ( 'NONE', *, *, #1570, .T. ) ;
#1478 = CARTESIAN_POINT ( 'NONE',  ( -2.489199999999999413, 25.39999999999999858, 4.762500000000000178 ) ) ;
#1479 = CARTESIAN_POINT ( 'NONE',  ( 21.99704525612481731, 12.69999999999987139, 0.000000000000000000 ) ) ;
#1480 = EDGE_CURVE ( 'NONE', #485, #5458, #2093, .T. ) ;
#1481 = CARTESIAN_POINT ( 'NONE',  ( -21.99704525612472494, 12.70000000000002593, 0.000000000000000000 ) ) ;
#1482 = ORIENTED_EDGE ( 'NONE', *, *, #372, .T. ) ;
#1483 = EDGE_LOOP ( 'NONE', ( #763, #436 ) ) ;
#1484 = EDGE_CURVE ( 'NONE', #716, #5493, #5147, .T. ) ;
#1485 = CARTESIAN_POINT ( 'NONE',  ( -24.15735931288076088, -75.94999999999998863, 0.000000000000000000 ) ) ;
#1486 = EDGE_CURVE ( 'NONE', #140, #563, #3736, .T. ) ;
#1487 = DIRECTION ( 'NONE',  ( 0.000000000000000000, 0.000000000000000000, 1.000000000000000000 ) ) ;
#1488 = DIRECTION ( 'NONE',  ( 1.000000000000000000, 0.000000000000000000, 0.000000000000000000 ) ) ;
#1489 = CYLINDRICAL_SURFACE ( 'NONE', #2048, 2.489199999999993640 ) ;
#1490 = VERTEX_POINT ( 'NONE', #3968 ) ;
#1491 = CARTESIAN_POINT ( 'NONE',  ( -2.489199999999994084, 25.39999999999999858, 0.000000000000000000 ) ) ;
#1492 = ORIENTED_EDGE ( 'NONE', *, *, #5589, .T. ) ;
#1493 = ORIENTED_EDGE ( 'NONE', *, *, #5612, .F. ) ;
#1494 = CARTESIAN_POINT ( 'NONE',  ( -19.04999999999999361, -50.80000000000000426, 4.762500000000001066 ) ) ;
#1495 = DIRECTION ( 'NONE',  ( 1.000000000000000000, 0.000000000000000000, 0.000000000000000000 ) ) ;
#1496 = VERTEX_POINT ( 'NONE', #530 ) ;
#1497 = CARTESIAN_POINT ( 'NONE',  ( -24.48624525612472169, 12.70000000000002593, 0.000000000000000000 ) ) ;
#1498 = AXIS2_PLACEMENT_3D ( 'NONE', #4388, #4415, #3960 ) ;
#1499 = DIRECTION ( 'NONE',  ( 1.000000000000000000, 0.000000000000000000, 0.000000000000000000 ) ) ;
#1500 = AXIS2_PLACEMENT_3D ( 'NONE', #1692, #2092, #1636 ) ;
#1501 = CARTESIAN_POINT ( 'NONE',  ( -27.88919999999999533, 0.000000000000000000, 0.000000000000000000 ) ) ;
#1502 = DIRECTION ( 'NONE',  ( -1.000000000000000000, 0.000000000000000000, 0.000000000000000000 ) ) ;
#1503 = ORIENTED_EDGE ( 'NONE', *, *, #3564, .T. ) ;
#1504 = CIRCLE ( 'NONE', #959, 2.489200000000000301 ) ;
#1505 = ORIENTED_EDGE ( 'NONE', *, *, #5287, .T. ) ;
#1506 = MECHANICAL_DESIGN_GEOMETRIC_PRESENTATION_REPRESENTATION (  '', ( #146 ), #58 ) ;
#1507 = AXIS2_PLACEMENT_3D ( 'NONE', #3089, #3426, #2545 ) ;
#1508 = ORIENTED_EDGE ( 'NONE', *, *, #2535, .T. ) ;
#1509 = CARTESIAN_POINT ( 'NONE',  ( 17.96051224213827169, -17.96051224213833564, -1.250462353673376935E-15 ) ) ;
#1510 = DIRECTION ( 'NONE',  ( -1.000000000000000000, 0.000000000000000000, 0.000000000000000000 ) ) ;
#1511 = CIRCLE ( 'NONE', #516, 2.489199999999990087 ) ;
#1512 = FACE_OUTER_BOUND ( 'NONE', #1409, .T. ) ;
#1513 = AXIS2_PLACEMENT_3D ( 'NONE', #3158, #913, #2161 ) ;
#1514 = VERTEX_POINT ( 'NONE', #4455 ) ;
#1515 = VECTOR ( 'NONE', #5586, 1000.000000000000000 ) ;
#1516 = EDGE_LOOP ( 'NONE', ( #4837, #3485, #2616, #858 ) ) ;
#1517 = AXIS2_PLACEMENT_3D ( 'NONE', #1810, #3550, #3120 ) ;
#1518 = CARTESIAN_POINT ( 'NONE',  ( -31.75000000000000711, 25.40000000000000568, 0.2500000000000002220 ) ) ;
#1519 = LINE ( 'NONE', #3301, #3279 ) ;
#1520 = LINE ( 'NONE', #3250, #4349 ) ;
#1521 = FACE_BOUND ( 'NONE', #5190, .T. ) ;
#1522 = EDGE_LOOP ( 'NONE', ( #3227, #5068 ) ) ;
#1523 = EDGE_CURVE ( 'NONE', #5253, #2230, #1372, .T. ) ;
#1524 = ORIENTED_EDGE ( 'NONE', *, *, #2004, .T. ) ;
#1525 = EDGE_CURVE ( 'NONE', #27, #2899, #4199, .T. ) ;
#1526 = AXIS2_PLACEMENT_3D ( 'NONE', #3734, #580, #4111 ) ;
#1527 = ORIENTED_EDGE ( 'NONE', *, *, #1069, .T. ) ;
#1528 = LINE ( 'NONE', #1160, #291 ) ;
#1529 = ORIENTED_EDGE ( 'NONE', *, *, #270, .T. ) ;
#1530 = DIRECTION ( 'NONE',  ( -0.000000000000000000, -0.000000000000000000, 1.000000000000000000 ) ) ;
#1531 = CIRCLE ( 'NONE', #2517, 1.699999999999998401 ) ;
#1532 = CARTESIAN_POINT ( 'NONE',  ( -9.555824911305043203E-16, -38.09999999999999432, 4.762500000000001066 ) ) ;
#1533 = DIRECTION ( 'NONE',  ( -0.000000000000000000, -0.000000000000000000, -1.000000000000000000 ) ) ;
#1534 = DIRECTION ( 'NONE',  ( -1.000000000000000000, 0.000000000000000000, 0.000000000000000000 ) ) ;
#1536 = ORIENTED_EDGE ( 'NONE', *, *, #1389, .T. ) ;
#1535 = CONICAL_SURFACE ( 'NONE', #2982, 2.750000000000002665, 0.7853981633974430610 ) ;
#1537 = ADVANCED_FACE ( 'NONE', ( #5282 ), #3625, .F. ) ;
#1538 = EDGE_LOOP ( 'NONE', ( #5585, #1928 ) ) ;
#1539 = EDGE_LOOP ( 'NONE', ( #4387, #443 ) ) ;
#1540 = DIRECTION ( 'NONE',  ( 0.000000000000000000, 0.000000000000000000, 1.000000000000000000 ) ) ;
#1541 = DIRECTION ( 'NONE',  ( -0.000000000000000000, -0.000000000000000000, 1.000000000000000000 ) ) ;
#1542 = CARTESIAN_POINT ( 'NONE',  ( 6.350000000000001421, -63.50000000000000000, -8.673617379884035472E-16 ) ) ;
#1543 = ORIENTED_EDGE ( 'NONE', *, *, #2490, .F. ) ;
#1544 = VECTOR ( 'NONE', #3112, 1000.000000000000000 ) ;
#1545 = EDGE_LOOP ( 'NONE', ( #4951, #3553, #2601, #3181 ) ) ;
#1546 = CARTESIAN_POINT ( 'NONE',  ( 31.50000000000000000, 1.012390727063815274E-14, 4.762500000000000178 ) ) ;
#1547 = DIRECTION ( 'NONE',  ( -0.000000000000000000, -0.000000000000000000, 1.000000000000000000 ) ) ;
#1548 = CARTESIAN_POINT ( 'NONE',  ( -24.15735931288069693, 31.75000000000000000, 0.2500000000000002220 ) ) ;
#1549 = FACE_BOUND ( 'NONE', #5274, .T. ) ;
#1550 = VERTEX_POINT ( 'NONE', #3590 ) ;
#1551 = ADVANCED_FACE ( 'NONE', ( #1008 ), #1850, .F. ) ;
#1552 = VERTEX_POINT ( 'NONE', #919 ) ;
#1553 = EDGE_CURVE ( 'NONE', #4419, #4714, #3565, .T. ) ;
#1554 = CARTESIAN_POINT ( 'NONE',  ( -2.489200000000253876, -25.40000000000000213, -1.250462353673376935E-15 ) ) ;
#1555 = ORIENTED_EDGE ( 'NONE', *, *, #4868, .T. ) ;
#1556 = DIRECTION ( 'NONE',  ( 0.000000000000000000, 0.000000000000000000, -1.000000000000000000 ) ) ;
#1557 = DIRECTION ( 'NONE',  ( -0.000000000000000000, -0.000000000000000000, 1.000000000000000000 ) ) ;
#1558 = DIRECTION ( 'NONE',  ( -1.000000000000000000, 0.000000000000000000, 0.000000000000000000 ) ) ;
#1559 = DIRECTION ( 'NONE',  ( -0.000000000000000000, -0.000000000000000000, -1.000000000000000000 ) ) ;
#1560 = ORIENTED_EDGE ( 'NONE', *, *, #3953, .F. ) ;
#1561 = VECTOR ( 'NONE', #3481, 1000.000000000000114 ) ;
#1562 = DIRECTION ( 'NONE',  ( -0.000000000000000000, -0.000000000000000000, 1.000000000000000000 ) ) ;
#1563 = AXIS2_PLACEMENT_3D ( 'NONE', #1960, #267, #768 ) ;
#1564 = ORIENTED_EDGE ( 'NONE', *, *, #1967, .F. ) ;
#1565 = DIRECTION ( 'NONE',  ( -0.000000000000000000, -0.000000000000000000, -1.000000000000000000 ) ) ;
#1566 = FACE_OUTER_BOUND ( 'NONE', #3523, .T. ) ;
#1567 = FACE_OUTER_BOUND ( 'NONE', #498, .T. ) ;
#1568 = EDGE_CURVE ( 'NONE', #4597, #1920, #2187, .T. ) ;
#1569 = ORIENTED_EDGE ( 'NONE', *, *, #549, .T. ) ;
#1570 = EDGE_CURVE ( 'NONE', #4371, #328, #4856, .T. ) ;
#1571 = ORIENTED_EDGE ( 'NONE', *, *, #1078, .T. ) ;
#1572 = CARTESIAN_POINT ( 'NONE',  ( 12.69999999999999751, -38.09999999999999432, 4.762500000000000178 ) ) ;
#1573 = CARTESIAN_POINT ( 'NONE',  ( 22.91080000000001604, -50.79999999999999716, 4.762500000000001066 ) ) ;
#1574 = CARTESIAN_POINT ( 'NONE',  ( 28.75000000000002487, -68.60735931288064648, 0.000000000000000000 ) ) ;
#1575 = CARTESIAN_POINT ( 'NONE',  ( 25.39999999999999858, -63.50000000000000000, -8.673617379884035472E-16 ) ) ;
#1576 = ORIENTED_EDGE ( 'NONE', *, *, #4799, .T. ) ;
#1577 = EDGE_CURVE ( 'NONE', #116, #2326, #2282, .T. ) ;
#1578 = ORIENTED_EDGE ( 'NONE', *, *, #2649, .F. ) ;
#1579 = CARTESIAN_POINT ( 'NONE',  ( 22.91079999999999828, -63.50000000000000000, -8.673617379884035472E-16 ) ) ;
#1580 = VERTEX_POINT ( 'NONE', #5254 ) ;
#1581 = DIRECTION ( 'NONE',  ( -0.000000000000000000, -0.000000000000000000, -1.000000000000000000 ) ) ;
#1582 = CARTESIAN_POINT ( 'NONE',  ( -6.350000000000000533, -38.09999999999999432, 4.762500000000001066 ) ) ;
#1583 = CARTESIAN_POINT ( 'NONE',  ( -24.15735931288069693, 31.75000000000000000, 0.2500000000000001665 ) ) ;
#1584 = CARTESIAN_POINT ( 'NONE',  ( -13.85640646055102465, 7.999999999999989342, 0.000000000000000000 ) ) ;
#1585 = ORIENTED_EDGE ( 'NONE', *, *, #1211, .F. ) ;
#1586 = DIRECTION ( 'NONE',  ( 3.213938816075603989E-16, -1.000000000000000000, 0.000000000000000000 ) ) ;
#1587 = CIRCLE ( 'NONE', #236, 2.489200000000000301 ) ;
#1588 = ADVANCED_FACE ( 'NONE', ( #2196 ), #3134, .F. ) ;
#1589 = ORIENTED_EDGE ( 'NONE', *, *, #309, .F. ) ;
#1590 = EDGE_CURVE ( 'NONE', #3707, #3687, #1797, .T. ) ;
#1591 = FACE_OUTER_BOUND ( 'NONE', #982, .T. ) ;
#1592 = DIRECTION ( 'NONE',  ( 0.5000000000000066613, 0.5000000000000066613, -0.7071067811865380248 ) ) ;
#1593 = CARTESIAN_POINT ( 'NONE',  ( -12.15640646055103602, 7.999999999999989342, -1.347111479062085841E-15 ) ) ;
#1594 = AXIS2_PLACEMENT_3D ( 'NONE', #2597, #3914, #1295 ) ;
#1595 = ORIENTED_EDGE ( 'NONE', *, *, #1251, .T. ) ;
#1596 = AXIS2_PLACEMENT_3D ( 'NONE', #3618, #5080, #3292 ) ;
#1597 = EDGE_LOOP ( 'NONE', ( #5139, #3037, #3418, #3872 ) ) ;
#1598 = CARTESIAN_POINT ( 'NONE',  ( 24.15735931288068983, -73.19999999999997442, 0.2500000000000002220 ) ) ;
#1599 = VECTOR ( 'NONE', #883, 1000.000000000000000 ) ;
#1600 = LINE ( 'NONE', #5422, #4834 ) ;
#1601 = LINE ( 'NONE', #3333, #1624 ) ;
#1602 = CONICAL_SURFACE ( 'NONE', #336, 2.749999999999999112, 0.7853981633974500554 ) ;
#1603 = ORIENTED_EDGE ( 'NONE', *, *, #3611, .T. ) ;
#1604 = CIRCLE ( 'NONE', #2146, 2.489199999999990087 ) ;
#1605 = EDGE_CURVE ( 'NONE', #3389, #747, #5023, .T. ) ;
#1606 = ORIENTED_EDGE ( 'NONE', *, *, #2593, .F. ) ;
#1607 = CARTESIAN_POINT ( 'NONE',  ( 1.555301434917138433E-15, -63.50000000000000000, -8.673617379884035472E-16 ) ) ;
#1608 = VERTEX_POINT ( 'NONE', #2737 ) ;
#1609 = DIRECTION ( 'NONE',  ( 1.000000000000000000, 0.000000000000000000, 0.000000000000000000 ) ) ;
#1610 = CYLINDRICAL_SURFACE ( 'NONE', #5149, 2.489199999999993640 ) ;
#1611 = AXIS2_PLACEMENT_3D ( 'NONE', #404, #1148, #5613 ) ;
#1612 = CIRCLE ( 'NONE', #3064, 2.489199999999988311 ) ;
#1613 = CARTESIAN_POINT ( 'NONE',  ( -31.50000000000000711, 24.15735931288069693, 0.000000000000000000 ) ) ;
#1614 = DIRECTION ( 'NONE',  ( -1.000000000000000000, 0.000000000000000000, 0.000000000000000000 ) ) ;
#1615 = ORIENTED_EDGE ( 'NONE', *, *, #2844, .F. ) ;
#1616 = DIRECTION ( 'NONE',  ( 1.000000000000000000, 0.000000000000000000, 0.000000000000000000 ) ) ;
#1617 = AXIS2_PLACEMENT_3D ( 'NONE', #4955, #1044, #1948 ) ;
#1618 = CIRCLE ( 'NONE', #3434, 2.489200000000000301 ) ;
#1619 = VERTEX_POINT ( 'NONE', #3193 ) ;
#1620 = DIRECTION ( 'NONE',  ( 0.000000000000000000, 0.000000000000000000, -1.000000000000000000 ) ) ;
#1621 = DIRECTION ( 'NONE',  ( -0.000000000000000000, -0.000000000000000000, 1.000000000000000000 ) ) ;
#1622 = EDGE_CURVE ( 'NONE', #3640, #2831, #1035, .T. ) ;
#1623 = CARTESIAN_POINT ( 'NONE',  ( 31.74999999999999289, 31.75000000000000711, 0.2500000000000002220 ) ) ;
#1624 = VECTOR ( 'NONE', #3797, 1000.000000000000000 ) ;
#1625 = EDGE_LOOP ( 'NONE', ( #2433, #4768, #4982, #223 ) ) ;
#1626 = VECTOR ( 'NONE', #744, 1000.000000000000114 ) ;
#1627 = ORIENTED_EDGE ( 'NONE', *, *, #4047, .F. ) ;
#1628 = CARTESIAN_POINT ( 'NONE',  ( 12.15915000000000212, -1.665479293626906054, 0.000000000000000000 ) ) ;
#1629 = SURFACE_STYLE_USAGE ( .BOTH. , #829 ) ;
#1630 = CARTESIAN_POINT ( 'NONE',  ( -13.85640646055102465, 7.999999999999989342, 0.000000000000000000 ) ) ;
#1631 = LINE ( 'NONE', #2938, #4083 ) ;
#1632 = ORIENTED_EDGE ( 'NONE', *, *, #4277, .T. ) ;
#1633 = DIRECTION ( 'NONE',  ( -0.000000000000000000, -0.000000000000000000, -1.000000000000000000 ) ) ;
#1634 = DIRECTION ( 'NONE',  ( -0.000000000000000000, -0.000000000000000000, -1.000000000000000000 ) ) ;
#1635 = CARTESIAN_POINT ( 'NONE',  ( -21.99704525612472494, 12.70000000000002593, 0.000000000000000000 ) ) ;
#1636 = DIRECTION ( 'NONE',  ( -1.000000000000000000, 0.000000000000000000, 0.000000000000000000 ) ) ;
#1637 = VECTOR ( 'NONE', #475, 1000.000000000000000 ) ;
#1638 = FACE_OUTER_BOUND ( 'NONE', #4589, .T. ) ;
#1639 = DIRECTION ( 'NONE',  ( -1.000000000000000000, 0.000000000000000000, 0.000000000000000000 ) ) ;
#1640 = ORIENTED_EDGE ( 'NONE', *, *, #4605, .T. ) ;
#1641 = DIRECTION ( 'NONE',  ( 0.000000000000000000, 0.000000000000000000, -1.000000000000000000 ) ) ;
#1642 = ADVANCED_FACE ( 'NONE', ( #4052 ), #1365, .T. ) ;
#1643 = AXIS2_PLACEMENT_3D ( 'NONE', #2760, #2794, #5365 ) ;
#1644 = EDGE_CURVE ( 'NONE', #5253, #1908, #653, .T. ) ;
#1645 = DIRECTION ( 'NONE',  ( -0.000000000000000000, -0.000000000000000000, -1.000000000000000000 ) ) ;
#1646 = DIRECTION ( 'NONE',  ( -0.000000000000000000, -0.000000000000000000, -1.000000000000000000 ) ) ;
#1647 = EDGE_LOOP ( 'NONE', ( #1188, #2704, #4545, #2573 ) ) ;
#1648 = FACE_OUTER_BOUND ( 'NONE', #478, .T. ) ;
#1649 = VERTEX_POINT ( 'NONE', #2678 ) ;
#1650 = EDGE_CURVE ( 'NONE', #4182, #2821, #103, .T. ) ;
#1651 = ORIENTED_EDGE ( 'NONE', *, *, #1659, .T. ) ;
#1652 = CARTESIAN_POINT ( 'NONE',  ( 2.489200000000001189, -63.50000000000000000, -8.673617379884035472E-16 ) ) ;
#1653 = CYLINDRICAL_SURFACE ( 'NONE', #1775, 2.489199999999993640 ) ;
#1654 = CIRCLE ( 'NONE', #1209, 11.75000000000000178 ) ;
#1655 = DIRECTION ( 'NONE',  ( -0.000000000000000000, -0.000000000000000000, 1.000000000000000000 ) ) ;
#1656 = EDGE_CURVE ( 'NONE', #3504, #5370, #3552, .T. ) ;
#1657 = CIRCLE ( 'NONE', #3380, 2.489199999999988311 ) ;
#1658 = ORIENTED_EDGE ( 'NONE', *, *, #4642, .F. ) ;
#1659 = EDGE_CURVE ( 'NONE', #4081, #2821, #3332, .T. ) ;
#1660 = CARTESIAN_POINT ( 'NONE',  ( 30.87132034355964194, 26.27867965644033887, 0.2500000000000004441 ) ) ;
#1661 = EDGE_CURVE ( 'NONE', #5623, #2344, #1600, .T. ) ;
#1662 = CARTESIAN_POINT ( 'NONE',  ( -21.99704525612490258, -12.69999999999971685, 4.762500000000000178 ) ) ;
#1663 = CARTESIAN_POINT ( 'NONE',  ( -6.349999999999997868, -63.50000000000000000, -8.673617379884035472E-16 ) ) ;
#1664 = LINE ( 'NONE', #4290, #3685 ) ;
#1665 = AXIS2_PLACEMENT_3D ( 'NONE', #3346, #3315, #4130 ) ;
#1666 = CARTESIAN_POINT ( 'NONE',  ( 1.555301434917138433E-15, -63.50000000000000000, 4.762500000000000178 ) ) ;
#1667 = CARTESIAN_POINT ( 'NONE',  ( 22.91080000000000894, -38.09999999999999432, 4.762500000000001066 ) ) ;
#1668 = ORIENTED_EDGE ( 'NONE', *, *, #2725, .T. ) ;
#1669 = FACE_BOUND ( 'NONE', #4459, .T. ) ;
#1670 = PLANE ( 'NONE',  #1794 ) ;
#1671 = DIRECTION ( 'NONE',  ( -0.000000000000000000, -0.000000000000000000, -1.000000000000000000 ) ) ;
#1672 = EDGE_LOOP ( 'NONE', ( #1615, #2044, #1151, #985 ) ) ;
#1673 = CARTESIAN_POINT ( 'NONE',  ( 26.27867965644036730, 30.87132034355964194, 0.2500000000000002220 ) ) ;
#1674 = AXIS2_PLACEMENT_3D ( 'NONE', #4956, #5464, #198 ) ;
#1675 = ORIENTED_EDGE ( 'NONE', *, *, #4931, .F. ) ;
#1676 = ORIENTED_EDGE ( 'NONE', *, *, #2396, .T. ) ;
#1677 = FACE_OUTER_BOUND ( 'NONE', #4552, .T. ) ;
#1678 = VECTOR ( 'NONE', #1950, 1000.000000000000000 ) ;
#1679 = EDGE_CURVE ( 'NONE', #1735, #4654, #187, .T. ) ;
#1680 = FACE_OUTER_BOUND ( 'NONE', #2668, .T. ) ;
#1681 = CARTESIAN_POINT ( 'NONE',  ( 19.04999999999999716, -63.50000000000000000, -8.673617379884035472E-16 ) ) ;
#1682 = ORIENTED_EDGE ( 'NONE', *, *, #3318, .T. ) ;
#1683 = VECTOR ( 'NONE', #869, 1000.000000000000000 ) ;
#1684 = PRODUCT_DEFINITION_FORMATION_WITH_SPECIFIED_SOURCE ( 'ANY', '', #4422, .NOT_KNOWN. ) ;
#1685 = ORIENTED_EDGE ( 'NONE', *, *, #3085, .T. ) ;
#1686 = AXIS2_PLACEMENT_3D ( 'NONE', #3657, #80, #1041 ) ;
#1687 = CYLINDRICAL_SURFACE ( 'NONE', #1381, 2.489199999999986535 ) ;
#1688 = VECTOR ( 'NONE', #2583, 1000.000000000000000 ) ;
#1689 = CYLINDRICAL_SURFACE ( 'NONE', #4661, 2.489199999999996749 ) ;
#1690 = CIRCLE ( 'NONE', #5410, 2.489199999999986535 ) ;
#1691 = LINE ( 'NONE', #2971, #166 ) ;
#1692 = CARTESIAN_POINT ( 'NONE',  ( -21.99704525612490258, -12.69999999999971685, 4.762500000000000178 ) ) ;
#1693 = EDGE_CURVE ( 'NONE', #5108, #914, #656, .T. ) ;
#1694 = EDGE_CURVE ( 'NONE', #3768, #2868, #917, .T. ) ;
#1695 = AXIS2_PLACEMENT_3D ( 'NONE', #2387, #1540, #2847 ) ;
#1696 = CARTESIAN_POINT ( 'NONE',  ( 12.69999999999979323, -21.99704525612485639, -1.250462353673376935E-15 ) ) ;
#1697 = LINE ( 'NONE', #3427, #4920 ) ;
#1698 = ORIENTED_EDGE ( 'NONE', *, *, #2865, .T. ) ;
#1699 = DIRECTION ( 'NONE',  ( -1.000000000000000000, 0.000000000000000000, 0.000000000000000000 ) ) ;
#1700 = CARTESIAN_POINT ( 'NONE',  ( 31.50000000000002842, -68.60735931288064648, 4.762500000000000178 ) ) ;
#1701 = DIRECTION ( 'NONE',  ( -0.000000000000000000, -0.000000000000000000, 1.000000000000000000 ) ) ;
#1702 = ORIENTED_EDGE ( 'NONE', *, *, #4937, .T. ) ;
#1703 = CARTESIAN_POINT ( 'NONE',  ( 19.04999999999999716, -38.09999999999999432, -8.673617379884035472E-16 ) ) ;
#1704 = AXIS2_PLACEMENT_3D ( 'NONE', #3752, #1983, #3726 ) ;
#1705 = ORIENTED_EDGE ( 'NONE', *, *, #958, .T. ) ;
#1706 = AXIS2_PLACEMENT_3D ( 'NONE', #4857, #4829, #1825 ) ;
#1707 = ORIENTED_EDGE ( 'NONE', *, *, #1932, .F. ) ;
#1708 = CARTESIAN_POINT ( 'NONE',  ( -6.349999999999996092, -50.79999999999999716, 4.762500000000000178 ) ) ;
#1709 = ORIENTED_EDGE ( 'NONE', *, *, #5116, .T. ) ;
#1710 = VECTOR ( 'NONE', #2536, 1000.000000000000000 ) ;
#1711 = DIRECTION ( 'NONE',  ( -0.7071067811865455743, 0.7071067811865493491, -0.000000000000000000 ) ) ;
#1712 = EDGE_LOOP ( 'NONE', ( #1529, #2005 ) ) ;
#1713 = EDGE_LOOP ( 'NONE', ( #1026, #2339, #5222, #3642 ) ) ;
#1714 = CARTESIAN_POINT ( 'NONE',  ( 25.39999999999999858, 0.000000000000000000, 0.000000000000000000 ) ) ;
#1715 = EDGE_CURVE ( 'NONE', #1071, #2578, #3739, .T. ) ;
#1716 = CARTESIAN_POINT ( 'NONE',  ( 10.21080000000000787, -63.50000000000000000, 4.762500000000000178 ) ) ;
#1717 = FACE_OUTER_BOUND ( 'NONE', #4778, .T. ) ;
#1718 = DIRECTION ( 'NONE',  ( 0.7071067811865573427, 0.000000000000000000, 0.7071067811865378028 ) ) ;
#1719 = EDGE_CURVE ( 'NONE', #2917, #946, #105, .T. ) ;
#1720 = AXIS2_PLACEMENT_3D ( 'NONE', #5155, #1246, #4317 ) ;
#1721 = DIRECTION ( 'NONE',  ( -0.000000000000000000, -0.000000000000000000, 1.000000000000000000 ) ) ;
#1722 = DIRECTION ( 'NONE',  ( -0.000000000000000000, -0.000000000000000000, -1.000000000000000000 ) ) ;
#1723 = ORIENTED_EDGE ( 'NONE', *, *, #1985, .F. ) ;
#1724 = FACE_OUTER_BOUND ( 'NONE', #1672, .T. ) ;
#1725 = CARTESIAN_POINT ( 'NONE',  ( -25.39999999999999858, -63.50000000000000000, 4.762500000000001066 ) ) ;
#1726 = CARTESIAN_POINT ( 'NONE',  ( 24.15735931288068983, -73.19999999999997442, 4.512500000000000178 ) ) ;
#1727 = DIRECTION ( 'NONE',  ( 1.000000000000000000, 0.000000000000000000, 0.000000000000000000 ) ) ;
#1728 = ORIENTED_EDGE ( 'NONE', *, *, #2901, .F. ) ;
#1729 = VERTEX_POINT ( 'NONE', #4115 ) ;
#1730 = EDGE_LOOP ( 'NONE', ( #4821, #2451, #4500, #1379 ) ) ;
#1731 = CARTESIAN_POINT ( 'NONE',  ( 12.70000000000010232, 21.99704525612468586, -1.250462353673376935E-15 ) ) ;
#1732 = DIRECTION ( 'NONE',  ( -1.000000000000000000, 0.000000000000000000, 0.000000000000000000 ) ) ;
#1733 = ORIENTED_EDGE ( 'NONE', *, *, #760, .F. ) ;
#1734 = DIRECTION ( 'NONE',  ( -0.000000000000000000, -0.000000000000000000, -1.000000000000000000 ) ) ;
#1735 = VERTEX_POINT ( 'NONE', #1153 ) ;
#1736 = ORIENTED_EDGE ( 'NONE', *, *, #5387, .F. ) ;
#1737 = DIRECTION ( 'NONE',  ( -0.000000000000000000, -0.000000000000000000, -1.000000000000000000 ) ) ;
#1738 = CYLINDRICAL_SURFACE ( 'NONE', #1907, 2.489199999999993640 ) ;
#1739 = DIRECTION ( 'NONE',  ( -0.000000000000000000, -0.000000000000000000, -1.000000000000000000 ) ) ;
#1740 = CARTESIAN_POINT ( 'NONE',  ( -6.350000000000000533, -38.09999999999999432, 4.762500000000000178 ) ) ;
#1741 = DIRECTION ( 'NONE',  ( 0.000000000000000000, 0.000000000000000000, -1.000000000000000000 ) ) ;
#1742 = LINE ( 'NONE', #5234, #5206 ) ;
#1743 = ORIENTED_EDGE ( 'NONE', *, *, #1374, .T. ) ;
#1744 = DIRECTION ( 'NONE',  ( -0.000000000000000000, -0.000000000000000000, -1.000000000000000000 ) ) ;
#1745 = CIRCLE ( 'NONE', #1665, 1.699999999999987965 ) ;
#1746 = FACE_BOUND ( 'NONE', #3329, .T. ) ;
#1747 = ORIENTED_EDGE ( 'NONE', *, *, #3629, .T. ) ;
#1748 = CARTESIAN_POINT ( 'NONE',  ( -31.75000000000001421, -68.60735931288070333, 0.2500000000000002220 ) ) ;
#1749 = CARTESIAN_POINT ( 'NONE',  ( 13.85640646055102110, -7.999999999999996447, 0.000000000000000000 ) ) ;
#1750 = ORIENTED_EDGE ( 'NONE', *, *, #2837, .T. ) ;
#1751 = ORIENTED_EDGE ( 'NONE', *, *, #3430, .F. ) ;
#1752 = EDGE_CURVE ( 'NONE', #1448, #2230, #3218, .T. ) ;
#1753 = ADVANCED_FACE ( 'NONE', ( #2427 ), #1128, .F. ) ;
#1754 = ORIENTED_EDGE ( 'NONE', *, *, #1389, .F. ) ;
#1755 = CARTESIAN_POINT ( 'NONE',  ( -1.699999999999998401, -16.00000000000000000, 4.762500000000001066 ) ) ;
#1756 = CARTESIAN_POINT ( 'NONE',  ( -26.10190296114375741, -75.14454364826298161, 4.762500000000000178 ) ) ;
#1757 = ORIENTED_EDGE ( 'NONE', *, *, #3118, .T. ) ;
#1758 = DIRECTION ( 'NONE',  ( -0.000000000000000000, -0.000000000000000000, 1.000000000000000000 ) ) ;
#1759 = EDGE_CURVE ( 'NONE', #407, #5114, #826, .T. ) ;
#1760 = ADVANCED_FACE ( 'NONE', ( #300 ), #2455, .F. ) ;
#1761 = EDGE_LOOP ( 'NONE', ( #4765, #3397, #2939, #4285 ) ) ;
#1762 = AXIS2_PLACEMENT_3D ( 'NONE', #1582, #5018, #4065 ) ;
#1763 = ORIENTED_EDGE ( 'NONE', *, *, #5273, .F. ) ;
#1764 = CARTESIAN_POINT ( 'NONE',  ( 9.499999999999966249, 12.55736835487438086, 0.000000000000000000 ) ) ;
#1765 = DIRECTION ( 'NONE',  ( -0.000000000000000000, -0.000000000000000000, 1.000000000000000000 ) ) ;
#1766 = FACE_BOUND ( 'NONE', #2804, .T. ) ;
#1767 = AXIS2_PLACEMENT_3D ( 'NONE', #4001, #591, #1887 ) ;
#1768 = EDGE_CURVE ( 'NONE', #3117, #4641, #4012, .T. ) ;
#1769 = CONICAL_SURFACE ( 'NONE', #2418, 2.750000000000002665, 0.7853981633974430610 ) ;
#1770 = EDGE_LOOP ( 'NONE', ( #3173, #1104 ) ) ;
#1771 = DIRECTION ( 'NONE',  ( 0.000000000000000000, 0.000000000000000000, -1.000000000000000000 ) ) ;
#1772 = DIRECTION ( 'NONE',  ( -1.000000000000000000, 0.000000000000000000, 0.000000000000000000 ) ) ;
#1773 = VERTEX_POINT ( 'NONE', #2001 ) ;
#1774 = DIRECTION ( 'NONE',  ( -1.000000000000000000, 0.000000000000000000, 0.000000000000000000 ) ) ;
#1775 = AXIS2_PLACEMENT_3D ( 'NONE', #5141, #1231, #383 ) ;
#1776 = FACE_BOUND ( 'NONE', #5100, .T. ) ;
#1777 = ORIENTED_EDGE ( 'NONE', *, *, #2524, .F. ) ;
#1778 = AXIS2_PLACEMENT_3D ( 'NONE', #2334, #1909, #5389 ) ;
#1779 = AXIS2_PLACEMENT_3D ( 'NONE', #5352, #5378, #4496 ) ;
#1780 = DIRECTION ( 'NONE',  ( -0.000000000000000000, -0.000000000000000000, 1.000000000000000000 ) ) ;
#1781 = LINE ( 'NONE', #1253, #4450 ) ;
#1782 = VERTEX_POINT ( 'NONE', #1573 ) ;
#1783 = ORIENTED_EDGE ( 'NONE', *, *, #4531, .F. ) ;
#1784 = VECTOR ( 'NONE', #2556, 1000.000000000000000 ) ;
#1785 = EDGE_CURVE ( 'NONE', #4462, #5582, #4570, .T. ) ;
#1786 = VERTEX_POINT ( 'NONE', #4143 ) ;
#1787 = CARTESIAN_POINT ( 'NONE',  ( -8.731250000000072120, 15.12296861358571576, -2.602085213965210642E-15 ) ) ;
#1788 = LINE ( 'NONE', #65, #2778 ) ;
#1789 = AXIS2_PLACEMENT_3D ( 'NONE', #1166, #3345, #2068 ) ;
#1790 = EDGE_LOOP ( 'NONE', ( #4149, #4954, #4095, #3200 ) ) ;
#1791 = CARTESIAN_POINT ( 'NONE',  ( 12.70000000000010232, 21.99704525612468586, 4.762500000000000178 ) ) ;
#1792 = AXIS2_PLACEMENT_3D ( 'NONE', #285, #5179, #2542 ) ;
#1793 = ORIENTED_EDGE ( 'NONE', *, *, #2663, .F. ) ;
#1794 = AXIS2_PLACEMENT_3D ( 'NONE', #2099, #4194, #1620 ) ;
#1795 = ORIENTED_EDGE ( 'NONE', *, *, #3961, .F. ) ;
#1796 = CIRCLE ( 'NONE', #1884, 0.5000000000000004441 ) ;
#1797 = LINE ( 'NONE', #1764, #4284 ) ;
#1798 = DIRECTION ( 'NONE',  ( 0.7071067811865474617, 0.000000000000000000, 0.7071067811865474617 ) ) ;
#1799 = CYLINDRICAL_SURFACE ( 'NONE', #5328, 2.489199999999994084 ) ;
#1800 = VERTEX_POINT ( 'NONE', #3712 ) ;
#1801 = LINE ( 'NONE', #1438, #2050 ) ;
#1802 = CARTESIAN_POINT ( 'NONE',  ( -17.96051224213833208, -17.96051224213827169, 4.762500000000000178 ) ) ;
#1803 = EDGE_LOOP ( 'NONE', ( #4220, #5300, #2902, #35 ) ) ;
#1804 = DIRECTION ( 'NONE',  ( 1.000000000000000000, 0.000000000000000000, 0.000000000000000000 ) ) ;
#1805 = EDGE_CURVE ( 'NONE', #5399, #4241, #2029, .T. ) ;
#1806 = CARTESIAN_POINT ( 'NONE',  ( 19.04999999999999716, -63.50000000000000000, 4.762500000000001066 ) ) ;
#1807 = ORIENTED_EDGE ( 'NONE', *, *, #4978, .T. ) ;
#1808 = EDGE_CURVE ( 'NONE', #3059, #623, #1519, .T. ) ;
#1809 = CARTESIAN_POINT ( 'NONE',  ( -26.27867965644040282, -75.32132034355961991, 4.512499999999997513 ) ) ;
#1810 = CARTESIAN_POINT ( 'NONE',  ( -25.39999999999999858, -63.50000000000000000, -8.673617379884035472E-16 ) ) ;
#1811 = EDGE_LOOP ( 'NONE', ( #755, #5527, #4011, #2260 ) ) ;
#1812 = ORIENTED_EDGE ( 'NONE', *, *, #2766, .T. ) ;
#1813 = ORIENTED_EDGE ( 'NONE', *, *, #2944, .T. ) ;
#1814 = LINE ( 'NONE', #5616, #2682 ) ;
#1815 = CARTESIAN_POINT ( 'NONE',  ( -15.18919999999999426, -38.09999999999999432, 4.762500000000000178 ) ) ;
#1816 = ORIENTED_EDGE ( 'NONE', *, *, #1997, .T. ) ;
#1817 = DIRECTION ( 'NONE',  ( -0.000000000000000000, -0.000000000000000000, 1.000000000000000000 ) ) ;
#1818 = VERTEX_POINT ( 'NONE', #5007 ) ;
#1819 = AXIS2_PLACEMENT_3D ( 'NONE', #1937, #4483, #5479 ) ;
#1820 = ADVANCED_FACE ( 'NONE', ( #2826 ), #243, .F. ) ;
#1821 = ORIENTED_EDGE ( 'NONE', *, *, #4590, .T. ) ;
#1822 = CARTESIAN_POINT ( 'NONE',  ( 24.15735931288071825, 31.50000000000000711, 0.000000000000000000 ) ) ;
#1823 = AXIS2_PLACEMENT_3D ( 'NONE', #789, #4267, #2978 ) ;
#1824 = AXIS2_PLACEMENT_3D ( 'NONE', #3324, #1541, #2499 ) ;
#1825 = DIRECTION ( 'NONE',  ( -1.000000000000000000, 0.000000000000000000, 0.000000000000000000 ) ) ;
#1826 = FACE_BOUND ( 'NONE', #3238, .T. ) ;
#1827 = ADVANCED_FACE ( 'NONE', ( #4665 ), #5540, .F. ) ;
#1828 = EDGE_CURVE ( 'NONE', #685, #633, #1184, .T. ) ;
#1829 = ADVANCED_FACE ( 'NONE', ( #750 ), #2480, .F. ) ;
#1830 = ORIENTED_EDGE ( 'NONE', *, *, #3767, .T. ) ;
#1831 = FACE_OUTER_BOUND ( 'NONE', #3170, .T. ) ;
#1832 = DIRECTION ( 'NONE',  ( 0.000000000000000000, 0.000000000000000000, 1.000000000000000000 ) ) ;
#1833 = ORIENTED_EDGE ( 'NONE', *, *, #5637, .F. ) ;
#1834 = DIRECTION ( 'NONE',  ( 1.000000000000000000, 0.000000000000000000, 0.000000000000000000 ) ) ;
#1835 = DIRECTION ( 'NONE',  ( -0.000000000000000000, -0.000000000000000000, 1.000000000000000000 ) ) ;
#1836 = CIRCLE ( 'NONE', #932, 2.489200000000000301 ) ;
#1837 = DIRECTION ( 'NONE',  ( -1.000000000000000000, 0.000000000000000000, 0.000000000000000000 ) ) ;
#1838 = DIRECTION ( 'NONE',  ( 0.000000000000000000, 0.000000000000000000, -1.000000000000000000 ) ) ;
#1839 = ORIENTED_EDGE ( 'NONE', *, *, #4471, .F. ) ;
#1840 = EDGE_LOOP ( 'NONE', ( #4200, #2554, #2049, #4766 ) ) ;
#1841 = ORIENTED_EDGE ( 'NONE', *, *, #1312, .F. ) ;
#1842 = DIRECTION ( 'NONE',  ( -0.000000000000000000, -0.000000000000000000, 1.000000000000000000 ) ) ;
#1843 = CARTESIAN_POINT ( 'NONE',  ( 12.69999999999979323, -21.99704525612485639, 0.000000000000000000 ) ) ;
#1844 = DIRECTION ( 'NONE',  ( -1.000000000000000000, 0.000000000000000000, 0.000000000000000000 ) ) ;
#1845 = DIRECTION ( 'NONE',  ( 1.000000000000000000, 0.000000000000000000, 0.000000000000000000 ) ) ;
#1846 = ORIENTED_EDGE ( 'NONE', *, *, #3954, .T. ) ;
#1847 = EDGE_CURVE ( 'NONE', #4081, #5357, #2638, .T. ) ;
#1848 = ADVANCED_FACE ( 'NONE', ( #3711 ), #212, .F. ) ;
#1849 = ORIENTED_EDGE ( 'NONE', *, *, #589, .T. ) ;
#1850 = CYLINDRICAL_SURFACE ( 'NONE', #1463, 1.699999999999993072 ) ;
#1851 = DIRECTION ( 'NONE',  ( -0.000000000000000000, -0.000000000000000000, 1.000000000000000000 ) ) ;
#1852 = DIRECTION ( 'NONE',  ( -0.5000000000000099920, 0.5000000000000295319, -0.7071067811865194841 ) ) ;
#1853 = AXIS2_PLACEMENT_3D ( 'NONE', #4988, #654, #1080 ) ;
#1854 = VERTEX_POINT ( 'NONE', #3649 ) ;
#1855 = CARTESIAN_POINT ( 'NONE',  ( 15.18919999999999604, -50.79999999999999716, 4.762500000000000178 ) ) ;
#1856 = CARTESIAN_POINT ( 'NONE',  ( -21.53919999999999391, -50.80000000000000426, -8.673617379884035472E-16 ) ) ;
#1857 = ORIENTED_EDGE ( 'NONE', *, *, #5054, .F. ) ;
#1858 = FACE_OUTER_BOUND ( 'NONE', #117, .T. ) ;
#1859 = DIRECTION ( 'NONE',  ( -0.000000000000000000, -0.000000000000000000, 1.000000000000000000 ) ) ;
#1860 = ADVANCED_FACE ( 'NONE', ( #4510 ), #4175, .F. ) ;
#1861 = AXIS2_PLACEMENT_3D ( 'NONE', #540, #3483, #4372 ) ;
#1862 = VECTOR ( 'NONE', #812, 1000.000000000000000 ) ;
#1863 = DIRECTION ( 'NONE',  ( -1.000000000000000000, 0.000000000000000000, 0.000000000000000000 ) ) ;
#1864 = CARTESIAN_POINT ( 'NONE',  ( 3.860799999999999788, -38.09999999999999432, -8.673617379884035472E-16 ) ) ;
#1865 = ORIENTED_EDGE ( 'NONE', *, *, #5633, .F. ) ;
#1866 = VECTOR ( 'NONE', #3738, 1000.000000000000000 ) ;
#1867 = ORIENTED_EDGE ( 'NONE', *, *, #1805, .T. ) ;
#1868 = AXIS2_PLACEMENT_3D ( 'NONE', #1509, #1870, #2817 ) ;
#1869 = ORIENTED_EDGE ( 'NONE', *, *, #5591, .T. ) ;
#1870 = DIRECTION ( 'NONE',  ( -0.000000000000000000, -0.000000000000000000, -1.000000000000000000 ) ) ;
#1871 = CARTESIAN_POINT ( 'NONE',  ( 2.489199999999994084, 25.39999999999999858, 0.000000000000000000 ) ) ;
#1872 = DIRECTION ( 'NONE',  ( 1.000000000000000000, 0.000000000000000000, 0.000000000000000000 ) ) ;
#1873 = LINE ( 'NONE', #2757, #4142 ) ;
#1874 = ORIENTED_EDGE ( 'NONE', *, *, #1715, .F. ) ;
#1875 = CIRCLE ( 'NONE', #3424, 2.489199999999998525 ) ;
#1876 = ORIENTED_EDGE ( 'NONE', *, *, #3639, .F. ) ;
#1877 = AXIS2_PLACEMENT_3D ( 'NONE', #460, #2183, #2664 ) ;
#1878 = DIRECTION ( 'NONE',  ( 1.000000000000000000, 0.000000000000000000, 0.000000000000000000 ) ) ;
#1879 = CARTESIAN_POINT ( 'NONE',  ( -12.69999999999999751, -63.50000000000000000, 4.762500000000000178 ) ) ;
#1880 = EDGE_CURVE ( 'NONE', #1550, #4904, #274, .T. ) ;
#1881 = VECTOR ( 'NONE', #5374, 1000.000000000000000 ) ;
#1882 = DIRECTION ( 'NONE',  ( -0.000000000000000000, -0.000000000000000000, -1.000000000000000000 ) ) ;
#1883 = CARTESIAN_POINT ( 'NONE',  ( 12.69999999999999751, -38.09999999999999432, 4.762500000000000178 ) ) ;
#1884 = AXIS2_PLACEMENT_3D ( 'NONE', #4802, #3083, #1294 ) ;
#1885 = EDGE_CURVE ( 'NONE', #2344, #2587, #2825, .T. ) ;
#1886 = ORIENTED_EDGE ( 'NONE', *, *, #2918, .F. ) ;
#1887 = DIRECTION ( 'NONE',  ( 1.000000000000000000, 0.000000000000000000, 0.000000000000000000 ) ) ;
#1888 = DIRECTION ( 'NONE',  ( -0.000000000000000000, -0.000000000000000000, -1.000000000000000000 ) ) ;
#1889 = ORIENTED_EDGE ( 'NONE', *, *, #5151, .T. ) ;
#1890 = DIRECTION ( 'NONE',  ( -0.000000000000000000, -0.000000000000000000, -1.000000000000000000 ) ) ;
#1891 = CARTESIAN_POINT ( 'NONE',  ( -26.27867965644033887, 30.87132034355964905, 4.512500000000000178 ) ) ;
#1892 = CIRCLE ( 'NONE', #5095, 2.489200000000000301 ) ;
#1893 = PRODUCT_DEFINITION ( 'UNKNOWN', '', #1684, #2710 ) ;
#1894 = AXIS2_PLACEMENT_3D ( 'NONE', #3787, #3353, #5111 ) ;
#1895 = ADVANCED_FACE ( 'NONE', ( #1459 ), #4575, .F. ) ;
#1896 = DIRECTION ( 'NONE',  ( -0.000000000000000000, -0.000000000000000000, -1.000000000000000000 ) ) ;
#1897 = DIRECTION ( 'NONE',  ( -0.000000000000000000, -0.000000000000000000, 1.000000000000000000 ) ) ;
#1898 = VERTEX_POINT ( 'NONE', #3677 ) ;
#1899 = ORIENTED_EDGE ( 'NONE', *, *, #1967, .T. ) ;
#1900 = ADVANCED_FACE ( 'NONE', ( #5035 ), #2852, .F. ) ;
#1901 = EDGE_CURVE ( 'NONE', #2252, #116, #240, .T. ) ;
#1902 = VERTEX_POINT ( 'NONE', #3247 ) ;
#1903 = DIRECTION ( 'NONE',  ( -0.000000000000000000, -0.000000000000000000, -1.000000000000000000 ) ) ;
#1904 = DIRECTION ( 'NONE',  ( -0.000000000000000000, -0.000000000000000000, -1.000000000000000000 ) ) ;
#1905 = DIRECTION ( 'NONE',  ( 1.000000000000000000, 0.000000000000000000, 0.000000000000000000 ) ) ;
#1906 = ORIENTED_EDGE ( 'NONE', *, *, #5467, .T. ) ;
#1907 = AXIS2_PLACEMENT_3D ( 'NONE', #809, #3826, #1316 ) ;
#1908 = VERTEX_POINT ( 'NONE', #185 ) ;
#1909 = DIRECTION ( 'NONE',  ( 0.000000000000000000, 0.000000000000000000, 1.000000000000000000 ) ) ;
#1910 = DIRECTION ( 'NONE',  ( 1.000000000000000000, 0.000000000000000000, 0.000000000000000000 ) ) ;
#1911 = CARTESIAN_POINT ( 'NONE',  ( 1.555301434917138433E-15, -63.50000000000000000, -8.673617379884035472E-16 ) ) ;
#1912 = CARTESIAN_POINT ( 'NONE',  ( -19.04999999999999716, -38.10000000000000142, 4.762500000000000178 ) ) ;
#1913 = ORIENTED_EDGE ( 'NONE', *, *, #2488, .T. ) ;
#1914 = AXIS2_PLACEMENT_3D ( 'NONE', #1630, #2056, #3359 ) ;
#1915 = DIRECTION ( 'NONE',  ( 1.000000000000000000, 0.000000000000000000, 0.000000000000000000 ) ) ;
#1916 = EDGE_LOOP ( 'NONE', ( #1437, #4975 ) ) ;
#1917 = EDGE_LOOP ( 'NONE', ( #30, #1733 ) ) ;
#1918 = DIRECTION ( 'NONE',  ( -0.000000000000000000, -0.000000000000000000, -1.000000000000000000 ) ) ;
#1919 = CARTESIAN_POINT ( 'NONE',  ( -27.88919999999999533, -38.10000000000000142, 4.762500000000000178 ) ) ;
#1920 = VERTEX_POINT ( 'NONE', #2424 ) ;
#1921 = CARTESIAN_POINT ( 'NONE',  ( -31.75000000000001421, -76.19999999999998863, 4.762500000000000178 ) ) ;
#1922 = CARTESIAN_POINT ( 'NONE',  ( -19.04999999999999716, -63.50000000000000000, -8.673617379884035472E-16 ) ) ;
#1923 = VECTOR ( 'NONE', #5383, 1000.000000000000000 ) ;
#1924 = FACE_OUTER_BOUND ( 'NONE', #4770, .T. ) ;
#1925 = LINE ( 'NONE', #5407, #67 ) ;
#1926 = ORIENTED_EDGE ( 'NONE', *, *, #3886, .F. ) ;
#1927 = VERTEX_POINT ( 'NONE', #640 ) ;
#1928 = ORIENTED_EDGE ( 'NONE', *, *, #5405, .T. ) ;
#1929 = DIRECTION ( 'NONE',  ( 1.000000000000000000, 0.000000000000000000, 0.000000000000000000 ) ) ;
#1930 = DIRECTION ( 'NONE',  ( -1.000000000000000000, -4.625929269271486900E-15, 0.000000000000000000 ) ) ;
#1931 = CARTESIAN_POINT ( 'NONE',  ( -4.999999999999968914, -12.55736835487438086, 6.735557395310589195E-17 ) ) ;
#1932 = EDGE_CURVE ( 'NONE', #1908, #1157, #5006, .T. ) ;
#1933 = CIRCLE ( 'NONE', #2937, 2.489200000000000301 ) ;
#1934 = VERTEX_POINT ( 'NONE', #2736 ) ;
#1935 = EDGE_CURVE ( 'NONE', #2585, #4038, #3191, .T. ) ;
#1936 = ORIENTED_EDGE ( 'NONE', *, *, #1061, .F. ) ;
#1937 = CARTESIAN_POINT ( 'NONE',  ( 0.000000000000000000, 25.39999999999999858, 0.000000000000000000 ) ) ;
#1938 = EDGE_CURVE ( 'NONE', #3155, #877, #2873, .T. ) ;
#1939 = CARTESIAN_POINT ( 'NONE',  ( -30.69454364826302850, -70.55190296114369630, 4.762500000000000178 ) ) ;
#1940 = CARTESIAN_POINT ( 'NONE',  ( -17.96051224213827524, 17.96051224213833208, 0.000000000000000000 ) ) ;
#1941 = CARTESIAN_POINT ( 'NONE',  ( -30.69454364826302850, -70.55190296114369630, 4.762500000000000178 ) ) ;
#1942 = VERTEX_POINT ( 'NONE', #4141 ) ;
#1943 = ADVANCED_FACE ( 'NONE', ( #3275 ), #1602, .T. ) ;
#1944 = ORIENTED_EDGE ( 'NONE', *, *, #218, .T. ) ;
#1945 = ORIENTED_EDGE ( 'NONE', *, *, #1759, .F. ) ;
#1946 = LINE ( 'NONE', #1919, #5575 ) ;
#1947 = ORIENTED_EDGE ( 'NONE', *, *, #1009, .T. ) ;
#1948 = DIRECTION ( 'NONE',  ( -1.000000000000000000, -5.046468293750706671E-15, 0.000000000000000000 ) ) ;
#1949 = VECTOR ( 'NONE', #3906, 999.9999999999998863 ) ;
#1950 = DIRECTION ( 'NONE',  ( -0.000000000000000000, -0.000000000000000000, 1.000000000000000000 ) ) ;
#1951 = AXIS2_PLACEMENT_3D ( 'NONE', #1163, #5598, #5180 ) ;
#1952 = CARTESIAN_POINT ( 'NONE',  ( -17.96051224213827524, 17.96051224213833208, 4.762500000000000178 ) ) ;
#1953 = DIRECTION ( 'NONE',  ( 1.000000000000000000, 0.000000000000000000, 0.000000000000000000 ) ) ;
#1954 = EDGE_LOOP ( 'NONE', ( #1025, #1996, #4854, #1595 ) ) ;
#1955 = AXIS2_PLACEMENT_3D ( 'NONE', #215, #2763, #5424 ) ;
#1956 = ORIENTED_EDGE ( 'NONE', *, *, #3501, .F. ) ;
#1957 = ORIENTED_EDGE ( 'NONE', *, *, #5535, .T. ) ;
#1958 = AXIS2_PLACEMENT_3D ( 'NONE', #1708, #4767, #1308 ) ;
#1959 = FACE_OUTER_BOUND ( 'NONE', #3674, .T. ) ;
#1960 = CARTESIAN_POINT ( 'NONE',  ( -19.04999999999999716, -38.10000000000000142, 4.762500000000000178 ) ) ;
#1961 = CIRCLE ( 'NONE', #2051, 1.699999999999998401 ) ;
#1962 = DIRECTION ( 'NONE',  ( -0.000000000000000000, -0.000000000000000000, 1.000000000000000000 ) ) ;
#1963 = CIRCLE ( 'NONE', #3051, 2.999999999999999112 ) ;
#1964 = ORIENTED_EDGE ( 'NONE', *, *, #5339, .T. ) ;
#1965 = AXIS2_PLACEMENT_3D ( 'NONE', #1787, #3528, #1364 ) ;
#1966 = EDGE_CURVE ( 'NONE', #3283, #4720, #4943, .T. ) ;
#1967 = EDGE_CURVE ( 'NONE', #4283, #152, #3235, .T. ) ;
#1968 = VERTEX_POINT ( 'NONE', #3216 ) ;
#1969 = CARTESIAN_POINT ( 'NONE',  ( -11.56670000000000442, 2.067353648991859583, -8.673617379884035472E-16 ) ) ;
#1970 = CARTESIAN_POINT ( 'NONE',  ( -21.99704525612490258, -12.69999999999971685, 0.000000000000000000 ) ) ;
#1971 = DIRECTION ( 'NONE',  ( 1.000000000000000000, 0.000000000000000000, 0.000000000000000000 ) ) ;
#1972 = FACE_BOUND ( 'NONE', #1538, .T. ) ;
#1973 = FILL_AREA_STYLE ('',( #2802 ) ) ;
#1974 = ORIENTED_EDGE ( 'NONE', *, *, #3008, .T. ) ;
#1975 = AXIS2_PLACEMENT_3D ( 'NONE', #1623, #3354, #2078 ) ;
#1976 = VERTEX_POINT ( 'NONE', #4547 ) ;
#1977 = CARTESIAN_POINT ( 'NONE',  ( 25.39999999999999858, -63.50000000000000000, 4.762500000000000178 ) ) ;
#1978 = ORIENTED_EDGE ( 'NONE', *, *, #401, .T. ) ;
#1979 = CARTESIAN_POINT ( 'NONE',  ( -24.48624525612489577, -12.69999999999971685, 0.000000000000000000 ) ) ;
#1980 = AXIS2_PLACEMENT_3D ( 'NONE', #1195, #2925, #2946 ) ;
#1981 = CARTESIAN_POINT ( 'NONE',  ( 11.56670000000000442, -2.067353648991859583, -8.673617379884035472E-16 ) ) ;
#1982 = AXIS2_PLACEMENT_3D ( 'NONE', #1663, #4288, #1609 ) ;
#1983 = DIRECTION ( 'NONE',  ( -0.000000000000000000, -0.000000000000000000, -1.000000000000000000 ) ) ;
#1984 = LINE ( 'NONE', #2813, #1217 ) ;
#1985 = EDGE_CURVE ( 'NONE', #5034, #525, #4058, .T. ) ;
#1987 = ORIENTED_EDGE ( 'NONE', *, *, #5637, .T. ) ;
#1986 = CIRCLE ( 'NONE', #4442, 2.489199999999998525 ) ;
#1988 = CARTESIAN_POINT ( 'NONE',  ( 12.15640646055102891, 8.000000000000005329, -1.347111479062085841E-15 ) ) ;
#1989 = ADVANCED_FACE ( 'NONE', ( #2085 ), #1229, .T. ) ;
#1990 = ORIENTED_EDGE ( 'NONE', *, *, #5109, .T. ) ;
#1991 = CIRCLE ( 'NONE', #5634, 11.75000000000000178 ) ;
#1992 = ORIENTED_EDGE ( 'NONE', *, *, #3263, .F. ) ;
#1993 = DIRECTION ( 'NONE',  ( -0.000000000000000000, -0.000000000000000000, -1.000000000000000000 ) ) ;
#1994 = DIRECTION ( 'NONE',  ( -0.000000000000000000, -0.000000000000000000, -1.000000000000000000 ) ) ;
#1995 = CARTESIAN_POINT ( 'NONE',  ( -25.39999999999999858, -63.50000000000000000, 4.762500000000000178 ) ) ;
#1996 = ORIENTED_EDGE ( 'NONE', *, *, #1248, .T. ) ;
#1997 = EDGE_CURVE ( 'NONE', #2326, #5071, #2505, .T. ) ;
#1998 = AXIS2_PLACEMENT_3D ( 'NONE', #4430, #3974, #5372 ) ;
#1999 = ORIENTED_EDGE ( 'NONE', *, *, #1768, .F. ) ;
#2000 = DIRECTION ( 'NONE',  ( -0.000000000000000000, -0.000000000000000000, -1.000000000000000000 ) ) ;
#2001 = CARTESIAN_POINT ( 'NONE',  ( -8.839199999999999946, -38.09999999999999432, -8.673617379884035472E-16 ) ) ;
#2002 = DIRECTION ( 'NONE',  ( -0.000000000000000000, -0.000000000000000000, -1.000000000000000000 ) ) ;
#2003 = CARTESIAN_POINT ( 'NONE',  ( -12.15640646055103069, 7.999999999999989342, 0.000000000000000000 ) ) ;
#2004 = EDGE_CURVE ( 'NONE', #4268, #5419, #3695, .T. ) ;
#2005 = ORIENTED_EDGE ( 'NONE', *, *, #242, .T. ) ;
#2006 = ORIENTED_EDGE ( 'NONE', *, *, #3792, .F. ) ;
#2007 = CARTESIAN_POINT ( 'NONE',  ( 12.70000000000010232, 21.99704525612468586, -1.250462353673376935E-15 ) ) ;
#2008 = ORIENTED_EDGE ( 'NONE', *, *, #413, .T. ) ;
#2009 = CARTESIAN_POINT ( 'NONE',  ( 24.48624525612463998, -12.70000000000018048, 4.762500000000000178 ) ) ;
#2010 = CIRCLE ( 'NONE', #4746, 1.699999999999998401 ) ;
#2011 = DIRECTION ( 'NONE',  ( -0.000000000000000000, -0.000000000000000000, 1.000000000000000000 ) ) ;
#2012 = ADVANCED_FACE ( 'NONE', ( #3762 ), #2990, .F. ) ;
#2013 = ADVANCED_FACE ( 'NONE', ( #1677 ), #2881, .T. ) ;
#2014 = EDGE_CURVE ( 'NONE', #2211, #292, #2533, .T. ) ;
#2015 = DIRECTION ( 'NONE',  ( -0.000000000000000000, -0.000000000000000000, -1.000000000000000000 ) ) ;
#2016 = CARTESIAN_POINT ( 'NONE',  ( -24.48624525612471459, 12.70000000000002593, -1.250462353673376935E-15 ) ) ;
#2017 = EDGE_LOOP ( 'NONE', ( #411, #3793, #5485, #1313 ) ) ;
#2018 = AXIS2_PLACEMENT_3D ( 'NONE', #3457, #1722, #1323 ) ;
#2019 = DIRECTION ( 'NONE',  ( 3.213938816075603989E-16, -1.000000000000000000, 0.000000000000000000 ) ) ;
#2020 = VECTOR ( 'NONE', #2299, 1000.000000000000000 ) ;
#2021 = ORIENTED_EDGE ( 'NONE', *, *, #3874, .F. ) ;
#2022 = LINE ( 'NONE', #2527, #2879 ) ;
#2023 = CYLINDRICAL_SURFACE ( 'NONE', #3555, 2.489199999999986535 ) ;
#2024 = DIRECTION ( 'NONE',  ( -0.000000000000000000, -0.000000000000000000, -1.000000000000000000 ) ) ;
#2025 = VERTEX_POINT ( 'NONE', #774 ) ;
#2026 = ORIENTED_EDGE ( 'NONE', *, *, #2901, .T. ) ;
#2027 = CARTESIAN_POINT ( 'NONE',  ( -25.39999999999999858, -38.10000000000000142, 4.762500000000000178 ) ) ;
#2028 = CARTESIAN_POINT ( 'NONE',  ( -30.69454364826300719, 26.10190296114370767, 0.000000000000000000 ) ) ;
#2029 = LINE ( 'NONE', #1939, #4289 ) ;
#2030 = PLANE ( 'NONE',  #1087 ) ;
#2031 = ADVANCED_FACE ( 'NONE', ( #323 ), #4227, .F. ) ;
#2032 = ORIENTED_EDGE ( 'NONE', *, *, #2844, .T. ) ;
#2033 = VERTEX_POINT ( 'NONE', #3794 ) ;
#2034 = DIRECTION ( 'NONE',  ( -0.000000000000000000, -0.000000000000000000, 1.000000000000000000 ) ) ;
#2035 = ORIENTED_EDGE ( 'NONE', *, *, #5385, .T. ) ;
#2036 = CARTESIAN_POINT ( 'NONE',  ( 21.53919999999999391, -38.09999999999999432, 4.762500000000000178 ) ) ;
#2037 = CARTESIAN_POINT ( 'NONE',  ( -30.87132034355965970, -70.72867965644033461, 0.2500000000000001665 ) ) ;
#2038 = EDGE_CURVE ( 'NONE', #482, #3482, #5539, .T. ) ;
#2039 = LINE ( 'NONE', #683, #4996 ) ;
#2040 = CARTESIAN_POINT ( 'NONE',  ( -12.50000000000000000, 0.000000000000000000, 4.762500000000001066 ) ) ;
#2041 = VERTEX_POINT ( 'NONE', #801 ) ;
#2042 = DIRECTION ( 'NONE',  ( -1.000000000000000000, 0.000000000000000000, 0.000000000000000000 ) ) ;
#2043 = CIRCLE ( 'NONE', #4866, 2.489199999999988311 ) ;
#2044 = ORIENTED_EDGE ( 'NONE', *, *, #57, .F. ) ;
#2045 = DIRECTION ( 'NONE',  ( 0.000000000000000000, 0.000000000000000000, 1.000000000000000000 ) ) ;
#2046 = DIRECTION ( 'NONE',  ( -0.000000000000000000, -0.000000000000000000, 1.000000000000000000 ) ) ;
#2047 = CARTESIAN_POINT ( 'NONE',  ( 10.21079999999979471, -21.99704525612485639, 4.762500000000000178 ) ) ;
#2048 = AXIS2_PLACEMENT_3D ( 'NONE', #1883, #3251, #4947 ) ;
#2049 = ORIENTED_EDGE ( 'NONE', *, *, #2038, .T. ) ;
#2050 = VECTOR ( 'NONE', #621, 1000.000000000000000 ) ;
#2051 = AXIS2_PLACEMENT_3D ( 'NONE', #3317, #4191, #2705 ) ;
#2052 = ORIENTED_EDGE ( 'NONE', *, *, #876, .T. ) ;
#2053 = DIRECTION ( 'NONE',  ( -0.000000000000000000, -0.000000000000000000, 1.000000000000000000 ) ) ;
#2054 = DIRECTION ( 'NONE',  ( -1.000000000000000000, 0.000000000000000000, 0.000000000000000000 ) ) ;
#2055 = AXIS2_PLACEMENT_3D ( 'NONE', #4254, #357, #2086 ) ;
#2056 = DIRECTION ( 'NONE',  ( -0.000000000000000000, -0.000000000000000000, -1.000000000000000000 ) ) ;
#2057 = DIRECTION ( 'NONE',  ( -1.000000000000000000, 0.000000000000000000, 0.000000000000000000 ) ) ;
#2058 = AXIS2_PLACEMENT_3D ( 'NONE', #4437, #2268, #170 ) ;
#2059 = EDGE_LOOP ( 'NONE', ( #3850, #4745, #798, #2120 ) ) ;
#2060 = EDGE_CURVE ( 'NONE', #5623, #4327, #4246, .T. ) ;
#2061 = LINE ( 'NONE', #1292, #2341 ) ;
#2062 = CARTESIAN_POINT ( 'NONE',  ( 26.27867965644033177, -75.32132034355961991, 0.2500000000000002220 ) ) ;
#2063 = DIRECTION ( 'NONE',  ( 0.000000000000000000, 0.7071067811865474617, -0.7071067811865474617 ) ) ;
#2064 = CARTESIAN_POINT ( 'NONE',  ( 6.350000000000001421, -63.50000000000000000, 4.762500000000001066 ) ) ;
#2065 = ADVANCED_FACE ( 'NONE', ( #3873 ), #5168, .F. ) ;
#2066 = VECTOR ( 'NONE', #3616, 1000.000000000000000 ) ;
#2067 = CIRCLE ( 'NONE', #1704, 2.489199999999988311 ) ;
#2068 = DIRECTION ( 'NONE',  ( -1.000000000000000000, 0.000000000000000000, 0.000000000000000000 ) ) ;
#2069 = CARTESIAN_POINT ( 'NONE',  ( 27.88919999999998822, -50.79999999999999716, 4.762500000000001066 ) ) ;
#2070 = ORIENTED_EDGE ( 'NONE', *, *, #4933, .T. ) ;
#2071 = DIRECTION ( 'NONE',  ( -1.000000000000000000, 0.000000000000000000, 0.000000000000000000 ) ) ;
#2072 = EDGE_CURVE ( 'NONE', #4592, #482, #4981, .T. ) ;
#2073 = CIRCLE ( 'NONE', #1343, 2.489200000000000301 ) ;
#2074 = VERTEX_POINT ( 'NONE', #1652 ) ;
#2075 = LINE ( 'NONE', #1222, #2612 ) ;
#2076 = DIRECTION ( 'NONE',  ( 1.000000000000000000, 0.000000000000000000, 0.000000000000000000 ) ) ;
#2077 = ORIENTED_EDGE ( 'NONE', *, *, #2725, .F. ) ;
#2078 = DIRECTION ( 'NONE',  ( 3.213938816075603989E-16, -1.000000000000000000, 0.000000000000000000 ) ) ;
#2079 = ADVANCED_FACE ( 'NONE', ( #1152 ), #4716, .F. ) ;
#2080 = ORIENTED_EDGE ( 'NONE', *, *, #3479, .T. ) ;
#2081 = EDGE_CURVE ( 'NONE', #211, #633, #785, .T. ) ;
#2082 = EDGE_CURVE ( 'NONE', #2841, #5244, #2935, .T. ) ;
#2083 = AXIS2_PLACEMENT_3D ( 'NONE', #319, #2905, #4656 ) ;
#2084 = ORIENTED_EDGE ( 'NONE', *, *, #4098, .F. ) ;
#2085 = FACE_OUTER_BOUND ( 'NONE', #71, .T. ) ;
#2086 = DIRECTION ( 'NONE',  ( -1.000000000000000000, 0.000000000000000000, 0.000000000000000000 ) ) ;
#2087 = DIRECTION ( 'NONE',  ( -0.7071067811865467956, 0.7071067811865483499, 0.000000000000000000 ) ) ;
#2088 = EDGE_LOOP ( 'NONE', ( #677, #4685 ) ) ;
#2089 = CARTESIAN_POINT ( 'NONE',  ( -12.70000000000025686, -21.99704525612459349, -1.250462353673376935E-15 ) ) ;
#2090 = DIRECTION ( 'NONE',  ( -0.000000000000000000, -0.000000000000000000, 1.000000000000000000 ) ) ;
#2091 = FACE_OUTER_BOUND ( 'NONE', #2933, .T. ) ;
#2092 = DIRECTION ( 'NONE',  ( -0.000000000000000000, -0.000000000000000000, -1.000000000000000000 ) ) ;
#2093 = CIRCLE ( 'NONE', #2275, 2.489200000000000301 ) ;
#2094 = DIRECTION ( 'NONE',  ( -0.000000000000000000, -0.000000000000000000, -1.000000000000000000 ) ) ;
#2095 = CYLINDRICAL_SURFACE ( 'NONE', #1823, 2.489199999999994528 ) ;
#2096 = ORIENTED_EDGE ( 'NONE', *, *, #1441, .F. ) ;
#2097 = CARTESIAN_POINT ( 'NONE',  ( -21.99704525612472494, 12.70000000000002593, 4.762500000000000178 ) ) ;
#2098 = AXIS2_PLACEMENT_3D ( 'NONE', #5454, #2853, #4971 ) ;
#2099 = CARTESIAN_POINT ( 'NONE',  ( 25.40000000000000568, 31.75000000000000711, 4.762500000000000178 ) ) ;
#2100 = CARTESIAN_POINT ( 'NONE',  ( 7.249999999999968026, 12.55736835487438086, 4.762500000000001066 ) ) ;
#2101 = EDGE_LOOP ( 'NONE', ( #1751, #228, #2035, #1174 ) ) ;
#2102 = LINE ( 'NONE', #320, #3063 ) ;
#2103 = EDGE_LOOP ( 'NONE', ( #2781, #4000, #1338, #150 ) ) ;
#2104 = VERTEX_POINT ( 'NONE', #382 ) ;
#2105 = CARTESIAN_POINT ( 'NONE',  ( 12.05890000000000484, 2.155326144693640700, 0.000000000000000000 ) ) ;
#2106 = LINE ( 'NONE', #2028, #3781 ) ;
#2107 = AXIS2_PLACEMENT_3D ( 'NONE', #1843, #4109, #1510 ) ;
#2108 = ADVANCED_FACE ( 'NONE', ( #748 ), #1261, .F. ) ;
#2109 = DIRECTION ( 'NONE',  ( -0.7071067811865460184, 0.7071067811865490160, -0.000000000000000000 ) ) ;
#2110 = ADVANCED_FACE ( 'NONE', ( #3990 ), #5195, .F. ) ;
#2111 = VECTOR ( 'NONE', #4582, 1000.000000000000000 ) ;
#2112 = VERTEX_POINT ( 'NONE', #494 ) ;
#2113 = CARTESIAN_POINT ( 'NONE',  ( -2.654126918244514854E-13, -25.40000000000000213, 4.762500000000000178 ) ) ;
#2114 = DIRECTION ( 'NONE',  ( -0.000000000000000000, -0.000000000000000000, 1.000000000000000000 ) ) ;
#2115 = CARTESIAN_POINT ( 'NONE',  ( -31.75000000000000711, 31.75000000000000000, 0.2500000000000002220 ) ) ;
#2116 = CARTESIAN_POINT ( 'NONE',  ( -26.27867965644040282, -75.32132034355961991, 4.762500000000000178 ) ) ;
#2117 = EDGE_CURVE ( 'NONE', #5370, #3504, #2236, .T. ) ;
#2118 = CARTESIAN_POINT ( 'NONE',  ( 25.39999999999999858, -38.09999999999999432, -8.673617379884035472E-16 ) ) ;
#2119 = DIRECTION ( 'NONE',  ( -0.000000000000000000, -0.000000000000000000, -1.000000000000000000 ) ) ;
#2120 = ORIENTED_EDGE ( 'NONE', *, *, #5494, .F. ) ;
#2121 = FACE_BOUND ( 'NONE', #954, .T. ) ;
#2122 = DIRECTION ( 'NONE',  ( -0.000000000000000000, -0.000000000000000000, -1.000000000000000000 ) ) ;
#2123 = CARTESIAN_POINT ( 'NONE',  ( -19.04999999999999361, -50.80000000000000426, -8.673617379884035472E-16 ) ) ;
#2124 = ORIENTED_EDGE ( 'NONE', *, *, #3138, .F. ) ;
#2125 = CARTESIAN_POINT ( 'NONE',  ( 10.21080000000000432, -38.09999999999999432, 4.762500000000000178 ) ) ;
#2126 = AXIS2_PLACEMENT_3D ( 'NONE', #3287, #2862, #4186 ) ;
#2127 = ORIENTED_EDGE ( 'NONE', *, *, #4798, .F. ) ;
#2128 = ADVANCED_FACE ( 'NONE', ( #551 ), #2190, .T. ) ;
#2129 = ORIENTED_EDGE ( 'NONE', *, *, #2766, .F. ) ;
#2130 = DIRECTION ( 'NONE',  ( 1.000000000000000000, 0.000000000000000000, 0.000000000000000000 ) ) ;
#2131 = VECTOR ( 'NONE', #2626, 1000.000000000000000 ) ;
#2132 =( NAMED_UNIT ( * ) PLANE_ANGLE_UNIT ( ) SI_UNIT ( $, .RADIAN. ) );
#2133 = ORIENTED_EDGE ( 'NONE', *, *, #3676, .T. ) ;
#2134 = LINE ( 'NONE', #3103, #1949 ) ;
#2135 = EDGE_CURVE ( 'NONE', #1014, #1786, #1285, .T. ) ;
#2136 = VERTEX_POINT ( 'NONE', #3042 ) ;
#2137 = EDGE_CURVE ( 'NONE', #4241, #1014, #700, .T. ) ;
#2138 = AXIS2_PLACEMENT_3D ( 'NONE', #4400, #109, #1834 ) ;
#2139 = ORIENTED_EDGE ( 'NONE', *, *, #4942, .T. ) ;
#2140 = CIRCLE ( 'NONE', #3408, 2.489199999999999413 ) ;
#2141 = CARTESIAN_POINT ( 'NONE',  ( -7.249999999999968026, -12.55736835487438086, 4.762500000000001066 ) ) ;
#2142 = AXIS2_PLACEMENT_3D ( 'NONE', #2392, #1007, #2305 ) ;
#2143 = DIRECTION ( 'NONE',  ( -1.000000000000000000, 0.000000000000000000, 0.000000000000000000 ) ) ;
#2144 = DIRECTION ( 'NONE',  ( -1.000000000000000000, 0.000000000000000000, 0.000000000000000000 ) ) ;
#2145 = CARTESIAN_POINT ( 'NONE',  ( 8.839199999999991064, -50.79999999999999716, 4.762500000000001066 ) ) ;
#2146 = AXIS2_PLACEMENT_3D ( 'NONE', #293, #792, #5082 ) ;
#2147 = DIRECTION ( 'NONE',  ( -1.000000000000000000, 0.000000000000000000, 0.000000000000000000 ) ) ;
#2148 = DIRECTION ( 'NONE',  ( -3.213938816075603989E-16, 1.000000000000000000, 0.000000000000000000 ) ) ;
#2149 = ORIENTED_EDGE ( 'NONE', *, *, #1272, .T. ) ;
#2150 = FACE_OUTER_BOUND ( 'NONE', #2302, .T. ) ;
#2151 = AXIS2_PLACEMENT_3D ( 'NONE', #5028, #1094, #4043 ) ;
#2152 = CARTESIAN_POINT ( 'NONE',  ( 31.74999999999999289, 31.75000000000000711, 4.762500000000000178 ) ) ;
#2153 = CARTESIAN_POINT ( 'NONE',  ( 16.56080000000000041, -38.09999999999999432, 4.762500000000000178 ) ) ;
#2155 = ORIENTED_EDGE ( 'NONE', *, *, #129, .T. ) ;
#2154 = AXIS2_PLACEMENT_3D ( 'NONE', #2999, #3308, #4262 ) ;
#2156 = CARTESIAN_POINT ( 'NONE',  ( 15.55640646055101861, -7.999999999999996447, 4.762500000000001066 ) ) ;
#2157 = CIRCLE ( 'NONE', #1165, 2.489200000000000301 ) ;
#2158 = ORIENTED_EDGE ( 'NONE', *, *, #1358, .T. ) ;
#2159 = ORIENTED_EDGE ( 'NONE', *, *, #5054, .T. ) ;
#2160 = DIRECTION ( 'NONE',  ( -1.545366593192712690E-16, 0.7071067811865573427, -0.7071067811865378028 ) ) ;
#2161 = DIRECTION ( 'NONE',  ( -1.000000000000000000, 0.000000000000000000, 0.000000000000000000 ) ) ;
#2162 = EDGE_LOOP ( 'NONE', ( #3299, #379, #3665, #1287 ) ) ;
#2163 = AXIS2_PLACEMENT_3D ( 'NONE', #4456, #1882, #1433 ) ;
#2164 = CYLINDRICAL_SURFACE ( 'NONE', #5144, 2.489199999999993640 ) ;
#2165 = EDGE_CURVE ( 'NONE', #4472, #1306, #5248, .T. ) ;
#2166 = ORIENTED_EDGE ( 'NONE', *, *, #5218, .T. ) ;
#2167 = EDGE_LOOP ( 'NONE', ( #94, #2872, #2808, #4080 ) ) ;
#2168 = CIRCLE ( 'NONE', #275, 2.489199999999988311 ) ;
#2169 = DIRECTION ( 'NONE',  ( -0.000000000000000000, 0.000000000000000000, -1.000000000000000000 ) ) ;
#2170 = DIRECTION ( 'NONE',  ( -1.000000000000000000, 0.000000000000000000, 0.000000000000000000 ) ) ;
#2171 = CARTESIAN_POINT ( 'NONE',  ( 6.349999999999998757, -38.09999999999999432, -8.673617379884035472E-16 ) ) ;
#2172 = CARTESIAN_POINT ( 'NONE',  ( -24.15735931288076088, -73.19999999999998863, 4.762500000000000178 ) ) ;
#2173 = CARTESIAN_POINT ( 'NONE',  ( 26.27867965644036730, 30.87132034355964194, 4.512500000000000178 ) ) ;
#2174 = DIRECTION ( 'NONE',  ( 1.000000000000000000, 0.000000000000000000, 0.000000000000000000 ) ) ;
#2175 = VERTEX_POINT ( 'NONE', #3956 ) ;
#2176 = CARTESIAN_POINT ( 'NONE',  ( -31.50000000000001421, -68.60735931288070333, 4.762500000000000178 ) ) ;
#2177 = EDGE_CURVE ( 'NONE', #517, #3335, #1814, .T. ) ;
#2178 = FACE_BOUND ( 'NONE', #4090, .T. ) ;
#2179 = EDGE_LOOP ( 'NONE', ( #3466, #1564, #456, #4843 ) ) ;
#2180 = EDGE_CURVE ( 'NONE', #1608, #2304, #851, .T. ) ;
#2181 = VECTOR ( 'NONE', #4749, 1000.000000000000000 ) ;
#2182 = ADVANCED_FACE ( 'NONE', ( #2213 ), #465, .F. ) ;
#2183 = DIRECTION ( 'NONE',  ( -0.000000000000000000, -0.000000000000000000, -1.000000000000000000 ) ) ;
#2184 = CARTESIAN_POINT ( 'NONE',  ( -10.21080000000026722, -21.99704525612459349, -1.250462353673376935E-15 ) ) ;
#2185 = EDGE_CURVE ( 'NONE', #4722, #2104, #2415, .T. ) ;
#2186 = ORIENTED_EDGE ( 'NONE', *, *, #3716, .T. ) ;
#2187 = CIRCLE ( 'NONE', #4103, 2.489199999999990087 ) ;
#2188 = ORIENTED_EDGE ( 'NONE', *, *, #4573, .F. ) ;
#2189 = EDGE_LOOP ( 'NONE', ( #3799, #459, #2622, #734 ) ) ;
#2190 = CYLINDRICAL_SURFACE ( 'NONE', #5159, 0.5000000000000004441 ) ;
#2191 = DIRECTION ( 'NONE',  ( -0.000000000000000000, -0.000000000000000000, -1.000000000000000000 ) ) ;
#2192 = EDGE_LOOP ( 'NONE', ( #3458, #3209 ) ) ;
#2193 = CARTESIAN_POINT ( 'NONE',  ( -12.69999999999999574, -50.79999999999999716, -8.673617379884035472E-16 ) ) ;
#2194 = EDGE_CURVE ( 'NONE', #3842, #3749, #3139, .T. ) ;
#2195 = EDGE_LOOP ( 'NONE', ( #3474, #405, #1247, #799 ) ) ;
#2196 = FACE_OUTER_BOUND ( 'NONE', #2611, .T. ) ;
#2197 = CARTESIAN_POINT ( 'NONE',  ( -21.53919999999999746, -38.10000000000000142, -8.673617379884035472E-16 ) ) ;
#2198 = FACE_BOUND ( 'NONE', #4276, .T. ) ;
#2199 = ORIENTED_EDGE ( 'NONE', *, *, #824, .F. ) ;
#2200 = DIRECTION ( 'NONE',  ( -0.000000000000000000, -0.000000000000000000, 1.000000000000000000 ) ) ;
#2201 = LINE ( 'NONE', #1219, #2551 ) ;
#2202 = VERTEX_POINT ( 'NONE', #3931 ) ;
#2203 = DIRECTION ( 'NONE',  ( 1.000000000000000000, 0.000000000000000000, 0.000000000000000000 ) ) ;
#2204 = CIRCLE ( 'NONE', #4129, 2.489200000000000301 ) ;
#2205 = FACE_BOUND ( 'NONE', #386, .T. ) ;
#2206 = ORIENTED_EDGE ( 'NONE', *, *, #4872, .F. ) ;
#2207 = EDGE_CURVE ( 'NONE', #3824, #4462, #31, .T. ) ;
#2208 = DIRECTION ( 'NONE',  ( -1.000000000000000000, 0.000000000000000000, 0.000000000000000000 ) ) ;
#2209 = DIRECTION ( 'NONE',  ( -0.000000000000000000, -0.000000000000000000, 1.000000000000000000 ) ) ;
#2210 = VERTEX_POINT ( 'NONE', #1755 ) ;
#2211 = VERTEX_POINT ( 'NONE', #3075 ) ;
#2212 = ORIENTED_EDGE ( 'NONE', *, *, #3741, .F. ) ;
#2213 = FACE_OUTER_BOUND ( 'NONE', #600, .T. ) ;
#2214 = DIRECTION ( 'NONE',  ( 0.4999999999999986677, 0.4999999999999986677, 0.7071067811865493491 ) ) ;
#2216 = ORIENTED_EDGE ( 'NONE', *, *, #1001, .F. ) ;
#2215 = AXIS2_PLACEMENT_3D ( 'NONE', #1791, #3445, #410 ) ;
#2217 = CARTESIAN_POINT ( 'NONE',  ( 17.96051224213827169, -17.96051224213833564, 4.762500000000000178 ) ) ;
#2218 = ORIENTED_EDGE ( 'NONE', *, *, #245, .T. ) ;
#2219 = VERTEX_POINT ( 'NONE', #2700 ) ;
#2220 = DIRECTION ( 'NONE',  ( -1.000000000000000000, 0.000000000000000000, 0.000000000000000000 ) ) ;
#2221 = CARTESIAN_POINT ( 'NONE',  ( 25.39999999999999858, 0.000000000000000000, 4.762500000000000178 ) ) ;
#2222 = CARTESIAN_POINT ( 'NONE',  ( 15.47131224213833889, 17.96051224213827169, 0.000000000000000000 ) ) ;
#2223 = AXIS2_PLACEMENT_3D ( 'NONE', #3627, #5368, #1462 ) ;
#2224 = AXIS2_PLACEMENT_3D ( 'NONE', #3686, #2371, #1915 ) ;
#2225 = AXIS2_PLACEMENT_3D ( 'NONE', #2534, #2912, #5169 ) ;
#2226 = AXIS2_PLACEMENT_3D ( 'NONE', #4020, #2869, #3130 ) ;
#2227 = EDGE_LOOP ( 'NONE', ( #3951, #3129, #3860, #4138 ) ) ;
#2228 = CYLINDRICAL_SURFACE ( 'NONE', #2590, 2.489199999999994084 ) ;
#2229 = CARTESIAN_POINT ( 'NONE',  ( -25.39999999999999858, 0.000000000000000000, 4.762500000000000178 ) ) ;
#2230 = VERTEX_POINT ( 'NONE', #4822 ) ;
#2231 = CARTESIAN_POINT ( 'NONE',  ( -19.04999999999999361, -50.80000000000000426, -8.673617379884035472E-16 ) ) ;
#2232 = AXIS2_PLACEMENT_3D ( 'NONE', #4823, #3529, #4911 ) ;
#2233 = FACE_BOUND ( 'NONE', #2325, .T. ) ;
#2234 = VERTEX_POINT ( 'NONE', #64 ) ;
#2235 = EDGE_CURVE ( 'NONE', #3381, #303, #1420, .T. ) ;
#2236 = CIRCLE ( 'NONE', #4157, 2.489199999999990087 ) ;
#2237 = CYLINDRICAL_SURFACE ( 'NONE', #1877, 2.249999999999998668 ) ;
#2238 = DIRECTION ( 'NONE',  ( 0.000000000000000000, 0.000000000000000000, -1.000000000000000000 ) ) ;
#2239 = EDGE_LOOP ( 'NONE', ( #5388, #3834, #2934, #2295 ) ) ;
#2240 = EDGE_CURVE ( 'NONE', #482, #4592, #4616, .T. ) ;
#2241 = ORIENTED_EDGE ( 'NONE', *, *, #4007, .F. ) ;
#2242 = AXIS2_PLACEMENT_3D ( 'NONE', #1481, #4964, #1058 ) ;
#2243 = VERTEX_POINT ( 'NONE', #941 ) ;
#2244 = DIRECTION ( 'NONE',  ( -0.7071067811865474617, 0.000000000000000000, 0.7071067811865474617 ) ) ;
#2245 = CARTESIAN_POINT ( 'NONE',  ( 31.74999999999999289, 24.15735931288070404, 4.762500000000000178 ) ) ;
#2246 = CIRCLE ( 'NONE', #4256, 2.749999999999999112 ) ;
#2247 = ORIENTED_EDGE ( 'NONE', *, *, #1644, .F. ) ;
#2248 = EDGE_CURVE ( 'NONE', #2831, #4441, #4411, .T. ) ;
#2249 = DIRECTION ( 'NONE',  ( -0.000000000000000000, -0.000000000000000000, 1.000000000000000000 ) ) ;
#2250 = EDGE_CURVE ( 'NONE', #4419, #2252, #4161, .T. ) ;
#2251 = VECTOR ( 'NONE', #5548, 1000.000000000000000 ) ;
#2252 = VERTEX_POINT ( 'NONE', #3269 ) ;
#2253 = ADVANCED_FACE ( 'NONE', ( #5446 ), #5412, .F. ) ;
#2254 = ORIENTED_EDGE ( 'NONE', *, *, #2663, .T. ) ;
#2255 = AXIS2_PLACEMENT_3D ( 'NONE', #2762, #4513, #3714 ) ;
#2256 = CARTESIAN_POINT ( 'NONE',  ( 26.10190296114372899, 30.69454364826300719, 4.762500000000000178 ) ) ;
#2257 = DIRECTION ( 'NONE',  ( -0.000000000000000000, -0.000000000000000000, -1.000000000000000000 ) ) ;
#2258 = FACE_OUTER_BOUND ( 'NONE', #3179, .T. ) ;
#2259 = CIRCLE ( 'NONE', #5453, 2.489199999999990087 ) ;
#2260 = ORIENTED_EDGE ( 'NONE', *, *, #2137, .T. ) ;
#2261 = CARTESIAN_POINT ( 'NONE',  ( -11.56670000000000442, -2.067353648991859583, -8.673617379884035472E-16 ) ) ;
#2262 = DIRECTION ( 'NONE',  ( -1.000000000000000000, 0.000000000000000000, 0.000000000000000000 ) ) ;
#2263 = ORIENTED_EDGE ( 'NONE', *, *, #1480, .T. ) ;
#2264 = CARTESIAN_POINT ( 'NONE',  ( 21.53919999999999391, -63.50000000000000000, 4.762500000000000178 ) ) ;
#2265 = FACE_BOUND ( 'NONE', #2558, .T. ) ;
#2266 = AXIS2_PLACEMENT_3D ( 'NONE', #4924, #2656, #3142 ) ;
#2267 = PLANE ( 'NONE',  #440 ) ;
#2268 = DIRECTION ( 'NONE',  ( -0.000000000000000000, -0.000000000000000000, -1.000000000000000000 ) ) ;
#2269 = ORIENTED_EDGE ( 'NONE', *, *, #3486, .T. ) ;
#2270 = EDGE_CURVE ( 'NONE', #1818, #3995, #4134, .T. ) ;
#2271 = ORIENTED_EDGE ( 'NONE', *, *, #4213, .F. ) ;
#2272 = EDGE_LOOP ( 'NONE', ( #3532, #370, #3845, #1017 ) ) ;
#2273 = DIRECTION ( 'NONE',  ( -1.000000000000000000, 0.000000000000000000, 0.000000000000000000 ) ) ;
#2274 = CARTESIAN_POINT ( 'NONE',  ( -12.69999999999994955, 21.99704525612477113, 4.762500000000000178 ) ) ;
#2275 = AXIS2_PLACEMENT_3D ( 'NONE', #4261, #3391, #4287 ) ;
#2276 = CARTESIAN_POINT ( 'NONE',  ( -17.96051224213827524, 17.96051224213833208, -1.250462353673376935E-15 ) ) ;
#2277 = CYLINDRICAL_SURFACE ( 'NONE', #5425, 2.489199999999993640 ) ;
#2278 = AXIS2_PLACEMENT_3D ( 'NONE', #2089, #2565, #3910 ) ;
#2279 = ORIENTED_EDGE ( 'NONE', *, *, #5041, .T. ) ;
#2280 = EDGE_LOOP ( 'NONE', ( #4818, #2987, #8, #2643 ) ) ;
#2281 = EDGE_CURVE ( 'NONE', #3928, #2112, #5025, .T. ) ;
#2282 = LINE ( 'NONE', #4888, #466 ) ;
#2283 = AXIS2_PLACEMENT_3D ( 'NONE', #1274, #2119, #3004 ) ;
#2284 = AXIS2_PLACEMENT_3D ( 'NONE', #1176, #4195, #2473 ) ;
#2285 = CARTESIAN_POINT ( 'NONE',  ( 31.75000000000002842, -68.60735931288064648, 0.2500000000000002220 ) ) ;
#2286 = CARTESIAN_POINT ( 'NONE',  ( 2.489199999999998525, -38.09999999999999432, -8.673617379884035472E-16 ) ) ;
#2287 = VERTEX_POINT ( 'NONE', #1092 ) ;
#2288 = CARTESIAN_POINT ( 'NONE',  ( -13.85640646055102465, 7.999999999999989342, -1.347111479062085841E-15 ) ) ;
#2289 = CARTESIAN_POINT ( 'NONE',  ( 8.839200000000001722, -50.79999999999999716, -8.673617379884035472E-16 ) ) ;
#2290 = ORIENTED_EDGE ( 'NONE', *, *, #3262, .F. ) ;
#2291 = CARTESIAN_POINT ( 'NONE',  ( 25.40000000000000213, -50.79999999999999716, 4.762500000000001066 ) ) ;
#2292 = DIRECTION ( 'NONE',  ( -0.000000000000000000, -0.000000000000000000, 1.000000000000000000 ) ) ;
#2293 = DIRECTION ( 'NONE',  ( -0.000000000000000000, -0.000000000000000000, 1.000000000000000000 ) ) ;
#2294 = CARTESIAN_POINT ( 'NONE',  ( -24.15735931288069693, 28.75000000000000000, 4.512500000000000178 ) ) ;
#2295 = ORIENTED_EDGE ( 'NONE', *, *, #1441, .T. ) ;
#2296 = ORIENTED_EDGE ( 'NONE', *, *, #2235, .T. ) ;
#2297 = ORIENTED_EDGE ( 'NONE', *, *, #479, .T. ) ;
#2298 = DIRECTION ( 'NONE',  ( -1.000000000000000000, 0.000000000000000000, 0.000000000000000000 ) ) ;
#2299 = DIRECTION ( 'NONE',  ( -0.000000000000000000, -0.000000000000000000, -1.000000000000000000 ) ) ;
#2300 = DIRECTION ( 'NONE',  ( 1.000000000000000000, 0.000000000000000000, 0.000000000000000000 ) ) ;
#2301 = CARTESIAN_POINT ( 'NONE',  ( 31.50000000000002132, -68.60735931288064648, 0.000000000000000000 ) ) ;
#2302 = EDGE_LOOP ( 'NONE', ( #55, #1743, #5122, #3659 ) ) ;
#2303 = ADVANCED_FACE ( 'NONE', ( #4540 ), #4476, .T. ) ;
#2304 = VERTEX_POINT ( 'NONE', #1118 ) ;
#2305 = DIRECTION ( 'NONE',  ( 1.000000000000000000, 0.000000000000000000, 0.000000000000000000 ) ) ;
#2306 = DIRECTION ( 'NONE',  ( -0.000000000000000000, -0.000000000000000000, 1.000000000000000000 ) ) ;
#2307 = DIRECTION ( 'NONE',  ( -0.000000000000000000, -0.000000000000000000, 1.000000000000000000 ) ) ;
#2308 = ADVANCED_FACE ( 'NONE', ( #1959 ), #3582, .T. ) ;
#2309 = DIRECTION ( 'NONE',  ( -0.000000000000000000, -0.000000000000000000, 1.000000000000000000 ) ) ;
#2310 = CIRCLE ( 'NONE', #1500, 2.489200000000000301 ) ;
#2311 = ORIENTED_EDGE ( 'NONE', *, *, #15, .T. ) ;
#2312 = CARTESIAN_POINT ( 'NONE',  ( 11.56670000000000442, 2.067353648991859583, 4.762500000000000178 ) ) ;
#2313 = CARTESIAN_POINT ( 'NONE',  ( -25.39999999999999503, -50.80000000000000426, 4.762500000000001066 ) ) ;
#2315 = ORIENTED_EDGE ( 'NONE', *, *, #4978, .F. ) ;
#2314 = CIRCLE ( 'NONE', #5070, 2.999999999999999112 ) ;
#2316 = DIRECTION ( 'NONE',  ( -0.000000000000000000, -0.000000000000000000, 1.000000000000000000 ) ) ;
#2317 = CARTESIAN_POINT ( 'NONE',  ( -21.99704525612490258, -12.69999999999971685, -1.250462353673376935E-15 ) ) ;
#2318 = VECTOR ( 'NONE', #839, 1000.000000000000000 ) ;
#2319 = ADVANCED_FACE ( 'NONE', ( #2729 ), #3670, .F. ) ;
#2320 = AXIS2_PLACEMENT_3D ( 'NONE', #5119, #3021, #4281 ) ;
#2321 = DIRECTION ( 'NONE',  ( 0.7071067811865445751, -4.545195862331429679E-17, -0.7071067811865504593 ) ) ;
#2322 = DIRECTION ( 'NONE',  ( -1.000000000000000000, 0.000000000000000000, 0.000000000000000000 ) ) ;
#2323 = ORIENTED_EDGE ( 'NONE', *, *, #3668, .T. ) ;
#2324 = VECTOR ( 'NONE', #2000, 1000.000000000000000 ) ;
#2325 = EDGE_LOOP ( 'NONE', ( #557, #1675 ) ) ;
#2326 = VERTEX_POINT ( 'NONE', #603 ) ;
#2327 = FACE_OUTER_BOUND ( 'NONE', #5486, .T. ) ;
#2328 = CARTESIAN_POINT ( 'NONE',  ( 28.75000000000002487, -68.60735931288064648, 0.2500000000000002220 ) ) ;
#2329 = CARTESIAN_POINT ( 'NONE',  ( 16.56080000000001462, -50.79999999999999716, 4.762500000000001066 ) ) ;
#2330 = ORIENTED_EDGE ( 'NONE', *, *, #1242, .T. ) ;
#2331 = AXIS2_PLACEMENT_3D ( 'NONE', #1703, #2876, #2530 ) ;
#2332 = ORIENTED_EDGE ( 'NONE', *, *, #3451, .T. ) ;
#2333 = AXIS2_PLACEMENT_3D ( 'NONE', #2896, #5049, #4266 ) ;
#2334 = CARTESIAN_POINT ( 'NONE',  ( 28.74999999999999645, 24.15735931288070404, 0.2500000000000002220 ) ) ;
#2335 = DIRECTION ( 'NONE',  ( -0.000000000000000000, -0.000000000000000000, 1.000000000000000000 ) ) ;
#2336 = VECTOR ( 'NONE', #308, 1000.000000000000000 ) ;
#2337 = DIRECTION ( 'NONE',  ( -1.000000000000000000, 0.000000000000000000, 0.000000000000000000 ) ) ;
#2338 = FACE_BOUND ( 'NONE', #1483, .T. ) ;
#2339 = ORIENTED_EDGE ( 'NONE', *, *, #4703, .F. ) ;
#2340 = AXIS2_PLACEMENT_3D ( 'NONE', #5162, #1202, #3757 ) ;
#2341 = VECTOR ( 'NONE', #2169, 1000.000000000000000 ) ;
#2342 = CIRCLE ( 'NONE', #5542, 2.489200000000000301 ) ;
#2343 = ORIENTED_EDGE ( 'NONE', *, *, #3461, .T. ) ;
#2344 = VERTEX_POINT ( 'NONE', #4999 ) ;
#2345 = CARTESIAN_POINT ( 'NONE',  ( 0.000000000000000000, 25.39999999999999858, -1.250462353673376935E-15 ) ) ;
#2346 = FACE_OUTER_BOUND ( 'NONE', #4021, .T. ) ;
#2347 = ORIENTED_EDGE ( 'NONE', *, *, #3291, .T. ) ;
#2348 = DIRECTION ( 'NONE',  ( 1.000000000000000000, -6.427877632151209458E-17, 0.000000000000000000 ) ) ;
#2349 = DIRECTION ( 'NONE',  ( -0.000000000000000000, -0.000000000000000000, 1.000000000000000000 ) ) ;
#2350 = ADVANCED_FACE ( 'NONE', ( #635 ), #180, .F. ) ;
#2351 = DIRECTION ( 'NONE',  ( -0.000000000000000000, -0.000000000000000000, -1.000000000000000000 ) ) ;
#2352 = DIRECTION ( 'NONE',  ( -0.000000000000000000, -0.000000000000000000, -1.000000000000000000 ) ) ;
#2353 = EDGE_LOOP ( 'NONE', ( #3131, #1060, #5096, #1978 ) ) ;
#2354 = EDGE_CURVE ( 'NONE', #220, #202, #252, .T. ) ;
#2355 = VERTEX_POINT ( 'NONE', #997 ) ;
#2356 = EDGE_CURVE ( 'NONE', #3730, #2230, #4066, .T. ) ;
#2357 = EDGE_LOOP ( 'NONE', ( #4071, #5324 ) ) ;
#2358 = CARTESIAN_POINT ( 'NONE',  ( 28.75000000000002487, -68.60735931288064648, 4.762500000000000178 ) ) ;
#2359 = LINE ( 'NONE', #1028, #2379 ) ;
#2360 = CARTESIAN_POINT ( 'NONE',  ( -16.56080000000000041, -63.50000000000000000, 4.762500000000000178 ) ) ;
#2361 = ORIENTED_EDGE ( 'NONE', *, *, #3849, .T. ) ;
#2362 = EDGE_CURVE ( 'NONE', #4731, #4132, #2422, .T. ) ;
#2363 = VERTEX_POINT ( 'NONE', #2754 ) ;
#2364 = CARTESIAN_POINT ( 'NONE',  ( -15.47131224213828204, 17.96051224213833208, 0.000000000000000000 ) ) ;
#2365 = EDGE_CURVE ( 'NONE', #4509, #525, #665, .T. ) ;
#2366 = CARTESIAN_POINT ( 'NONE',  ( -3.860800000000006893, -38.09999999999999432, 4.762500000000000178 ) ) ;
#2367 = CARTESIAN_POINT ( 'NONE',  ( -6.349999999999997868, -63.50000000000000000, 4.762500000000000178 ) ) ;
#2368 = FACE_OUTER_BOUND ( 'NONE', #2353, .T. ) ;
#2369 = ORIENTED_EDGE ( 'NONE', *, *, #2450, .T. ) ;
#2370 = AXIS2_PLACEMENT_3D ( 'NONE', #4084, #5392, #1910 ) ;
#2371 = DIRECTION ( 'NONE',  ( 0.000000000000000000, 0.000000000000000000, 1.000000000000000000 ) ) ;
#2372 = ORIENTED_EDGE ( 'NONE', *, *, #3187, .F. ) ;
#2373 = VERTEX_POINT ( 'NONE', #3614 ) ;
#2374 = DIRECTION ( 'NONE',  ( -0.000000000000000000, -0.000000000000000000, 1.000000000000000000 ) ) ;
#2375 = CARTESIAN_POINT ( 'NONE',  ( 12.69999999999999751, -38.09999999999999432, 4.762500000000001066 ) ) ;
#2376 = ORIENTED_EDGE ( 'NONE', *, *, #2396, .F. ) ;
#2377 = CARTESIAN_POINT ( 'NONE',  ( -25.39999999999999503, -50.80000000000000426, 4.762500000000000178 ) ) ;
#2378 = DIRECTION ( 'NONE',  ( -0.000000000000000000, -0.000000000000000000, 1.000000000000000000 ) ) ;
#2379 = VECTOR ( 'NONE', #3475, 1000.000000000000000 ) ;
#2380 = CARTESIAN_POINT ( 'NONE',  ( -27.88919999999999888, 0.000000000000000000, 4.762500000000000178 ) ) ;
#2381 = DIRECTION ( 'NONE',  ( 1.000000000000000000, 0.000000000000000000, 0.000000000000000000 ) ) ;
#2382 = ORIENTED_EDGE ( 'NONE', *, *, #2537, .T. ) ;
#2383 = ADVANCED_FACE ( 'NONE', ( #2327 ), #5358, .F. ) ;
#2384 = EDGE_CURVE ( 'NONE', #3687, #3382, #1422, .T. ) ;
#2385 = VERTEX_POINT ( 'NONE', #1478 ) ;
#2386 = VERTEX_POINT ( 'NONE', #4962 ) ;
#2387 = CARTESIAN_POINT ( 'NONE',  ( -24.15735931288069693, 28.75000000000000000, 0.2500000000000002220 ) ) ;
#2388 = CARTESIAN_POINT ( 'NONE',  ( -12.69999999999999574, -50.79999999999999716, 4.762500000000000178 ) ) ;
#2389 = DIRECTION ( 'NONE',  ( -0.000000000000000000, -0.000000000000000000, -1.000000000000000000 ) ) ;
#2390 = VERTEX_POINT ( 'NONE', #4166 ) ;
#2391 = VERTEX_POINT ( 'NONE', #2904 ) ;
#2392 = CARTESIAN_POINT ( 'NONE',  ( -6.349999999999996092, -50.79999999999999716, -8.673617379884035472E-16 ) ) ;
#2393 = DIRECTION ( 'NONE',  ( -0.000000000000000000, -0.000000000000000000, -1.000000000000000000 ) ) ;
#2394 = DIRECTION ( 'NONE',  ( -1.000000000000000000, 0.000000000000000000, 0.000000000000000000 ) ) ;
#2395 = FACE_BOUND ( 'NONE', #3633, .T. ) ;
#2396 = EDGE_CURVE ( 'NONE', #4132, #4731, #1604, .T. ) ;
#2397 = ORIENTED_EDGE ( 'NONE', *, *, #417, .T. ) ;
#2398 = EDGE_CURVE ( 'NONE', #2735, #5379, #2022, .T. ) ;
#2399 = EDGE_LOOP ( 'NONE', ( #4357, #5164 ) ) ;
#2400 = DIRECTION ( 'NONE',  ( -0.4999999999999987788, 0.4999999999999987788, 0.7071067811865492381 ) ) ;
#2401 = VERTEX_POINT ( 'NONE', #743 ) ;
#2402 = LINE ( 'NONE', #1979, #1881 ) ;
#2403 = AXIS2_PLACEMENT_3D ( 'NONE', #2720, #5317, #1411 ) ;
#2404 = CARTESIAN_POINT ( 'NONE',  ( -15.47131224213833889, -17.96051224213827169, 0.000000000000000000 ) ) ;
#2405 = AXIS2_PLACEMENT_3D ( 'NONE', #4726, #2894, #3368 ) ;
#2406 = CARTESIAN_POINT ( 'NONE',  ( -24.15735931288076088, -73.19999999999998863, 0.000000000000000000 ) ) ;
#2407 = DIRECTION ( 'NONE',  ( -0.000000000000000000, -0.000000000000000000, 1.000000000000000000 ) ) ;
#2408 = ORIENTED_EDGE ( 'NONE', *, *, #1143, .F. ) ;
#2409 = ADVANCED_FACE ( 'NONE', ( #1146 ), #3837, .F. ) ;
#2410 = FACE_OUTER_BOUND ( 'NONE', #3188, .T. ) ;
#2411 = CIRCLE ( 'NONE', #1861, 2.489199999999999413 ) ;
#2412 = VERTEX_POINT ( 'NONE', #4272 ) ;
#2413 = AXIS2_PLACEMENT_3D ( 'NONE', #2345, #1918, #3225 ) ;
#2414 = EDGE_LOOP ( 'NONE', ( #1228, #3720 ) ) ;
#2415 = CIRCLE ( 'NONE', #5606, 2.489199999999988311 ) ;
#2416 = FACE_OUTER_BOUND ( 'NONE', #2179, .T. ) ;
#2417 = FACE_OUTER_BOUND ( 'NONE', #2783, .T. ) ;
#2418 = AXIS2_PLACEMENT_3D ( 'NONE', #1300, #1641, #4757 ) ;
#2419 = EDGE_CURVE ( 'NONE', #3965, #4164, #4709, .T. ) ;
#2420 = DIRECTION ( 'NONE',  ( -0.000000000000000000, -0.000000000000000000, -1.000000000000000000 ) ) ;
#2421 = VERTEX_POINT ( 'NONE', #767 ) ;
#2422 = CIRCLE ( 'NONE', #1868, 2.489199999999990087 ) ;
#2423 = ORIENTED_EDGE ( 'NONE', *, *, #588, .F. ) ;
#2424 = CARTESIAN_POINT ( 'NONE',  ( -16.56080000000000751, -63.50000000000000000, 4.762500000000001066 ) ) ;
#2425 = ADVANCED_FACE ( 'NONE', ( #318 ), #3732, .F. ) ;
#2426 = EDGE_CURVE ( 'NONE', #1580, #2219, #2598, .T. ) ;
#2427 = FACE_OUTER_BOUND ( 'NONE', #853, .T. ) ;
#2428 = DIRECTION ( 'NONE',  ( 1.000000000000000000, 0.000000000000000000, 0.000000000000000000 ) ) ;
#2429 = ADVANCED_FACE ( 'NONE', ( #5528 ), #373, .F. ) ;
#2430 = FACE_BOUND ( 'NONE', #3197, .T. ) ;
#2431 = ORIENTED_EDGE ( 'NONE', *, *, #5033, .T. ) ;
#2432 = AXIS2_PLACEMENT_3D ( 'NONE', #637, #5475, #208 ) ;
#2433 = ORIENTED_EDGE ( 'NONE', *, *, #3611, .F. ) ;
#2434 = DIRECTION ( 'NONE',  ( -0.000000000000000000, -0.000000000000000000, 1.000000000000000000 ) ) ;
#2435 = ORIENTED_EDGE ( 'NONE', *, *, #4591, .F. ) ;
#2436 = FACE_OUTER_BOUND ( 'NONE', #2979, .T. ) ;
#2437 = AXIS2_PLACEMENT_3D ( 'NONE', #4901, #1896, #4467 ) ;
#2438 = CARTESIAN_POINT ( 'NONE',  ( 12.70000000000000107, -63.50000000000000000, -8.673617379884035472E-16 ) ) ;
#2439 = AXIS2_PLACEMENT_3D ( 'NONE', #2221, #3913, #2144 ) ;
#2440 = LINE ( 'NONE', #5103, #4341 ) ;
#2441 = LINE ( 'NONE', #5437, #5133 ) ;
#2442 = ORIENTED_EDGE ( 'NONE', *, *, #417, .F. ) ;
#2443 = FACE_OUTER_BOUND ( 'NONE', #5603, .T. ) ;
#2444 = AXIS2_PLACEMENT_3D ( 'NONE', #2294, #2238, #2322 ) ;
#2445 = ORIENTED_EDGE ( 'NONE', *, *, #4799, .F. ) ;
#2446 = DIRECTION ( 'NONE',  ( 0.000000000000000000, 0.000000000000000000, -1.000000000000000000 ) ) ;
#2447 = LINE ( 'NONE', #294, #1626 ) ;
#2448 = ADVANCED_FACE ( 'NONE', ( #2416 ), #800, .T. ) ;
#2449 = CARTESIAN_POINT ( 'NONE',  ( 17.96051224213833208, 17.96051224213827169, -1.250462353673376935E-15 ) ) ;
#2450 = EDGE_CURVE ( 'NONE', #5281, #292, #3805, .T. ) ;
#2451 = ORIENTED_EDGE ( 'NONE', *, *, #958, .F. ) ;
#2452 = VECTOR ( 'NONE', #4094, 1000.000000000000000 ) ;
#2453 = ORIENTED_EDGE ( 'NONE', *, *, #3327, .F. ) ;
#2454 = DIRECTION ( 'NONE',  ( 0.7071067811865490160, 0.7071067811865460184, -0.000000000000000000 ) ) ;
#2455 = CYLINDRICAL_SURFACE ( 'NONE', #1200, 2.489199999999996749 ) ;
#2456 = CARTESIAN_POINT ( 'NONE',  ( -16.56079999999999330, -50.80000000000000426, -8.673617379884035472E-16 ) ) ;
#2457 = LINE ( 'NONE', #2003, #3593 ) ;
#2458 = ADVANCED_FACE ( 'NONE', ( #718 ), #1670, .F. ) ;
#2459 = ORIENTED_EDGE ( 'NONE', *, *, #1644, .T. ) ;
#2460 = ADVANCED_FACE ( 'NONE', ( #3352 ), #3401, .F. ) ;
#2461 = ORIENTED_EDGE ( 'NONE', *, *, #2137, .F. ) ;
#2462 = CARTESIAN_POINT ( 'NONE',  ( 10.21080000000010379, 21.99704525612468586, 4.762500000000000178 ) ) ;
#2463 = ORIENTED_EDGE ( 'NONE', *, *, #897, .F. ) ;
#2464 = LINE ( 'NONE', #1270, #3522 ) ;
#2465 = VECTOR ( 'NONE', #585, 1000.000000000000000 ) ;
#2466 = CARTESIAN_POINT ( 'NONE',  ( 0.000000000000000000, 16.00000000000000000, 4.762500000000001066 ) ) ;
#2467 = CARTESIAN_POINT ( 'NONE',  ( -19.04999999999999361, -50.80000000000000426, 4.762500000000000178 ) ) ;
#2468 = CARTESIAN_POINT ( 'NONE',  ( 19.05000000000000071, -50.79999999999999716, 4.762500000000000178 ) ) ;
#2469 = VERTEX_POINT ( 'NONE', #5497 ) ;
#2470 = DIRECTION ( 'NONE',  ( 1.000000000000000000, 0.000000000000000000, 0.000000000000000000 ) ) ;
#2471 = EDGE_LOOP ( 'NONE', ( #2582, #4197 ) ) ;
#2472 = DIRECTION ( 'NONE',  ( -0.000000000000000000, -0.000000000000000000, -1.000000000000000000 ) ) ;
#2473 = DIRECTION ( 'NONE',  ( 1.000000000000000000, 0.000000000000000000, 0.000000000000000000 ) ) ;
#2474 = CARTESIAN_POINT ( 'NONE',  ( -6.350000000000000533, -38.09999999999999432, -8.673617379884035472E-16 ) ) ;
#2475 = EDGE_LOOP ( 'NONE', ( #2206, #631 ) ) ;
#2476 = ADVANCED_FACE ( 'NONE', ( #1591 ), #3323, .F. ) ;
#2477 = ORIENTED_EDGE ( 'NONE', *, *, #315, .T. ) ;
#2478 = CARTESIAN_POINT ( 'NONE',  ( 21.99704525612481731, 12.69999999999987139, -1.250462353673376935E-15 ) ) ;
#2479 = AXIS2_PLACEMENT_3D ( 'NONE', #3265, #5551, #2381 ) ;
#2480 = CYLINDRICAL_SURFACE ( 'NONE', #1643, 2.489199999999994084 ) ;
#2481 = CARTESIAN_POINT ( 'NONE',  ( -31.75000000000000711, 31.75000000000000000, 4.762500000000000178 ) ) ;
#2482 = EDGE_CURVE ( 'NONE', #5299, #3581, #5134, .T. ) ;
#2483 = VERTEX_POINT ( 'NONE', #4680 ) ;
#2484 = CARTESIAN_POINT ( 'NONE',  ( -26.27867965644033887, 30.87132034355964905, 4.512500000000000178 ) ) ;
#2485 = DIRECTION ( 'NONE',  ( -0.000000000000000000, -0.000000000000000000, 1.000000000000000000 ) ) ;
#2486 = EDGE_LOOP ( 'NONE', ( #1404, #4101, #3498, #2639 ) ) ;
#2487 = CARTESIAN_POINT ( 'NONE',  ( -19.50784525612473530, 12.70000000000002593, -1.250462353673376935E-15 ) ) ;
#2488 = EDGE_CURVE ( 'NONE', #4690, #2234, #355, .T. ) ;
#2489 = CARTESIAN_POINT ( 'NONE',  ( 15.18919999999999959, -63.50000000000000000, -8.673617379884035472E-16 ) ) ;
#2490 = EDGE_CURVE ( 'NONE', #5357, #4182, #2075, .T. ) ;
#2491 = CYLINDRICAL_SURFACE ( 'NONE', #2333, 2.489199999999996749 ) ;
#2492 = CARTESIAN_POINT ( 'NONE',  ( -13.85640646055101577, -8.000000000000007105, -1.347111479062085841E-15 ) ) ;
#2493 = VERTEX_POINT ( 'NONE', #429 ) ;
#2494 = EDGE_CURVE ( 'NONE', #688, #1112, #444, .T. ) ;
#2495 = CARTESIAN_POINT ( 'NONE',  ( 25.39999999999999858, -38.09999999999999432, 4.762500000000000178 ) ) ;
#2496 = AXIS2_PLACEMENT_3D ( 'NONE', #4839, #4865, #84 ) ;
#2497 = ORIENTED_EDGE ( 'NONE', *, *, #3001, .F. ) ;
#2498 = CARTESIAN_POINT ( 'NONE',  ( 17.96051224213833208, 17.96051224213827169, -1.250462353673376935E-15 ) ) ;
#2499 = DIRECTION ( 'NONE',  ( 1.000000000000000000, 0.000000000000000000, 0.000000000000000000 ) ) ;
#2500 = CYLINDRICAL_SURFACE ( 'NONE', #2885, 2.489199999999996749 ) ;
#2501 = VECTOR ( 'NONE', #1852, 1000.000000000000114 ) ;
#2502 = VERTEX_POINT ( 'NONE', #1809 ) ;
#2503 = VECTOR ( 'NONE', #842, 1000.000000000000000 ) ;
#2504 = ORIENTED_EDGE ( 'NONE', *, *, #620, .F. ) ;
#2505 = LINE ( 'NONE', #3846, #428 ) ;
#2506 =( NAMED_UNIT ( * ) SI_UNIT ( $, .STERADIAN. ) SOLID_ANGLE_UNIT ( ) );
#2507 = VECTOR ( 'NONE', #3496, 1000.000000000000000 ) ;
#2508 = DIRECTION ( 'NONE',  ( 1.092739197465705534E-16, -1.000000000000000000, 0.000000000000000000 ) ) ;
#2509 = AXIS2_PLACEMENT_3D ( 'NONE', #3383, #4280, #5090 ) ;
#2510 = AXIS2_PLACEMENT_3D ( 'NONE', #4159, #3371, #3776 ) ;
#2511 = ORIENTED_EDGE ( 'NONE', *, *, #2973, .T. ) ;
#2512 = DIRECTION ( 'NONE',  ( 1.000000000000000000, 0.000000000000000000, 0.000000000000000000 ) ) ;
#2513 = DIRECTION ( 'NONE',  ( 0.7071067811865460184, -0.7071067811865490160, 0.000000000000000000 ) ) ;
#2514 = CARTESIAN_POINT ( 'NONE',  ( 17.96051224213827169, -17.96051224213833564, 4.762500000000000178 ) ) ;
#2515 = LINE ( 'NONE', #4264, #3862 ) ;
#2516 = AXIS2_PLACEMENT_3D ( 'NONE', #3014, #3899, #848 ) ;
#2517 = AXIS2_PLACEMENT_3D ( 'NONE', #1471, #1085, #2692 ) ;
#2518 = LINE ( 'NONE', #258, #4537 ) ;
#2519 = LINE ( 'NONE', #369, #1561 ) ;
#2520 = ORIENTED_EDGE ( 'NONE', *, *, #1828, .T. ) ;
#2521 = LINE ( 'NONE', #5106, #2503 ) ;
#2522 = AXIS2_PLACEMENT_3D ( 'NONE', #5191, #4528, #680 ) ;
#2523 = AXIS2_PLACEMENT_3D ( 'NONE', #3487, #2122, #3119 ) ;
#2524 = EDGE_CURVE ( 'NONE', #2831, #3754, #4807, .T. ) ;
#2525 = CIRCLE ( 'NONE', #5449, 2.489200000000000301 ) ;
#2526 = EDGE_CURVE ( 'NONE', #4354, #4396, #3617, .T. ) ;
#2527 = CARTESIAN_POINT ( 'NONE',  ( -12.15640646055102181, -8.000000000000007105, 0.000000000000000000 ) ) ;
#2528 = CARTESIAN_POINT ( 'NONE',  ( 0.000000000000000000, 16.00000000000000000, 0.000000000000000000 ) ) ;
#2529 = ORIENTED_EDGE ( 'NONE', *, *, #3318, .F. ) ;
#2530 = DIRECTION ( 'NONE',  ( 1.000000000000000000, 0.000000000000000000, 0.000000000000000000 ) ) ;
#2531 = ORIENTED_EDGE ( 'NONE', *, *, #1009, .F. ) ;
#2532 = ORIENTED_EDGE ( 'NONE', *, *, #682, .F. ) ;
#2533 = LINE ( 'NONE', #1628, #3506 ) ;
#2534 = CARTESIAN_POINT ( 'NONE',  ( -28.39822330470330058, 28.39822330470342493, 4.762500000000000178 ) ) ;
#2535 = EDGE_CURVE ( 'NONE', #471, #3653, #1084, .T. ) ;
#2536 = DIRECTION ( 'NONE',  ( -0.000000000000000000, -0.000000000000000000, 1.000000000000000000 ) ) ;
#2537 = EDGE_CURVE ( 'NONE', #3382, #3687, #4543, .T. ) ;
#2538 = EDGE_LOOP ( 'NONE', ( #4303, #1945 ) ) ;
#2539 = VERTEX_POINT ( 'NONE', #5241 ) ;
#2540 = CYLINDRICAL_SURFACE ( 'NONE', #5128, 2.489199999999996749 ) ;
#2541 = CARTESIAN_POINT ( 'NONE',  ( 22.91080000000000183, -38.09999999999999432, 4.762500000000000178 ) ) ;
#2542 = DIRECTION ( 'NONE',  ( -1.000000000000000000, 1.734723475976805517E-15, 0.000000000000000000 ) ) ;
#2543 = LINE ( 'NONE', #3423, #4408 ) ;
#2544 = AXIS2_PLACEMENT_3D ( 'NONE', #37, #1345, #947 ) ;
#2545 = DIRECTION ( 'NONE',  ( -1.000000000000000000, 0.000000000000000000, 0.000000000000000000 ) ) ;
#2546 = CARTESIAN_POINT ( 'NONE',  ( 3.860800000000001120, -63.50000000000000000, -8.673617379884035472E-16 ) ) ;
#2547 = EDGE_LOOP ( 'NONE', ( #5194, #1869 ) ) ;
#2548 = FACE_BOUND ( 'NONE', #3105, .T. ) ;
#2549 = EDGE_CURVE ( 'NONE', #125, #5051, #3549, .T. ) ;
#2550 = CARTESIAN_POINT ( 'NONE',  ( 6.349999999999998757, -38.09999999999999432, 4.762500000000000178 ) ) ;
#2551 = VECTOR ( 'NONE', #5577, 1000.000000000000000 ) ;
#2552 = CARTESIAN_POINT ( 'NONE',  ( 0.000000000000000000, 0.000000000000000000, -8.673617379884035472E-16 ) ) ;
#2553 = CIRCLE ( 'NONE', #570, 2.249999999999998668 ) ;
#2554 = ORIENTED_EDGE ( 'NONE', *, *, #2240, .F. ) ;
#2555 = EDGE_CURVE ( 'NONE', #4206, #2033, #627, .T. ) ;
#2556 = DIRECTION ( 'NONE',  ( -0.000000000000000000, -0.000000000000000000, 1.000000000000000000 ) ) ;
#2557 = ORIENTED_EDGE ( 'NONE', *, *, #5494, .T. ) ;
#2558 = EDGE_LOOP ( 'NONE', ( #1857, #610 ) ) ;
#2559 = DIRECTION ( 'NONE',  ( 1.000000000000000000, 0.000000000000000000, 0.000000000000000000 ) ) ;
#2560 = CARTESIAN_POINT ( 'NONE',  ( 4.999999999999969802, 12.55736835487438086, 6.735557395310589195E-17 ) ) ;
#2561 = DIRECTION ( 'NONE',  ( -1.000000000000000000, 0.000000000000000000, 0.000000000000000000 ) ) ;
#2562 = ORIENTED_EDGE ( 'NONE', *, *, #415, .F. ) ;
#2563 = AXIS2_PLACEMENT_3D ( 'NONE', #1190, #3338, #5460 ) ;
#2564 = ORIENTED_EDGE ( 'NONE', *, *, #1348, .T. ) ;
#2565 = DIRECTION ( 'NONE',  ( -0.000000000000000000, -0.000000000000000000, -1.000000000000000000 ) ) ;
#2566 = CARTESIAN_POINT ( 'NONE',  ( 15.18919999999978110, -21.99704525612485639, -1.250462353673376935E-15 ) ) ;
#2567 = CARTESIAN_POINT ( 'NONE',  ( 12.05890000000000484, -2.155326144693640700, 0.000000000000000000 ) ) ;
#2568 = DIRECTION ( 'NONE',  ( -0.000000000000000000, -0.000000000000000000, 1.000000000000000000 ) ) ;
#2569 = EDGE_CURVE ( 'NONE', #2373, #2859, #3341, .T. ) ;
#2570 = ADVANCED_FACE ( 'NONE', ( #934 ), #3009, .F. ) ;
#2571 = LINE ( 'NONE', #5261, #4051 ) ;
#2572 = DIRECTION ( 'NONE',  ( -0.000000000000000000, -0.000000000000000000, 1.000000000000000000 ) ) ;
#2573 = ORIENTED_EDGE ( 'NONE', *, *, #4896, .F. ) ;
#2574 = FACE_BOUND ( 'NONE', #28, .T. ) ;
#2575 = DIRECTION ( 'NONE',  ( -0.000000000000000000, -0.000000000000000000, 1.000000000000000000 ) ) ;
#2576 = ADVANCED_FACE ( 'NONE', ( #4760 ), #2635, .F. ) ;
#2577 = CARTESIAN_POINT ( 'NONE',  ( -28.75000000000000711, 24.15735931288069693, 4.762500000000000178 ) ) ;
#2578 = VERTEX_POINT ( 'NONE', #5296 ) ;
#2579 = CARTESIAN_POINT ( 'NONE',  ( 4.999999999999969802, 12.55736835487438086, 4.762500000000001066 ) ) ;
#2580 = AXIS2_PLACEMENT_3D ( 'NONE', #3545, #4006, #5293 ) ;
#2581 = EDGE_LOOP ( 'NONE', ( #2529, #3620 ) ) ;
#2582 = ORIENTED_EDGE ( 'NONE', *, *, #3988, .T. ) ;
#2583 = DIRECTION ( 'NONE',  ( -0.000000000000000000, -0.000000000000000000, 1.000000000000000000 ) ) ;
#2584 = DIRECTION ( 'NONE',  ( -0.5000000000000061062, -0.5000000000000061062, -0.7071067811865389130 ) ) ;
#2585 = VERTEX_POINT ( 'NONE', #1385 ) ;
#2586 = CYLINDRICAL_SURFACE ( 'NONE', #230, 2.489199999999994084 ) ;
#2587 = VERTEX_POINT ( 'NONE', #845 ) ;
#2588 = AXIS2_PLACEMENT_3D ( 'NONE', #1575, #729, #3303 ) ;
#2589 = EDGE_LOOP ( 'NONE', ( #1062, #5334, #1627, #807 ) ) ;
#2590 = AXIS2_PLACEMENT_3D ( 'NONE', #1666, #3973, #43 ) ;
#2591 = ADVANCED_FACE ( 'NONE', ( #3896 ), #5638, .F. ) ;
#2592 = CARTESIAN_POINT ( 'NONE',  ( 8.731250000000072120, -15.12296861358571576, 4.762500000000000178 ) ) ;
#2593 = EDGE_CURVE ( 'NONE', #3718, #4300, #5260, .T. ) ;
#2594 = VECTOR ( 'NONE', #3125, 1000.000000000000000 ) ;
#2595 = CARTESIAN_POINT ( 'NONE',  ( -25.39999999999999858, -38.10000000000000142, -8.673617379884035472E-16 ) ) ;
#2596 = CARTESIAN_POINT ( 'NONE',  ( 20.44971224213826133, -17.96051224213833564, -1.250462353673376935E-15 ) ) ;
#2597 = CARTESIAN_POINT ( 'NONE',  ( -19.04999999999999716, -63.50000000000000000, 4.762500000000000178 ) ) ;
#2598 = CIRCLE ( 'NONE', #3602, 2.749999999999999112 ) ;
#2599 = DIRECTION ( 'NONE',  ( -1.000000000000000000, 0.000000000000000000, 0.000000000000000000 ) ) ;
#2600 = DIRECTION ( 'NONE',  ( -0.000000000000000000, -0.000000000000000000, 1.000000000000000000 ) ) ;
#2601 = ORIENTED_EDGE ( 'NONE', *, *, #2953, .T. ) ;
#2602 = CARTESIAN_POINT ( 'NONE',  ( 24.15735931288068983, -76.19999999999997442, 0.2500000000000002220 ) ) ;
#2603 = CARTESIAN_POINT ( 'NONE',  ( 12.15915000000000390, 1.665479293626900947, -1.347111479062085841E-15 ) ) ;
#2604 = EDGE_LOOP ( 'NONE', ( #2435, #333, #1676, #1224 ) ) ;
#2605 = CIRCLE ( 'NONE', #1072, 2.489199999999988311 ) ;
#2606 = AXIS2_PLACEMENT_3D ( 'NONE', #2866, #312, #1558 ) ;
#2607 = EDGE_CURVE ( 'NONE', #4441, #1934, #874, .T. ) ;
#2608 = DIRECTION ( 'NONE',  ( -6.427877632151209458E-17, -1.000000000000000000, 0.000000000000000000 ) ) ;
#2609 = LINE ( 'NONE', #5214, #5546 ) ;
#2611 = EDGE_LOOP ( 'NONE', ( #3994, #1265, #3556, #3989 ) ) ;
#2610 = AXIS2_PLACEMENT_3D ( 'NONE', #4235, #5148, #4185 ) ;
#2612 = VECTOR ( 'NONE', #3980, 1000.000000000000000 ) ;
#2613 = ORIENTED_EDGE ( 'NONE', *, *, #4937, .F. ) ;
#2614 = AXIS2_PLACEMENT_3D ( 'NONE', #586, #5008, #4144 ) ;
#2615 = ADVANCED_FACE ( 'NONE', ( #4352 ), #2237, .F. ) ;
#2616 = ORIENTED_EDGE ( 'NONE', *, *, #2384, .T. ) ;
#2617 = DIRECTION ( 'NONE',  ( -1.000000000000000000, 0.000000000000000000, 0.000000000000000000 ) ) ;
#2618 = CARTESIAN_POINT ( 'NONE',  ( 25.40000000000000213, -50.79999999999999716, -8.673617379884035472E-16 ) ) ;
#2619 = ORIENTED_EDGE ( 'NONE', *, *, #2645, .F. ) ;
#2620 = CARTESIAN_POINT ( 'NONE',  ( 25.39999999999999858, -38.09999999999999432, 4.762500000000000178 ) ) ;
#2621 = CIRCLE ( 'NONE', #2967, 2.489199999999988311 ) ;
#2622 = ORIENTED_EDGE ( 'NONE', *, *, #1785, .T. ) ;
#2623 = CARTESIAN_POINT ( 'NONE',  ( -12.15915000000000390, -1.665479293626900947, -1.347111479062085841E-15 ) ) ;
#2624 = DIRECTION ( 'NONE',  ( 0.000000000000000000, 0.000000000000000000, -1.000000000000000000 ) ) ;
#2625 = EDGE_CURVE ( 'NONE', #292, #914, #1435, .T. ) ;
#2626 = DIRECTION ( 'NONE',  ( 0.000000000000000000, 0.000000000000000000, -1.000000000000000000 ) ) ;
#2627 = EDGE_LOOP ( 'NONE', ( #2661, #3272, #2803, #1122 ) ) ;
#2628 = DIRECTION ( 'NONE',  ( -1.000000000000000000, -2.185478394931409589E-16, 0.000000000000000000 ) ) ;
#2629 = CARTESIAN_POINT ( 'NONE',  ( -12.69999999999999751, -63.50000000000000000, -8.673617379884035472E-16 ) ) ;
#2630 = ORIENTED_EDGE ( 'NONE', *, *, #3988, .F. ) ;
#2631 = LINE ( 'NONE', #4034, #5153 ) ;
#2632 = PLANE ( 'NONE',  #3696 ) ;
#2633 = ORIENTED_EDGE ( 'NONE', *, *, #4139, .T. ) ;
#2634 = CIRCLE ( 'NONE', #5199, 2.489199999999988311 ) ;
#2635 = CYLINDRICAL_SURFACE ( 'NONE', #4078, 2.489199999999993640 ) ;
#2636 = CYLINDRICAL_SURFACE ( 'NONE', #5362, 2.489199999999994084 ) ;
#2637 = ORIENTED_EDGE ( 'NONE', *, *, #1715, .T. ) ;
#2638 = CIRCLE ( 'NONE', #199, 2.489200000000000301 ) ;
#2639 = ORIENTED_EDGE ( 'NONE', *, *, #1650, .T. ) ;
#2640 = EDGE_LOOP ( 'NONE', ( #5156, #4322 ) ) ;
#2641 = CARTESIAN_POINT ( 'NONE',  ( -28.75000000000001421, -68.60735931288070333, 4.512500000000000178 ) ) ;
#2642 = CARTESIAN_POINT ( 'NONE',  ( -8.839199999999989288, -50.79999999999999716, 4.762500000000000178 ) ) ;
#2643 = ORIENTED_EDGE ( 'NONE', *, *, #5566, .T. ) ;
#2644 = CARTESIAN_POINT ( 'NONE',  ( 12.70000000000000284, -50.79999999999999716, 4.762500000000000178 ) ) ;
#2645 = EDGE_CURVE ( 'NONE', #5216, #2175, #3520, .T. ) ;
#2646 = EDGE_LOOP ( 'NONE', ( #602, #4367 ) ) ;
#2647 = ORIENTED_EDGE ( 'NONE', *, *, #5385, .F. ) ;
#2648 = VECTOR ( 'NONE', #416, 1000.000000000000000 ) ;
#2649 = EDGE_CURVE ( 'NONE', #2421, #2385, #797, .T. ) ;
#2650 = CARTESIAN_POINT ( 'NONE',  ( 0.000000000000000000, -16.00000000000000000, 0.000000000000000000 ) ) ;
#2651 = DIRECTION ( 'NONE',  ( -1.000000000000000000, 0.000000000000000000, 0.000000000000000000 ) ) ;
#2652 = DIRECTION ( 'NONE',  ( 0.000000000000000000, 0.000000000000000000, -1.000000000000000000 ) ) ;
#2653 = EDGE_LOOP ( 'NONE', ( #5200, #1369, #82, #1266 ) ) ;
#2654 = ADVANCED_FACE ( 'NONE', ( #1924 ), #2267, .F. ) ;
#2655 = FACE_OUTER_BOUND ( 'NONE', #1647, .T. ) ;
#2656 = DIRECTION ( 'NONE',  ( -0.000000000000000000, -0.000000000000000000, -1.000000000000000000 ) ) ;
#2657 = VERTEX_POINT ( 'NONE', #3150 ) ;
#2658 = FACE_OUTER_BOUND ( 'NONE', #4492, .T. ) ;
#2659 = AXIS2_PLACEMENT_3D ( 'NONE', #2040, #5522, #1614 ) ;
#2660 = DIRECTION ( 'NONE',  ( 1.000000000000000000, 0.000000000000000000, 0.000000000000000000 ) ) ;
#2661 = ORIENTED_EDGE ( 'NONE', *, *, #5511, .F. ) ;
#2662 = EDGE_CURVE ( 'NONE', #5299, #3283, #1531, .T. ) ;
#2663 = EDGE_CURVE ( 'NONE', #3155, #5114, #5320, .T. ) ;
#2664 = DIRECTION ( 'NONE',  ( -1.000000000000000000, 0.000000000000000000, 0.000000000000000000 ) ) ;
#2665 = FACE_OUTER_BOUND ( 'NONE', #3599, .T. ) ;
#2666 = ORIENTED_EDGE ( 'NONE', *, *, #362, .F. ) ;
#2667 = EDGE_CURVE ( 'NONE', #2669, #3534, #628, .T. ) ;
#2668 = EDGE_LOOP ( 'NONE', ( #558, #4934, #1913, #2647 ) ) ;
#2669 = VERTEX_POINT ( 'NONE', #2380 ) ;
#2670 = DIRECTION ( 'NONE',  ( -0.000000000000000000, -0.000000000000000000, -1.000000000000000000 ) ) ;
#2671 = DIRECTION ( 'NONE',  ( 1.000000000000000000, 0.000000000000000000, 0.000000000000000000 ) ) ;
#2673 = ORIENTED_EDGE ( 'NONE', *, *, #2281, .T. ) ;
#2672 = AXIS2_PLACEMENT_3D ( 'NONE', #606, #3560, #2733 ) ;
#2674 = DIRECTION ( 'NONE',  ( -1.000000000000000000, 0.000000000000000000, 0.000000000000000000 ) ) ;
#2675 = ORIENTED_EDGE ( 'NONE', *, *, #2177, .F. ) ;
#2676 = VECTOR ( 'NONE', #3229, 1000.000000000000000 ) ;
#2677 = ORIENTED_EDGE ( 'NONE', *, *, #487, .T. ) ;
#2678 = CARTESIAN_POINT ( 'NONE',  ( -27.88919999999998822, -38.10000000000000142, 4.762500000000001066 ) ) ;
#2679 = DIRECTION ( 'NONE',  ( 0.7071067811865483499, 0.7071067811865467956, 0.000000000000000000 ) ) ;
#2680 = FACE_BOUND ( 'NONE', #1539, .T. ) ;
#2681 = VECTOR ( 'NONE', #1286, 1000.000000000000000 ) ;
#2682 = VECTOR ( 'NONE', #3100, 1000.000000000000000 ) ;
#2683 = AXIS2_PLACEMENT_3D ( 'NONE', #4162, #1456, #4045 ) ;
#2684 = VERTEX_POINT ( 'NONE', #3575 ) ;
#2685 = LINE ( 'NONE', #5342, #4511 ) ;
#2686 = DIRECTION ( 'NONE',  ( 0.5000000000000028866, -0.5000000000000321965, -0.7071067811865227037 ) ) ;
#2687 = ORIENTED_EDGE ( 'NONE', *, *, #3373, .T. ) ;
#2688 = ADVANCED_FACE ( 'NONE', ( #113 ), #1047, .F. ) ;
#2689 = DIRECTION ( 'NONE',  ( 1.000000000000000000, 0.000000000000000000, 0.000000000000000000 ) ) ;
#2690 = CIRCLE ( 'NONE', #2964, 2.489199999999990087 ) ;
#2691 = FACE_BOUND ( 'NONE', #507, .T. ) ;
#2692 = DIRECTION ( 'NONE',  ( -1.000000000000000000, 0.000000000000000000, 0.000000000000000000 ) ) ;
#2693 = CARTESIAN_POINT ( 'NONE',  ( -15.18919999999998360, -50.79999999999999716, 4.762500000000001066 ) ) ;
#2694 = EDGE_LOOP ( 'NONE', ( #5470, #2021 ) ) ;
#2695 = VERTEX_POINT ( 'NONE', #138 ) ;
#2696 = EDGE_CURVE ( 'NONE', #3482, #3559, #3159, .T. ) ;
#2697 = ADVANCED_FACE ( 'NONE', ( #2779 ), #5436, .F. ) ;
#2698 = CIRCLE ( 'NONE', #1611, 2.999999999999999112 ) ;
#2699 = ORIENTED_EDGE ( 'NONE', *, *, #1694, .F. ) ;
#2700 = CARTESIAN_POINT ( 'NONE',  ( 30.69454364826302140, -70.55190296114363946, 0.000000000000000000 ) ) ;
#2701 = CARTESIAN_POINT ( 'NONE',  ( 21.53919999999998680, -63.50000000000000000, 4.762500000000001066 ) ) ;
#2702 = DIRECTION ( 'NONE',  ( -0.000000000000000000, -0.000000000000000000, 1.000000000000000000 ) ) ;
#2703 = CIRCLE ( 'NONE', #3425, 2.489199999999988311 ) ;
#2704 = ORIENTED_EDGE ( 'NONE', *, *, #1885, .F. ) ;
#2705 = DIRECTION ( 'NONE',  ( -1.000000000000000000, 0.000000000000000000, 0.000000000000000000 ) ) ;
#2706 = CIRCLE ( 'NONE', #4073, 0.5000000000000004441 ) ;
#2707 = EDGE_LOOP ( 'NONE', ( #1418, #4112, #730, #1795 ) ) ;
#2708 = ORIENTED_EDGE ( 'NONE', *, *, #772, .T. ) ;
#2709 = AXIS2_PLACEMENT_3D ( 'NONE', #3969, #75, #5203 ) ;
#2710 = PRODUCT_DEFINITION_CONTEXT ( 'detailed design', #62, 'design' ) ;
#2711 = DIRECTION ( 'NONE',  ( -0.000000000000000000, -0.000000000000000000, -1.000000000000000000 ) ) ;
#2712 = FACE_OUTER_BOUND ( 'NONE', #2101, .T. ) ;
#2713 = FACE_BOUND ( 'NONE', #3221, .T. ) ;
#2714 = CIRCLE ( 'NONE', #4187, 2.489199999999990087 ) ;
#2715 = VERTEX_POINT ( 'NONE', #5406 ) ;
#2716 = DIRECTION ( 'NONE',  ( -0.000000000000000000, -0.000000000000000000, 1.000000000000000000 ) ) ;
#2717 = DIRECTION ( 'NONE',  ( -0.000000000000000000, -0.000000000000000000, -1.000000000000000000 ) ) ;
#2718 = ORIENTED_EDGE ( 'NONE', *, *, #3189, .F. ) ;
#2719 = DIRECTION ( 'NONE',  ( 0.000000000000000000, 0.000000000000000000, 1.000000000000000000 ) ) ;
#2720 = CARTESIAN_POINT ( 'NONE',  ( -2.654126918244514854E-13, -25.40000000000000213, 4.762500000000000178 ) ) ;
#2721 = AXIS2_PLACEMENT_3D ( 'NONE', #1352, #3090, #2262 ) ;
#2722 = CARTESIAN_POINT ( 'NONE',  ( -12.15640646055101648, -8.000000000000007105, 4.762500000000001066 ) ) ;
#2723 = FACE_OUTER_BOUND ( 'NONE', #669, .T. ) ;
#2724 = ORIENTED_EDGE ( 'NONE', *, *, #3363, .T. ) ;
#2725 = EDGE_CURVE ( 'NONE', #485, #2695, #5351, .T. ) ;
#2726 = ORIENTED_EDGE ( 'NONE', *, *, #4060, .T. ) ;
#2727 = EDGE_CURVE ( 'NONE', #2657, #3104, #4721, .T. ) ;
#2728 = ORIENTED_EDGE ( 'NONE', *, *, #1005, .T. ) ;
#2729 = FACE_OUTER_BOUND ( 'NONE', #5201, .T. ) ;
#2730 = LINE ( 'NONE', #579, #2020 ) ;
#2731 = CIRCLE ( 'NONE', #912, 2.489200000000000301 ) ;
#2732 = CARTESIAN_POINT ( 'NONE',  ( 31.74999999999999289, 24.15735931288070404, 4.512500000000000178 ) ) ;
#2733 = DIRECTION ( 'NONE',  ( 1.000000000000000000, 0.000000000000000000, 0.000000000000000000 ) ) ;
#2734 = ORIENTED_EDGE ( 'NONE', *, *, #1081, .F. ) ;
#2735 = VERTEX_POINT ( 'NONE', #2722 ) ;
#2736 = CARTESIAN_POINT ( 'NONE',  ( -31.75000000000001421, -68.60735931288070333, 0.2500000000000002220 ) ) ;
#2737 = CARTESIAN_POINT ( 'NONE',  ( 15.18919999999999604, -38.09999999999999432, -8.673617379884035472E-16 ) ) ;
#2738 = AXIS2_PLACEMENT_3D ( 'NONE', #2629, #2600, #5184 ) ;
#2739 = VECTOR ( 'NONE', #1592, 1000.000000000000114 ) ;
#2740 = CARTESIAN_POINT ( 'NONE',  ( 0.000000000000000000, -16.00000000000000000, -1.347111479062085841E-15 ) ) ;
#2741 = FACE_BOUND ( 'NONE', #2088, .T. ) ;
#2742 = LINE ( 'NONE', #250, #3495 ) ;
#2743 = ORIENTED_EDGE ( 'NONE', *, *, #2975, .F. ) ;
#2744 = DIRECTION ( 'NONE',  ( -0.000000000000000000, -0.000000000000000000, 1.000000000000000000 ) ) ;
#2745 = CARTESIAN_POINT ( 'NONE',  ( 30.69454364826300719, 26.10190296114370412, 0.000000000000000000 ) ) ;
#2746 = EDGE_LOOP ( 'NONE', ( #1227, #834 ) ) ;
#2747 = DIRECTION ( 'NONE',  ( 0.000000000000000000, -0.7071067811865378028, 0.7071067811865573427 ) ) ;
#2748 = DIRECTION ( 'NONE',  ( -0.000000000000000000, -0.000000000000000000, -1.000000000000000000 ) ) ;
#2749 = DIRECTION ( 'NONE',  ( -1.000000000000000000, 0.000000000000000000, 0.000000000000000000 ) ) ;
#2750 = DIRECTION ( 'NONE',  ( -1.000000000000000000, 0.000000000000000000, 0.000000000000000000 ) ) ;
#2751 = ORIENTED_EDGE ( 'NONE', *, *, #4560, .T. ) ;
#2752 = ORIENTED_EDGE ( 'NONE', *, *, #57, .T. ) ;
#2753 = ORIENTED_EDGE ( 'NONE', *, *, #1269, .T. ) ;
#2754 = CARTESIAN_POINT ( 'NONE',  ( -2.489200000000264978, -25.40000000000000213, 4.762500000000000178 ) ) ;
#2755 = FACE_OUTER_BOUND ( 'NONE', #1545, .T. ) ;
#2756 = DIRECTION ( 'NONE',  ( 1.000000000000000000, 0.000000000000000000, 0.000000000000000000 ) ) ;
#2757 = CARTESIAN_POINT ( 'NONE',  ( -19.50784525612490938, -12.69999999999971685, 0.000000000000000000 ) ) ;
#2758 = ORIENTED_EDGE ( 'NONE', *, *, #1312, .T. ) ;
#2759 = EDGE_LOOP ( 'NONE', ( #536, #693, #468, #1709 ) ) ;
#2760 = CARTESIAN_POINT ( 'NONE',  ( -6.350000000000000533, -38.09999999999999432, 4.762500000000000178 ) ) ;
#2761 = DIRECTION ( 'NONE',  ( -1.000000000000000000, 0.000000000000000000, 0.000000000000000000 ) ) ;
#2762 = CARTESIAN_POINT ( 'NONE',  ( 19.04999999999999716, -38.09999999999999432, -8.673617379884035472E-16 ) ) ;
#2763 = DIRECTION ( 'NONE',  ( -0.000000000000000000, -0.000000000000000000, -1.000000000000000000 ) ) ;
#2764 = ORIENTED_EDGE ( 'NONE', *, *, #1605, .F. ) ;
#2765 = CIRCLE ( 'NONE', #2496, 2.489199999999988311 ) ;
#2766 = EDGE_CURVE ( 'NONE', #1391, #3819, #4435, .T. ) ;
#2767 = EDGE_CURVE ( 'NONE', #1902, #5034, #4036, .T. ) ;
#2768 = ORIENTED_EDGE ( 'NONE', *, *, #764, .T. ) ;
#2769 = CYLINDRICAL_SURFACE ( 'NONE', #2871, 2.249999999999998668 ) ;
#2770 = CYLINDRICAL_SURFACE ( 'NONE', #4458, 2.489199999999994084 ) ;
#2771 = ORIENTED_EDGE ( 'NONE', *, *, #664, .F. ) ;
#2772 = CARTESIAN_POINT ( 'NONE',  ( -10.21080000000000254, -38.09999999999999432, -8.673617379884035472E-16 ) ) ;
#2773 = DIRECTION ( 'NONE',  ( -1.000000000000000000, 0.000000000000000000, 0.000000000000000000 ) ) ;
#2774 = EDGE_CURVE ( 'NONE', #1550, #5011, #2157, .T. ) ;
#2775 = CIRCLE ( 'NONE', #5510, 1.699999999999998401 ) ;
#2776 = EDGE_CURVE ( 'NONE', #3928, #3718, #3698, .T. ) ;
#2777 = VECTOR ( 'NONE', #1562, 1000.000000000000000 ) ;
#2778 = VECTOR ( 'NONE', #3558, 1000.000000000000000 ) ;
#2779 = FACE_OUTER_BOUND ( 'NONE', #4335, .T. ) ;
#2780 = CARTESIAN_POINT ( 'NONE',  ( 6.349999999999998757, -38.09999999999999432, -8.673617379884035472E-16 ) ) ;
#2781 = ORIENTED_EDGE ( 'NONE', *, *, #393, .T. ) ;
#2782 = AXIS2_PLACEMENT_3D ( 'NONE', #2027, #5562, #2559 ) ;
#2783 = EDGE_LOOP ( 'NONE', ( #4160, #2699, #4333, #1750 ) ) ;
#2784 = CIRCLE ( 'NONE', #3789, 2.750000000000002665 ) ;
#2785 = EDGE_CURVE ( 'NONE', #4169, #2859, #4928, .T. ) ;
#2786 = ORIENTED_EDGE ( 'NONE', *, *, #280, .T. ) ;
#2787 = DIRECTION ( 'NONE',  ( -1.000000000000000000, 0.000000000000000000, 0.000000000000000000 ) ) ;
#2788 = CYLINDRICAL_SURFACE ( 'NONE', #3563, 2.489199999999993640 ) ;
#2789 = LINE ( 'NONE', #4478, #158 ) ;
#2790 = ORIENTED_EDGE ( 'NONE', *, *, #5085, .F. ) ;
#2791 = VECTOR ( 'NONE', #4792, 1000.000000000000000 ) ;
#2792 = EDGE_LOOP ( 'NONE', ( #3439, #2726, #2052, #3213, #5143, #1180, #159, #2369, #705 ) ) ;
#2793 = AXIS2_PLACEMENT_3D ( 'NONE', #2406, #4617, #1138 ) ;
#2794 = DIRECTION ( 'NONE',  ( -0.000000000000000000, -0.000000000000000000, 1.000000000000000000 ) ) ;
#2795 = DIRECTION ( 'NONE',  ( -0.000000000000000000, -0.000000000000000000, -1.000000000000000000 ) ) ;
#2796 = VECTOR ( 'NONE', #3692, 1000.000000000000000 ) ;
#2797 = CARTESIAN_POINT ( 'NONE',  ( -7.249999999999968026, -12.55736835487438086, 6.735557395310589195E-17 ) ) ;
#2798 = FACE_BOUND ( 'NONE', #2889, .T. ) ;
#2799 = ORIENTED_EDGE ( 'NONE', *, *, #3451, .F. ) ;
#2800 = VECTOR ( 'NONE', #2983, 1000.000000000000000 ) ;
#2801 = CIRCLE ( 'NONE', #1173, 2.489199999999990087 ) ;
#2802 = FILL_AREA_STYLE_COLOUR ( '', #5600 ) ;
#2803 = ORIENTED_EDGE ( 'NONE', *, *, #4993, .T. ) ;
#2804 = EDGE_LOOP ( 'NONE', ( #3019, #2361 ) ) ;
#2805 = EDGE_CURVE ( 'NONE', #3737, #4046, #5622, .T. ) ;
#2806 = DIRECTION ( 'NONE',  ( -0.000000000000000000, -0.000000000000000000, 1.000000000000000000 ) ) ;
#2807 = DIRECTION ( 'NONE',  ( -1.000000000000000000, 0.000000000000000000, 0.000000000000000000 ) ) ;
#2808 = ORIENTED_EDGE ( 'NONE', *, *, #3791, .T. ) ;
#2809 = LINE ( 'NONE', #2860, #3612 ) ;
#2810 = DIRECTION ( 'NONE',  ( -0.000000000000000000, -0.000000000000000000, 1.000000000000000000 ) ) ;
#2811 = AXIS2_PLACEMENT_3D ( 'NONE', #5556, #1621, #3814 ) ;
#2812 = CARTESIAN_POINT ( 'NONE',  ( -8.731250000000072120, 15.12296861358571576, 4.762500000000001066 ) ) ;
#2813 = CARTESIAN_POINT ( 'NONE',  ( 24.15735931288071825, 31.75000000000000711, 4.512500000000000178 ) ) ;
#2814 = ORIENTED_EDGE ( 'NONE', *, *, #601, .F. ) ;
#2815 = EDGE_LOOP ( 'NONE', ( #279, #878, #20, #1117 ) ) ;
#2816 = ORIENTED_EDGE ( 'NONE', *, *, #3816, .T. ) ;
#2817 = DIRECTION ( 'NONE',  ( -1.000000000000000000, 0.000000000000000000, 0.000000000000000000 ) ) ;
#2818 = CARTESIAN_POINT ( 'NONE',  ( -27.88919999999999888, -38.10000000000000142, -8.673617379884035472E-16 ) ) ;
#2819 = DIRECTION ( 'NONE',  ( -0.000000000000000000, -0.000000000000000000, -1.000000000000000000 ) ) ;
#2820 = ADVANCED_FACE ( 'NONE', ( #4099 ), #4495, .F. ) ;
#2821 = VERTEX_POINT ( 'NONE', #5129 ) ;
#2822 = EDGE_CURVE ( 'NONE', #2684, #716, #2246, .T. ) ;
#2823 = VECTOR ( 'NONE', #3082, 1000.000000000000114 ) ;
#2824 = EDGE_LOOP ( 'NONE', ( #4205, #4762, #3307, #5117 ) ) ;
#2825 = LINE ( 'NONE', #1485, #5520 ) ;
#2826 = FACE_OUTER_BOUND ( 'NONE', #4475, .T. ) ;
#2827 = DIRECTION ( 'NONE',  ( -0.000000000000000000, -0.000000000000000000, -1.000000000000000000 ) ) ;
#2828 = FACE_BOUND ( 'NONE', #2640, .T. ) ;
#2829 = AXIS2_PLACEMENT_3D ( 'NONE', #1970, #4229, #325 ) ;
#2830 = EDGE_LOOP ( 'NONE', ( #2887, #670, #2724, #4827 ) ) ;
#2831 = VERTEX_POINT ( 'NONE', #1613 ) ;
#2832 = CARTESIAN_POINT ( 'NONE',  ( -27.88919999999998822, -63.50000000000000000, 4.762500000000001066 ) ) ;
#2833 = ORIENTED_EDGE ( 'NONE', *, *, #3871, .F. ) ;
#2834 = CARTESIAN_POINT ( 'NONE',  ( 30.87132034355967036, -70.72867965644029198, 4.512499999999996625 ) ) ;
#2835 = CARTESIAN_POINT ( 'NONE',  ( 25.39999999999999858, -38.09999999999999432, 4.762500000000001066 ) ) ;
#2836 = PRODUCT_RELATED_PRODUCT_CATEGORY ( 'part', '', ( #4422 ) ) ;
#2837 = EDGE_CURVE ( 'NONE', #1496, #1383, #2067, .T. ) ;
#2838 = VECTOR ( 'NONE', #4232, 1000.000000000000000 ) ;
#2839 = FACE_OUTER_BOUND ( 'NONE', #2589, .T. ) ;
#2840 = CARTESIAN_POINT ( 'NONE',  ( -1.699999999999998401, 16.00000000000000000, 4.762500000000001066 ) ) ;
#2841 = VERTEX_POINT ( 'NONE', #4158 ) ;
#2842 = ORIENTED_EDGE ( 'NONE', *, *, #4376, .T. ) ;
#2843 = ADVANCED_FACE ( 'NONE', ( #788 ), #4699, .F. ) ;
#2844 = EDGE_CURVE ( 'NONE', #5488, #4524, #2440, .T. ) ;
#2845 = VERTEX_POINT ( 'NONE', #1218 ) ;
#2846 = ADVANCED_FACE ( 'NONE', ( #5491 ), #884, .T. ) ;
#2847 = DIRECTION ( 'NONE',  ( -1.000000000000000000, 1.156482317317871725E-15, 0.000000000000000000 ) ) ;
#2848 = FACE_OUTER_BOUND ( 'NONE', #3489, .T. ) ;
#2849 = DIRECTION ( 'NONE',  ( 1.000000000000000000, 0.000000000000000000, 0.000000000000000000 ) ) ;
#2850 = ORIENTED_EDGE ( 'NONE', *, *, #1123, .T. ) ;
#2851 = ORIENTED_EDGE ( 'NONE', *, *, #3953, .T. ) ;
#2852 = PLANE ( 'NONE',  #1328 ) ;
#2853 = DIRECTION ( 'NONE',  ( -0.000000000000000000, -0.000000000000000000, 1.000000000000000000 ) ) ;
#2854 = CARTESIAN_POINT ( 'NONE',  ( -2.654126918244514854E-13, -25.40000000000000213, -1.250462353673376935E-15 ) ) ;
#2855 = FACE_BOUND ( 'NONE', #3530, .T. ) ;
#2856 = ORIENTED_EDGE ( 'NONE', *, *, #1413, .F. ) ;
#2857 = ORIENTED_EDGE ( 'NONE', *, *, #4783, .F. ) ;
#2858 = CARTESIAN_POINT ( 'NONE',  ( 16.56079999999999686, -38.09999999999999432, -8.673617379884035472E-16 ) ) ;
#2859 = VERTEX_POINT ( 'NONE', #4587 ) ;
#2860 = CARTESIAN_POINT ( 'NONE',  ( -2.489199999999992308, -63.50000000000000000, 4.762500000000000178 ) ) ;
#2861 = CIRCLE ( 'NONE', #4695, 2.489199999999990087 ) ;
#2862 = DIRECTION ( 'NONE',  ( -0.000000000000000000, -0.000000000000000000, -1.000000000000000000 ) ) ;
#2863 = EDGE_CURVE ( 'NONE', #2363, #1206, #2518, .T. ) ;
#2864 = CIRCLE ( 'NONE', #5323, 1.699999999999998401 ) ;
#2865 = EDGE_CURVE ( 'NONE', #3824, #2136, #164, .T. ) ;
#2866 = CARTESIAN_POINT ( 'NONE',  ( 28.75000000000002487, -68.60735931288064648, 4.762500000000000178 ) ) ;
#2867 = CARTESIAN_POINT ( 'NONE',  ( -8.839199999999994617, -50.79999999999999716, -8.673617379884035472E-16 ) ) ;
#2868 = VERTEX_POINT ( 'NONE', #3775 ) ;
#2869 = DIRECTION ( 'NONE',  ( -0.000000000000000000, -0.000000000000000000, -1.000000000000000000 ) ) ;
#2870 = VECTOR ( 'NONE', #1325, 1000.000000000000000 ) ;
#2871 = AXIS2_PLACEMENT_3D ( 'NONE', #3570, #4525, #5313 ) ;
#2872 = ORIENTED_EDGE ( 'NONE', *, *, #2482, .T. ) ;
#2873 = CIRCLE ( 'NONE', #2142, 2.489199999999999413 ) ;
#2874 = DIRECTION ( 'NONE',  ( -1.000000000000000000, 0.000000000000000000, 0.000000000000000000 ) ) ;
#2875 = FACE_OUTER_BOUND ( 'NONE', #2103, .T. ) ;
#2876 = DIRECTION ( 'NONE',  ( -0.000000000000000000, -0.000000000000000000, 1.000000000000000000 ) ) ;
#2877 = ORIENTED_EDGE ( 'NONE', *, *, #4944, .F. ) ;
#2878 = EDGE_CURVE ( 'NONE', #5174, #328, #4674, .T. ) ;
#2879 = VECTOR ( 'NONE', #1645, 1000.000000000000000 ) ;
#2880 = ORIENTED_EDGE ( 'NONE', *, *, #4098, .T. ) ;
#2881 = PLANE ( 'NONE',  #3967 ) ;
#2882 = CARTESIAN_POINT ( 'NONE',  ( -21.53919999999998680, -50.80000000000000426, 4.762500000000000178 ) ) ;
#2883 = CARTESIAN_POINT ( 'NONE',  ( 13.85640646055101755, 8.000000000000005329, 0.000000000000000000 ) ) ;
#2884 = CARTESIAN_POINT ( 'NONE',  ( -28.75000000000001421, -68.60735931288070333, 4.762500000000000178 ) ) ;
#2885 = AXIS2_PLACEMENT_3D ( 'NONE', #5059, #1177, #3379 ) ;
#2886 = VECTOR ( 'NONE', #1446, 1000.000000000000000 ) ;
#2887 = ORIENTED_EDGE ( 'NONE', *, *, #3433, .F. ) ;
#2888 = AXIS2_PLACEMENT_3D ( 'NONE', #2115, #5571, #3855 ) ;
#2889 = EDGE_LOOP ( 'NONE', ( #5445, #387 ) ) ;
#2890 = DIRECTION ( 'NONE',  ( -0.000000000000000000, -0.000000000000000000, 1.000000000000000000 ) ) ;
#2891 = ORIENTED_EDGE ( 'NONE', *, *, #5014, .T. ) ;
#2892 = FACE_OUTER_BOUND ( 'NONE', #3783, .T. ) ;
#2893 = AXIS2_PLACEMENT_3D ( 'NONE', #817, #2575, #3065 ) ;
#2894 = DIRECTION ( 'NONE',  ( -0.000000000000000000, -0.000000000000000000, -1.000000000000000000 ) ) ;
#2895 = VECTOR ( 'NONE', #2257, 1000.000000000000000 ) ;
#2896 = CARTESIAN_POINT ( 'NONE',  ( 25.39999999999999858, 0.000000000000000000, 0.000000000000000000 ) ) ;
#2897 = CARTESIAN_POINT ( 'NONE',  ( 21.53919999999999746, -38.09999999999999432, -8.673617379884035472E-16 ) ) ;
#2899 = VERTEX_POINT ( 'NONE', #5468 ) ;
#2898 = VECTOR ( 'NONE', #5283, 1000.000000000000000 ) ;
#2900 = CARTESIAN_POINT ( 'NONE',  ( -25.39999999999999503, -50.80000000000000426, 4.762500000000000178 ) ) ;
#2901 = EDGE_CURVE ( 'NONE', #2210, #676, #2039, .T. ) ;
#2902 = ORIENTED_EDGE ( 'NONE', *, *, #3454, .T. ) ;
#2903 = EDGE_CURVE ( 'NONE', #3655, #2483, #5533, .T. ) ;
#2904 = CARTESIAN_POINT ( 'NONE',  ( -30.69454364826300719, 26.10190296114370767, 4.762500000000000178 ) ) ;
#2905 = DIRECTION ( 'NONE',  ( -0.000000000000000000, -0.000000000000000000, -1.000000000000000000 ) ) ;
#2906 = DIRECTION ( 'NONE',  ( -1.000000000000000000, 0.000000000000000000, 0.000000000000000000 ) ) ;
#2907 = ORIENTED_EDGE ( 'NONE', *, *, #5029, .F. ) ;
#2908 = ADVANCED_FACE ( 'NONE', ( #1638 ), #2491, .F. ) ;
#2909 = EDGE_CURVE ( 'NONE', #633, #211, #1612, .T. ) ;
#2910 = ORIENTED_EDGE ( 'NONE', *, *, #3358, .T. ) ;
#2911 = DIRECTION ( 'NONE',  ( -0.000000000000000000, -0.000000000000000000, 1.000000000000000000 ) ) ;
#2912 = DIRECTION ( 'NONE',  ( 0.5000000000000002220, -0.5000000000000023315, -0.7071067811865456854 ) ) ;
#2913 = DIRECTION ( 'NONE',  ( -0.000000000000000000, -0.000000000000000000, 1.000000000000000000 ) ) ;
#2914 = DIRECTION ( 'NONE',  ( -1.000000000000000000, 0.000000000000000000, 0.000000000000000000 ) ) ;
#2915 = AXIS2_PLACEMENT_3D ( 'NONE', #4485, #4945, #5335 ) ;
#2916 = ADVANCED_FACE ( 'NONE', ( #2839 ), #5443, .T. ) ;
#2917 = VERTEX_POINT ( 'NONE', #708 ) ;
#2918 = EDGE_CURVE ( 'NONE', #2230, #4419, #4188, .T. ) ;
#2919 = CARTESIAN_POINT ( 'NONE',  ( 28.74999999999999645, 24.15735931288070404, 4.512500000000000178 ) ) ;
#2920 = DIRECTION ( 'NONE',  ( 1.000000000000000000, 0.000000000000000000, 0.000000000000000000 ) ) ;
#2921 = ORIENTED_EDGE ( 'NONE', *, *, #3497, .F. ) ;
#2922 = CYLINDRICAL_SURFACE ( 'NONE', #715, 2.999999999999999112 ) ;
#2923 = VECTOR ( 'NONE', #4635, 1000.000000000000000 ) ;
#2924 = DIRECTION ( 'NONE',  ( 1.000000000000000000, 0.000000000000000000, 0.000000000000000000 ) ) ;
#2925 = DIRECTION ( 'NONE',  ( -0.000000000000000000, -0.000000000000000000, -1.000000000000000000 ) ) ;
#2926 = DIRECTION ( 'NONE',  ( 0.000000000000000000, 0.000000000000000000, 1.000000000000000000 ) ) ;
#2927 = ORIENTED_EDGE ( 'NONE', *, *, #3924, .F. ) ;
#2928 = FACE_BOUND ( 'NONE', #521, .T. ) ;
#2929 = EDGE_LOOP ( 'NONE', ( #134, #2186, #5450, #2910 ) ) ;
#2930 = CARTESIAN_POINT ( 'NONE',  ( -12.70000000000000107, -38.09999999999999432, 4.762500000000000178 ) ) ;
#2931 = DIRECTION ( 'NONE',  ( -0.000000000000000000, -0.000000000000000000, 1.000000000000000000 ) ) ;
#2932 = CARTESIAN_POINT ( 'NONE',  ( 13.85640646055101755, 8.000000000000005329, -1.347111479062085841E-15 ) ) ;
#2933 = EDGE_LOOP ( 'NONE', ( #5432, #2753, #5428, #2675 ) ) ;
#2934 = ORIENTED_EDGE ( 'NONE', *, *, #5231, .T. ) ;
#2935 = LINE ( 'NONE', #4686, #4708 ) ;
#2936 = FACE_OUTER_BOUND ( 'NONE', #4193, .T. ) ;
#2937 = AXIS2_PLACEMENT_3D ( 'NONE', #3808, #339, #1534 ) ;
#2938 = CARTESIAN_POINT ( 'NONE',  ( 3.860800000000006893, -63.50000000000000000, 4.762500000000000178 ) ) ;
#2939 = ORIENTED_EDGE ( 'NONE', *, *, #1003, .T. ) ;
#2940 = LINE ( 'NONE', #3881, #1121 ) ;
#2941 = DIRECTION ( 'NONE',  ( -0.000000000000000000, -0.000000000000000000, -1.000000000000000000 ) ) ;
#2942 = CARTESIAN_POINT ( 'NONE',  ( -16.56079999999999686, -38.10000000000000142, -8.673617379884035472E-16 ) ) ;
#2943 = DIRECTION ( 'NONE',  ( -0.000000000000000000, -0.000000000000000000, 1.000000000000000000 ) ) ;
#2944 = EDGE_CURVE ( 'NONE', #2074, #5552, #3314, .T. ) ;
#2945 = ADVANCED_FACE ( 'NONE', ( #4239 ), #4649, .F. ) ;
#2946 = DIRECTION ( 'NONE',  ( -1.000000000000000000, 0.000000000000000000, 0.000000000000000000 ) ) ;
#2947 = AXIS2_PLACEMENT_3D ( 'NONE', #854, #3415, #1368 ) ;
#2948 = DIRECTION ( 'NONE',  ( 0.000000000000000000, 0.000000000000000000, 1.000000000000000000 ) ) ;
#2949 = VERTEX_POINT ( 'NONE', #3057 ) ;
#2950 = EDGE_CURVE ( 'NONE', #4381, #2344, #534, .T. ) ;
#2951 = LINE ( 'NONE', #5187, #1321 ) ;
#2952 = CIRCLE ( 'NONE', #3491, 2.489199999999988311 ) ;
#2953 = EDGE_CURVE ( 'NONE', #1383, #1496, #2703, .T. ) ;
#2954 = DIRECTION ( 'NONE',  ( -0.000000000000000000, -0.000000000000000000, 1.000000000000000000 ) ) ;
#2955 = CARTESIAN_POINT ( 'NONE',  ( -26.27867965644040282, -75.32132034355961991, 0.2500000000000022204 ) ) ;
#2956 = VERTEX_POINT ( 'NONE', #4344 ) ;
#2957 = CYLINDRICAL_SURFACE ( 'NONE', #976, 2.489199999999993640 ) ;
#2958 = CONICAL_SURFACE ( 'NONE', #2223, 2.749999999999999112, 0.7853981633974526089 ) ;
#2959 = EDGE_LOOP ( 'NONE', ( #4092, #3746, #1685, #4874 ) ) ;
#2960 = AXIS2_PLACEMENT_3D ( 'NONE', #866, #3394, #454 ) ;
#2961 = ORIENTED_EDGE ( 'NONE', *, *, #5123, .T. ) ;
#2962 = DIRECTION ( 'NONE',  ( -0.000000000000000000, -0.000000000000000000, 1.000000000000000000 ) ) ;
#2963 =( LENGTH_UNIT ( ) NAMED_UNIT ( * ) SI_UNIT ( .MILLI., .METRE. ) );
#2964 = AXIS2_PLACEMENT_3D ( 'NONE', #1262, #4717, #4687 ) ;
#2965 = CARTESIAN_POINT ( 'NONE',  ( 8.839199999999994617, -63.50000000000000000, 4.762500000000000178 ) ) ;
#2966 = EDGE_LOOP ( 'NONE', ( #5263, #3236 ) ) ;
#2967 = AXIS2_PLACEMENT_3D ( 'NONE', #3233, #513, #4037 ) ;
#2968 = ORIENTED_EDGE ( 'NONE', *, *, #4425, .T. ) ;
#2969 = LINE ( 'NONE', #4286, #2648 ) ;
#2970 = DIRECTION ( 'NONE',  ( 1.000000000000000000, 0.000000000000000000, 0.000000000000000000 ) ) ;
#2971 = CARTESIAN_POINT ( 'NONE',  ( -24.15735931288076088, -76.19999999999998863, 0.2500000000000002220 ) ) ;
#2972 = FACE_OUTER_BOUND ( 'NONE', #1376, .T. ) ;
#2973 = EDGE_CURVE ( 'NONE', #5087, #4731, #3942, .T. ) ;
#2974 = CIRCLE ( 'NONE', #1254, 1.699999999999987965 ) ;
#2975 = EDGE_CURVE ( 'NONE', #4796, #1430, #923, .T. ) ;
#2976 = VECTOR ( 'NONE', #5076, 1000.000000000000000 ) ;
#2977 = DIRECTION ( 'NONE',  ( -1.000000000000000000, 0.000000000000000000, 0.000000000000000000 ) ) ;
#2978 = DIRECTION ( 'NONE',  ( 1.000000000000000000, 0.000000000000000000, 0.000000000000000000 ) ) ;
#2979 = EDGE_LOOP ( 'NONE', ( #3525, #73, #3304, #2891 ) ) ;
#2980 = FACE_BOUND ( 'NONE', #2475, .T. ) ;
#2981 = CIRCLE ( 'NONE', #1617, 2.750000000000002665 ) ;
#2982 = AXIS2_PLACEMENT_3D ( 'NONE', #1574, #384, #3302 ) ;
#2983 = DIRECTION ( 'NONE',  ( -0.000000000000000000, -0.000000000000000000, -1.000000000000000000 ) ) ;
#2984 = CARTESIAN_POINT ( 'NONE',  ( -22.91079999999999828, -38.10000000000000142, -8.673617379884035472E-16 ) ) ;
#2985 = ORIENTED_EDGE ( 'NONE', *, *, #5075, .F. ) ;
#2986 = DIRECTION ( 'NONE',  ( -0.000000000000000000, -0.000000000000000000, 1.000000000000000000 ) ) ;
#2987 = ORIENTED_EDGE ( 'NONE', *, *, #3422, .F. ) ;
#2988 = VECTOR ( 'NONE', #5610, 999.9999999999998863 ) ;
#2989 = ORIENTED_EDGE ( 'NONE', *, *, #3462, .F. ) ;
#2990 = CYLINDRICAL_SURFACE ( 'NONE', #2782, 2.489199999999996749 ) ;
#2991 = CARTESIAN_POINT ( 'NONE',  ( 21.53920000000000101, -50.79999999999999716, -8.673617379884035472E-16 ) ) ;
#2992 = ADVANCED_FACE ( 'NONE', ( #2655 ), #3456, .T. ) ;
#2993 = CARTESIAN_POINT ( 'NONE',  ( -12.15915000000000390, 1.665479293626900947, -1.347111479062085841E-15 ) ) ;
#2994 = EDGE_CURVE ( 'NONE', #943, #1782, #3857, .T. ) ;
#2995 = CIRCLE ( 'NONE', #553, 2.489200000000000301 ) ;
#2996 = ORIENTED_EDGE ( 'NONE', *, *, #4308, .T. ) ;
#2997 = DIRECTION ( 'NONE',  ( -0.000000000000000000, -0.000000000000000000, 1.000000000000000000 ) ) ;
#2998 = LINE ( 'NONE', #860, #4366 ) ;
#2999 = CARTESIAN_POINT ( 'NONE',  ( 19.04999999999999716, -38.09999999999999432, 4.762500000000000178 ) ) ;
#3000 = DIRECTION ( 'NONE',  ( -0.000000000000000000, -0.000000000000000000, -1.000000000000000000 ) ) ;
#3001 = EDGE_CURVE ( 'NONE', #577, #4132, #3029, .T. ) ;
#3002 = VECTOR ( 'NONE', #2114, 1000.000000000000000 ) ;
#3003 = LINE ( 'NONE', #5183, #2318 ) ;
#3004 = DIRECTION ( 'NONE',  ( -1.000000000000000000, 0.000000000000000000, 0.000000000000000000 ) ) ;
#3005 = ORIENTED_EDGE ( 'NONE', *, *, #520, .T. ) ;
#3006 = CIRCLE ( 'NONE', #4466, 2.489199999999999413 ) ;
#3007 = CARTESIAN_POINT ( 'NONE',  ( 15.18919999999999071, -50.79999999999999716, 4.762500000000001066 ) ) ;
#3008 = EDGE_CURVE ( 'NONE', #5364, #2287, #480, .T. ) ;
#3009 = PLANE ( 'NONE',  #5538 ) ;
#3010 = AXIS2_PLACEMENT_3D ( 'NONE', #1196, #2926, #762 ) ;
#3011 = DIRECTION ( 'NONE',  ( -0.000000000000000000, -0.000000000000000000, -1.000000000000000000 ) ) ;
#3012 = AXIS2_PLACEMENT_3D ( 'NONE', #1056, #552, #1453 ) ;
#3013 = EDGE_LOOP ( 'NONE', ( #5013, #2372, #599, #2677 ) ) ;
#3014 = CARTESIAN_POINT ( 'NONE',  ( 3.035766082959412415E-15, -50.79999999999999716, -8.673617379884035472E-16 ) ) ;
#3015 = EDGE_CURVE ( 'NONE', #499, #566, #3778, .T. ) ;
#3016 = ORIENTED_EDGE ( 'NONE', *, *, #529, .F. ) ;
#3017 = ADVANCED_FACE ( 'NONE', ( #396 ), #2228, .F. ) ;
#3018 = EDGE_CURVE ( 'NONE', #4241, #5174, #2571, .T. ) ;
#3019 = ORIENTED_EDGE ( 'NONE', *, *, #3214, .T. ) ;
#3020 = CARTESIAN_POINT ( 'NONE',  ( 15.18919999999999071, -38.09999999999999432, 4.762500000000000178 ) ) ;
#3021 = DIRECTION ( 'NONE',  ( -0.000000000000000000, -0.000000000000000000, 1.000000000000000000 ) ) ;
#3022 = EDGE_LOOP ( 'NONE', ( #970, #3050, #4851, #3647 ) ) ;
#3023 = CARTESIAN_POINT ( 'NONE',  ( -25.39999999999999503, -50.80000000000000426, 4.762500000000001066 ) ) ;
#3024 = ORIENTED_EDGE ( 'NONE', *, *, #4403, .F. ) ;
#3025 = EDGE_LOOP ( 'NONE', ( #1458, #695 ) ) ;
#3026 = CARTESIAN_POINT ( 'NONE',  ( -25.39999999999999858, -38.10000000000000142, 4.762500000000001066 ) ) ;
#3027 = CARTESIAN_POINT ( 'NONE',  ( 8.839199999999989288, -63.50000000000000000, 4.762500000000001066 ) ) ;
#3028 = FACE_OUTER_BOUND ( 'NONE', #5380, .T. ) ;
#3029 = LINE ( 'NONE', #3512, #3869 ) ;
#3030 = DIRECTION ( 'NONE',  ( -0.000000000000000000, -0.000000000000000000, 1.000000000000000000 ) ) ;
#3031 = EDGE_LOOP ( 'NONE', ( #2323, #5615 ) ) ;
#3032 = DIRECTION ( 'NONE',  ( 1.000000000000000000, 0.000000000000000000, 0.000000000000000000 ) ) ;
#3033 = FACE_OUTER_BOUND ( 'NONE', #1038, .T. ) ;
#3034 = EDGE_CURVE ( 'NONE', #1902, #4509, #149, .T. ) ;
#3035 = DIRECTION ( 'NONE',  ( -0.000000000000000000, -0.000000000000000000, 1.000000000000000000 ) ) ;
#3036 = CYLINDRICAL_SURFACE ( 'NONE', #726, 1.699999999999993072 ) ;
#3037 = ORIENTED_EDGE ( 'NONE', *, *, #2822, .F. ) ;
#3038 = CIRCLE ( 'NONE', #1230, 2.489200000000000301 ) ;
#3039 = ORIENTED_EDGE ( 'NONE', *, *, #470, .F. ) ;
#3040 = EDGE_CURVE ( 'NONE', #5078, #2211, #4242, .T. ) ;
#3041 = EDGE_LOOP ( 'NONE', ( #2613, #899 ) ) ;
#3042 = CARTESIAN_POINT ( 'NONE',  ( 12.15640646055102181, -7.999999999999996447, 4.762500000000001066 ) ) ;
#3043 = AXIS2_PLACEMENT_3D ( 'NONE', #587, #247, #3715 ) ;
#3044 = LINE ( 'NONE', #7, #518 ) ;
#3045 = ORIENTED_EDGE ( 'NONE', *, *, #3086, .T. ) ;
#3046 = DIRECTION ( 'NONE',  ( -0.000000000000000000, -0.000000000000000000, -1.000000000000000000 ) ) ;
#3047 = CIRCLE ( 'NONE', #1414, 2.489199999999986535 ) ;
#3048 = EDGE_LOOP ( 'NONE', ( #3094, #1899, #1839, #3446 ) ) ;
#3049 = CIRCLE ( 'NONE', #3217, 2.999999999999999112 ) ;
#3050 = ORIENTED_EDGE ( 'NONE', *, *, #3924, .T. ) ;
#3051 = AXIS2_PLACEMENT_3D ( 'NONE', #1208, #4122, #2054 ) ;
#3052 = VECTOR ( 'NONE', #4082, 1000.000000000000114 ) ;
#3053 = DIRECTION ( 'NONE',  ( -0.000000000000000000, -0.000000000000000000, -1.000000000000000000 ) ) ;
#3054 = DIRECTION ( 'NONE',  ( -1.000000000000000000, 0.000000000000000000, 0.000000000000000000 ) ) ;
#3055 = FACE_BOUND ( 'NONE', #868, .T. ) ;
#3056 = AXIS2_PLACEMENT_3D ( 'NONE', #266, #4221, #4655 ) ;
#3057 = CARTESIAN_POINT ( 'NONE',  ( -15.55640646055102216, 7.999999999999989342, 4.762500000000001066 ) ) ;
#3058 = CARTESIAN_POINT ( 'NONE',  ( -25.39999999999999503, -50.80000000000000426, -8.673617379884035472E-16 ) ) ;
#3059 = VERTEX_POINT ( 'NONE', #2173 ) ;
#3060 = DIRECTION ( 'NONE',  ( -1.000000000000000000, 0.000000000000000000, 0.000000000000000000 ) ) ;
#3061 = FACE_BOUND ( 'NONE', #1260, .T. ) ;
#3062 = EDGE_LOOP ( 'NONE', ( #3543, #5247, #3818, #4391 ) ) ;
#3063 = VECTOR ( 'NONE', #5165, 1000.000000000000000 ) ;
#3064 = AXIS2_PLACEMENT_3D ( 'NONE', #1110, #368, #3288 ) ;
#3065 = DIRECTION ( 'NONE',  ( 1.000000000000000000, 0.000000000000000000, 0.000000000000000000 ) ) ;
#3066 = CARTESIAN_POINT ( 'NONE',  ( 20.44971224213827199, -17.96051224213833564, 4.762500000000000178 ) ) ;
#3067 = EDGE_CURVE ( 'NONE', #1307, #2949, #2775, .T. ) ;
#3069 = ORIENTED_EDGE ( 'NONE', *, *, #4705, .T. ) ;
#3068 = AXIS2_PLACEMENT_3D ( 'NONE', #2514, #5489, #756 ) ;
#3070 = AXIS2_PLACEMENT_3D ( 'NONE', #2930, #2954, #1252 ) ;
#3071 = ORIENTED_EDGE ( 'NONE', *, *, #4389, .F. ) ;
#3072 = CIRCLE ( 'NONE', #630, 2.489199999999988311 ) ;
#3073 = ADVANCED_FACE ( 'NONE', ( #1245 ), #4416, .T. ) ;
#3074 = ORIENTED_EDGE ( 'NONE', *, *, #1198, .T. ) ;
#3075 = CARTESIAN_POINT ( 'NONE',  ( 12.15915000000000390, -1.665479293626900947, -1.347111479062085841E-15 ) ) ;
#3076 = CARTESIAN_POINT ( 'NONE',  ( 17.96051224213833208, 17.96051224213827169, 4.762500000000000178 ) ) ;
#3077 = ORIENTED_EDGE ( 'NONE', *, *, #2994, .T. ) ;
#3078 = DIRECTION ( 'NONE',  ( -1.000000000000000000, 0.000000000000000000, 0.000000000000000000 ) ) ;
#3079 = AXIS2_PLACEMENT_3D ( 'NONE', #402, #4353, #1727 ) ;
#3080 = ADVANCED_FACE ( 'NONE', ( #1322 ), #1351, .F. ) ;
#3081 = ORIENTED_EDGE ( 'NONE', *, *, #4007, .T. ) ;
#3082 = DIRECTION ( 'NONE',  ( -0.7071067811865460184, 0.7071067811865490160, 0.000000000000000000 ) ) ;
#3083 = DIRECTION ( 'NONE',  ( 0.000000000000000000, 0.000000000000000000, -1.000000000000000000 ) ) ;
#3084 = CARTESIAN_POINT ( 'NONE',  ( -24.48624525612490288, -12.69999999999971685, 4.762500000000000178 ) ) ;
#3085 = EDGE_CURVE ( 'NONE', #3975, #946, #3003, .T. ) ;
#3086 = EDGE_CURVE ( 'NONE', #3588, #4539, #864, .T. ) ;
#3087 = EDGE_CURVE ( 'NONE', #202, #3655, #4983, .T. ) ;
#3088 = EDGE_LOOP ( 'NONE', ( #2968, #1524 ) ) ;
#3089 = CARTESIAN_POINT ( 'NONE',  ( -21.99704525612490258, -12.69999999999971685, 0.000000000000000000 ) ) ;
#3090 = DIRECTION ( 'NONE',  ( 0.000000000000000000, 0.000000000000000000, -1.000000000000000000 ) ) ;
#3091 = ORIENTED_EDGE ( 'NONE', *, *, #2593, .T. ) ;
#3092 = CARTESIAN_POINT ( 'NONE',  ( -24.15735931288076088, -73.19999999999998863, 4.512500000000000178 ) ) ;
#3093 = CARTESIAN_POINT ( 'NONE',  ( -15.47131224213828737, 17.96051224213833208, -1.250462353673376935E-15 ) ) ;
#3094 = ORIENTED_EDGE ( 'NONE', *, *, #3536, .F. ) ;
#3095 = DIRECTION ( 'NONE',  ( -1.000000000000000000, 0.000000000000000000, 0.000000000000000000 ) ) ;
#3096 = CARTESIAN_POINT ( 'NONE',  ( -25.39999999999999858, -63.50000000000000000, 4.762500000000001066 ) ) ;
#3097 = ORIENTED_EDGE ( 'NONE', *, *, #2645, .T. ) ;
#3098 = ORIENTED_EDGE ( 'NONE', *, *, #2607, .T. ) ;
#3099 = EDGE_LOOP ( 'NONE', ( #710, #4711 ) ) ;
#3100 = DIRECTION ( 'NONE',  ( -0.000000000000000000, -0.000000000000000000, 1.000000000000000000 ) ) ;
#3101 = DIRECTION ( 'NONE',  ( 1.000000000000000000, 0.000000000000000000, 0.000000000000000000 ) ) ;
#3102 = VERTEX_POINT ( 'NONE', #5400 ) ;
#3103 = CARTESIAN_POINT ( 'NONE',  ( -30.87132034355964549, 26.27867965644034598, 4.512500000000000178 ) ) ;
#3104 = VERTEX_POINT ( 'NONE', #4923 ) ;
#3105 = EDGE_LOOP ( 'NONE', ( #2453, #4030 ) ) ;
#3106 = DIRECTION ( 'NONE',  ( -1.000000000000000000, 0.000000000000000000, 0.000000000000000000 ) ) ;
#3107 = CARTESIAN_POINT ( 'NONE',  ( -20.44971224213831817, -17.96051224213827169, -1.250462353673376935E-15 ) ) ;
#3108 = CARTESIAN_POINT ( 'NONE',  ( 15.55640646055101506, 8.000000000000005329, 4.762500000000001066 ) ) ;
#3109 = AXIS2_PLACEMENT_3D ( 'NONE', #754, #2485, #4123 ) ;
#3110 = EDGE_LOOP ( 'NONE', ( #5044, #3242, #4959, #4554 ) ) ;
#3111 = CARTESIAN_POINT ( 'NONE',  ( -9.555824911305043203E-16, -38.09999999999999432, -8.673617379884035472E-16 ) ) ;
#3112 = DIRECTION ( 'NONE',  ( -0.000000000000000000, -0.000000000000000000, 1.000000000000000000 ) ) ;
#3113 = VERTEX_POINT ( 'NONE', #2312 ) ;
#3114 = CARTESIAN_POINT ( 'NONE',  ( 12.15915000000000212, 1.665479293626906054, 0.000000000000000000 ) ) ;
#3115 = EDGE_CURVE ( 'NONE', #1304, #5557, #329, .T. ) ;
#3116 = FACE_BOUND ( 'NONE', #5395, .T. ) ;
#3117 = VERTEX_POINT ( 'NONE', #1406 ) ;
#3118 = EDGE_CURVE ( 'NONE', #2578, #5298, #3047, .T. ) ;
#3119 = DIRECTION ( 'NONE',  ( -1.000000000000000000, 0.000000000000000000, 0.000000000000000000 ) ) ;
#3120 = DIRECTION ( 'NONE',  ( 1.000000000000000000, 0.000000000000000000, 0.000000000000000000 ) ) ;
#3121 = EDGE_LOOP ( 'NONE', ( #3812, #4102, #204, #3547 ) ) ;
#3122 = ORIENTED_EDGE ( 'NONE', *, *, #342, .F. ) ;
#3123 = ADVANCED_FACE ( 'NONE', ( #132 ), #4429, .F. ) ;
#3124 = EDGE_LOOP ( 'NONE', ( #4871, #4013, #5537, #1728 ) ) ;
#3125 = DIRECTION ( 'NONE',  ( 6.427877632151209458E-17, 1.000000000000000000, 0.000000000000000000 ) ) ;
#3126 = LINE ( 'NONE', #1871, #668 ) ;
#3127 = DIRECTION ( 'NONE',  ( -0.000000000000000000, -0.000000000000000000, 1.000000000000000000 ) ) ;
#3129 = ORIENTED_EDGE ( 'NONE', *, *, #2365, .T. ) ;
#3128 = CIRCLE ( 'NONE', #2403, 2.489199999999999413 ) ;
#3130 = DIRECTION ( 'NONE',  ( -1.000000000000000000, 0.000000000000000000, 0.000000000000000000 ) ) ;
#3131 = ORIENTED_EDGE ( 'NONE', *, *, #3719, .F. ) ;
#3132 = AXIS2_PLACEMENT_3D ( 'NONE', #757, #4751, #4647 ) ;
#3133 = ORIENTED_EDGE ( 'NONE', *, *, #4277, .F. ) ;
#3134 = CYLINDRICAL_SURFACE ( 'NONE', #3273, 2.489199999999993640 ) ;
#3135 = DIRECTION ( 'NONE',  ( 0.000000000000000000, 0.000000000000000000, -1.000000000000000000 ) ) ;
#3136 = FACE_BOUND ( 'NONE', #3298, .T. ) ;
#3137 = CIRCLE ( 'NONE', #5239, 2.489199999999986535 ) ;
#3138 = EDGE_CURVE ( 'NONE', #2899, #4853, #649, .T. ) ;
#3139 = CIRCLE ( 'NONE', #3322, 2.489199999999988311 ) ;
#3140 = ORIENTED_EDGE ( 'NONE', *, *, #2165, .F. ) ;
#3141 = CARTESIAN_POINT ( 'NONE',  ( 12.70000000000000107, -63.50000000000000000, -8.673617379884035472E-16 ) ) ;
#3142 = DIRECTION ( 'NONE',  ( -1.000000000000000000, 0.000000000000000000, 0.000000000000000000 ) ) ;
#3143 = EDGE_LOOP ( 'NONE', ( #1783, #1876, #4671, #5226 ) ) ;
#3144 = CARTESIAN_POINT ( 'NONE',  ( -20.44971224213826133, 17.96051224213833208, -1.250462353673376935E-15 ) ) ;
#3145 = FACE_BOUND ( 'NONE', #216, .T. ) ;
#3146 = PRODUCT_DEFINITION_SHAPE ( 'NONE', 'NONE',  #1893 ) ;
#3147 = AXIS2_PLACEMENT_3D ( 'NONE', #4909, #1842, #4041 ) ;
#3148 = EDGE_CURVE ( 'NONE', #3815, #3382, #2685, .T. ) ;
#3149 = EDGE_CURVE ( 'NONE', #1786, #4441, #1801, .T. ) ;
#3150 = CARTESIAN_POINT ( 'NONE',  ( 1.699999999999987965, 16.00000000000000000, -1.347111479062085841E-15 ) ) ;
#3151 = CYLINDRICAL_SURFACE ( 'NONE', #2058, 2.249999999999998668 ) ;
#3152 = VERTEX_POINT ( 'NONE', #537 ) ;
#3153 = ORIENTED_EDGE ( 'NONE', *, *, #5107, .T. ) ;
#3154 = AXIS2_PLACEMENT_3D ( 'NONE', #5448, #667, #1872 ) ;
#3155 = VERTEX_POINT ( 'NONE', #4952 ) ;
#3156 = CARTESIAN_POINT ( 'NONE',  ( 30.69454364826302495, -70.55190296114363946, 4.762500000000000178 ) ) ;
#3157 = CARTESIAN_POINT ( 'NONE',  ( -2.489199999999994972, -38.09999999999999432, 4.762500000000000178 ) ) ;
#3158 = CARTESIAN_POINT ( 'NONE',  ( -28.75000000000001421, -68.60735931288070333, 4.762500000000000178 ) ) ;
#3159 = CIRCLE ( 'NONE', #263, 2.489199999999988311 ) ;
#3160 = CARTESIAN_POINT ( 'NONE',  ( 20.44971224213831817, 17.96051224213827169, -1.250462353673376935E-15 ) ) ;
#3161 = AXIS2_PLACEMENT_3D ( 'NONE', #2567, #3135, #948 ) ;
#3162 = ORIENTED_EDGE ( 'NONE', *, *, #1475, .T. ) ;
#3163 = ORIENTED_EDGE ( 'NONE', *, *, #1233, .T. ) ;
#3164 = DIRECTION ( 'NONE',  ( -3.213938816075603989E-16, 1.000000000000000000, 0.000000000000000000 ) ) ;
#3165 = UNCERTAINTY_MEASURE_WITH_UNIT (LENGTH_MEASURE( 1.000000000000000082E-05 ), #4521, 'distance_accuracy_value', 'NONE');
#3166 = DIRECTION ( 'NONE',  ( -0.000000000000000000, -0.000000000000000000, 1.000000000000000000 ) ) ;
#3167 = CARTESIAN_POINT ( 'NONE',  ( 17.96051224213833208, 17.96051224213827169, 0.000000000000000000 ) ) ;
#3168 = CARTESIAN_POINT ( 'NONE',  ( -22.91080000000000183, -50.80000000000000426, 4.762500000000000178 ) ) ;
#3169 = CIRCLE ( 'NONE', #1445, 2.249999999999998668 ) ;
#3170 = EDGE_LOOP ( 'NONE', ( #4231, #3920, #3162, #2996 ) ) ;
#3171 = DIRECTION ( 'NONE',  ( 1.000000000000000000, 0.000000000000000000, 0.000000000000000000 ) ) ;
#3172 = CARTESIAN_POINT ( 'NONE',  ( -6.349999999999996092, -50.79999999999999716, 4.762500000000000178 ) ) ;
#3173 = ORIENTED_EDGE ( 'NONE', *, *, #5041, .F. ) ;
#3174 = CYLINDRICAL_SURFACE ( 'NONE', #4806, 2.489199999999995416 ) ;
#3175 = FACE_BOUND ( 'NONE', #1917, .T. ) ;
#3176 = EDGE_CURVE ( 'NONE', #5196, #1619, #5240, .T. ) ;
#3177 = CARTESIAN_POINT ( 'NONE',  ( 26.10190296114369701, -75.14454364826298161, 4.762500000000000178 ) ) ;
#3178 = CYLINDRICAL_SURFACE ( 'NONE', #1063, 2.999999999999999112 ) ;
#3179 = EDGE_LOOP ( 'NONE', ( #1571, #4153, #1388, #91, #5055, #473, #905, #1477, #1367, #5040, #5476, #4676, #4892, #1464, #2459, #3578 ) ) ;
#3180 = ORIENTED_EDGE ( 'NONE', *, *, #438, .T. ) ;
#3181 = ORIENTED_EDGE ( 'NONE', *, *, #1113, .F. ) ;
#3182 = CARTESIAN_POINT ( 'NONE',  ( 19.05000000000000071, -50.79999999999999716, 4.762500000000000178 ) ) ;
#3183 = CARTESIAN_POINT ( 'NONE',  ( -19.04999999999999716, -38.10000000000000142, -8.673617379884035472E-16 ) ) ;
#3184 = AXIS2_PLACEMENT_3D ( 'NONE', #1103, #2890, #4183 ) ;
#3185 = LINE ( 'NONE', #3212, #2066 ) ;
#3186 = CARTESIAN_POINT ( 'NONE',  ( -24.15735931288069693, 31.75000000000000000, 4.512500000000000178 ) ) ;
#3187 = EDGE_CURVE ( 'NONE', #4796, #4184, #2140, .T. ) ;
#3188 = EDGE_LOOP ( 'NONE', ( #1280, #3880, #5252, #1702 ) ) ;
#3189 = EDGE_CURVE ( 'NONE', #3819, #5108, #160, .T. ) ;
#3190 = ORIENTED_EDGE ( 'NONE', *, *, #2250, .T. ) ;
#3191 = LINE ( 'NONE', #1969, #1866 ) ;
#3192 = EDGE_CURVE ( 'NONE', #3335, #1649, #1052, .T. ) ;
#3193 = CARTESIAN_POINT ( 'NONE',  ( 10.21080000000000254, -63.50000000000000000, -8.673617379884035472E-16 ) ) ;
#3194 = DIRECTION ( 'NONE',  ( -0.000000000000000000, -0.000000000000000000, 1.000000000000000000 ) ) ;
#3195 = FACE_BOUND ( 'NONE', #1201, .T. ) ;
#3196 = PRESENTATION_STYLE_ASSIGNMENT (( #5369 ) ) ;
#3197 = EDGE_LOOP ( 'NONE', ( #819, #1990 ) ) ;
#3198 = DIRECTION ( 'NONE',  ( -0.000000000000000000, -0.000000000000000000, 1.000000000000000000 ) ) ;
#3199 = DIRECTION ( 'NONE',  ( -0.000000000000000000, -0.000000000000000000, 1.000000000000000000 ) ) ;
#3200 = ORIENTED_EDGE ( 'NONE', *, *, #1248, .F. ) ;
#3201 = DIRECTION ( 'NONE',  ( -1.000000000000000000, 0.000000000000000000, 0.000000000000000000 ) ) ;
#3202 = LINE ( 'NONE', #225, #4873 ) ;
#3203 = EDGE_CURVE ( 'NONE', #2390, #4992, #5604, .T. ) ;
#3204 = CARTESIAN_POINT ( 'NONE',  ( -13.85640646055102465, 7.999999999999989342, -1.347111479062085841E-15 ) ) ;
#3205 = CIRCLE ( 'NONE', #2659, 1.699999999999998401 ) ;
#3206 = CARTESIAN_POINT ( 'NONE',  ( 2.489200000000002522, -50.79999999999999716, -8.673617379884035472E-16 ) ) ;
#3207 = ORIENTED_EDGE ( 'NONE', *, *, #2270, .T. ) ;
#3208 = ORIENTED_EDGE ( 'NONE', *, *, #4763, .T. ) ;
#3209 = ORIENTED_EDGE ( 'NONE', *, *, #2662, .T. ) ;
#3210 = CARTESIAN_POINT ( 'NONE',  ( 24.48624525612481406, 12.69999999999987139, 0.000000000000000000 ) ) ;
#3211 = DIRECTION ( 'NONE',  ( -0.000000000000000000, -0.000000000000000000, 1.000000000000000000 ) ) ;
#3212 = CARTESIAN_POINT ( 'NONE',  ( -15.18919999999994275, 21.99704525612477113, 0.000000000000000000 ) ) ;
#3213 = ORIENTED_EDGE ( 'NONE', *, *, #1344, .T. ) ;
#3214 = EDGE_CURVE ( 'NONE', #5363, #5005, #5157, .T. ) ;
#3215 = ORIENTED_EDGE ( 'NONE', *, *, #843, .F. ) ;
#3216 = CARTESIAN_POINT ( 'NONE',  ( 15.18919999999998893, -63.50000000000000000, 4.762500000000001066 ) ) ;
#3217 = AXIS2_PLACEMENT_3D ( 'NONE', #5170, #1264, #944 ) ;
#3218 = LINE ( 'NONE', #698, #2923 ) ;
#3219 = DIRECTION ( 'NONE',  ( -1.000000000000000000, 0.000000000000000000, 0.000000000000000000 ) ) ;
#3220 = FACE_BOUND ( 'NONE', #5523, .T. ) ;
#3221 = EDGE_LOOP ( 'NONE', ( #2096, #1134 ) ) ;
#3222 = VECTOR ( 'NONE', #1718, 999.9999999999998863 ) ;
#3223 = ORIENTED_EDGE ( 'NONE', *, *, #3087, .F. ) ;
#3224 = VERTEX_POINT ( 'NONE', #3631 ) ;
#3225 = DIRECTION ( 'NONE',  ( -1.000000000000000000, 0.000000000000000000, 0.000000000000000000 ) ) ;
#3226 = CARTESIAN_POINT ( 'NONE',  ( 26.27867965644033532, -75.32132034355961991, 4.512499999999996625 ) ) ;
#3227 = ORIENTED_EDGE ( 'NONE', *, *, #803, .F. ) ;
#3228 = DIRECTION ( 'NONE',  ( -1.000000000000000000, 0.000000000000000000, 0.000000000000000000 ) ) ;
#3229 = DIRECTION ( 'NONE',  ( -0.000000000000000000, -0.000000000000000000, -1.000000000000000000 ) ) ;
#3230 = VECTOR ( 'NONE', #2374, 1000.000000000000000 ) ;
#3231 = CIRCLE ( 'NONE', #1513, 2.749999999999992006 ) ;
#3232 = DIRECTION ( 'NONE',  ( -0.000000000000000000, -0.000000000000000000, -1.000000000000000000 ) ) ;
#3233 = CARTESIAN_POINT ( 'NONE',  ( -12.69999999999999751, -63.50000000000000000, 4.762500000000001066 ) ) ;
#3234 = VERTEX_POINT ( 'NONE', #4093 ) ;
#3235 = CIRCLE ( 'NONE', #1778, 2.999999999999999112 ) ;
#3236 = ORIENTED_EDGE ( 'NONE', *, *, #1568, .F. ) ;
#3237 = CIRCLE ( 'NONE', #4713, 2.489199999999999413 ) ;
#3238 = EDGE_LOOP ( 'NONE', ( #172, #3081 ) ) ;
#3239 = CARTESIAN_POINT ( 'NONE',  ( -12.05890000000000484, -2.155326144693640700, 0.000000000000000000 ) ) ;
#3240 = LINE ( 'NONE', #1425, #1923 ) ;
#3241 = DIRECTION ( 'NONE',  ( -0.000000000000000000, -0.000000000000000000, 1.000000000000000000 ) ) ;
#3242 = ORIENTED_EDGE ( 'NONE', *, *, #571, .F. ) ;
#3243 = ADVANCED_FACE ( 'NONE', ( #193 ), #5371, .F. ) ;
#3244 = AXIS2_PLACEMENT_3D ( 'NONE', #720, #4275, #5086 ) ;
#3245 = ORIENTED_EDGE ( 'NONE', *, *, #824, .T. ) ;
#3246 = VECTOR ( 'NONE', #287, 1000.000000000000000 ) ;
#3247 = CARTESIAN_POINT ( 'NONE',  ( 19.50784525612481346, 12.69999999999987139, 4.762500000000000178 ) ) ;
#3248 = DIRECTION ( 'NONE',  ( -0.000000000000000000, -0.000000000000000000, 1.000000000000000000 ) ) ;
#3249 = CIRCLE ( 'NONE', #4903, 2.750000000000002665 ) ;
#3250 = CARTESIAN_POINT ( 'NONE',  ( 30.87132034355967036, -70.72867965644029198, 4.762500000000000178 ) ) ;
#3251 = DIRECTION ( 'NONE',  ( -0.000000000000000000, -0.000000000000000000, 1.000000000000000000 ) ) ;
#3252 = ORIENTED_EDGE ( 'NONE', *, *, #4657, .T. ) ;
#3253 = ADVANCED_FACE ( 'NONE', ( #1831 ), #2769, .F. ) ;
#3254 = AXIS2_PLACEMENT_3D ( 'NONE', #5057, #1175, #3813 ) ;
#3255 = AXIS2_PLACEMENT_3D ( 'NONE', #1940, #2827, #5336 ) ;
#3256 = ORIENTED_EDGE ( 'NONE', *, *, #5511, .T. ) ;
#3257 = ORIENTED_EDGE ( 'NONE', *, *, #5465, .F. ) ;
#3258 = CYLINDRICAL_SURFACE ( 'NONE', #3184, 2.489199999999994084 ) ;
#3259 = ORIENTED_EDGE ( 'NONE', *, *, #422, .F. ) ;
#3260 = CARTESIAN_POINT ( 'NONE',  ( 8.839199999999996393, -50.79999999999999716, 4.762500000000000178 ) ) ;
#3261 = DIRECTION ( 'NONE',  ( -1.000000000000000000, 0.000000000000000000, 0.000000000000000000 ) ) ;
#3262 = EDGE_CURVE ( 'NONE', #5557, #1304, #3962, .T. ) ;
#3263 = EDGE_CURVE ( 'NONE', #4046, #3737, #426, .T. ) ;
#3264 = CARTESIAN_POINT ( 'NONE',  ( 8.731250000000072120, -15.12296861358571576, 4.762500000000001066 ) ) ;
#3265 = CARTESIAN_POINT ( 'NONE',  ( 6.349999999999998757, -38.09999999999999432, 4.762500000000001066 ) ) ;
#3266 = EDGE_LOOP ( 'NONE', ( #1578, #1944, #4922, #4399 ) ) ;
#3267 = ORIENTED_EDGE ( 'NONE', *, *, #2488, .F. ) ;
#3268 = ORIENTED_EDGE ( 'NONE', *, *, #4830, .T. ) ;
#3269 = CARTESIAN_POINT ( 'NONE',  ( -26.27867965644033887, 30.87132034355964905, 0.2500000000000003331 ) ) ;
#3270 = LINE ( 'NONE', #5083, #3465 ) ;
#3271 = CARTESIAN_POINT ( 'NONE',  ( 6.242050000000084253, -15.12296861358571576, 4.762500000000001066 ) ) ;
#3272 = ORIENTED_EDGE ( 'NONE', *, *, #4448, .T. ) ;
#3273 = AXIS2_PLACEMENT_3D ( 'NONE', #1879, #1431, #975 ) ;
#3274 = ORIENTED_EDGE ( 'NONE', *, *, #4667, .T. ) ;
#3275 = FACE_OUTER_BOUND ( 'NONE', #68, .T. ) ;
#3276 = CARTESIAN_POINT ( 'NONE',  ( 0.000000000000000000, 0.000000000000000000, 4.762500000000000178 ) ) ;
#3277 = CARTESIAN_POINT ( 'NONE',  ( 31.74999999999999289, 24.15735931288070404, 0.2500000000000002220 ) ) ;
#3278 = FACE_BOUND ( 'NONE', #2746, .T. ) ;
#3279 = VECTOR ( 'NONE', #5506, 1000.000000000000114 ) ;
#3280 = ADVANCED_FACE ( 'NONE', ( #852 ), #3795, .F. ) ;
#3281 = LINE ( 'NONE', #1491, #4781 ) ;
#3282 = ORIENTED_EDGE ( 'NONE', *, *, #234, .F. ) ;
#3283 = VERTEX_POINT ( 'NONE', #5504 ) ;
#3284 = DIRECTION ( 'NONE',  ( -0.000000000000000000, -0.000000000000000000, 1.000000000000000000 ) ) ;
#3285 = ORIENTED_EDGE ( 'NONE', *, *, #772, .F. ) ;
#3286 = DIRECTION ( 'NONE',  ( 1.000000000000000000, 0.000000000000000000, 0.000000000000000000 ) ) ;
#3287 = CARTESIAN_POINT ( 'NONE',  ( -12.69999999999994955, 21.99704525612477113, -1.250462353673376935E-15 ) ) ;
#3288 = DIRECTION ( 'NONE',  ( 1.000000000000000000, 0.000000000000000000, 0.000000000000000000 ) ) ;
#3289 = CARTESIAN_POINT ( 'NONE',  ( -31.50000000000001421, -68.60735931288070333, 4.762500000000000178 ) ) ;
#3290 = EDGE_LOOP ( 'NONE', ( #3180, #5081 ) ) ;
#3291 = EDGE_CURVE ( 'NONE', #747, #4641, #5091, .T. ) ;
#3292 = DIRECTION ( 'NONE',  ( -1.000000000000000000, 0.000000000000000000, 0.000000000000000000 ) ) ;
#3293 = VECTOR ( 'NONE', #4670, 1000.000000000000000 ) ;
#3294 = EDGE_LOOP ( 'NONE', ( #3215, #296, #183, #2564 ) ) ;
#3295 = DIRECTION ( 'NONE',  ( -1.000000000000000000, 0.000000000000000000, 0.000000000000000000 ) ) ;
#3296 = DIRECTION ( 'NONE',  ( 0.7071067811865474617, 0.000000000000000000, -0.7071067811865474617 ) ) ;
#3297 = PLANE ( 'NONE',  #2151 ) ;
#3298 = EDGE_LOOP ( 'NONE', ( #1315, #902 ) ) ;
#3299 = ORIENTED_EDGE ( 'NONE', *, *, #2625, .F. ) ;
#3300 = DIRECTION ( 'NONE',  ( 1.000000000000000000, 0.000000000000000000, 0.000000000000000000 ) ) ;
#3301 = CARTESIAN_POINT ( 'NONE',  ( 30.87132034355964194, 26.27867965644033887, 4.512500000000000178 ) ) ;
#3302 = DIRECTION ( 'NONE',  ( 1.000000000000000000, 0.000000000000000000, 0.000000000000000000 ) ) ;
#3303 = DIRECTION ( 'NONE',  ( 1.000000000000000000, 0.000000000000000000, 0.000000000000000000 ) ) ;
#3304 = ORIENTED_EDGE ( 'NONE', *, *, #154, .F. ) ;
#3305 = ORIENTED_EDGE ( 'NONE', *, *, #4376, .F. ) ;
#3306 = DIRECTION ( 'NONE',  ( -0.000000000000000000, -0.000000000000000000, 1.000000000000000000 ) ) ;
#3307 = ORIENTED_EDGE ( 'NONE', *, *, #3961, .T. ) ;
#3308 = DIRECTION ( 'NONE',  ( -0.000000000000000000, -0.000000000000000000, 1.000000000000000000 ) ) ;
#3309 = AXIS2_PLACEMENT_3D ( 'NONE', #681, #2349, #3261 ) ;
#3310 = DIRECTION ( 'NONE',  ( -0.000000000000000000, -0.000000000000000000, -1.000000000000000000 ) ) ;
#3311 = ADVANCED_FACE ( 'NONE', ( #2936 ), #802, .F. ) ;
#3312 = MANIFOLD_SOLID_BREP ( 'Fillet2', #3343 ) ;
#3313 = CIRCLE ( 'NONE', #51, 2.489200000000000301 ) ;
#3314 = LINE ( 'NONE', #3370, #2976 ) ;
#3315 = DIRECTION ( 'NONE',  ( -0.000000000000000000, -0.000000000000000000, -1.000000000000000000 ) ) ;
#3316 = ORIENTED_EDGE ( 'NONE', *, *, #1808, .F. ) ;
#3317 = CARTESIAN_POINT ( 'NONE',  ( -13.85640646055102465, 7.999999999999989342, 4.762500000000001066 ) ) ;
#3318 = EDGE_CURVE ( 'NONE', #5244, #2175, #4244, .T. ) ;
#3319 = VECTOR ( 'NONE', #903, 1000.000000000000000 ) ;
#3320 = AXIS2_PLACEMENT_3D ( 'NONE', #4315, #423, #2147 ) ;
#3321 = ORIENTED_EDGE ( 'NONE', *, *, #760, .T. ) ;
#3322 = AXIS2_PLACEMENT_3D ( 'NONE', #1731, #882, #2617 ) ;
#3323 = CYLINDRICAL_SURFACE ( 'NONE', #3070, 2.489199999999993640 ) ;
#3324 = CARTESIAN_POINT ( 'NONE',  ( 12.69999999999999751, -38.09999999999999432, -8.673617379884035472E-16 ) ) ;
#3325 = DIRECTION ( 'NONE',  ( -0.000000000000000000, -0.000000000000000000, 1.000000000000000000 ) ) ;
#3326 = ORIENTED_EDGE ( 'NONE', *, *, #4499, .F. ) ;
#3327 = EDGE_CURVE ( 'NONE', #4654, #4049, #607, .T. ) ;
#3328 = AXIS2_PLACEMENT_3D ( 'NONE', #1452, #689, #118 ) ;
#3329 = EDGE_LOOP ( 'NONE', ( #4234, #1440 ) ) ;
#3330 = DIRECTION ( 'NONE',  ( 1.000000000000000000, 0.000000000000000000, 0.000000000000000000 ) ) ;
#3331 = CYLINDRICAL_SURFACE ( 'NONE', #5245, 2.249999999999998668 ) ;
#3332 = LINE ( 'NONE', #727, #380 ) ;
#3333 = CARTESIAN_POINT ( 'NONE',  ( 50.62322330470329490, -50.62322330470340148, 0.000000000000000000 ) ) ;
#3334 = AXIS2_PLACEMENT_3D ( 'NONE', #3264, #3807, #5019 ) ;
#3335 = VERTEX_POINT ( 'NONE', #3875 ) ;
#3336 = CIRCLE ( 'NONE', #1792, 0.5000000000000004441 ) ;
#3337 = CARTESIAN_POINT ( 'NONE',  ( 0.000000000000000000, 16.00000000000000000, 0.000000000000000000 ) ) ;
#3338 = DIRECTION ( 'NONE',  ( -0.000000000000000000, -0.000000000000000000, -1.000000000000000000 ) ) ;
#3339 = ORIENTED_EDGE ( 'NONE', *, *, #2426, .F. ) ;
#3340 = CARTESIAN_POINT ( 'NONE',  ( -17.96051224213833208, -17.96051224213827169, 4.762500000000000178 ) ) ;
#3341 = CIRCLE ( 'NONE', #1172, 2.489199999999989199 ) ;
#3342 = CARTESIAN_POINT ( 'NONE',  ( -15.18920000000025006, -21.99704525612459349, 0.000000000000000000 ) ) ;
#3343 = CLOSED_SHELL ( 'NONE', ( #124, #1249, #2615, #694, #359, #1827, #3682, #2350, #4484, #1551, #1895, #4845, #5217, #1342, #4652, #2383, #2319, #2065, #4608, #4805, #933, #3243, #2697, #4027, #3917, #3579, #305, #2945, #5307, #4265, #66, #1588, #1829, #2108, #1305, #1860, #4759, #3017, #1848, #3831, #2843, #3966, #4860, #3080, #642, #5224, #519, #203, #3843, #4694, #2908, #241, #3361, #2253, #4891, #5397, #931, #3851, #2654, #2570, #4529, #2576, #4258, #2688, #70, #1083, #177, #394, #5607, #3369, #2429, #1820, #4698, #3666, #4373, #451, #4684, #4507, #4804, #2458, #2079, #1753, #4689, #2460, #4334, #1124, #5390, #1449, #173, #2476, #3679, #3800, #5466, #3123, #4758, #2012, #3596, #4734, #2591, #2409, #723, #5441, #1415, #825, #4005, #1760, #2031, #4564, #3987, #5484, #657, #3911, #5574, #2303, #1186, #1137, #176, #376, #1943, #1470, #2013, #2916, #4172, #2992, #4022, #1277, #5564, #844, #3608, #4481, #2448, #3782, #2820, #4107, #1642, #3535, #3280, #4846, #5349, #2182, #5182, #3073, #4219, #4147, #3311, #2846, #5457, #1900, #3925, #655, #662, #4453, #2425, #576, #1537, #879, #41, #3253, #3387, #2110, #311, #2308, #4137, #2128, #1989 ) ) ;
#3344 = AXIS2_PLACEMENT_3D ( 'NONE', #2367, #1851, #1488 ) ;
#3345 = DIRECTION ( 'NONE',  ( -0.000000000000000000, -0.000000000000000000, -1.000000000000000000 ) ) ;
#3346 = CARTESIAN_POINT ( 'NONE',  ( 0.000000000000000000, 16.00000000000000000, -1.347111479062085841E-15 ) ) ;
#3348 = EDGE_LOOP ( 'NONE', ( #3448, #1327, #1589, #2562 ) ) ;
#3347 = CIRCLE ( 'NONE', #1178, 1.699999999999998401 ) ;
#3349 = CARTESIAN_POINT ( 'NONE',  ( 21.99704525612463968, -12.70000000000018048, 4.762500000000000178 ) ) ;
#3350 = CONICAL_SURFACE ( 'NONE', #898, 2.749999999999995559, 0.7853981633974578269 ) ;
#3351 = ORIENTED_EDGE ( 'NONE', *, *, #5107, .F. ) ;
#3352 = FACE_OUTER_BOUND ( 'NONE', #2759, .T. ) ;
#3353 = DIRECTION ( 'NONE',  ( -0.000000000000000000, -0.000000000000000000, -1.000000000000000000 ) ) ;
#3354 = DIRECTION ( 'NONE',  ( 0.7071067811865430208, 2.272597931165709293E-16, -0.7071067811865521247 ) ) ;
#3355 = ORIENTED_EDGE ( 'NONE', *, *, #3830, .F. ) ;
#3356 = EDGE_LOOP ( 'NONE', ( #1992, #1357 ) ) ;
#3357 = DIRECTION ( 'NONE',  ( -0.000000000000000000, -0.000000000000000000, -1.000000000000000000 ) ) ;
#3358 = EDGE_CURVE ( 'NONE', #1786, #2326, #1963, .T. ) ;
#3359 = DIRECTION ( 'NONE',  ( -1.000000000000000000, 0.000000000000000000, 0.000000000000000000 ) ) ;
#3360 = DIRECTION ( 'NONE',  ( -0.000000000000000000, -0.000000000000000000, -1.000000000000000000 ) ) ;
#3361 = ADVANCED_FACE ( 'NONE', ( #1680 ), #5617, .F. ) ;
#3362 = AXIS2_PLACEMENT_3D ( 'NONE', #559, #3166, #4917 ) ;
#3363 = EDGE_CURVE ( 'NONE', #5611, #3534, #2690, .T. ) ;
#3364 = ORIENTED_EDGE ( 'NONE', *, *, #939, .T. ) ;
#3365 = ORIENTED_EDGE ( 'NONE', *, *, #3501, .T. ) ;
#3366 = CARTESIAN_POINT ( 'NONE',  ( 25.39999999999999858, -38.09999999999999432, -8.673617379884035472E-16 ) ) ;
#3367 = DIRECTION ( 'NONE',  ( -1.000000000000000000, 0.000000000000000000, 0.000000000000000000 ) ) ;
#3368 = DIRECTION ( 'NONE',  ( -1.000000000000000000, 0.000000000000000000, 0.000000000000000000 ) ) ;
#3369 = ADVANCED_FACE ( 'NONE', ( #5563 ), #1653, .F. ) ;
#3370 = CARTESIAN_POINT ( 'NONE',  ( 2.489199999999995860, -63.50000000000000000, 4.762500000000000178 ) ) ;
#3371 = DIRECTION ( 'NONE',  ( -0.000000000000000000, -0.000000000000000000, 1.000000000000000000 ) ) ;
#3372 = ORIENTED_EDGE ( 'NONE', *, *, #620, .T. ) ;
#3373 = EDGE_CURVE ( 'NONE', #3754, #116, #2106, .T. ) ;
#3374 = FACE_BOUND ( 'NONE', #3502, .T. ) ;
#3375 = CIRCLE ( 'NONE', #4579, 2.999999999999999112 ) ;
#3376 = CARTESIAN_POINT ( 'NONE',  ( 15.55640646055100973, 8.000000000000005329, 0.000000000000000000 ) ) ;
#3377 = DIRECTION ( 'NONE',  ( 0.000000000000000000, 0.000000000000000000, 1.000000000000000000 ) ) ;
#3378 = ORIENTED_EDGE ( 'NONE', *, *, #1568, .T. ) ;
#3379 = DIRECTION ( 'NONE',  ( 1.000000000000000000, 0.000000000000000000, 0.000000000000000000 ) ) ;
#3380 = AXIS2_PLACEMENT_3D ( 'NONE', #2375, #3306, #5015 ) ;
#3381 = VERTEX_POINT ( 'NONE', #2991 ) ;
#3382 = VERTEX_POINT ( 'NONE', #2560 ) ;
#3383 = CARTESIAN_POINT ( 'NONE',  ( -31.75000000000000711, 25.40000000000000568, 4.762500000000000178 ) ) ;
#3384 = DIRECTION ( 'NONE',  ( -1.000000000000000000, 0.000000000000000000, 0.000000000000000000 ) ) ;
#3385 = VECTOR ( 'NONE', #1559, 1000.000000000000000 ) ;
#3386 = DIRECTION ( 'NONE',  ( -1.000000000000000000, 0.000000000000000000, 0.000000000000000000 ) ) ;
#3387 = ADVANCED_FACE ( 'NONE', ( #3443 ), #3331, .F. ) ;
#3388 = EDGE_CURVE ( 'NONE', #2041, #2657, #3932, .T. ) ;
#3389 = VERTEX_POINT ( 'NONE', #32 ) ;
#3390 = CARTESIAN_POINT ( 'NONE',  ( 10.21080000000000254, -50.79999999999999716, -8.673617379884035472E-16 ) ) ;
#3391 = DIRECTION ( 'NONE',  ( -0.000000000000000000, -0.000000000000000000, 1.000000000000000000 ) ) ;
#3392 = FACE_OUTER_BOUND ( 'NONE', #433, .T. ) ;
#3393 = CARTESIAN_POINT ( 'NONE',  ( 12.15915000000000035, 1.665479293626911383, 4.762500000000001066 ) ) ;
#3394 = DIRECTION ( 'NONE',  ( -0.000000000000000000, -0.000000000000000000, -1.000000000000000000 ) ) ;
#3395 = AXIS2_PLACEMENT_3D ( 'NONE', #1170, #122, #1845 ) ;
#3396 = CARTESIAN_POINT ( 'NONE',  ( -28.75000000000001421, -68.60735931288070333, 0.000000000000000000 ) ) ;
#3397 = ORIENTED_EDGE ( 'NONE', *, *, #5270, .F. ) ;
#3398 = CARTESIAN_POINT ( 'NONE',  ( -25.40000000000003411, -76.19999999999998863, 4.762500000000000178 ) ) ;
#3399 = CIRCLE ( 'NONE', #1403, 2.489199999999986535 ) ;
#3400 = EDGE_CURVE ( 'NONE', #1552, #1490, #249, .T. ) ;
#3401 = CYLINDRICAL_SURFACE ( 'NONE', #2340, 2.489199999999994084 ) ;
#3402 = CARTESIAN_POINT ( 'NONE',  ( 31.75000000000000000, 24.15735931288070404, 4.512500000000000178 ) ) ;
#3403 = ORIENTED_EDGE ( 'NONE', *, *, #2785, .F. ) ;
#3404 = EDGE_CURVE ( 'NONE', #746, #2502, #969, .T. ) ;
#3405 = DIRECTION ( 'NONE',  ( -0.000000000000000000, -0.000000000000000000, -1.000000000000000000 ) ) ;
#3406 = AXIS2_PLACEMENT_3D ( 'NONE', #21, #47, #1774 ) ;
#3407 = EDGE_LOOP ( 'NONE', ( #36, #5578 ) ) ;
#3408 = AXIS2_PLACEMENT_3D ( 'NONE', #1015, #983, #3171 ) ;
#3409 = VECTOR ( 'NONE', #611, 1000.000000000000000 ) ;
#3410 = AXIS2_PLACEMENT_3D ( 'NONE', #1339, #4331, #3078 ) ;
#3411 = ORIENTED_EDGE ( 'NONE', *, *, #3429, .F. ) ;
#3412 = CARTESIAN_POINT ( 'NONE',  ( -8.731250000000072120, 15.12296861358571576, -2.602085213965210642E-15 ) ) ;
#3413 = DIRECTION ( 'NONE',  ( -0.5000000000000026645, -0.4999999999999999445, -0.7071067811865457964 ) ) ;
#3414 = VECTOR ( 'NONE', #2584, 1000.000000000000000 ) ;
#3415 = DIRECTION ( 'NONE',  ( -0.000000000000000000, -0.000000000000000000, 1.000000000000000000 ) ) ;
#3416 = AXIS2_PLACEMENT_3D ( 'NONE', #206, #143, #1929 ) ;
#3417 = VERTEX_POINT ( 'NONE', #4329 ) ;
#3418 = ORIENTED_EDGE ( 'NONE', *, *, #520, .F. ) ;
#3419 = CARTESIAN_POINT ( 'NONE',  ( 31.50000000000002842, -68.60735931288064648, 4.762500000000000178 ) ) ;
#3420 = LINE ( 'NONE', #892, #4465 ) ;
#3421 = CARTESIAN_POINT ( 'NONE',  ( -10.21079999999999544, -50.79999999999999716, -8.673617379884035472E-16 ) ) ;
#3422 = EDGE_CURVE ( 'NONE', #229, #943, #4788, .T. ) ;
#3423 = CARTESIAN_POINT ( 'NONE',  ( 31.75000000000002842, -76.19999999999997442, 4.512500000000000178 ) ) ;
#3424 = AXIS2_PLACEMENT_3D ( 'NONE', #269, #2420, #4542 ) ;
#3425 = AXIS2_PLACEMENT_3D ( 'NONE', #1696, #4835, #2599 ) ;
#3426 = DIRECTION ( 'NONE',  ( -0.000000000000000000, -0.000000000000000000, -1.000000000000000000 ) ) ;
#3427 = CARTESIAN_POINT ( 'NONE',  ( 15.18919999999999426, -63.50000000000000000, 4.762500000000000178 ) ) ;
#3428 = VERTEX_POINT ( 'NONE', #4849 ) ;
#3429 = EDGE_CURVE ( 'NONE', #4106, #3975, #5518, .T. ) ;
#3430 = EDGE_CURVE ( 'NONE', #1490, #4690, #1788, .T. ) ;
#3431 = DIRECTION ( 'NONE',  ( 0.000000000000000000, 0.000000000000000000, -1.000000000000000000 ) ) ;
#3432 = CIRCLE ( 'NONE', #5258, 2.489199999999999413 ) ;
#3433 = EDGE_CURVE ( 'NONE', #5568, #2669, #3505, .T. ) ;
#3434 = AXIS2_PLACEMENT_3D ( 'NONE', #156, #4577, #5423 ) ;
#3435 = CARTESIAN_POINT ( 'NONE',  ( -28.75000000000000711, 24.15735931288069693, 0.000000000000000000 ) ) ;
#3436 = DIRECTION ( 'NONE',  ( 1.000000000000000000, 0.000000000000000000, 0.000000000000000000 ) ) ;
#3437 = ORIENTED_EDGE ( 'NONE', *, *, #2549, .T. ) ;
#3438 = CYLINDRICAL_SURFACE ( 'NONE', #2522, 2.489199999999993640 ) ;
#3439 = ORIENTED_EDGE ( 'NONE', *, *, #1693, .F. ) ;
#3440 = AXIS2_PLACEMENT_3D ( 'NONE', #2577, #4379, #3464 ) ;
#3441 = ORIENTED_EDGE ( 'NONE', *, *, #3486, .F. ) ;
#3442 = CARTESIAN_POINT ( 'NONE',  ( -12.05890000000000484, 2.155326144693640700, 0.000000000000000000 ) ) ;
#3443 = FACE_OUTER_BOUND ( 'NONE', #3935, .T. ) ;
#3444 = ORIENTED_EDGE ( 'NONE', *, *, #5053, .T. ) ;
#3445 = DIRECTION ( 'NONE',  ( -0.000000000000000000, -0.000000000000000000, -1.000000000000000000 ) ) ;
#3446 = ORIENTED_EDGE ( 'NONE', *, *, #126, .T. ) ;
#3447 = VECTOR ( 'NONE', #4294, 1000.000000000000000 ) ;
#3448 = ORIENTED_EDGE ( 'NONE', *, *, #2878, .T. ) ;
#3449 = CARTESIAN_POINT ( 'NONE',  ( -30.87132034355965260, 26.27867965644035309, 0.2500000000000002220 ) ) ;
#3450 = LINE ( 'NONE', #2062, #3548 ) ;
#3451 = EDGE_CURVE ( 'NONE', #1800, #2390, #3904, .T. ) ;
#3452 = DIRECTION ( 'NONE',  ( -1.000000000000000000, -5.046468293750706671E-15, 0.000000000000000000 ) ) ;
#3453 = DIRECTION ( 'NONE',  ( -1.000000000000000000, -2.185478394931409589E-16, 0.000000000000000000 ) ) ;
#3454 = EDGE_CURVE ( 'NONE', #131, #5370, #3470, .T. ) ;
#3455 = AXIS2_PLACEMENT_3D ( 'NONE', #3026, #5178, #4724 ) ;
#3456 = PLANE ( 'NONE',  #1320 ) ;
#3457 = CARTESIAN_POINT ( 'NONE',  ( -12.50000000000000000, 0.000000000000000000, -1.347111479062085841E-15 ) ) ;
#3458 = ORIENTED_EDGE ( 'NONE', *, *, #5273, .T. ) ;
#3459 = DIRECTION ( 'NONE',  ( -0.000000000000000000, -0.000000000000000000, 1.000000000000000000 ) ) ;
#3460 = FACE_OUTER_BOUND ( 'NONE', #4059, .T. ) ;
#3461 = EDGE_CURVE ( 'NONE', #850, #5399, #3231, .T. ) ;
#3462 = EDGE_CURVE ( 'NONE', #1448, #3059, #4707, .T. ) ;
#3463 = DIRECTION ( 'NONE',  ( 0.000000000000000000, 0.000000000000000000, -1.000000000000000000 ) ) ;
#3464 = DIRECTION ( 'NONE',  ( -1.000000000000000000, 0.000000000000000000, 0.000000000000000000 ) ) ;
#3465 = VECTOR ( 'NONE', #4222, 1000.000000000000000 ) ;
#3466 = ORIENTED_EDGE ( 'NONE', *, *, #3490, .T. ) ;
#3467 = EDGE_LOOP ( 'NONE', ( #5308, #1698 ) ) ;
#3468 = EDGE_LOOP ( 'NONE', ( #3675, #648 ) ) ;
#3469 = DIRECTION ( 'NONE',  ( 1.000000000000000000, 0.000000000000000000, 0.000000000000000000 ) ) ;
#3470 = LINE ( 'NONE', #5221, #60 ) ;
#3471 = EDGE_LOOP ( 'NONE', ( #4612, #205 ) ) ;
#3472 = LINE ( 'NONE', #4744, #3780 ) ;
#3473 = EDGE_LOOP ( 'NONE', ( #1536, #2166 ) ) ;
#3474 = ORIENTED_EDGE ( 'NONE', *, *, #2776, .T. ) ;
#3475 = DIRECTION ( 'NONE',  ( -0.000000000000000000, -0.000000000000000000, 1.000000000000000000 ) ) ;
#3476 = FACE_OUTER_BOUND ( 'NONE', #4410, .T. ) ;
#3477 = CARTESIAN_POINT ( 'NONE',  ( -24.15735931288069693, 28.75000000000000000, 4.762500000000000178 ) ) ;
#3478 = LINE ( 'NONE', #130, #3867 ) ;
#3479 = EDGE_CURVE ( 'NONE', #5051, #4310, #3044, .T. ) ;
#3480 = DIRECTION ( 'NONE',  ( -0.000000000000000000, -0.000000000000000000, -1.000000000000000000 ) ) ;
#3481 = DIRECTION ( 'NONE',  ( 0.7071067811865460184, -0.7071067811865490160, 0.000000000000000000 ) ) ;
#3482 = VERTEX_POINT ( 'NONE', #5276 ) ;
#3483 = DIRECTION ( 'NONE',  ( -0.000000000000000000, -0.000000000000000000, 1.000000000000000000 ) ) ;
#3484 = FACE_BOUND ( 'NONE', #3947, .T. ) ;
#3485 = ORIENTED_EDGE ( 'NONE', *, *, #1590, .T. ) ;
#3486 = EDGE_CURVE ( 'NONE', #5561, #4904, #3697, .T. ) ;
#3487 = CARTESIAN_POINT ( 'NONE',  ( 7.249999999999968026, 12.55736835487438086, 6.735557395310589195E-17 ) ) ;
#3488 = DIRECTION ( 'NONE',  ( -0.000000000000000000, -0.000000000000000000, -1.000000000000000000 ) ) ;
#3489 = EDGE_LOOP ( 'NONE', ( #2445, #4360, #4787, #5235 ) ) ;
#3490 = EDGE_CURVE ( 'NONE', #1157, #152, #93, .T. ) ;
#3491 = AXIS2_PLACEMENT_3D ( 'NONE', #1532, #2378, #1499 ) ;
#3492 = ORIENTED_EDGE ( 'NONE', *, *, #1966, .T. ) ;
#3493 = ORIENTED_EDGE ( 'NONE', *, *, #4989, .F. ) ;
#3494 = CARTESIAN_POINT ( 'NONE',  ( -27.88919999999999533, -63.50000000000000000, 4.762500000000000178 ) ) ;
#3495 = VECTOR ( 'NONE', #4606, 1000.000000000000000 ) ;
#3496 = DIRECTION ( 'NONE',  ( -0.000000000000000000, -0.000000000000000000, 1.000000000000000000 ) ) ;
#3497 = EDGE_CURVE ( 'NONE', #877, #407, #4019, .T. ) ;
#3498 = ORIENTED_EDGE ( 'NONE', *, *, #2490, .T. ) ;
#3499 = DIRECTION ( 'NONE',  ( -0.000000000000000000, -0.000000000000000000, 1.000000000000000000 ) ) ;
#3500 = AXIS2_PLACEMENT_3D ( 'NONE', #3141, #2806, #4061 ) ;
#3501 = EDGE_CURVE ( 'NONE', #722, #4853, #2605, .T. ) ;
#3502 = EDGE_LOOP ( 'NONE', ( #414, #1362 ) ) ;
#3503 = AXIS2_PLACEMENT_3D ( 'NONE', #3349, #4677, #2042 ) ;
#3504 = VERTEX_POINT ( 'NONE', #1336 ) ;
#3505 = CIRCLE ( 'NONE', #1059, 2.489200000000000301 ) ;
#3506 = VECTOR ( 'NONE', #5502, 1000.000000000000000 ) ;
#3507 = CARTESIAN_POINT ( 'NONE',  ( -12.50000000000000000, 0.000000000000000000, 0.000000000000000000 ) ) ;
#3508 = CARTESIAN_POINT ( 'NONE',  ( 12.69999999999979323, -21.99704525612485639, 4.762500000000000178 ) ) ;
#3509 = FACE_BOUND ( 'NONE', #5544, .T. ) ;
#3510 = CIRCLE ( 'NONE', #787, 1.699999999999987965 ) ;
#3511 = ORIENTED_EDGE ( 'NONE', *, *, #3567, .T. ) ;
#3512 = CARTESIAN_POINT ( 'NONE',  ( 20.44971224213826844, -17.96051224213833564, 0.000000000000000000 ) ) ;
#3513 = CARTESIAN_POINT ( 'NONE',  ( 21.53919999999999391, -50.79999999999999716, 4.762500000000000178 ) ) ;
#3514 = ORIENTED_EDGE ( 'NONE', *, *, #280, .F. ) ;
#3515 = CARTESIAN_POINT ( 'NONE',  ( -2.654126918244514854E-13, -25.40000000000000213, 0.000000000000000000 ) ) ;
#3516 = DIRECTION ( 'NONE',  ( 1.000000000000000000, 2.185478394931409589E-16, 0.000000000000000000 ) ) ;
#3517 = EDGE_LOOP ( 'NONE', ( #1073, #4645, #795, #3891 ) ) ;
#3518 = AXIS2_PLACEMENT_3D ( 'NONE', #2449, #2024, #4658 ) ;
#3519 = VECTOR ( 'NONE', #226, 1000.000000000000000 ) ;
#3520 = LINE ( 'NONE', #5268, #350 ) ;
#3521 = DIRECTION ( 'NONE',  ( -0.000000000000000000, -0.000000000000000000, 1.000000000000000000 ) ) ;
#3523 = EDGE_LOOP ( 'NONE', ( #3223, #3613, #2557, #575 ) ) ;
#3522 = VECTOR ( 'NONE', #3750, 1000.000000000000000 ) ;
#3524 = AXIS2_PLACEMENT_3D ( 'NONE', #5110, #1565, #2874 ) ;
#3525 = ORIENTED_EDGE ( 'NONE', *, *, #4634, .T. ) ;
#3526 = CIRCLE ( 'NONE', #2255, 2.489200000000000301 ) ;
#3527 = ORIENTED_EDGE ( 'NONE', *, *, #1577, .T. ) ;
#3528 = DIRECTION ( 'NONE',  ( -0.000000000000000000, -0.000000000000000000, 1.000000000000000000 ) ) ;
#3529 = DIRECTION ( 'NONE',  ( 0.000000000000000000, 0.000000000000000000, -1.000000000000000000 ) ) ;
#3530 = EDGE_LOOP ( 'NONE', ( #1723, #5136 ) ) ;
#3531 = DIRECTION ( 'NONE',  ( -0.000000000000000000, -0.000000000000000000, -1.000000000000000000 ) ) ;
#3532 = ORIENTED_EDGE ( 'NONE', *, *, #3015, .F. ) ;
#3533 = CIRCLE ( 'NONE', #1091, 2.489199999999986535 ) ;
#3534 = VERTEX_POINT ( 'NONE', #523 ) ;
#3535 = ADVANCED_FACE ( 'NONE', ( #4386 ), #1394, .F. ) ;
#3536 = EDGE_CURVE ( 'NONE', #4283, #3561, #4413, .T. ) ;
#3537 = CARTESIAN_POINT ( 'NONE',  ( -31.50000000000000711, 24.15735931288069693, 0.000000000000000000 ) ) ;
#3538 = CARTESIAN_POINT ( 'NONE',  ( -20.44971224213826844, 17.96051224213833208, 0.000000000000000000 ) ) ;
#3539 = DIRECTION ( 'NONE',  ( -0.000000000000000000, -0.000000000000000000, 1.000000000000000000 ) ) ;
#3540 = ORIENTED_EDGE ( 'NONE', *, *, #4421, .T. ) ;
#3541 = DIRECTION ( 'NONE',  ( 1.000000000000000000, 0.000000000000000000, 0.000000000000000000 ) ) ;
#3542 = DIRECTION ( 'NONE',  ( -0.000000000000000000, -0.000000000000000000, -1.000000000000000000 ) ) ;
#3543 = ORIENTED_EDGE ( 'NONE', *, *, #5161, .F. ) ;
#3544 = DIRECTION ( 'NONE',  ( -1.000000000000000000, 0.000000000000000000, 0.000000000000000000 ) ) ;
#3545 = CARTESIAN_POINT ( 'NONE',  ( -25.39999999999999858, 0.000000000000000000, -1.250462353673376935E-15 ) ) ;
#3546 = EDGE_CURVE ( 'NONE', #2210, #950, #4171, .T. ) ;
#3547 = ORIENTED_EDGE ( 'NONE', *, *, #1935, .F. ) ;
#3548 = VECTOR ( 'NONE', #5547, 1000.000000000000114 ) ;
#3549 = LINE ( 'NONE', #1700, #167 ) ;
#3550 = DIRECTION ( 'NONE',  ( -0.000000000000000000, -0.000000000000000000, 1.000000000000000000 ) ) ;
#3551 = ORIENTED_EDGE ( 'NONE', *, *, #3149, .T. ) ;
#3552 = CIRCLE ( 'NONE', #2370, 2.489199999999990087 ) ;
#3553 = ORIENTED_EDGE ( 'NONE', *, *, #816, .T. ) ;
#3554 = CIRCLE ( 'NONE', #2018, 1.699999999999987965 ) ;
#3555 = AXIS2_PLACEMENT_3D ( 'NONE', #5498, #233, #2076 ) ;
#3556 = ORIENTED_EDGE ( 'NONE', *, *, #2185, .T. ) ;
#3557 = DIRECTION ( 'NONE',  ( -0.000000000000000000, -0.000000000000000000, 1.000000000000000000 ) ) ;
#3558 = DIRECTION ( 'NONE',  ( -0.000000000000000000, -0.000000000000000000, -1.000000000000000000 ) ) ;
#3559 = VERTEX_POINT ( 'NONE', #4571 ) ;
#3560 = DIRECTION ( 'NONE',  ( -0.000000000000000000, -0.000000000000000000, 1.000000000000000000 ) ) ;
#3561 = VERTEX_POINT ( 'NONE', #2732 ) ;
#3562 = ORIENTED_EDGE ( 'NONE', *, *, #1759, .T. ) ;
#3563 = AXIS2_PLACEMENT_3D ( 'NONE', #2388, #4541, #144 ) ;
#3564 = EDGE_CURVE ( 'NONE', #2539, #3965, #1875, .T. ) ;
#3565 = LINE ( 'NONE', #74, #2465 ) ;
#3566 = FACE_OUTER_BOUND ( 'NONE', #2195, .T. ) ;
#3567 = EDGE_CURVE ( 'NONE', #5623, #4300, #2789, .T. ) ;
#3568 = CARTESIAN_POINT ( 'NONE',  ( 27.88919999999998822, -63.50000000000000000, 4.762500000000001066 ) ) ;
#3569 = ORIENTED_EDGE ( 'NONE', *, *, #1032, .T. ) ;
#3570 = CARTESIAN_POINT ( 'NONE',  ( -7.249999999999968026, -12.55736835487438086, 0.000000000000000000 ) ) ;
#3571 = DIRECTION ( 'NONE',  ( -0.000000000000000000, -0.000000000000000000, 1.000000000000000000 ) ) ;
#3572 = EDGE_LOOP ( 'NONE', ( #4113, #1830, #3321, #86 ) ) ;
#3573 = DIRECTION ( 'NONE',  ( -0.000000000000000000, -0.000000000000000000, 1.000000000000000000 ) ) ;
#3574 = FACE_BOUND ( 'NONE', #3577, .T. ) ;
#3575 = CARTESIAN_POINT ( 'NONE',  ( 31.49999999999999289, 24.15735931288070404, 4.762500000000000178 ) ) ;
#3576 = DIRECTION ( 'NONE',  ( -1.000000000000000000, 0.000000000000000000, 0.000000000000000000 ) ) ;
#3577 = EDGE_LOOP ( 'NONE', ( #96, #1555 ) ) ;
#3578 = ORIENTED_EDGE ( 'NONE', *, *, #1932, .T. ) ;
#3579 = ADVANCED_FACE ( 'NONE', ( #1512 ), #1120, .F. ) ;
#3580 = EDGE_CURVE ( 'NONE', #5409, #1920, #1029, .T. ) ;
#3581 = VERTEX_POINT ( 'NONE', #4136 ) ;
#3582 = CYLINDRICAL_SURFACE ( 'NONE', #4795, 0.5000000000000004441 ) ;
#3583 = CARTESIAN_POINT ( 'NONE',  ( 17.96051224213827169, -17.96051224213833564, 0.000000000000000000 ) ) ;
#3584 = DIRECTION ( 'NONE',  ( -0.000000000000000000, -0.000000000000000000, 1.000000000000000000 ) ) ;
#3585 = AXIS2_PLACEMENT_3D ( 'NONE', #4464, #2292, #4035 ) ;
#3586 = CARTESIAN_POINT ( 'NONE',  ( 31.74999999999999289, 31.75000000000000711, 4.512500000000000178 ) ) ;
#3587 = ORIENTED_EDGE ( 'NONE', *, *, #994, .T. ) ;
#3588 = VERTEX_POINT ( 'NONE', #1931 ) ;
#3589 = EDGE_CURVE ( 'NONE', #943, #229, #4899, .T. ) ;
#3590 = CARTESIAN_POINT ( 'NONE',  ( -15.47131224213827494, 17.96051224213833208, 4.762500000000000178 ) ) ;
#3591 = CARTESIAN_POINT ( 'NONE',  ( 19.04999999999999716, -63.50000000000000000, 4.762500000000001066 ) ) ;
#3592 = DIRECTION ( 'NONE',  ( -1.000000000000000000, 0.000000000000000000, -0.000000000000000000 ) ) ;
#3593 = VECTOR ( 'NONE', #5482, 1000.000000000000000 ) ;
#3594 = COLOUR_RGB ( '',0.7921568627450980005, 0.8196078431372548767, 0.9333333333333333481 ) ;
#3595 = ORIENTED_EDGE ( 'NONE', *, *, #2240, .T. ) ;
#3596 = ADVANCED_FACE ( 'NONE', ( #4503 ), #3673, .F. ) ;
#3597 = DIRECTION ( 'NONE',  ( -0.000000000000000000, -0.000000000000000000, 1.000000000000000000 ) ) ;
#3598 = DIRECTION ( 'NONE',  ( -0.000000000000000000, -0.000000000000000000, -1.000000000000000000 ) ) ;
#3599 = EDGE_LOOP ( 'NONE', ( #2768, #4985, #964, #1492 ) ) ;
#3600 = PLANE ( 'NONE',  #77 ) ;
#3601 = FACE_BOUND ( 'NONE', #528, .T. ) ;
#3602 = AXIS2_PLACEMENT_3D ( 'NONE', #4735, #2446, #3295 ) ;
#3603 = EDGE_CURVE ( 'NONE', #936, #4908, #794, .T. ) ;
#3604 = EDGE_CURVE ( 'NONE', #525, #5034, #5621, .T. ) ;
#3605 = DIRECTION ( 'NONE',  ( 1.000000000000000000, 0.000000000000000000, 0.000000000000000000 ) ) ;
#3606 = CYLINDRICAL_SURFACE ( 'NONE', #1779, 2.489199999999993640 ) ;
#3607 = VERTEX_POINT ( 'NONE', #4596 ) ;
#3608 = ADVANCED_FACE ( 'NONE', ( #1567 ), #3297, .T. ) ;
#3609 = VECTOR ( 'NONE', #3127, 1000.000000000000000 ) ;
#3610 = ORIENTED_EDGE ( 'NONE', *, *, #3886, .T. ) ;
#3611 = EDGE_CURVE ( 'NONE', #3428, #1332, #3887, .T. ) ;
#3612 = VECTOR ( 'NONE', #1018, 1000.000000000000000 ) ;
#3613 = ORIENTED_EDGE ( 'NONE', *, *, #2354, .F. ) ;
#3614 = CARTESIAN_POINT ( 'NONE',  ( 3.860800000000009558, -38.09999999999999432, 4.762500000000001066 ) ) ;
#3615 = DIRECTION ( 'NONE',  ( -1.000000000000000000, 0.000000000000000000, 0.000000000000000000 ) ) ;
#3616 = DIRECTION ( 'NONE',  ( -0.000000000000000000, -0.000000000000000000, -1.000000000000000000 ) ) ;
#3617 = CIRCLE ( 'NONE', #5002, 2.749999999999999112 ) ;
#3618 = CARTESIAN_POINT ( 'NONE',  ( 0.000000000000000000, 16.00000000000000000, 4.762500000000001066 ) ) ;
#3619 = CIRCLE ( 'NONE', #2278, 2.489199999999988311 ) ;
#3620 = ORIENTED_EDGE ( 'NONE', *, *, #1187, .F. ) ;
#3621 = ORIENTED_EDGE ( 'NONE', *, *, #3672, .F. ) ;
#3622 = DIRECTION ( 'NONE',  ( -1.000000000000000000, -2.185478394931409589E-16, 0.000000000000000000 ) ) ;
#3623 = AXIS2_PLACEMENT_3D ( 'NONE', #2481, #2508, #5543 ) ;
#3624 = EDGE_CURVE ( 'NONE', #1112, #688, #5340, .T. ) ;
#3625 = CYLINDRICAL_SURFACE ( 'NONE', #4659, 1.699999999999993072 ) ;
#3626 = CARTESIAN_POINT ( 'NONE',  ( 26.10190296114370057, -75.14454364826298161, 0.000000000000000000 ) ) ;
#3627 = CARTESIAN_POINT ( 'NONE',  ( 28.74999999999999645, 24.15735931288070404, 4.762500000000000178 ) ) ;
#3628 = SURFACE_STYLE_FILL_AREA ( #1973 ) ;
#3629 = EDGE_CURVE ( 'NONE', #2539, #1514, #3185, .T. ) ;
#3630 = ORIENTED_EDGE ( 'NONE', *, *, #4213, .T. ) ;
#3631 = CARTESIAN_POINT ( 'NONE',  ( -26.27867965644040282, -75.32132034355961991, 0.2500000000000019429 ) ) ;
#3632 = CARTESIAN_POINT ( 'NONE',  ( -22.91080000000000894, -63.50000000000000000, 4.762500000000001066 ) ) ;
#3633 = EDGE_LOOP ( 'NONE', ( #5312, #1957 ) ) ;
#3634 = CARTESIAN_POINT ( 'NONE',  ( -15.18920000000025716, -21.99704525612459349, 4.762500000000000178 ) ) ;
#3635 = LINE ( 'NONE', #5073, #1678 ) ;
#3636 = CARTESIAN_POINT ( 'NONE',  ( -12.05890000000000484, -2.155326144693640700, 0.000000000000000000 ) ) ;
#3637 = CARTESIAN_POINT ( 'NONE',  ( 3.860800000000005117, -50.79999999999999716, -8.673617379884035472E-16 ) ) ;
#3638 = EDGE_LOOP ( 'NONE', ( #2084, #3444, #2397, #2532 ) ) ;
#3639 = EDGE_CURVE ( 'NONE', #2401, #963, #347, .T. ) ;
#3640 = VERTEX_POINT ( 'NONE', #605 ) ;
#3641 = CIRCLE ( 'NONE', #821, 1.699999999999987965 ) ;
#3642 = ORIENTED_EDGE ( 'NONE', *, *, #5152, .F. ) ;
#3643 = DIRECTION ( 'NONE',  ( 0.000000000000000000, 0.000000000000000000, 1.000000000000000000 ) ) ;
#3644 = DIRECTION ( 'NONE',  ( -0.000000000000000000, -0.000000000000000000, -1.000000000000000000 ) ) ;
#3645 = AXIS2_PLACEMENT_3D ( 'NONE', #1065, #2795, #4548 ) ;
#3646 = FACE_OUTER_BOUND ( 'NONE', #348, .T. ) ;
#3647 = ORIENTED_EDGE ( 'NONE', *, *, #2944, .F. ) ;
#3648 = ORIENTED_EDGE ( 'NONE', *, *, #4667, .F. ) ;
#3649 = CARTESIAN_POINT ( 'NONE',  ( -19.50784525612490228, -12.69999999999971685, 4.762500000000000178 ) ) ;
#3650 = DIRECTION ( 'NONE',  ( -0.000000000000000000, -0.000000000000000000, -1.000000000000000000 ) ) ;
#3651 = DIRECTION ( 'NONE',  ( -0.000000000000000000, -0.000000000000000000, 1.000000000000000000 ) ) ;
#3652 = DIRECTION ( 'NONE',  ( -0.000000000000000000, -0.000000000000000000, 1.000000000000000000 ) ) ;
#3653 = VERTEX_POINT ( 'NONE', #2329 ) ;
#3654 = SHAPE_DEFINITION_REPRESENTATION ( #3146, #3895 ) ;
#3655 = VERTEX_POINT ( 'NONE', #3271 ) ;
#3656 = ORIENTED_EDGE ( 'NONE', *, *, #1183, .T. ) ;
#3657 = CARTESIAN_POINT ( 'NONE',  ( 6.350000000000003197, -50.79999999999999716, 4.762500000000000178 ) ) ;
#3658 = FACE_OUTER_BOUND ( 'NONE', #4452, .T. ) ;
#3659 = ORIENTED_EDGE ( 'NONE', *, *, #1024, .F. ) ;
#3660 = CARTESIAN_POINT ( 'NONE',  ( 15.18920000000009018, 21.99704525612468586, -1.250462353673376935E-15 ) ) ;
#3661 = DIRECTION ( 'NONE',  ( -1.000000000000000000, 0.000000000000000000, 0.000000000000000000 ) ) ;
#3662 = EDGE_CURVE ( 'NONE', #1920, #4597, #1432, .T. ) ;
#3663 = CARTESIAN_POINT ( 'NONE',  ( -3.860800000000002452, -50.79999999999999716, 4.762500000000000178 ) ) ;
#3664 = CARTESIAN_POINT ( 'NONE',  ( -15.18919999999999604, -50.79999999999999716, -8.673617379884035472E-16 ) ) ;
#3665 = ORIENTED_EDGE ( 'NONE', *, *, #3040, .F. ) ;
#3666 = ADVANCED_FACE ( 'NONE', ( #3646 ), #5384, .F. ) ;
#3667 = ORIENTED_EDGE ( 'NONE', *, *, #1475, .F. ) ;
#3668 = EDGE_CURVE ( 'NONE', #2386, #2735, #5084, .T. ) ;
#3669 = EDGE_LOOP ( 'NONE', ( #3252, #5131, #322, #731 ) ) ;
#3670 = CYLINDRICAL_SURFACE ( 'NONE', #3147, 2.489199999999996749 ) ;
#3671 = DIRECTION ( 'NONE',  ( -1.000000000000000000, 0.000000000000000000, 0.000000000000000000 ) ) ;
#3672 = EDGE_CURVE ( 'NONE', #2234, #4690, #3708, .T. ) ;
#3673 = CYLINDRICAL_SURFACE ( 'NONE', #4719, 2.489199999999993640 ) ;
#3674 = EDGE_LOOP ( 'NONE', ( #2129, #2790, #5408, #2718 ) ) ;
#3675 = ORIENTED_EDGE ( 'NONE', *, *, #2555, .F. ) ;
#3676 = EDGE_CURVE ( 'NONE', #4995, #2104, #4196, .T. ) ;
#3677 = CARTESIAN_POINT ( 'NONE',  ( -31.50000000000000711, 24.15735931288069693, 4.762500000000000178 ) ) ;
#3678 = VECTOR ( 'NONE', #1586, 1000.000000000000000 ) ;
#3679 = ADVANCED_FACE ( 'NONE', ( #1648 ), #2500, .F. ) ;
#3680 = DIRECTION ( 'NONE',  ( -0.4999999999999940048, -0.5000000000000136557, -0.7071067811865421326 ) ) ;
#3681 = DIRECTION ( 'NONE',  ( -0.000000000000000000, -0.000000000000000000, -1.000000000000000000 ) ) ;
#3682 = ADVANCED_FACE ( 'NONE', ( #3866 ), #295, .F. ) ;
#3683 = FACE_BOUND ( 'NONE', #3088, .T. ) ;
#3684 = ORIENTED_EDGE ( 'NONE', *, *, #928, .F. ) ;
#3685 = VECTOR ( 'NONE', #5628, 1000.000000000000000 ) ;
#3686 = CARTESIAN_POINT ( 'NONE',  ( 0.000000000000000000, 0.000000000000000000, 0.000000000000000000 ) ) ;
#3687 = VERTEX_POINT ( 'NONE', #4738 ) ;
#3688 = ORIENTED_EDGE ( 'NONE', *, *, #957, .F. ) ;
#3689 = LINE ( 'NONE', #704, #5303 ) ;
#3691 = ORIENTED_EDGE ( 'NONE', *, *, #4389, .T. ) ;
#3690 = CIRCLE ( 'NONE', #1955, 2.489199999999986535 ) ;
#3692 = DIRECTION ( 'NONE',  ( -0.000000000000000000, -0.000000000000000000, -1.000000000000000000 ) ) ;
#3693 = CARTESIAN_POINT ( 'NONE',  ( -9.555824911305043203E-16, -38.09999999999999432, 4.762500000000001066 ) ) ;
#3694 = AXIS2_PLACEMENT_3D ( 'NONE', #4729, #1771, #5232 ) ;
#3695 = CIRCLE ( 'NONE', #515, 2.489200000000000301 ) ;
#3696 = AXIS2_PLACEMENT_3D ( 'NONE', #484, #5347, #3946 ) ;
#3697 = CIRCLE ( 'NONE', #1244, 2.489199999999986535 ) ;
#3698 = LINE ( 'NONE', #3177, #1337 ) ;
#3699 = PLANE ( 'NONE',  #29 ) ;
#3700 = ORIENTED_EDGE ( 'NONE', *, *, #438, .F. ) ;
#3701 = ORIENTED_EDGE ( 'NONE', *, *, #1123, .F. ) ;
#3702 = ORIENTED_EDGE ( 'NONE', *, *, #3138, .T. ) ;
#3703 = DIRECTION ( 'NONE',  ( -0.000000000000000000, -0.000000000000000000, -1.000000000000000000 ) ) ;
#3704 = CARTESIAN_POINT ( 'NONE',  ( 1.555301434917138433E-15, -63.50000000000000000, 4.762500000000001066 ) ) ;
#3705 = CARTESIAN_POINT ( 'NONE',  ( 12.70000000000010232, 21.99704525612468586, 4.762500000000000178 ) ) ;
#3706 = EDGE_CURVE ( 'NONE', #2136, #3824, #880, .T. ) ;
#3707 = VERTEX_POINT ( 'NONE', #5499 ) ;
#3708 = CIRCLE ( 'NONE', #3518, 2.489199999999986535 ) ;
#3709 = EDGE_LOOP ( 'NONE', ( #3153, #2330 ) ) ;
#3710 = AXIS2_PLACEMENT_3D ( 'NONE', #3204, #2351, #2749 ) ;
#3711 = FACE_OUTER_BOUND ( 'NONE', #3266, .T. ) ;
#3712 = CARTESIAN_POINT ( 'NONE',  ( -15.18919999999999959, -38.09999999999999432, -8.673617379884035472E-16 ) ) ;
#3713 = CIRCLE ( 'NONE', #264, 2.489199999999999413 ) ;
#3714 = DIRECTION ( 'NONE',  ( 1.000000000000000000, 0.000000000000000000, 0.000000000000000000 ) ) ;
#3715 = DIRECTION ( 'NONE',  ( -1.000000000000000000, 0.000000000000000000, 0.000000000000000000 ) ) ;
#3716 = EDGE_CURVE ( 'NONE', #116, #4441, #2698, .T. ) ;
#3717 = APPLICATION_PROTOCOL_DEFINITION ( 'draft international standard', 'automotive_design', 1998, #62 ) ;
#3718 = VERTEX_POINT ( 'NONE', #1256 ) ;
#3719 = EDGE_CURVE ( 'NONE', #1942, #1976, #4627, .T. ) ;
#3720 = ORIENTED_EDGE ( 'NONE', *, *, #2494, .T. ) ;
#3721 = CYLINDRICAL_SURFACE ( 'NONE', #5113, 2.489199999999996749 ) ;
#3722 = ORIENTED_EDGE ( 'NONE', *, *, #4028, .F. ) ;
#3723 = CARTESIAN_POINT ( 'NONE',  ( 6.350000000000003197, -50.79999999999999716, 4.762500000000001066 ) ) ;
#3724 = CARTESIAN_POINT ( 'NONE',  ( 15.47131224213827139, -17.96051224213833564, 4.762500000000000178 ) ) ;
#3725 = AXIS2_PLACEMENT_3D ( 'NONE', #4817, #1671, #4321 ) ;
#3726 = DIRECTION ( 'NONE',  ( -1.000000000000000000, 0.000000000000000000, 0.000000000000000000 ) ) ;
#3727 = DIRECTION ( 'NONE',  ( -0.000000000000000000, -0.000000000000000000, 1.000000000000000000 ) ) ;
#3728 = ORIENTED_EDGE ( 'NONE', *, *, #4514, .F. ) ;
#3729 = CYLINDRICAL_SURFACE ( 'NONE', #4404, 2.489199999999993640 ) ;
#3730 = VERTEX_POINT ( 'NONE', #1673 ) ;
#3731 = ORIENTED_EDGE ( 'NONE', *, *, #406, .F. ) ;
#3732 = CYLINDRICAL_SURFACE ( 'NONE', #4332, 1.699999999999993072 ) ;
#3733 = CARTESIAN_POINT ( 'NONE',  ( 19.05000000000000071, -50.79999999999999716, 4.762500000000001066 ) ) ;
#3734 = CARTESIAN_POINT ( 'NONE',  ( 25.40000000000000213, -50.79999999999999716, -8.673617379884035472E-16 ) ) ;
#3735 = ORIENTED_EDGE ( 'NONE', *, *, #977, .F. ) ;
#3736 = CIRCLE ( 'NONE', #5285, 2.489199999999986535 ) ;
#3737 = VERTEX_POINT ( 'NONE', #1593 ) ;
#3738 = DIRECTION ( 'NONE',  ( 0.000000000000000000, 0.000000000000000000, -1.000000000000000000 ) ) ;
#3739 = LINE ( 'NONE', #2882, #1108 ) ;
#3740 = CARTESIAN_POINT ( 'NONE',  ( -27.88919999999999888, -63.50000000000000000, -8.673617379884035472E-16 ) ) ;
#3741 = EDGE_CURVE ( 'NONE', #773, #1212, #5171, .T. ) ;
#3742 = CYLINDRICAL_SURFACE ( 'NONE', #5508, 2.999999999999999112 ) ;
#3743 = ORIENTED_EDGE ( 'NONE', *, *, #1405, .T. ) ;
#3744 = AXIS2_PLACEMENT_3D ( 'NONE', #3919, #3030, #2174 ) ;
#3745 = AXIS2_PLACEMENT_3D ( 'NONE', #2274, #3644, #3671 ) ;
#3746 = ORIENTED_EDGE ( 'NONE', *, *, #302, .F. ) ;
#3747 = EDGE_CURVE ( 'NONE', #1735, #1773, #531, .T. ) ;
#3748 = DIRECTION ( 'NONE',  ( -0.000000000000000000, -0.000000000000000000, -1.000000000000000000 ) ) ;
#3749 = VERTEX_POINT ( 'NONE', #4223 ) ;
#3750 = DIRECTION ( 'NONE',  ( 0.000000000000000000, 0.7071067811865474617, 0.7071067811865476838 ) ) ;
#3751 = CARTESIAN_POINT ( 'NONE',  ( -2.489200000000000301, -38.09999999999999432, -8.673617379884035472E-16 ) ) ;
#3752 = CARTESIAN_POINT ( 'NONE',  ( 12.69999999999979323, -21.99704525612485639, -1.250462353673376935E-15 ) ) ;
#3753 = DIRECTION ( 'NONE',  ( -0.000000000000000000, -0.000000000000000000, -1.000000000000000000 ) ) ;
#3754 = VERTEX_POINT ( 'NONE', #1204 ) ;
#3755 = CARTESIAN_POINT ( 'NONE',  ( 21.99704525612463968, -12.70000000000018048, 0.000000000000000000 ) ) ;
#3756 = ORIENTED_EDGE ( 'NONE', *, *, #2270, .F. ) ;
#3757 = DIRECTION ( 'NONE',  ( 1.000000000000000000, 0.000000000000000000, 0.000000000000000000 ) ) ;
#3758 = LINE ( 'NONE', #719, #4819 ) ;
#3759 = CARTESIAN_POINT ( 'NONE',  ( 0.000000000000000000, -16.00000000000000000, 0.000000000000000000 ) ) ;
#3760 = ORIENTED_EDGE ( 'NONE', *, *, #3115, .F. ) ;
#3761 = ORIENTED_EDGE ( 'NONE', *, *, #24, .T. ) ;
#3762 = FACE_OUTER_BOUND ( 'NONE', #462, .T. ) ;
#3763 = CARTESIAN_POINT ( 'NONE',  ( 7.249999999999968026, 12.55736835487438086, 0.000000000000000000 ) ) ;
#3764 = DIRECTION ( 'NONE',  ( -0.000000000000000000, -0.000000000000000000, 1.000000000000000000 ) ) ;
#3765 = CARTESIAN_POINT ( 'NONE',  ( 31.75000000000002842, -69.84999999999993747, 4.762500000000000178 ) ) ;
#3766 = EDGE_LOOP ( 'NONE', ( #5, #63 ) ) ;
#3767 = EDGE_CURVE ( 'NONE', #4592, #3559, #2102, .T. ) ;
#3768 = VERTEX_POINT ( 'NONE', #2047 ) ;
#3769 = CYLINDRICAL_SURFACE ( 'NONE', #3109, 2.489199999999987423 ) ;
#3770 = ORIENTED_EDGE ( 'NONE', *, *, #5116, .F. ) ;
#3771 = CARTESIAN_POINT ( 'NONE',  ( 21.99704525612481731, 12.69999999999987139, 4.762500000000000178 ) ) ;
#3772 = CIRCLE ( 'NONE', #1853, 2.489199999999988311 ) ;
#3773 = LINE ( 'NONE', #811, #412 ) ;
#3774 = VECTOR ( 'NONE', #1354, 1000.000000000000114 ) ;
#3775 = CARTESIAN_POINT ( 'NONE',  ( 15.18919999999979176, -21.99704525612485639, 4.762500000000000178 ) ) ;
#3776 = DIRECTION ( 'NONE',  ( 1.000000000000000000, 0.000000000000000000, 0.000000000000000000 ) ) ;
#3777 = ORIENTED_EDGE ( 'NONE', *, *, #5085, .T. ) ;
#3778 = CIRCLE ( 'NONE', #4056, 2.489200000000000301 ) ;
#3779 = CYLINDRICAL_SURFACE ( 'NONE', #4786, 2.489199999999993640 ) ;
#3780 = VECTOR ( 'NONE', #3499, 1000.000000000000000 ) ;
#3781 = VECTOR ( 'NONE', #3847, 999.9999999999998863 ) ;
#3782 = ADVANCED_FACE ( 'NONE', ( #3788 ), #5531, .T. ) ;
#3783 = EDGE_LOOP ( 'NONE', ( #4454, #1886, #5512, #5355 ) ) ;
#3784 = EDGE_CURVE ( 'NONE', #4396, #5253, #5112, .T. ) ;
#3785 = AXIS2_PLACEMENT_3D ( 'NONE', #4599, #4916, #4969 ) ;
#3786 = DIRECTION ( 'NONE',  ( 1.000000000000000000, 0.000000000000000000, 0.000000000000000000 ) ) ;
#3787 = CARTESIAN_POINT ( 'NONE',  ( -17.96051224213833208, -17.96051224213827169, -1.250462353673376935E-15 ) ) ;
#3788 = FACE_OUTER_BOUND ( 'NONE', #1713, .T. ) ;
#3789 = AXIS2_PLACEMENT_3D ( 'NONE', #114, #1838, #3576 ) ;
#3790 = ORIENTED_EDGE ( 'NONE', *, *, #352, .T. ) ;
#3791 = EDGE_CURVE ( 'NONE', #3581, #4720, #2974, .T. ) ;
#3792 = EDGE_CURVE ( 'NONE', #229, #849, #5558, .T. ) ;
#3793 = ORIENTED_EDGE ( 'NONE', *, *, #3747, .F. ) ;
#3794 = CARTESIAN_POINT ( 'NONE',  ( 3.860800000000013110, -63.50000000000000000, 4.762500000000001066 ) ) ;
#3795 = PLANE ( 'NONE',  #2225 ) ;
#3796 = CARTESIAN_POINT ( 'NONE',  ( -15.18919999999998893, -50.79999999999999716, 4.762500000000000178 ) ) ;
#3797 = DIRECTION ( 'NONE',  ( -0.7071067811865483499, -0.7071067811865467956, 0.000000000000000000 ) ) ;
#3798 = VECTOR ( 'NONE', #5583, 1000.000000000000000 ) ;
#3799 = ORIENTED_EDGE ( 'NONE', *, *, #2865, .F. ) ;
#3800 = ADVANCED_FACE ( 'NONE', ( #1225 ), #2957, .F. ) ;
#3801 = VECTOR ( 'NONE', #1798, 1000.000000000000114 ) ;
#3802 = CARTESIAN_POINT ( 'NONE',  ( -19.50784525612491649, -12.69999999999971685, -1.250462353673376935E-15 ) ) ;
#3803 = LINE ( 'NONE', #2541, #2181 ) ;
#3804 = LINE ( 'NONE', #390, #5175 ) ;
#3805 = CIRCLE ( 'NONE', #3524, 1.699999999999998401 ) ;
#3806 = CARTESIAN_POINT ( 'NONE',  ( 31.49999999999999289, 24.15735931288070404, 0.000000000000000000 ) ) ;
#3807 = DIRECTION ( 'NONE',  ( -0.000000000000000000, -0.000000000000000000, 1.000000000000000000 ) ) ;
#3808 = CARTESIAN_POINT ( 'NONE',  ( 25.39999999999999858, 0.000000000000000000, 4.762500000000000178 ) ) ;
#3809 = ORIENTED_EDGE ( 'NONE', *, *, #4626, .T. ) ;
#3810 = FACE_BOUND ( 'NONE', #3467, .T. ) ;
#3811 = CIRCLE ( 'NONE', #4270, 2.489200000000000301 ) ;
#3812 = ORIENTED_EDGE ( 'NONE', *, *, #474, .F. ) ;
#3813 = DIRECTION ( 'NONE',  ( -1.000000000000000000, 0.000000000000000000, 0.000000000000000000 ) ) ;
#3814 = DIRECTION ( 'NONE',  ( 1.000000000000000000, 0.000000000000000000, 0.000000000000000000 ) ) ;
#3815 = VERTEX_POINT ( 'NONE', #2579 ) ;
#3816 = EDGE_CURVE ( 'NONE', #2243, #5560, #4323, .T. ) ;
#3817 = CARTESIAN_POINT ( 'NONE',  ( 27.88919999999999533, -50.79999999999999716, 4.762500000000000178 ) ) ;
#3818 = ORIENTED_EDGE ( 'NONE', *, *, #15, .F. ) ;
#3819 = VERTEX_POINT ( 'NONE', #432 ) ;
#3820 = DIRECTION ( 'NONE',  ( 0.000000000000000000, 0.000000000000000000, 1.000000000000000000 ) ) ;
#3821 = CARTESIAN_POINT ( 'NONE',  ( 17.96051224213833208, 17.96051224213827169, 0.000000000000000000 ) ) ;
#3822 = DIRECTION ( 'NONE',  ( -0.000000000000000000, -0.000000000000000000, 1.000000000000000000 ) ) ;
#3823 = VECTOR ( 'NONE', #2400, 1000.000000000000000 ) ;
#3824 = VERTEX_POINT ( 'NONE', #2156 ) ;
#3825 = CARTESIAN_POINT ( 'NONE',  ( -25.39999999999999858, -38.10000000000000142, -8.673617379884035472E-16 ) ) ;
#3826 = DIRECTION ( 'NONE',  ( -0.000000000000000000, -0.000000000000000000, 1.000000000000000000 ) ) ;
#3827 = DIRECTION ( 'NONE',  ( -0.000000000000000000, -0.000000000000000000, 1.000000000000000000 ) ) ;
#3828 = VECTOR ( 'NONE', #3248, 1000.000000000000000 ) ;
#3829 = LINE ( 'NONE', #5572, #2131 ) ;
#3830 = EDGE_CURVE ( 'NONE', #747, #3389, #4434, .T. ) ;
#3831 = ADVANCED_FACE ( 'NONE', ( #2 ), #3438, .F. ) ;
#3832 = CARTESIAN_POINT ( 'NONE',  ( 28.74999999999999645, 24.15735931288070404, 4.762500000000000178 ) ) ;
#3833 = DIRECTION ( 'NONE',  ( -0.000000000000000000, -0.000000000000000000, -1.000000000000000000 ) ) ;
#3834 = ORIENTED_EDGE ( 'NONE', *, *, #3706, .F. ) ;
#3835 = FACE_BOUND ( 'NONE', #1712, .T. ) ;
#3836 = AXIS2_PLACEMENT_3D ( 'NONE', #3583, #181, #4936 ) ;
#3837 = CYLINDRICAL_SURFACE ( 'NONE', #3056, 2.489199999999993640 ) ;
#3838 = FACE_OUTER_BOUND ( 'NONE', #2239, .T. ) ;
#3839 = ORIENTED_EDGE ( 'NONE', *, *, #571, .T. ) ;
#3840 = DIRECTION ( 'NONE',  ( 1.000000000000000000, 0.000000000000000000, 0.000000000000000000 ) ) ;
#3841 = AXIS2_PLACEMENT_3D ( 'NONE', #622, #1016, #133 ) ;
#3842 = VERTEX_POINT ( 'NONE', #3660 ) ;
#3843 = ADVANCED_FACE ( 'NONE', ( #1442 ), #3174, .F. ) ;
#3844 = EDGE_CURVE ( 'NONE', #5373, #563, #2402, .T. ) ;
#3845 = ORIENTED_EDGE ( 'NONE', *, *, #3603, .T. ) ;
#3846 = CARTESIAN_POINT ( 'NONE',  ( -26.27867965644033887, 30.87132034355964905, 4.512500000000000178 ) ) ;
#3847 = DIRECTION ( 'NONE',  ( -0.5000000000000037748, 0.5000000000000037748, 0.7071067811865421326 ) ) ;
#3848 = LINE ( 'NONE', #2965, #4180 ) ;
#3849 = EDGE_CURVE ( 'NONE', #5005, #5363, #3713, .T. ) ;
#3850 = ORIENTED_EDGE ( 'NONE', *, *, #5535, .F. ) ;
#3851 = ADVANCED_FACE ( 'NONE', ( #1858 ), #3600, .F. ) ;
#3852 = DIRECTION ( 'NONE',  ( 1.000000000000000000, 2.185478394931409589E-16, 0.000000000000000000 ) ) ;
#3853 = EDGE_CURVE ( 'NONE', #814, #4722, #5017, .T. ) ;
#3854 = DIRECTION ( 'NONE',  ( 0.4999999999999988898, 0.4999999999999988898, 0.7071067811865491270 ) ) ;
#3855 = DIRECTION ( 'NONE',  ( 1.000000000000000000, 1.092739197465705534E-16, 0.000000000000000000 ) ) ;
#3856 = LINE ( 'NONE', #3806, #3222 ) ;
#3857 = LINE ( 'NONE', #4397, #5331 ) ;
#3858 = CIRCLE ( 'NONE', #2580, 2.489199999999990087 ) ;
#3859 = CARTESIAN_POINT ( 'NONE',  ( -8.839199999999985735, -63.50000000000000000, 4.762500000000001066 ) ) ;
#3860 = ORIENTED_EDGE ( 'NONE', *, *, #3604, .T. ) ;
#3861 = FACE_BOUND ( 'NONE', #2192, .T. ) ;
#3862 = VECTOR ( 'NONE', #367, 1000.000000000000000 ) ;
#3863 = DIRECTION ( 'NONE',  ( -1.000000000000000000, -3.213938816075603989E-16, 0.000000000000000000 ) ) ;
#3864 = LINE ( 'NONE', #3402, #2988 ) ;
#3865 = ORIENTED_EDGE ( 'NONE', *, *, #806, .T. ) ;
#3866 = FACE_OUTER_BOUND ( 'NONE', #3124, .T. ) ;
#3867 = VECTOR ( 'NONE', #5230, 1000.000000000000000 ) ;
#3868 = EDGE_LOOP ( 'NONE', ( #3122, #142, #4553, #4304 ) ) ;
#3869 = VECTOR ( 'NONE', #18, 1000.000000000000000 ) ;
#3870 = VECTOR ( 'NONE', #2670, 1000.000000000000000 ) ;
#3871 = EDGE_CURVE ( 'NONE', #2956, #4741, #135, .T. ) ;
#3872 = ORIENTED_EDGE ( 'NONE', *, *, #126, .F. ) ;
#3873 = FACE_OUTER_BOUND ( 'NONE', #4245, .T. ) ;
#3874 = EDGE_CURVE ( 'NONE', #3102, #5267, #353, .T. ) ;
#3875 = CARTESIAN_POINT ( 'NONE',  ( -22.91080000000000894, -38.10000000000000142, 4.762500000000001066 ) ) ;
#3876 = ORIENTED_EDGE ( 'NONE', *, *, #4217, .F. ) ;
#3877 = DIRECTION ( 'NONE',  ( 1.000000000000000000, 0.000000000000000000, 0.000000000000000000 ) ) ;
#3878 = AXIS2_PLACEMENT_3D ( 'NONE', #3182, #4935, #4501 ) ;
#3879 = ORIENTED_EDGE ( 'NONE', *, *, #1371, .T. ) ;
#3880 = ORIENTED_EDGE ( 'NONE', *, *, #1169, .F. ) ;
#3881 = CARTESIAN_POINT ( 'NONE',  ( 1.659870840950405318E-14, -75.94999999999998863, 4.762500000000000178 ) ) ;
#3882 = LINE ( 'NONE', #4337, #741 ) ;
#3883 = AXIS2_PLACEMENT_3D ( 'NONE', #3705, #2819, #691 ) ;
#3884 = CARTESIAN_POINT ( 'NONE',  ( 8.839199999999998170, -38.09999999999999432, -8.673617379884035472E-16 ) ) ;
#3885 = CARTESIAN_POINT ( 'NONE',  ( 27.88919999999999888, 3.048390812437589833E-16, 4.762500000000000178 ) ) ;
#3886 = EDGE_CURVE ( 'NONE', #3152, #771, #4096, .T. ) ;
#3887 = CIRCLE ( 'NONE', #3883, 2.489199999999998525 ) ;
#3888 = AXIS2_PLACEMENT_3D ( 'NONE', #512, #5377, #1837 ) ;
#3889 = CARTESIAN_POINT ( 'NONE',  ( 31.75000000000002842, -76.19999999999997442, 0.2500000000000002220 ) ) ;
#3890 = CARTESIAN_POINT ( 'NONE',  ( -31.75000000000001421, -68.60735931288070333, 4.512500000000000178 ) ) ;
#3891 = ORIENTED_EDGE ( 'NONE', *, *, #758, .T. ) ;
#3892 = DIRECTION ( 'NONE',  ( -0.000000000000000000, -0.000000000000000000, -1.000000000000000000 ) ) ;
#3893 = CIRCLE ( 'NONE', #3068, 2.489200000000000301 ) ;
#3894 = CIRCLE ( 'NONE', #5093, 2.489200000000000301 ) ;
#3895 = ADVANCED_BREP_SHAPE_REPRESENTATION ( 'REV-21-2804', ( #3312, #2224 ), #4519 ) ;
#3896 = FACE_OUTER_BOUND ( 'NONE', #5145, .T. ) ;
#3897 = DIRECTION ( 'NONE',  ( -0.000000000000000000, -0.000000000000000000, 1.000000000000000000 ) ) ;
#3898 = VERTEX_POINT ( 'NONE', #2834 ) ;
#3899 = DIRECTION ( 'NONE',  ( -0.000000000000000000, -0.000000000000000000, 1.000000000000000000 ) ) ;
#3900 = ORIENTED_EDGE ( 'NONE', *, *, #822, .F. ) ;
#3901 = VECTOR ( 'NONE', #573, 1000.000000000000000 ) ;
#3902 = ORIENTED_EDGE ( 'NONE', *, *, #5287, .F. ) ;
#3903 = DIRECTION ( 'NONE',  ( 0.000000000000000000, 0.000000000000000000, -1.000000000000000000 ) ) ;
#3904 = LINE ( 'NONE', #1815, #2507 ) ;
#3905 = EDGE_LOOP ( 'NONE', ( #1467, #1049, #1476, #4497 ) ) ;
#3906 = DIRECTION ( 'NONE',  ( 0.5000000000000037748, -0.5000000000000037748, 0.7071067811865421326 ) ) ;
#3907 = ORIENTED_EDGE ( 'NONE', *, *, #3462, .T. ) ;
#3908 = AXIS2_PLACEMENT_3D ( 'NONE', #2313, #924, #5262 ) ;
#3909 = ORIENTED_EDGE ( 'NONE', *, *, #1390, .T. ) ;
#3910 = DIRECTION ( 'NONE',  ( -1.000000000000000000, 0.000000000000000000, 0.000000000000000000 ) ) ;
#3911 = ADVANCED_FACE ( 'NONE', ( #706 ), #594, .T. ) ;
#3912 = CARTESIAN_POINT ( 'NONE',  ( 19.04999999999999716, -63.50000000000000000, 4.762500000000000178 ) ) ;
#3913 = DIRECTION ( 'NONE',  ( -0.000000000000000000, -0.000000000000000000, -1.000000000000000000 ) ) ;
#3914 = DIRECTION ( 'NONE',  ( -0.000000000000000000, -0.000000000000000000, 1.000000000000000000 ) ) ;
#3915 = EDGE_CURVE ( 'NONE', #4714, #2287, #4584, .T. ) ;
#3916 = CIRCLE ( 'NONE', #3455, 2.489199999999990087 ) ;
#3917 = ADVANCED_FACE ( 'NONE', ( #5345 ), #1135, .F. ) ;
#3918 = DIRECTION ( 'NONE',  ( 0.000000000000000000, 0.000000000000000000, -1.000000000000000000 ) ) ;
#3919 = CARTESIAN_POINT ( 'NONE',  ( 0.000000000000000000, 0.000000000000000000, -8.673617379884035472E-16 ) ) ;
#3920 = ORIENTED_EDGE ( 'NONE', *, *, #270, .F. ) ;
#3921 = CARTESIAN_POINT ( 'NONE',  ( 12.15640646055103247, -7.999999999999996447, -1.347111479062085841E-15 ) ) ;
#3922 = FACE_BOUND ( 'NONE', #4583, .T. ) ;
#3923 = ORIENTED_EDGE ( 'NONE', *, *, #974, .T. ) ;
#3924 = EDGE_CURVE ( 'NONE', #2493, #4356, #2809, .T. ) ;
#3925 = ADVANCED_FACE ( 'NONE', ( #2436 ), #4493, .F. ) ;
#3926 = CARTESIAN_POINT ( 'NONE',  ( 12.05890000000000484, -2.155326144693640700, 4.762500000000000178 ) ) ;
#3927 = CARTESIAN_POINT ( 'NONE',  ( -6.349999999999997868, -63.50000000000000000, 4.762500000000001066 ) ) ;
#3928 = VERTEX_POINT ( 'NONE', #4064 ) ;
#3929 = ORIENTED_EDGE ( 'NONE', *, *, #3639, .T. ) ;
#3930 = ORIENTED_EDGE ( 'NONE', *, *, #1752, .T. ) ;
#3931 = CARTESIAN_POINT ( 'NONE',  ( -24.15735931288076088, -76.19999999999998863, 0.2500000000000002220 ) ) ;
#3932 = LINE ( 'NONE', #120, #1599 ) ;
#3933 = VERTEX_POINT ( 'NONE', #3634 ) ;
#3934 = DIRECTION ( 'NONE',  ( -0.000000000000000000, -0.000000000000000000, 1.000000000000000000 ) ) ;
#3935 = EDGE_LOOP ( 'NONE', ( #619, #1090, #5193, #2382 ) ) ;
#3936 = ORIENTED_EDGE ( 'NONE', *, *, #3830, .T. ) ;
#3937 = AXIS2_PLACEMENT_3D ( 'NONE', #4240, #1086, #1639 ) ;
#3938 = DIRECTION ( 'NONE',  ( 0.000000000000000000, 0.000000000000000000, -1.000000000000000000 ) ) ;
#3939 = CARTESIAN_POINT ( 'NONE',  ( 24.15735931288071825, 28.75000000000000711, 4.762500000000000178 ) ) ;
#3940 = DIRECTION ( 'NONE',  ( -0.000000000000000000, -0.000000000000000000, 1.000000000000000000 ) ) ;
#3941 = ORIENTED_EDGE ( 'NONE', *, *, #3915, .F. ) ;
#3942 = LINE ( 'NONE', #900, #5074 ) ;
#3943 = DIRECTION ( 'NONE',  ( 0.000000000000000000, 0.000000000000000000, -1.000000000000000000 ) ) ;
#3944 = ORIENTED_EDGE ( 'NONE', *, *, #415, .T. ) ;
#3945 = DIRECTION ( 'NONE',  ( -0.000000000000000000, -0.000000000000000000, -1.000000000000000000 ) ) ;
#3946 = DIRECTION ( 'NONE',  ( -1.000000000000000000, 0.000000000000000000, -0.000000000000000000 ) ) ;
#3947 = EDGE_LOOP ( 'NONE', ( #5459, #847 ) ) ;
#3948 = CIRCLE ( 'NONE', #3410, 2.999999999999999112 ) ;
#3949 = DIRECTION ( 'NONE',  ( -1.000000000000000000, 0.000000000000000000, 0.000000000000000000 ) ) ;
#3950 = DIRECTION ( 'NONE',  ( 0.000000000000000000, 0.000000000000000000, 1.000000000000000000 ) ) ;
#3951 = ORIENTED_EDGE ( 'NONE', *, *, #4091, .F. ) ;
#3952 = ORIENTED_EDGE ( 'NONE', *, *, #3040, .T. ) ;
#3953 = EDGE_CURVE ( 'NONE', #4120, #1927, #5444, .T. ) ;
#3954 = EDGE_CURVE ( 'NONE', #2112, #125, #2981, .T. ) ;
#3955 = VERTEX_POINT ( 'NONE', #2772 ) ;
#3956 = CARTESIAN_POINT ( 'NONE',  ( 27.88919999999998822, 3.048390812437581451E-16, -1.250462353673376935E-15 ) ) ;
#3957 = CONICAL_SURFACE ( 'NONE', #1234, 2.749999999999999112, 0.7853981633974473908 ) ;
#3958 = DIRECTION ( 'NONE',  ( 0.5000000000000045519, 0.5000000000000024425, -0.7071067811865425767 ) ) ;
#3959 = EDGE_LOOP ( 'NONE', ( #1088, #1350, #4390, #3274 ) ) ;
#3960 = DIRECTION ( 'NONE',  ( 1.000000000000000000, 0.000000000000000000, 0.000000000000000000 ) ) ;
#3961 = EDGE_CURVE ( 'NONE', #1112, #5267, #5433, .T. ) ;
#3962 = CIRCLE ( 'NONE', #4702, 2.489199999999988311 ) ;
#3963 = ORIENTED_EDGE ( 'NONE', *, *, #1880, .F. ) ;
#3964 = CIRCLE ( 'NONE', #4885, 2.489200000000000301 ) ;
#3965 = VERTEX_POINT ( 'NONE', #837 ) ;
#3966 = ADVANCED_FACE ( 'NONE', ( #5072 ), #782, .F. ) ;
#3967 = AXIS2_PLACEMENT_3D ( 'NONE', #299, #4742, #828 ) ;
#3968 = CARTESIAN_POINT ( 'NONE',  ( 20.44971224213833239, 17.96051224213827169, 4.762500000000000178 ) ) ;
#3969 = CARTESIAN_POINT ( 'NONE',  ( -24.15735931288069693, 28.75000000000000000, 0.000000000000000000 ) ) ;
#3970 = FACE_OUTER_BOUND ( 'NONE', #2017, .T. ) ;
#3971 = VECTOR ( 'NONE', #4929, 1000.000000000000000 ) ;
#3972 = ORIENTED_EDGE ( 'NONE', *, *, #5053, .F. ) ;
#3973 = DIRECTION ( 'NONE',  ( -0.000000000000000000, -0.000000000000000000, 1.000000000000000000 ) ) ;
#3974 = DIRECTION ( 'NONE',  ( 0.000000000000000000, 0.000000000000000000, -1.000000000000000000 ) ) ;
#3975 = VERTEX_POINT ( 'NONE', #2942 ) ;
#3976 = LINE ( 'NONE', #2264, #1683 ) ;
#3977 = FACE_BOUND ( 'NONE', #2538, .T. ) ;
#3978 = ORIENTED_EDGE ( 'NONE', *, *, #5567, .T. ) ;
#3979 = VECTOR ( 'NONE', #658, 1000.000000000000000 ) ;
#3980 = DIRECTION ( 'NONE',  ( -0.000000000000000000, -0.000000000000000000, -1.000000000000000000 ) ) ;
#3981 = CYLINDRICAL_SURFACE ( 'NONE', #4250, 1.699999999999993072 ) ;
#3983 = ORIENTED_EDGE ( 'NONE', *, *, #2526, .F. ) ;
#3982 = CIRCLE ( 'NONE', #2439, 2.489200000000000301 ) ;
#3984 = AXIS2_PLACEMENT_3D ( 'NONE', #2498, #4247, #345 ) ;
#3985 = ORIENTED_EDGE ( 'NONE', *, *, #2419, .T. ) ;
#3986 = CIRCLE ( 'NONE', #2163, 1.699999999999987965 ) ;
#3987 = ADVANCED_FACE ( 'NONE', ( #5126 ), #2922, .T. ) ;
#3988 = EDGE_CURVE ( 'NONE', #5087, #577, #3893, .T. ) ;
#3989 = ORIENTED_EDGE ( 'NONE', *, *, #3676, .F. ) ;
#3990 = FACE_OUTER_BOUND ( 'NONE', #1840, .T. ) ;
#3991 = DIRECTION ( 'NONE',  ( -0.000000000000000000, -0.000000000000000000, -1.000000000000000000 ) ) ;
#3992 = ORIENTED_EDGE ( 'NONE', *, *, #1484, .T. ) ;
#3993 = CARTESIAN_POINT ( 'NONE',  ( -30.69454364826301784, 26.10190296114371478, 4.762500000000000178 ) ) ;
#3994 = ORIENTED_EDGE ( 'NONE', *, *, #4933, .F. ) ;
#3995 = VERTEX_POINT ( 'NONE', #2487 ) ;
#3996 = DIRECTION ( 'NONE',  ( 0.000000000000000000, 0.7071067811865475727, 0.7071067811865474617 ) ) ;
#3997 = CARTESIAN_POINT ( 'NONE',  ( -30.87132034355965970, -70.72867965644033461, 4.512500000000000178 ) ) ;
#3998 = FACE_BOUND ( 'NONE', #255, .T. ) ;
#3999 = CIRCLE ( 'NONE', #1998, 2.749999999999995559 ) ;
#4000 = ORIENTED_EDGE ( 'NONE', *, *, #989, .F. ) ;
#4001 = CARTESIAN_POINT ( 'NONE',  ( -12.70000000000000107, -38.09999999999999432, 4.762500000000001066 ) ) ;
#4002 = CARTESIAN_POINT ( 'NONE',  ( 24.15735931288068983, -73.19999999999997442, 4.762500000000000178 ) ) ;
#4003 = EDGE_LOOP ( 'NONE', ( #3133, #1051, #3562, #1793 ) ) ;
#4004 = CARTESIAN_POINT ( 'NONE',  ( 2.489199999999734292, -25.40000000000000213, 4.762500000000000178 ) ) ;
#4005 = ADVANCED_FACE ( 'NONE', ( #3392 ), #5101, .F. ) ;
#4006 = DIRECTION ( 'NONE',  ( -0.000000000000000000, -0.000000000000000000, -1.000000000000000000 ) ) ;
#4007 = EDGE_CURVE ( 'NONE', #4184, #4796, #4438, .T. ) ;
#4008 = AXIS2_PLACEMENT_3D ( 'NONE', #4424, #3650, #2761 ) ;
#4009 = DIRECTION ( 'NONE',  ( -2.185478394931409589E-16, 1.000000000000000000, 0.000000000000000000 ) ) ;
#4010 = CARTESIAN_POINT ( 'NONE',  ( 30.69454364826300719, 26.10190296114370412, 4.762500000000000178 ) ) ;
#4011 = ORIENTED_EDGE ( 'NONE', *, *, #3018, .F. ) ;
#4012 = CIRCLE ( 'NONE', #4110, 2.489199999999988311 ) ;
#4013 = ORIENTED_EDGE ( 'NONE', *, *, #234, .T. ) ;
#4014 = EDGE_CURVE ( 'NONE', #4184, #910, #366, .T. ) ;
#4015 = AXIS2_PLACEMENT_3D ( 'NONE', #3058, #4370, #45 ) ;
#4016 = EDGE_LOOP ( 'NONE', ( #2758, #972, #491, #3983 ) ) ;
#4017 = DIRECTION ( 'NONE',  ( 1.000000000000000000, 0.000000000000000000, 0.000000000000000000 ) ) ;
#4018 = FACE_OUTER_BOUND ( 'NONE', #2227, .T. ) ;
#4019 = LINE ( 'NONE', #2642, #2791 ) ;
#4020 = CARTESIAN_POINT ( 'NONE',  ( -25.39999999999999858, 0.000000000000000000, 0.000000000000000000 ) ) ;
#4021 = EDGE_LOOP ( 'NONE', ( #2921, #5067, #2254, #2477 ) ) ;
#4022 = ADVANCED_FACE ( 'NONE', ( #2892 ), #334, .T. ) ;
#4023 = EDGE_LOOP ( 'NONE', ( #4407, #1603 ) ) ;
#4024 = DIRECTION ( 'NONE',  ( -0.7071067811865455743, 0.7071067811865493491, 0.000000000000000000 ) ) ;
#4025 = CARTESIAN_POINT ( 'NONE',  ( -6.349999999999997868, -63.50000000000000000, 4.762500000000001066 ) ) ;
#4026 = DIRECTION ( 'NONE',  ( -1.000000000000000000, 0.000000000000000000, 0.000000000000000000 ) ) ;
#4027 = ADVANCED_FACE ( 'NONE', ( #2091 ), #4750, .F. ) ;
#4028 = EDGE_CURVE ( 'NONE', #773, #5304, #4646, .T. ) ;
#4029 = EDGE_CURVE ( 'NONE', #4840, #1054, #3804, .T. ) ;
#4030 = ORIENTED_EDGE ( 'NONE', *, *, #4993, .F. ) ;
#4031 = DIRECTION ( 'NONE',  ( -0.000000000000000000, -0.000000000000000000, -1.000000000000000000 ) ) ;
#4032 = DIRECTION ( 'NONE',  ( -1.000000000000000000, 0.000000000000000000, 0.000000000000000000 ) ) ;
#4033 = ORIENTED_EDGE ( 'NONE', *, *, #1301, .F. ) ;
#4034 = CARTESIAN_POINT ( 'NONE',  ( 11.22045000000005821, -15.12296861358571576, 4.762500000000000178 ) ) ;
#4035 = DIRECTION ( 'NONE',  ( 1.000000000000000000, 0.000000000000000000, 0.000000000000000000 ) ) ;
#4036 = LINE ( 'NONE', #4869, #2886 ) ;
#4037 = DIRECTION ( 'NONE',  ( 1.000000000000000000, 0.000000000000000000, 0.000000000000000000 ) ) ;
#4038 = VERTEX_POINT ( 'NONE', #735 ) ;
#4039 = ORIENTED_EDGE ( 'NONE', *, *, #2235, .F. ) ;
#4040 = ORIENTED_EDGE ( 'NONE', *, *, #5048, .T. ) ;
#4041 = DIRECTION ( 'NONE',  ( 1.000000000000000000, 0.000000000000000000, 0.000000000000000000 ) ) ;
#4042 = CARTESIAN_POINT ( 'NONE',  ( 12.15915000000000035, -1.665479293626911383, 4.762500000000001066 ) ) ;
#4043 = DIRECTION ( 'NONE',  ( -0.7071067811865455743, 0.7071067811865493491, 0.000000000000000000 ) ) ;
#4044 = CIRCLE ( 'NONE', #2126, 2.489199999999988311 ) ;
#4045 = DIRECTION ( 'NONE',  ( -1.000000000000000000, 0.000000000000000000, 0.000000000000000000 ) ) ;
#4046 = VERTEX_POINT ( 'NONE', #1241 ) ;
#4047 = EDGE_CURVE ( 'NONE', #2202, #2587, #1691, .T. ) ;
#4048 = CIRCLE ( 'NONE', #2588, 2.489200000000000301 ) ;
#4049 = VERTEX_POINT ( 'NONE', #810 ) ;
#4050 = DIRECTION ( 'NONE',  ( -1.000000000000000000, 0.000000000000000000, 0.000000000000000000 ) ) ;
#4051 = VECTOR ( 'NONE', #4775, 1000.000000000000000 ) ;
#4052 = FACE_OUTER_BOUND ( 'NONE', #3110, .T. ) ;
#4053 = FACE_OUTER_BOUND ( 'NONE', #5590, .T. ) ;
#4054 = DIRECTION ( 'NONE',  ( -0.000000000000000000, -0.000000000000000000, 1.000000000000000000 ) ) ;
#4055 = AXIS2_PLACEMENT_3D ( 'NONE', #3398, #5158, #3431 ) ;
#4056 = AXIS2_PLACEMENT_3D ( 'NONE', #2118, #2200, #4754 ) ;
#4057 = PRODUCT_CONTEXT ( 'NONE', #1329, 'mechanical' ) ;
#4058 = CIRCLE ( 'NONE', #609, 2.489199999999990087 ) ;
#4059 = EDGE_LOOP ( 'NONE', ( #1846, #5322, #4375, #3992, #5398, #1974, #46, #1640, #3839, #5259, #2343, #5344, #5021, #4915, #2728, #2673 ) ) ;
#4060 = EDGE_CURVE ( 'NONE', #5108, #5030, #3336, .T. ) ;
#4061 = DIRECTION ( 'NONE',  ( 1.000000000000000000, 0.000000000000000000, 0.000000000000000000 ) ) ;
#4062 = CARTESIAN_POINT ( 'NONE',  ( 16.56080000000000751, -50.79999999999999716, 4.762500000000000178 ) ) ;
#4063 = VERTEX_POINT ( 'NONE', #3421 ) ;
#4064 = CARTESIAN_POINT ( 'NONE',  ( 26.10190296114369701, -75.14454364826298161, 4.762500000000000178 ) ) ;
#4065 = DIRECTION ( 'NONE',  ( 1.000000000000000000, 0.000000000000000000, 0.000000000000000000 ) ) ;
#4066 = CIRCLE ( 'NONE', #965, 2.999999999999999112 ) ;
#4067 = DIRECTION ( 'NONE',  ( -6.427877632151209458E-17, -1.000000000000000000, 0.000000000000000000 ) ) ;
#4068 = CARTESIAN_POINT ( 'NONE',  ( 30.87132034355964194, 26.27867965644033887, 4.512500000000000178 ) ) ;
#4069 = ORIENTED_EDGE ( 'NONE', *, *, #764, .F. ) ;
#4070 = AXIS2_PLACEMENT_3D ( 'NONE', #745, #3405, #4301 ) ;
#4071 = ORIENTED_EDGE ( 'NONE', *, *, #4308, .F. ) ;
#4072 = AXIS2_PLACEMENT_3D ( 'NONE', #3636, #4561, #4128 ) ;
#4073 = AXIS2_PLACEMENT_3D ( 'NONE', #5626, #2624, #3054 ) ;
#4074 = ORIENTED_EDGE ( 'NONE', *, *, #3176, .F. ) ;
#4075 = CARTESIAN_POINT ( 'NONE',  ( 7.249999999999968026, 12.55736835487438086, 6.735557395310589195E-17 ) ) ;
#4076 = CARTESIAN_POINT ( 'NONE',  ( 6.242050000000086030, -15.12296861358571576, -2.602085213965210642E-15 ) ) ;
#4077 = CARTESIAN_POINT ( 'NONE',  ( -19.04999999999999716, -63.50000000000000000, 4.762500000000001066 ) ) ;
#4078 = AXIS2_PLACEMENT_3D ( 'NONE', #4782, #4378, #3949 ) ;
#4079 = VECTOR ( 'NONE', #1765, 1000.000000000000000 ) ;
#4080 = ORIENTED_EDGE ( 'NONE', *, *, #1966, .F. ) ;
#4081 = VERTEX_POINT ( 'NONE', #2009 ) ;
#4082 = DIRECTION ( 'NONE',  ( -0.7071067811865490160, -0.7071067811865460184, -0.000000000000000000 ) ) ;
#4083 = VECTOR ( 'NONE', #4688, 1000.000000000000000 ) ;
#4084 = CARTESIAN_POINT ( 'NONE',  ( 25.39999999999999858, -63.50000000000000000, 4.762500000000001066 ) ) ;
#4085 = EDGE_CURVE ( 'NONE', #4396, #4419, #2464, .T. ) ;
#4086 = DIRECTION ( 'NONE',  ( -0.000000000000000000, -0.000000000000000000, 1.000000000000000000 ) ) ;
#4087 = CIRCLE ( 'NONE', #364, 2.489199999999988311 ) ;
#4088 = FACE_OUTER_BOUND ( 'NONE', #2959, .T. ) ;
#4089 = ORIENTED_EDGE ( 'NONE', *, *, #1880, .T. ) ;
#4090 = EDGE_LOOP ( 'NONE', ( #2199, #493 ) ) ;
#4091 = EDGE_CURVE ( 'NONE', #4509, #1902, #4259, .T. ) ;
#4092 = ORIENTED_EDGE ( 'NONE', *, *, #1272, .F. ) ;
#4093 = CARTESIAN_POINT ( 'NONE',  ( 16.56080000000000751, -38.09999999999999432, 4.762500000000001066 ) ) ;
#4094 = DIRECTION ( 'NONE',  ( -0.4999999999999988898, -0.4999999999999988898, 0.7071067811865491270 ) ) ;
#4095 = ORIENTED_EDGE ( 'NONE', *, *, #5339, .F. ) ;
#4096 = LINE ( 'NONE', #1497, #2796 ) ;
#4097 = DIRECTION ( 'NONE',  ( 1.000000000000000000, 0.000000000000000000, 0.000000000000000000 ) ) ;
#4098 = EDGE_CURVE ( 'NONE', #2355, #1255, #4997, .T. ) ;
#4099 = FACE_OUTER_BOUND ( 'NONE', #1191, .T. ) ;
#4100 = CARTESIAN_POINT ( 'NONE',  ( -13.85640646055101577, -8.000000000000007105, 0.000000000000000000 ) ) ;
#4101 = ORIENTED_EDGE ( 'NONE', *, *, #4830, .F. ) ;
#4102 = ORIENTED_EDGE ( 'NONE', *, *, #974, .F. ) ;
#4103 = AXIS2_PLACEMENT_3D ( 'NONE', #1400, #2306, #5366 ) ;
#4104 = EDGE_CURVE ( 'NONE', #1786, #1898, #1401, .T. ) ;
#4105 = EDGE_CURVE ( 'NONE', #4820, #2845, #2706, .T. ) ;
#4106 = VERTEX_POINT ( 'NONE', #2197 ) ;
#4107 = ADVANCED_FACE ( 'NONE', ( #1717 ), #4538, .T. ) ;
#4108 = CARTESIAN_POINT ( 'NONE',  ( -19.50784525612472819, 12.70000000000002593, 0.000000000000000000 ) ) ;
#4109 = DIRECTION ( 'NONE',  ( -0.000000000000000000, -0.000000000000000000, -1.000000000000000000 ) ) ;
#4110 = AXIS2_PLACEMENT_3D ( 'NONE', #276, #5092, #5064 ) ;
#4111 = DIRECTION ( 'NONE',  ( 1.000000000000000000, 0.000000000000000000, 0.000000000000000000 ) ) ;
#4112 = ORIENTED_EDGE ( 'NONE', *, *, #5627, .T. ) ;
#4113 = ORIENTED_EDGE ( 'NONE', *, *, #2072, .F. ) ;
#4114 = CARTESIAN_POINT ( 'NONE',  ( -13.85640646055101577, -8.000000000000007105, 0.000000000000000000 ) ) ;
#4115 = CARTESIAN_POINT ( 'NONE',  ( -9.499999999999966249, -12.55736835487438086, 4.762500000000001066 ) ) ;
#4116 = CARTESIAN_POINT ( 'NONE',  ( -26.10190296114375741, -75.14454364826298161, 0.000000000000000000 ) ) ;
#4117 = FACE_OUTER_BOUND ( 'NONE', #1597, .T. ) ;
#4118 = ORIENTED_EDGE ( 'NONE', *, *, #1187, .T. ) ;
#4119 = CARTESIAN_POINT ( 'NONE',  ( -31.50000000000000711, 2.024781454127631337E-15, 4.762500000000000178 ) ) ;
#4120 = VERTEX_POINT ( 'NONE', #3107 ) ;
#4121 = ORIENTED_EDGE ( 'NONE', *, *, #2549, .F. ) ;
#4122 = DIRECTION ( 'NONE',  ( 0.000000000000000000, 0.000000000000000000, -1.000000000000000000 ) ) ;
#4123 = DIRECTION ( 'NONE',  ( 1.000000000000000000, 0.000000000000000000, 0.000000000000000000 ) ) ;
#4124 = ORIENTED_EDGE ( 'NONE', *, *, #5205, .F. ) ;
#4125 = CARTESIAN_POINT ( 'NONE',  ( 0.000000000000000000, 0.000000000000000000, -8.673617379884035472E-16 ) ) ;
#4126 = AXIS2_PLACEMENT_3D ( 'NONE', #984, #2717, #2807 ) ;
#4127 = CARTESIAN_POINT ( 'NONE',  ( 25.40000000000000213, -50.79999999999999716, 4.762500000000001066 ) ) ;
#4128 = DIRECTION ( 'NONE',  ( -1.000000000000000000, 0.000000000000000000, 0.000000000000000000 ) ) ;
#4129 = AXIS2_PLACEMENT_3D ( 'NONE', #709, #3727, #1139 ) ;
#4130 = DIRECTION ( 'NONE',  ( -1.000000000000000000, 0.000000000000000000, 0.000000000000000000 ) ) ;
#4131 = EDGE_LOOP ( 'NONE', ( #1493, #2637, #1757, #4033 ) ) ;
#4132 = VERTEX_POINT ( 'NONE', #2596 ) ;
#4133 = ORIENTED_EDGE ( 'NONE', *, *, #897, .T. ) ;
#4134 = LINE ( 'NONE', #4108, #4423 ) ;
#4135 = FACE_OUTER_BOUND ( 'NONE', #1033, .T. ) ;
#4136 = CARTESIAN_POINT ( 'NONE',  ( 15.55640646055100618, 8.000000000000005329, -1.347111479062085841E-15 ) ) ;
#4137 = ADVANCED_FACE ( 'NONE', ( #1317 ), #101, .T. ) ;
#4138 = ORIENTED_EDGE ( 'NONE', *, *, #2767, .F. ) ;
#4139 = EDGE_CURVE ( 'NONE', #661, #4169, #3432, .T. ) ;
#4140 = ORIENTED_EDGE ( 'NONE', *, *, #3589, .F. ) ;
#4141 = CARTESIAN_POINT ( 'NONE',  ( 10.21079999999999899, -38.09999999999999432, -8.673617379884035472E-16 ) ) ;
#4142 = VECTOR ( 'NONE', #290, 1000.000000000000000 ) ;
#4143 = CARTESIAN_POINT ( 'NONE',  ( -31.75000000000000711, 24.15735931288069693, 4.512500000000000178 ) ) ;
#4144 = DIRECTION ( 'NONE',  ( 1.000000000000000000, 0.000000000000000000, 0.000000000000000000 ) ) ;
#4145 = CARTESIAN_POINT ( 'NONE',  ( -16.56079999999999686, -63.50000000000000000, -8.673617379884035472E-16 ) ) ;
#4146 = CIRCLE ( 'NONE', #1144, 2.489199999999988311 ) ;
#4147 = ADVANCED_FACE ( 'NONE', ( #3566 ), #4339, .F. ) ;
#4148 = APPLICATION_PROTOCOL_DEFINITION ( 'draft international standard', 'automotive_design', 1998, #1329 ) ;
#4149 = ORIENTED_EDGE ( 'NONE', *, *, #1399, .T. ) ;
#4150 = ORIENTED_EDGE ( 'NONE', *, *, #5205, .T. ) ;
#4151 = DIRECTION ( 'NONE',  ( 1.000000000000000000, 0.000000000000000000, 0.000000000000000000 ) ) ;
#4153 = ORIENTED_EDGE ( 'NONE', *, *, #4703, .T. ) ;
#4152 = AXIS2_PLACEMENT_3D ( 'NONE', #3515, #1744, #3060 ) ;
#4154 = DIRECTION ( 'NONE',  ( -0.000000000000000000, -0.000000000000000000, 1.000000000000000000 ) ) ;
#4155 = DIRECTION ( 'NONE',  ( 1.000000000000000000, 0.000000000000000000, 0.000000000000000000 ) ) ;
#4156 = VECTOR ( 'NONE', #2744, 1000.000000000000000 ) ;
#4157 = AXIS2_PLACEMENT_3D ( 'NONE', #5220, #967, #3469 ) ;
#4158 = CARTESIAN_POINT ( 'NONE',  ( 22.91079999999999828, 0.000000000000000000, 4.762500000000000178 ) ) ;
#4159 = CARTESIAN_POINT ( 'NONE',  ( -8.731250000000072120, 15.12296861358571576, 4.762500000000001066 ) ) ;
#4160 = ORIENTED_EDGE ( 'NONE', *, *, #816, .F. ) ;
#4161 = CIRCLE ( 'NONE', #1695, 2.999999999999999112 ) ;
#4162 = CARTESIAN_POINT ( 'NONE',  ( -12.50000000000000000, 0.000000000000000000, -1.347111479062085841E-15 ) ) ;
#4163 = ORIENTED_EDGE ( 'NONE', *, *, #2082, .T. ) ;
#4164 = VERTEX_POINT ( 'NONE', #4889 ) ;
#4165 = EDGE_CURVE ( 'NONE', #2287, #1310, #3249, .T. ) ;
#4166 = CARTESIAN_POINT ( 'NONE',  ( -15.18919999999998893, -38.09999999999999432, 4.762500000000001066 ) ) ;
#4167 = CARTESIAN_POINT ( 'NONE',  ( -10.21080000000025656, -21.99704525612459349, 4.762500000000000178 ) ) ;
#4168 = DIRECTION ( 'NONE',  ( -0.000000000000000000, -0.000000000000000000, 1.000000000000000000 ) ) ;
#4169 = VERTEX_POINT ( 'NONE', #3884 ) ;
#4170 = EDGE_CURVE ( 'NONE', #2841, #5216, #3982, .T. ) ;
#4171 = CIRCLE ( 'NONE', #2432, 1.699999999999998401 ) ;
#4172 = ADVANCED_FACE ( 'NONE', ( #4364 ), #171, .T. ) ;
#4173 = EDGE_LOOP ( 'NONE', ( #3761, #3879 ) ) ;
#4174 = VECTOR ( 'NONE', #1533, 1000.000000000000000 ) ;
#4175 = CYLINDRICAL_SURFACE ( 'NONE', #3785, 2.489199999999994084 ) ;
#4176 = CARTESIAN_POINT ( 'NONE',  ( -19.04999999999999716, -38.10000000000000142, 4.762500000000001066 ) ) ;
#4177 = AXIS2_PLACEMENT_3D ( 'NONE', #5045, #1556, #4986 ) ;
#4178 = LINE ( 'NONE', #360, #5629 ) ;
#4179 = FACE_BOUND ( 'NONE', #3025, .T. ) ;
#4180 = VECTOR ( 'NONE', #1655, 1000.000000000000000 ) ;
#4181 = ORIENTED_EDGE ( 'NONE', *, *, #1109, .F. ) ;
#4182 = VERTEX_POINT ( 'NONE', #38 ) ;
#4183 = DIRECTION ( 'NONE',  ( 1.000000000000000000, 0.000000000000000000, 0.000000000000000000 ) ) ;
#4184 = VERTEX_POINT ( 'NONE', #4426 ) ;
#4185 = DIRECTION ( 'NONE',  ( 1.000000000000000000, 0.000000000000000000, 0.000000000000000000 ) ) ;
#4186 = DIRECTION ( 'NONE',  ( -1.000000000000000000, 0.000000000000000000, 0.000000000000000000 ) ) ;
#4187 = AXIS2_PLACEMENT_3D ( 'NONE', #3096, #3897, #3436 ) ;
#4188 = LINE ( 'NONE', #1583, #3246 ) ;
#4189 = FACE_OUTER_BOUND ( 'NONE', #5325, .T. ) ;
#4190 = ORIENTED_EDGE ( 'NONE', *, *, #1484, .F. ) ;
#4191 = DIRECTION ( 'NONE',  ( -0.000000000000000000, -0.000000000000000000, -1.000000000000000000 ) ) ;
#4192 = CIRCLE ( 'NONE', #999, 2.489199999999990087 ) ;
#4193 = EDGE_LOOP ( 'NONE', ( #1397, #4190, #1936, #3316 ) ) ;
#4194 = DIRECTION ( 'NONE',  ( -0.7071067811865494601, -0.7071067811865456854, -0.000000000000000000 ) ) ;
#4195 = DIRECTION ( 'NONE',  ( -0.000000000000000000, -0.000000000000000000, 1.000000000000000000 ) ) ;
#4196 = LINE ( 'NONE', #820, #1784 ) ;
#4197 = ORIENTED_EDGE ( 'NONE', *, *, #4591, .T. ) ;
#4198 = EDGE_CURVE ( 'NONE', #4038, #4534, #1796, .T. ) ;
#4199 = CIRCLE ( 'NONE', #2915, 2.489200000000000301 ) ;
#4200 = ORIENTED_EDGE ( 'NONE', *, *, #3767, .F. ) ;
#4201 = DIRECTION ( 'NONE',  ( 1.000000000000000000, 0.000000000000000000, 0.000000000000000000 ) ) ;
#4202 = DIRECTION ( 'NONE',  ( 0.000000000000000000, 0.7071067811865474617, -0.7071067811865474617 ) ) ;
#4203 = DIRECTION ( 'NONE',  ( 0.7071067811865490160, 0.7071067811865460184, 0.000000000000000000 ) ) ;
#4204 = DIRECTION ( 'NONE',  ( 1.000000000000000000, 0.000000000000000000, 0.000000000000000000 ) ) ;
#4205 = ORIENTED_EDGE ( 'NONE', *, *, #5627, .F. ) ;
#4206 = VERTEX_POINT ( 'NONE', #3027 ) ;
#4207 = CARTESIAN_POINT ( 'NONE',  ( 2.489199999999988311, 25.39999999999999858, -1.250462353673376935E-15 ) ) ;
#4208 = ORIENTED_EDGE ( 'NONE', *, *, #3564, .F. ) ;
#4209 = DIRECTION ( 'NONE',  ( -1.000000000000000000, 0.000000000000000000, 0.000000000000000000 ) ) ;
#4210 = DIRECTION ( 'NONE',  ( -1.000000000000000000, 0.000000000000000000, 0.000000000000000000 ) ) ;
#4211 = EDGE_CURVE ( 'NONE', #2868, #3768, #1986, .T. ) ;
#4212 = AXIS2_PLACEMENT_3D ( 'NONE', #1213, #835, #4771 ) ;
#4213 = EDGE_CURVE ( 'NONE', #3730, #3059, #476, .T. ) ;
#4214 = DIRECTION ( 'NONE',  ( -0.000000000000000000, -0.000000000000000000, 1.000000000000000000 ) ) ;
#4215 = DIRECTION ( 'NONE',  ( -0.000000000000000000, -0.000000000000000000, 1.000000000000000000 ) ) ;
#4216 = ORIENTED_EDGE ( 'NONE', *, *, #939, .F. ) ;
#4217 = EDGE_CURVE ( 'NONE', #3933, #351, #3894, .T. ) ;
#4218 = DIRECTION ( 'NONE',  ( 1.000000000000000000, 0.000000000000000000, 0.000000000000000000 ) ) ;
#4219 = ADVANCED_FACE ( 'NONE', ( #893 ), #4640, .T. ) ;
#4220 = ORIENTED_EDGE ( 'NONE', *, *, #5318, .F. ) ;
#4221 = DIRECTION ( 'NONE',  ( -0.000000000000000000, -0.000000000000000000, 1.000000000000000000 ) ) ;
#4222 = DIRECTION ( 'NONE',  ( -0.4999999999999988898, -0.4999999999999988898, 0.7071067811865491270 ) ) ;
#4223 = CARTESIAN_POINT ( 'NONE',  ( 10.21080000000011268, 21.99704525612468586, -1.250462353673376935E-15 ) ) ;
#4224 = ORIENTED_EDGE ( 'NONE', *, *, #3203, .T. ) ;
#4225 = EDGE_CURVE ( 'NONE', #5011, #5561, #4394, .T. ) ;
#4226 = EDGE_LOOP ( 'NONE', ( #5500, #3207, #4251, #1926 ) ) ;
#4227 = CYLINDRICAL_SURFACE ( 'NONE', #1238, 2.489199999999993640 ) ;
#4228 = FILL_AREA_STYLE ('',( #749 ) ) ;
#4229 = DIRECTION ( 'NONE',  ( -0.000000000000000000, -0.000000000000000000, -1.000000000000000000 ) ) ;
#4230 = DIRECTION ( 'NONE',  ( -0.000000000000000000, -0.000000000000000000, -1.000000000000000000 ) ) ;
#4231 = ORIENTED_EDGE ( 'NONE', *, *, #5567, .F. ) ;
#4232 = DIRECTION ( 'NONE',  ( 0.4999999999999988898, -0.4999999999999988898, 0.7071067811865491270 ) ) ;
#4233 = LINE ( 'NONE', #3226, #2111 ) ;
#4234 = ORIENTED_EDGE ( 'NONE', *, *, #2535, .F. ) ;
#4235 = CARTESIAN_POINT ( 'NONE',  ( -25.39999999999999858, -38.10000000000000142, 4.762500000000000178 ) ) ;
#4236 = AXIS2_PLACEMENT_3D ( 'NONE', #2064, #2943, #783 ) ;
#4237 = PLANE ( 'NONE',  #1951 ) ;
#4238 = EDGE_CURVE ( 'NONE', #5071, #2252, #1373, .T. ) ;
#4239 = FACE_OUTER_BOUND ( 'NONE', #4131, .T. ) ;
#4240 = CARTESIAN_POINT ( 'NONE',  ( 12.50000000000000000, 0.000000000000000000, -1.347111479062085841E-15 ) ) ;
#4241 = VERTEX_POINT ( 'NONE', #3997 ) ;
#4242 = CIRCLE ( 'NONE', #960, 0.5000000000000004441 ) ;
#4243 = CARTESIAN_POINT ( 'NONE',  ( -25.39999999999999858, 0.000000000000000000, 0.000000000000000000 ) ) ;
#4244 = CIRCLE ( 'NONE', #2055, 2.489199999999990087 ) ;
#4245 = EDGE_LOOP ( 'NONE', ( #4324, #5024, #3074, #4966 ) ) ;
#4246 = CIRCLE ( 'NONE', #246, 2.999999999999999112 ) ;
#4247 = DIRECTION ( 'NONE',  ( -0.000000000000000000, -0.000000000000000000, -1.000000000000000000 ) ) ;
#4248 = CARTESIAN_POINT ( 'NONE',  ( -28.75000000000001421, -68.60735931288070333, 0.000000000000000000 ) ) ;
#4249 = DIRECTION ( 'NONE',  ( -1.000000000000000000, 0.000000000000000000, 0.000000000000000000 ) ) ;
#4250 = AXIS2_PLACEMENT_3D ( 'NONE', #4100, #1447, #4406 ) ;
#4251 = ORIENTED_EDGE ( 'NONE', *, *, #895, .T. ) ;
#4252 = ORIENTED_EDGE ( 'NONE', *, *, #4451, .T. ) ;
#4253 = DIRECTION ( 'NONE',  ( 1.000000000000000000, 0.000000000000000000, 0.000000000000000000 ) ) ;
#4254 = CARTESIAN_POINT ( 'NONE',  ( 25.39999999999999858, 0.000000000000000000, -1.250462353673376935E-15 ) ) ;
#4255 = CARTESIAN_POINT ( 'NONE',  ( -17.96051224213827524, 17.96051224213833208, 4.762500000000000178 ) ) ;
#4256 = AXIS2_PLACEMENT_3D ( 'NONE', #3832, #5550, #5521 ) ;
#4257 = ORIENTED_EDGE ( 'NONE', *, *, #589, .F. ) ;
#4258 = ADVANCED_FACE ( 'NONE', ( #2712 ), #613, .F. ) ;
#4259 = CIRCLE ( 'NONE', #626, 2.489200000000000301 ) ;
#4260 = DIRECTION ( 'NONE',  ( -1.000000000000000000, 0.000000000000000000, 0.000000000000000000 ) ) ;
#4261 = CARTESIAN_POINT ( 'NONE',  ( -25.39999999999999503, -50.80000000000000426, -8.673617379884035472E-16 ) ) ;
#4262 = DIRECTION ( 'NONE',  ( 1.000000000000000000, 0.000000000000000000, 0.000000000000000000 ) ) ;
#4263 = AXIS2_PLACEMENT_3D ( 'NONE', #5555, #2045, #3786 ) ;
#4264 = CARTESIAN_POINT ( 'NONE',  ( -10.21080000000026189, -21.99704525612459349, 0.000000000000000000 ) ) ;
#4265 = ADVANCED_FACE ( 'NONE', ( #4486 ), #5455, .F. ) ;
#4266 = DIRECTION ( 'NONE',  ( -1.000000000000000000, 0.000000000000000000, 0.000000000000000000 ) ) ;
#4267 = DIRECTION ( 'NONE',  ( -0.000000000000000000, -0.000000000000000000, 1.000000000000000000 ) ) ;
#4268 = VERTEX_POINT ( 'NONE', #1066 ) ;
#4269 = FACE_BOUND ( 'NONE', #4623, .T. ) ;
#4270 = AXIS2_PLACEMENT_3D ( 'NONE', #2123, #3521, #875 ) ;
#4271 = EDGE_CURVE ( 'NONE', #5379, #2412, #3986, .T. ) ;
#4272 = CARTESIAN_POINT ( 'NONE',  ( -15.55640646055100440, -8.000000000000007105, -1.347111479062085841E-15 ) ) ;
#4273 = DIRECTION ( 'NONE',  ( -1.000000000000000000, 0.000000000000000000, 0.000000000000000000 ) ) ;
#4274 = ORIENTED_EDGE ( 'NONE', *, *, #1005, .F. ) ;
#4275 = DIRECTION ( 'NONE',  ( -0.000000000000000000, -0.000000000000000000, -1.000000000000000000 ) ) ;
#4276 = EDGE_LOOP ( 'NONE', ( #4662, #2070 ) ) ;
#4277 = EDGE_CURVE ( 'NONE', #877, #3155, #5356, .T. ) ;
#4278 = EDGE_CURVE ( 'NONE', #2493, #2074, #5353, .T. ) ;
#4279 = ORIENTED_EDGE ( 'NONE', *, *, #4104, .F. ) ;
#4280 = DIRECTION ( 'NONE',  ( 0.7071067811865460184, -0.7071067811865491270, 0.000000000000000000 ) ) ;
#4281 = DIRECTION ( 'NONE',  ( 1.000000000000000000, 0.000000000000000000, 0.000000000000000000 ) ) ;
#4282 = CARTESIAN_POINT ( 'NONE',  ( 15.55640646055100973, -7.999999999999996447, -1.347111479062085841E-15 ) ) ;
#4283 = VERTEX_POINT ( 'NONE', #3277 ) ;
#4284 = VECTOR ( 'NONE', #2711, 1000.000000000000000 ) ;
#4285 = ORIENTED_EDGE ( 'NONE', *, *, #822, .T. ) ;
#4286 = CARTESIAN_POINT ( 'NONE',  ( -22.91080000000000183, 3.048390812437585889E-16, 0.000000000000000000 ) ) ;
#4287 = DIRECTION ( 'NONE',  ( 1.000000000000000000, 0.000000000000000000, 0.000000000000000000 ) ) ;
#4288 = DIRECTION ( 'NONE',  ( -0.000000000000000000, -0.000000000000000000, 1.000000000000000000 ) ) ;
#4289 = VECTOR ( 'NONE', #3680, 1000.000000000000000 ) ;
#4290 = CARTESIAN_POINT ( 'NONE',  ( 12.15640646055102714, -7.999999999999996447, 0.000000000000000000 ) ) ;
#4291 = AXIS2_PLACEMENT_3D ( 'NONE', #397, #5130, #4809 ) ;
#4292 = AXIS2_PLACEMENT_3D ( 'NONE', #1479, #5413, #3615 ) ;
#4293 = CARTESIAN_POINT ( 'NONE',  ( -3.442128472016973036E-15, 31.50000000000000711, 4.762500000000000178 ) ) ;
#4294 = DIRECTION ( 'NONE',  ( 0.000000000000000000, -0.7071067811865279218, -0.7071067811865671127 ) ) ;
#4295 = ORIENTED_EDGE ( 'NONE', *, *, #406, .T. ) ;
#4296 = FACE_BOUND ( 'NONE', #3766, .T. ) ;
#4297 = EDGE_CURVE ( 'NONE', #162, #1363, #2801, .T. ) ;
#4298 = DIRECTION ( 'NONE',  ( -0.000000000000000000, -0.000000000000000000, 1.000000000000000000 ) ) ;
#4299 = DIRECTION ( 'NONE',  ( -0.000000000000000000, -0.000000000000000000, -1.000000000000000000 ) ) ;
#4300 = VERTEX_POINT ( 'NONE', #5393 ) ;
#4301 = DIRECTION ( 'NONE',  ( -1.000000000000000000, 0.000000000000000000, 0.000000000000000000 ) ) ;
#4302 = CIRCLE ( 'NONE', #4850, 2.489199999999999413 ) ;
#4303 = ORIENTED_EDGE ( 'NONE', *, *, #315, .F. ) ;
#4304 = ORIENTED_EDGE ( 'NONE', *, *, #548, .F. ) ;
#4305 = CARTESIAN_POINT ( 'NONE',  ( -6.242050000000085141, 15.12296861358571576, 4.762500000000000178 ) ) ;
#4306 = CARTESIAN_POINT ( 'NONE',  ( 28.39822330470343914, 28.39822330470328282, 4.762500000000000178 ) ) ;
#4307 = DIRECTION ( 'NONE',  ( 1.000000000000000000, 0.000000000000000000, 0.000000000000000000 ) ) ;
#4308 = EDGE_CURVE ( 'NONE', #4539, #3588, #988, .T. ) ;
#4309 = ORIENTED_EDGE ( 'NONE', *, *, #5526, .T. ) ;
#4310 = VERTEX_POINT ( 'NONE', #2285 ) ;
#4311 = FACE_OUTER_BOUND ( 'NONE', #1761, .T. ) ;
#4312 = LINE ( 'NONE', #1239, #1106 ) ;
#4313 = CARTESIAN_POINT ( 'NONE',  ( -31.75000000000000711, 24.15735931288069693, 4.512500000000000178 ) ) ;
#4314 = DIRECTION ( 'NONE',  ( -0.000000000000000000, -0.000000000000000000, -1.000000000000000000 ) ) ;
#4315 = CARTESIAN_POINT ( 'NONE',  ( -7.249999999999968026, -12.55736835487438086, 6.735557395310589195E-17 ) ) ;
#4316 = CIRCLE ( 'NONE', #4776, 2.489200000000000301 ) ;
#4317 = DIRECTION ( 'NONE',  ( -1.000000000000000000, 0.000000000000000000, 0.000000000000000000 ) ) ;
#4318 = ORIENTED_EDGE ( 'NONE', *, *, #3192, .T. ) ;
#4319 = CYLINDRICAL_SURFACE ( 'NONE', #4974, 2.489199999999996749 ) ;
#4320 = DIRECTION ( 'NONE',  ( -0.000000000000000000, -0.000000000000000000, 1.000000000000000000 ) ) ;
#4321 = DIRECTION ( 'NONE',  ( -1.000000000000000000, 0.000000000000000000, 0.000000000000000000 ) ) ;
#4322 = ORIENTED_EDGE ( 'NONE', *, *, #3015, .T. ) ;
#4323 = LINE ( 'NONE', #1281, #4535 ) ;
#4324 = ORIENTED_EDGE ( 'NONE', *, *, #352, .F. ) ;
#4325 = EDGE_CURVE ( 'NONE', #910, #1430, #542, .T. ) ;
#4326 = AXIS2_PLACEMENT_3D ( 'NONE', #1572, #5118, #3300 ) ;
#4327 = VERTEX_POINT ( 'NONE', #4918 ) ;
#4328 = CARTESIAN_POINT ( 'NONE',  ( 1.659870840950405318E-14, -75.94999999999998863, 4.762500000000000178 ) ) ;
#4329 = CARTESIAN_POINT ( 'NONE',  ( 31.49999999999999289, 24.15735931288070404, 0.000000000000000000 ) ) ;
#4330 = ORIENTED_EDGE ( 'NONE', *, *, #4105, .F. ) ;
#4331 = DIRECTION ( 'NONE',  ( 0.000000000000000000, 0.000000000000000000, 1.000000000000000000 ) ) ;
#4332 = AXIS2_PLACEMENT_3D ( 'NONE', #5580, #2472, #5473 ) ;
#4333 = ORIENTED_EDGE ( 'NONE', *, *, #1113, .T. ) ;
#4334 = ADVANCED_FACE ( 'NONE', ( #4549 ), #1461, .F. ) ;
#4335 = EDGE_LOOP ( 'NONE', ( #3071, #752, #2961, #4905 ) ) ;
#4336 = FACE_OUTER_BOUND ( 'NONE', #2059, .T. ) ;
#4337 = CARTESIAN_POINT ( 'NONE',  ( 27.88919999999999533, -38.09999999999999432, 4.762500000000000178 ) ) ;
#4338 = AXIS2_PLACEMENT_3D ( 'NONE', #1455, #2389, #235 ) ;
#4339 = PLANE ( 'NONE',  #981 ) ;
#4340 = DIRECTION ( 'NONE',  ( -0.000000000000000000, -0.000000000000000000, -1.000000000000000000 ) ) ;
#4341 = VECTOR ( 'NONE', #2094, 1000.000000000000000 ) ;
#4342 = VECTOR ( 'NONE', #4154, 1000.000000000000000 ) ;
#4343 = AXIS2_PLACEMENT_3D ( 'NONE', #3435, #1278, #2208 ) ;
#4344 = CARTESIAN_POINT ( 'NONE',  ( -14.19999999999999929, 0.000000000000000000, 4.762500000000001066 ) ) ;
#4345 = CARTESIAN_POINT ( 'NONE',  ( -16.56080000000000751, -38.10000000000000142, 4.762500000000001066 ) ) ;
#4346 = ORIENTED_EDGE ( 'NONE', *, *, #99, .F. ) ;
#4347 = FACE_OUTER_BOUND ( 'NONE', #3048, .T. ) ;
#4348 = FACE_BOUND ( 'NONE', #891, .T. ) ;
#4349 = VECTOR ( 'NONE', #3194, 1000.000000000000000 ) ;
#4350 = ORIENTED_EDGE ( 'NONE', *, *, #3716, .F. ) ;
#4351 = AXIS2_PLACEMENT_3D ( 'NONE', #5223, #3046, #2561 ) ;
#4352 = FACE_OUTER_BOUND ( 'NONE', #1516, .T. ) ;
#4353 = DIRECTION ( 'NONE',  ( -0.000000000000000000, -0.000000000000000000, 1.000000000000000000 ) ) ;
#4354 = VERTEX_POINT ( 'NONE', #1010 ) ;
#4355 = CIRCLE ( 'NONE', #1894, 2.489199999999986535 ) ;
#4356 = VERTEX_POINT ( 'NONE', #128 ) ;
#4357 = ORIENTED_EDGE ( 'NONE', *, *, #1348, .F. ) ;
#4358 = DIRECTION ( 'NONE',  ( -1.000000000000000000, 0.000000000000000000, 0.000000000000000000 ) ) ;
#4359 = CARTESIAN_POINT ( 'NONE',  ( 12.70000000000000284, -50.79999999999999716, 4.762500000000001066 ) ) ;
#4360 = ORIENTED_EDGE ( 'NONE', *, *, #3388, .T. ) ;
#4361 = CARTESIAN_POINT ( 'NONE',  ( 0.000000000000000000, -16.00000000000000000, 4.762500000000001066 ) ) ;
#4362 = ORIENTED_EDGE ( 'NONE', *, *, #3404, .F. ) ;
#4363 = DIRECTION ( 'NONE',  ( -0.000000000000000000, -0.000000000000000000, 1.000000000000000000 ) ) ;
#4364 = FACE_OUTER_BOUND ( 'NONE', #4016, .T. ) ;
#4365 = FACE_BOUND ( 'NONE', #4607, .T. ) ;
#4366 = VECTOR ( 'NONE', #3053, 1000.000000000000000 ) ;
#4367 = ORIENTED_EDGE ( 'NONE', *, *, #3433, .T. ) ;
#4368 = AXIS2_PLACEMENT_3D ( 'NONE', #1098, #2335, #673 ) ;
#4369 = CARTESIAN_POINT ( 'NONE',  ( -3.860800000000004228, -63.50000000000000000, 4.762500000000000178 ) ) ;
#4370 = DIRECTION ( 'NONE',  ( -0.000000000000000000, -0.000000000000000000, 1.000000000000000000 ) ) ;
#4371 = VERTEX_POINT ( 'NONE', #4116 ) ;
#4372 = DIRECTION ( 'NONE',  ( 1.000000000000000000, 0.000000000000000000, 0.000000000000000000 ) ) ;
#4373 = ADVANCED_FACE ( 'NONE', ( #4053 ), #214, .F. ) ;
#4374 = FACE_BOUND ( 'NONE', #1522, .T. ) ;
#4375 = ORIENTED_EDGE ( 'NONE', *, *, #2822, .T. ) ;
#4376 = EDGE_CURVE ( 'NONE', #676, #2469, #271, .T. ) ;
#4377 = EDGE_CURVE ( 'NONE', #351, #3933, #1618, .T. ) ;
#4378 = DIRECTION ( 'NONE',  ( -0.000000000000000000, -0.000000000000000000, -1.000000000000000000 ) ) ;
#4379 = DIRECTION ( 'NONE',  ( -0.000000000000000000, -0.000000000000000000, 1.000000000000000000 ) ) ;
#4380 = ORIENTED_EDGE ( 'NONE', *, *, #3954, .F. ) ;
#4381 = VERTEX_POINT ( 'NONE', #3626 ) ;
#4382 = AXIS2_PLACEMENT_3D ( 'NONE', #4723, #5624, #388 ) ;
#4383 = EDGE_CURVE ( 'NONE', #108, #3898, #1520, .T. ) ;
#4384 = EDGE_LOOP ( 'NONE', ( #5089, #2332, #4224, #827 ) ) ;
#4385 = DIRECTION ( 'NONE',  ( -0.000000000000000000, -0.000000000000000000, 1.000000000000000000 ) ) ;
#4386 = FACE_OUTER_BOUND ( 'NONE', #5294, .T. ) ;
#4387 = ORIENTED_EDGE ( 'NONE', *, *, #372, .F. ) ;
#4388 = CARTESIAN_POINT ( 'NONE',  ( 0.000000000000000000, 0.000000000000000000, 4.762500000000000178 ) ) ;
#4389 = EDGE_CURVE ( 'NONE', #963, #2401, #5003, .T. ) ;
#4390 = ORIENTED_EDGE ( 'NONE', *, *, #3479, .F. ) ;
#4391 = ORIENTED_EDGE ( 'NONE', *, *, #5532, .T. ) ;
#4392 = AXIS2_PLACEMENT_3D ( 'NONE', #4562, #4650, #684 ) ;
#4393 = DIRECTION ( 'NONE',  ( -0.000000000000000000, -0.000000000000000000, -1.000000000000000000 ) ) ;
#4394 = LINE ( 'NONE', #3538, #2898 ) ;
#4395 = CARTESIAN_POINT ( 'NONE',  ( 21.53919999999998680, -38.09999999999999432, 4.762500000000001066 ) ) ;
#4396 = VERTEX_POINT ( 'NONE', #674 ) ;
#4397 = CARTESIAN_POINT ( 'NONE',  ( 22.91080000000000894, -50.79999999999999716, 4.762500000000000178 ) ) ;
#4398 = CYLINDRICAL_SURFACE ( 'NONE', #5461, 2.489199999999993640 ) ;
#4399 = ORIENTED_EDGE ( 'NONE', *, *, #5635, .F. ) ;
#4400 = CARTESIAN_POINT ( 'NONE',  ( 24.15735931288071825, 28.75000000000000711, 0.000000000000000000 ) ) ;
#4401 = DIRECTION ( 'NONE',  ( 1.000000000000000000, 0.000000000000000000, 0.000000000000000000 ) ) ;
#4402 = ORIENTED_EDGE ( 'NONE', *, *, #5532, .F. ) ;
#4403 = EDGE_CURVE ( 'NONE', #1212, #773, #3526, .T. ) ;
#4404 = AXIS2_PLACEMENT_3D ( 'NONE', #2900, #1030, #2470 ) ;
#4405 = DIRECTION ( 'NONE',  ( -0.000000000000000000, -0.000000000000000000, -1.000000000000000000 ) ) ;
#4406 = DIRECTION ( 'NONE',  ( -1.000000000000000000, 0.000000000000000000, 0.000000000000000000 ) ) ;
#4407 = ORIENTED_EDGE ( 'NONE', *, *, #4638, .T. ) ;
#4408 = VECTOR ( 'NONE', #3453, 1000.000000000000000 ) ;
#4409 = EDGE_LOOP ( 'NONE', ( #1006, #3790 ) ) ;
#4410 = EDGE_LOOP ( 'NONE', ( #210, #3684, #2133, #4979 ) ) ;
#4411 = LINE ( 'NONE', #522, #5608 ) ;
#4412 = AXIS2_PLACEMENT_3D ( 'NONE', #2172, #3940, #4427 ) ;
#4413 = LINE ( 'NONE', #2245, #3609 ) ;
#4414 = ORIENTED_EDGE ( 'NONE', *, *, #682, .T. ) ;
#4415 = DIRECTION ( 'NONE',  ( 0.000000000000000000, 0.000000000000000000, 1.000000000000000000 ) ) ;
#4416 = CONICAL_SURFACE ( 'NONE', #3694, 2.749999999999999112, 0.7853981633974482790 ) ;
#4417 = ORIENTED_EDGE ( 'NONE', *, *, #5483, .F. ) ;
#4418 = VECTOR ( 'NONE', #437, 1000.000000000000000 ) ;
#4419 = VERTEX_POINT ( 'NONE', #1548 ) ;
#4420 = VECTOR ( 'NONE', #2214, 1000.000000000000114 ) ;
#4421 = EDGE_CURVE ( 'NONE', #5011, #1550, #2073, .T. ) ;
#4422 = PRODUCT ( 'REV-21-2804', 'REV-21-2804', '', ( #4057 ) ) ;
#4423 = VECTOR ( 'NONE', #3703, 1000.000000000000000 ) ;
#4424 = CARTESIAN_POINT ( 'NONE',  ( 21.99704525612463968, -12.70000000000018048, -1.250462353673376935E-15 ) ) ;
#4425 = EDGE_CURVE ( 'NONE', #5419, #4268, #2342, .T. ) ;
#4426 = CARTESIAN_POINT ( 'NONE',  ( -8.839199999999998170, -63.50000000000000000, -8.673617379884035472E-16 ) ) ;
#4427 = DIRECTION ( 'NONE',  ( -1.000000000000000000, 0.000000000000000000, 0.000000000000000000 ) ) ;
#4428 = EDGE_LOOP ( 'NONE', ( #510, #5138, #272, #4875 ) ) ;
#4429 = CYLINDRICAL_SURFACE ( 'NONE', #4615, 2.489199999999996749 ) ;
#4430 = CARTESIAN_POINT ( 'NONE',  ( 28.74999999999999645, 24.15735931288070404, 0.000000000000000000 ) ) ;
#4431 = EDGE_LOOP ( 'NONE', ( #4660, #3190, #115, #922 ) ) ;
#4432 = LINE ( 'NONE', #3114, #238 ) ;
#4433 = FACE_BOUND ( 'NONE', #3471, .T. ) ;
#4434 = CIRCLE ( 'NONE', #2516, 2.489199999999999413 ) ;
#4435 = CIRCLE ( 'NONE', #4072, 0.5000000000000004441 ) ;
#4436 = DIRECTION ( 'NONE',  ( 0.4999999999999940048, -0.5000000000000136557, -0.7071067811865421326 ) ) ;
#4437 = CARTESIAN_POINT ( 'NONE',  ( -7.249999999999968026, -12.55736835487438086, 0.000000000000000000 ) ) ;
#4439 = ORIENTED_EDGE ( 'NONE', *, *, #2419, .F. ) ;
#4438 = CIRCLE ( 'NONE', #1982, 2.489199999999999413 ) ;
#4440 = EDGE_CURVE ( 'NONE', #2401, #4206, #3848, .T. ) ;
#4441 = VERTEX_POINT ( 'NONE', #805 ) ;
#4442 = AXIS2_PLACEMENT_3D ( 'NONE', #3508, #4773, #861 ) ;
#4443 = EDGE_LOOP ( 'NONE', ( #663, #1763, #3492, #1482 ) ) ;
#4444 = DIRECTION ( 'NONE',  ( 0.000000000000000000, 0.000000000000000000, -1.000000000000000000 ) ) ;
#4445 = CARTESIAN_POINT ( 'NONE',  ( -31.75000000000001421, -76.19999999999998863, 0.2500000000000002220 ) ) ;
#4446 = DIRECTION ( 'NONE',  ( 0.7071067811865460184, -0.7071067811865490160, 0.000000000000000000 ) ) ;
#4447 = ORIENTED_EDGE ( 'NONE', *, *, #154, .T. ) ;
#4448 = EDGE_CURVE ( 'NONE', #1773, #4049, #5481, .T. ) ;
#4449 = DIRECTION ( 'NONE',  ( -1.000000000000000000, 0.000000000000000000, 0.000000000000000000 ) ) ;
#4450 = VECTOR ( 'NONE', #5269, 1000.000000000000000 ) ;
#4451 = EDGE_CURVE ( 'NONE', #2502, #4241, #4178, .T. ) ;
#4452 = EDGE_LOOP ( 'NONE', ( #2241, #574, #5430, #2743 ) ) ;
#4453 = ADVANCED_FACE ( 'NONE', ( #776 ), #5037, .F. ) ;
#4454 = ORIENTED_EDGE ( 'NONE', *, *, #4085, .T. ) ;
#4455 = CARTESIAN_POINT ( 'NONE',  ( -15.18919999999993742, 21.99704525612477113, -1.250462353673376935E-15 ) ) ;
#4456 = CARTESIAN_POINT ( 'NONE',  ( -13.85640646055101577, -8.000000000000007105, -1.347111479062085841E-15 ) ) ;
#4457 = LINE ( 'NONE', #452, #2501 ) ;
#4458 = AXIS2_PLACEMENT_3D ( 'NONE', #3172, #1439, #161 ) ;
#4459 = EDGE_LOOP ( 'NONE', ( #5166, #1333 ) ) ;
#4460 = DIRECTION ( 'NONE',  ( -0.000000000000000000, -0.000000000000000000, -1.000000000000000000 ) ) ;
#4461 = LINE ( 'NONE', #4862, #395 ) ;
#4462 = VERTEX_POINT ( 'NONE', #4282 ) ;
#4463 = CARTESIAN_POINT ( 'NONE',  ( -22.91080000000000894, 3.048390812437581451E-16, -1.250462353673376935E-15 ) ) ;
#4464 = CARTESIAN_POINT ( 'NONE',  ( 3.035766082959412415E-15, -50.79999999999999716, 4.762500000000001066 ) ) ;
#4465 = VECTOR ( 'NONE', #2090, 1000.000000000000000 ) ;
#4466 = AXIS2_PLACEMENT_3D ( 'NONE', #2113, #808, #4748 ) ;
#4467 = DIRECTION ( 'NONE',  ( -1.000000000000000000, 0.000000000000000000, 0.000000000000000000 ) ) ;
#4468 = FACE_OUTER_BOUND ( 'NONE', #4431, .T. ) ;
#4469 = EDGE_LOOP ( 'NONE', ( #4643, #1651, #4040, #1543 ) ) ;
#4470 = EDGE_CURVE ( 'NONE', #1206, #4524, #3072, .T. ) ;
#4471 = EDGE_CURVE ( 'NONE', #623, #152, #751, .T. ) ;
#4472 = VERTEX_POINT ( 'NONE', #3740 ) ;
#4473 = VECTOR ( 'NONE', #2148, 1000.000000000000000 ) ;
#4474 = CIRCLE ( 'NONE', #4753, 1.699999999999998401 ) ;
#4475 = EDGE_LOOP ( 'NONE', ( #2127, #1754, #4925, #2279 ) ) ;
#4476 = CYLINDRICAL_SURFACE ( 'NONE', #5524, 2.999999999999999112 ) ;
#4477 = DIRECTION ( 'NONE',  ( -1.000000000000000000, 0.000000000000000000, 0.000000000000000000 ) ) ;
#4478 = CARTESIAN_POINT ( 'NONE',  ( 24.15735931288068983, -76.19999999999997442, 4.762500000000000178 ) ) ;
#4479 = CARTESIAN_POINT ( 'NONE',  ( -10.21080000000000254, -50.79999999999999716, 4.762500000000000178 ) ) ;
#4480 = VERTEX_POINT ( 'NONE', #2456 ) ;
#4481 = ADVANCED_FACE ( 'NONE', ( #699 ), #1535, .T. ) ;
#4482 = ORIENTED_EDGE ( 'NONE', *, *, #1805, .F. ) ;
#4483 = DIRECTION ( 'NONE',  ( -0.000000000000000000, -0.000000000000000000, -1.000000000000000000 ) ) ;
#4484 = ADVANCED_FACE ( 'NONE', ( #5065 ), #1154, .F. ) ;
#4485 = CARTESIAN_POINT ( 'NONE',  ( 12.70000000000000284, -50.79999999999999716, -8.673617379884035472E-16 ) ) ;
#4486 = FACE_OUTER_BOUND ( 'NONE', #4384, .T. ) ;
#4487 = FACE_BOUND ( 'NONE', #2414, .T. ) ;
#4488 = LINE ( 'NONE', #4119, #4697 ) ;
#4489 = ORIENTED_EDGE ( 'NONE', *, *, #242, .F. ) ;
#4490 = DIRECTION ( 'NONE',  ( 1.000000000000000000, 0.000000000000000000, 0.000000000000000000 ) ) ;
#4491 = DIRECTION ( 'NONE',  ( -0.000000000000000000, -0.000000000000000000, -1.000000000000000000 ) ) ;
#4492 = EDGE_LOOP ( 'NONE', ( #5272, #5501, #1023, #2247 ) ) ;
#4493 = CYLINDRICAL_SURFACE ( 'NONE', #535, 11.75000000000000178 ) ;
#4494 = CARTESIAN_POINT ( 'NONE',  ( -12.15915000000000035, -1.665479293626911383, 4.762500000000001066 ) ) ;
#4495 = PLANE ( 'NONE',  #4900 ) ;
#4496 = DIRECTION ( 'NONE',  ( 1.000000000000000000, 0.000000000000000000, 0.000000000000000000 ) ) ;
#4497 = ORIENTED_EDGE ( 'NONE', *, *, #647, .F. ) ;
#4498 = ORIENTED_EDGE ( 'NONE', *, *, #5280, .T. ) ;
#4499 = EDGE_CURVE ( 'NONE', #3754, #4354, #4718, .T. ) ;
#4500 = ORIENTED_EDGE ( 'NONE', *, *, #5635, .T. ) ;
#4501 = DIRECTION ( 'NONE',  ( 1.000000000000000000, 0.000000000000000000, 0.000000000000000000 ) ) ;
#4502 = CYLINDRICAL_SURFACE ( 'NONE', #4292, 2.489199999999996749 ) ;
#4503 = FACE_OUTER_BOUND ( 'NONE', #3143, .T. ) ;
#4504 = CIRCLE ( 'NONE', #952, 2.489199999999990087 ) ;
#4505 = CARTESIAN_POINT ( 'NONE',  ( 6.350000000000003197, -50.79999999999999716, 4.762500000000000178 ) ) ;
#4506 = VERTEX_POINT ( 'NONE', #301 ) ;
#4507 = ADVANCED_FACE ( 'NONE', ( #1210 ), #2030, .F. ) ;
#4508 = VECTOR ( 'NONE', #4340, 1000.000000000000000 ) ;
#4509 = VERTEX_POINT ( 'NONE', #5507 ) ;
#4510 = FACE_OUTER_BOUND ( 'NONE', #3905, .T. ) ;
#4511 = VECTOR ( 'NONE', #1074, 1000.000000000000000 ) ;
#4512 = DIRECTION ( 'NONE',  ( -1.000000000000000000, 0.000000000000000000, 0.000000000000000000 ) ) ;
#4513 = DIRECTION ( 'NONE',  ( -0.000000000000000000, -0.000000000000000000, 1.000000000000000000 ) ) ;
#4514 = EDGE_CURVE ( 'NONE', #5409, #4506, #2525, .T. ) ;
#4515 = FACE_BOUND ( 'NONE', #1298, .T. ) ;
#4516 = CIRCLE ( 'NONE', #1498, 11.75000000000000178 ) ;
#4517 = ORIENTED_EDGE ( 'NONE', *, *, #4471, .T. ) ;
#4518 = EDGE_CURVE ( 'NONE', #2219, #4381, #1601, .T. ) ;
#4519 =( GEOMETRIC_REPRESENTATION_CONTEXT ( 3 ) GLOBAL_UNCERTAINTY_ASSIGNED_CONTEXT ( ( #5505 ) ) GLOBAL_UNIT_ASSIGNED_CONTEXT ( ( #5338, #1039, #4921 ) ) REPRESENTATION_CONTEXT ( 'NONE', 'WORKASPACE' ) );
#4520 = AXIS2_PLACEMENT_3D ( 'NONE', #5302, #2702, #3101 ) ;
#4521 =( LENGTH_UNIT ( ) NAMED_UNIT ( * ) SI_UNIT ( .MILLI., .METRE. ) );
#4522 = ORIENTED_EDGE ( 'NONE', *, *, #5181, .F. ) ;
#4523 = AXIS2_PLACEMENT_3D ( 'NONE', #4114, #672, #4050 ) ;
#4524 = VERTEX_POINT ( 'NONE', #5094 ) ;
#4525 = DIRECTION ( 'NONE',  ( -0.000000000000000000, -0.000000000000000000, -1.000000000000000000 ) ) ;
#4526 = DIRECTION ( 'NONE',  ( -1.000000000000000000, 0.000000000000000000, 0.000000000000000000 ) ) ;
#4527 = ORIENTED_EDGE ( 'NONE', *, *, #4733, .T. ) ;
#4528 = DIRECTION ( 'NONE',  ( -0.000000000000000000, -0.000000000000000000, -1.000000000000000000 ) ) ;
#4529 = ADVANCED_FACE ( 'NONE', ( #1185 ), #4666, .F. ) ;
#4530 = DIRECTION ( 'NONE',  ( 1.000000000000000000, 0.000000000000000000, 0.000000000000000000 ) ) ;
#4531 = EDGE_CURVE ( 'NONE', #963, #2033, #1631, .T. ) ;
#4532 = DIRECTION ( 'NONE',  ( -0.000000000000000000, -0.000000000000000000, -1.000000000000000000 ) ) ;
#4533 = CARTESIAN_POINT ( 'NONE',  ( 12.50000000000000000, 0.000000000000000000, 0.000000000000000000 ) ) ;
#4534 = VERTEX_POINT ( 'NONE', #2993 ) ;
#4535 = VECTOR ( 'NONE', #4764, 1000.000000000000114 ) ;
#4536 = EDGE_LOOP ( 'NONE', ( #4517, #3809, #3630, #5478 ) ) ;
#4537 = VECTOR ( 'NONE', #5576, 1000.000000000000000 ) ;
#4538 = CONICAL_SURFACE ( 'NONE', #1706, 2.749999999999992006, 0.7853981633974578269 ) ;
#4539 = VERTEX_POINT ( 'NONE', #69 ) ;
#4540 = FACE_OUTER_BOUND ( 'NONE', #3959, .T. ) ;
#4541 = DIRECTION ( 'NONE',  ( -0.000000000000000000, -0.000000000000000000, 1.000000000000000000 ) ) ;
#4542 = DIRECTION ( 'NONE',  ( -1.000000000000000000, 0.000000000000000000, 0.000000000000000000 ) ) ;
#4543 = CIRCLE ( 'NONE', #2523, 2.249999999999998668 ) ;
#4544 = VECTOR ( 'NONE', #4203, 1000.000000000000114 ) ;
#4545 = ORIENTED_EDGE ( 'NONE', *, *, #1661, .F. ) ;
#4546 = ORIENTED_EDGE ( 'NONE', *, *, #4621, .F. ) ;
#4547 = CARTESIAN_POINT ( 'NONE',  ( 10.21080000000000965, -38.09999999999999432, 4.762500000000001066 ) ) ;
#4548 = DIRECTION ( 'NONE',  ( -1.000000000000000000, 0.000000000000000000, 0.000000000000000000 ) ) ;
#4549 = FACE_OUTER_BOUND ( 'NONE', #3013, .T. ) ;
#4550 = CIRCLE ( 'NONE', #2811, 2.489199999999988311 ) ;
#4551 = FACE_BOUND ( 'NONE', #1168, .T. ) ;
#4552 = EDGE_LOOP ( 'NONE', ( #2687, #317, #1841, #3326 ) ) ;
#4553 = ORIENTED_EDGE ( 'NONE', *, *, #4271, .T. ) ;
#4554 = ORIENTED_EDGE ( 'NONE', *, *, #3358, .F. ) ;
#4555 = DIRECTION ( 'NONE',  ( -0.000000000000000000, -0.000000000000000000, 1.000000000000000000 ) ) ;
#4556 = LINE ( 'NONE', #650, #3293 ) ;
#4557 = ORIENTED_EDGE ( 'NONE', *, *, #50, .T. ) ;
#4558 = DIRECTION ( 'NONE',  ( 1.000000000000000000, 0.000000000000000000, 0.000000000000000000 ) ) ;
#4559 = CARTESIAN_POINT ( 'NONE',  ( -20.44971224213827554, 17.96051224213833208, 4.762500000000000178 ) ) ;
#4560 = EDGE_CURVE ( 'NONE', #950, #2210, #3347, .T. ) ;
#4561 = DIRECTION ( 'NONE',  ( 0.000000000000000000, 0.000000000000000000, -1.000000000000000000 ) ) ;
#4562 = CARTESIAN_POINT ( 'NONE',  ( 12.70000000000000107, -63.50000000000000000, 4.762500000000001066 ) ) ;
#4563 = EDGE_LOOP ( 'NONE', ( #1283, #265, #281, #3403 ) ) ;
#4564 = ADVANCED_FACE ( 'NONE', ( #4825 ), #497, .F. ) ;
#4565 = EDGE_LOOP ( 'NONE', ( #2497, #2630, #2511, #4668 ) ) ;
#4566 = AXIS2_PLACEMENT_3D ( 'NONE', #155, #3938, #3106 ) ;
#4567 = ORIENTED_EDGE ( 'NONE', *, *, #3844, .F. ) ;
#4568 = DIRECTION ( 'NONE',  ( -0.000000000000000000, -0.000000000000000000, -1.000000000000000000 ) ) ;
#4569 = FACE_OUTER_BOUND ( 'NONE', #4824, .T. ) ;
#4570 = CIRCLE ( 'NONE', #3645, 1.699999999999987965 ) ;
#4571 = CARTESIAN_POINT ( 'NONE',  ( -11.22045000000005999, 15.12296861358571576, 4.762500000000001066 ) ) ;
#4572 = ORIENTED_EDGE ( 'NONE', *, *, #5280, .F. ) ;
#4573 = EDGE_CURVE ( 'NONE', #3152, #1818, #175, .T. ) ;
#4574 = EDGE_LOOP ( 'NONE', ( #2077, #4880, #5451, #514 ) ) ;
#4575 = CYLINDRICAL_SURFACE ( 'NONE', #4523, 1.699999999999993072 ) ;
#4576 = CARTESIAN_POINT ( 'NONE',  ( 12.69999999999979323, -21.99704525612485639, 4.762500000000000178 ) ) ;
#4577 = DIRECTION ( 'NONE',  ( -0.000000000000000000, -0.000000000000000000, -1.000000000000000000 ) ) ;
#4578 = FACE_BOUND ( 'NONE', #2399, .T. ) ;
#4579 = AXIS2_PLACEMENT_3D ( 'NONE', #2919, #5176, #4669 ) ;
#4580 = ORIENTED_EDGE ( 'NONE', *, *, #4198, .T. ) ;
#4581 = ORIENTED_EDGE ( 'NONE', *, *, #4942, .F. ) ;
#4582 = DIRECTION ( 'NONE',  ( -0.7071067811865483499, -0.7071067811865467956, -0.000000000000000000 ) ) ;
#4583 = EDGE_LOOP ( 'NONE', ( #4895, #1956 ) ) ;
#4584 = LINE ( 'NONE', #1077, #1259 ) ;
#4585 = AXIS2_PLACEMENT_3D ( 'NONE', #4002, #1832, #4894 ) ;
#4586 = DIRECTION ( 'NONE',  ( -0.000000000000000000, -0.000000000000000000, 1.000000000000000000 ) ) ;
#4587 = CARTESIAN_POINT ( 'NONE',  ( 8.839199999999987512, -38.09999999999999432, 4.762500000000001066 ) ) ;
#4588 = DIRECTION ( 'NONE',  ( 0.4999999999999821809, -0.4999999999999832911, -0.7071067811865721087 ) ) ;
#4589 = EDGE_LOOP ( 'NONE', ( #3285, #3097, #4118, #5332 ) ) ;
#4590 = EDGE_CURVE ( 'NONE', #4063, #685, #1892, .T. ) ;
#4591 = EDGE_CURVE ( 'NONE', #577, #5087, #896, .T. ) ;
#4592 = VERTEX_POINT ( 'NONE', #915 ) ;
#4593 = EDGE_LOOP ( 'NONE', ( #4863, #1267, #464, #5105 ) ) ;
#4594 = DIRECTION ( 'NONE',  ( -0.000000000000000000, -0.000000000000000000, 1.000000000000000000 ) ) ;
#4595 = CARTESIAN_POINT ( 'NONE',  ( 8.731250000000072120, -15.12296861358571576, 4.762500000000001066 ) ) ;
#4596 = CARTESIAN_POINT ( 'NONE',  ( -2.489199999999989199, -38.09999999999999432, 4.762500000000001066 ) ) ;
#4597 = VERTEX_POINT ( 'NONE', #1311 ) ;
#4598 = EDGE_LOOP ( 'NONE', ( #3731, #916 ) ) ;
#4599 = CARTESIAN_POINT ( 'NONE',  ( -9.555824911305043203E-16, -38.09999999999999432, 4.762500000000000178 ) ) ;
#4600 = CIRCLE ( 'NONE', #1674, 2.489199999999998525 ) ;
#4601 = DIRECTION ( 'NONE',  ( 1.000000000000000000, 0.000000000000000000, 0.000000000000000000 ) ) ;
#4602 = CARTESIAN_POINT ( 'NONE',  ( 30.87132034355964194, 26.27867965644033887, 0.000000000000000000 ) ) ;
#4603 = FACE_BOUND ( 'NONE', #3709, .T. ) ;
#4604 = CIRCLE ( 'NONE', #692, 1.699999999999998401 ) ;
#4605 = EDGE_CURVE ( 'NONE', #1310, #2391, #886, .T. ) ;
#4606 = DIRECTION ( 'NONE',  ( -0.000000000000000000, -0.000000000000000000, 1.000000000000000000 ) ) ;
#4607 = EDGE_LOOP ( 'NONE', ( #617, #615 ) ) ;
#4608 = ADVANCED_FACE ( 'NONE', ( #34 ), #2164, .F. ) ;
#4609 = ORIENTED_EDGE ( 'NONE', *, *, #4225, .T. ) ;
#4610 = CARTESIAN_POINT ( 'NONE',  ( -12.70000000000000107, -38.09999999999999432, -8.673617379884035472E-16 ) ) ;
#4612 = ORIENTED_EDGE ( 'NONE', *, *, #806, .F. ) ;
#4611 = CIRCLE ( 'NONE', #3043, 2.489199999999988311 ) ;
#4613 = CARTESIAN_POINT ( 'NONE',  ( -15.18919999999999071, -63.50000000000000000, 4.762500000000000178 ) ) ;
#4614 = DIRECTION ( 'NONE',  ( 1.000000000000000000, 0.000000000000000000, 0.000000000000000000 ) ) ;
#4615 = AXIS2_PLACEMENT_3D ( 'NONE', #1465, #3198, #4861 ) ;
#4616 = CIRCLE ( 'NONE', #1965, 2.489199999999986535 ) ;
#4617 = DIRECTION ( 'NONE',  ( 0.000000000000000000, 0.000000000000000000, 1.000000000000000000 ) ) ;
#4618 = DIRECTION ( 'NONE',  ( -0.000000000000000000, -0.000000000000000000, -1.000000000000000000 ) ) ;
#4619 = ORIENTED_EDGE ( 'NONE', *, *, #5566, .F. ) ;
#4620 = AXIS2_PLACEMENT_3D ( 'NONE', #5326, #4568, #1424 ) ;
#4621 = EDGE_CURVE ( 'NONE', #3389, #3117, #3472, .T. ) ;
#4622 = LINE ( 'NONE', #3586, #248 ) ;
#4623 = EDGE_LOOP ( 'NONE', ( #4859, #582 ) ) ;
#4624 = CARTESIAN_POINT ( 'NONE',  ( -10.21079999999995636, 21.99704525612477113, 0.000000000000000000 ) ) ;
#4625 = LINE ( 'NONE', #2955, #2739 ) ;
#4626 = EDGE_CURVE ( 'NONE', #152, #3730, #95, .T. ) ;
#4627 = LINE ( 'NONE', #2125, #4801 ) ;
#4628 = AXIS2_PLACEMENT_3D ( 'NONE', #200, #169, #4990 ) ;
#4629 = ORIENTED_EDGE ( 'NONE', *, *, #1141, .T. ) ;
#4630 = ORIENTED_EDGE ( 'NONE', *, *, #2727, .F. ) ;
#4631 = VECTOR ( 'NONE', #2293, 1000.000000000000000 ) ;
#4632 = DIRECTION ( 'NONE',  ( -0.000000000000000000, -0.000000000000000000, 1.000000000000000000 ) ) ;
#4633 = EDGE_CURVE ( 'NONE', #1934, #5174, #3948, .T. ) ;
#4634 = EDGE_CURVE ( 'NONE', #3113, #2585, #4516, .T. ) ;
#4635 = DIRECTION ( 'NONE',  ( -0.000000000000000000, -0.000000000000000000, -1.000000000000000000 ) ) ;
#4636 = AXIS2_PLACEMENT_3D ( 'NONE', #3723, #1530, #5463 ) ;
#4637 = DIRECTION ( 'NONE',  ( -0.000000000000000000, -0.000000000000000000, -1.000000000000000000 ) ) ;
#4638 = EDGE_CURVE ( 'NONE', #1332, #3428, #40, .T. ) ;
#4639 = FACE_OUTER_BOUND ( 'NONE', #1811, .T. ) ;
#4640 = CONICAL_SURFACE ( 'NONE', #85, 2.749999999999999112, 0.7853981633974500554 ) ;
#4641 = VERTEX_POINT ( 'NONE', #9 ) ;
#4642 = EDGE_CURVE ( 'NONE', #2715, #2695, #1690, .T. ) ;
#4643 = ORIENTED_EDGE ( 'NONE', *, *, #1847, .F. ) ;
#4644 = CARTESIAN_POINT ( 'NONE',  ( -26.10190296114370412, 30.69454364826301429, 4.762500000000000178 ) ) ;
#4645 = ORIENTED_EDGE ( 'NONE', *, *, #3668, .F. ) ;
#4646 = LINE ( 'NONE', #2036, #2251 ) ;
#4647 = DIRECTION ( 'NONE',  ( -1.000000000000000000, 0.000000000000000000, 0.000000000000000000 ) ) ;
#4648 = CIRCLE ( 'NONE', #3440, 2.749999999999999112 ) ;
#4649 = CYLINDRICAL_SURFACE ( 'NONE', #1257, 2.489199999999993640 ) ;
#4650 = DIRECTION ( 'NONE',  ( -0.000000000000000000, -0.000000000000000000, 1.000000000000000000 ) ) ;
#4651 = EDGE_LOOP ( 'NONE', ( #262, #2985, #231, #2989 ) ) ;
#4652 = ADVANCED_FACE ( 'NONE', ( #4852 ), #5278, .F. ) ;
#4653 = FACE_OUTER_BOUND ( 'NONE', #4469, .T. ) ;
#4654 = VERTEX_POINT ( 'NONE', #830 ) ;
#4655 = DIRECTION ( 'NONE',  ( 1.000000000000000000, 0.000000000000000000, 0.000000000000000000 ) ) ;
#4656 = DIRECTION ( 'NONE',  ( -1.000000000000000000, 0.000000000000000000, 0.000000000000000000 ) ) ;
#4657 = EDGE_CURVE ( 'NONE', #2326, #2391, #2134, .T. ) ;
#4658 = DIRECTION ( 'NONE',  ( -1.000000000000000000, 0.000000000000000000, 0.000000000000000000 ) ) ;
#4659 = AXIS2_PLACEMENT_3D ( 'NONE', #2650, #4393, #500 ) ;
#4660 = ORIENTED_EDGE ( 'NONE', *, *, #1553, .F. ) ;
#4661 = AXIS2_PLACEMENT_3D ( 'NONE', #3912, #1293, #2970 ) ;
#4662 = ORIENTED_EDGE ( 'NONE', *, *, #928, .T. ) ;
#4663 = DIRECTION ( 'NONE',  ( -0.000000000000000000, -0.000000000000000000, -1.000000000000000000 ) ) ;
#4664 = DIRECTION ( 'NONE',  ( -1.000000000000000000, 0.000000000000000000, 0.000000000000000000 ) ) ;
#4665 = FACE_OUTER_BOUND ( 'NONE', #885, .T. ) ;
#4666 = PLANE ( 'NONE',  #3623 ) ;
#4667 = EDGE_CURVE ( 'NONE', #5051, #3898, #3049, .T. ) ;
#4668 = ORIENTED_EDGE ( 'NONE', *, *, #2362, .T. ) ;
#4669 = DIRECTION ( 'NONE',  ( -1.000000000000000000, 0.000000000000000000, 0.000000000000000000 ) ) ;
#4670 = DIRECTION ( 'NONE',  ( 0.7071067811865483499, 0.7071067811865467956, -0.000000000000000000 ) ) ;
#4671 = ORIENTED_EDGE ( 'NONE', *, *, #4440, .T. ) ;
#4672 = DIRECTION ( 'NONE',  ( 0.000000000000000000, 0.000000000000000000, -1.000000000000000000 ) ) ;
#4673 = FACE_OUTER_BOUND ( 'NONE', #881, .T. ) ;
#4674 = LINE ( 'NONE', #338, #713 ) ;
#4675 = DIRECTION ( 'NONE',  ( 0.000000000000000000, -0.7071067811865378028, 0.7071067811865573427 ) ) ;
#4676 = ORIENTED_EDGE ( 'NONE', *, *, #4499, .T. ) ;
#4677 = DIRECTION ( 'NONE',  ( -0.000000000000000000, -0.000000000000000000, -1.000000000000000000 ) ) ;
#4678 = AXIS2_PLACEMENT_3D ( 'NONE', #1584, #1167, #5104 ) ;
#4679 = ORIENTED_EDGE ( 'NONE', *, *, #3536, .T. ) ;
#4680 = CARTESIAN_POINT ( 'NONE',  ( 11.22045000000005999, -15.12296861358571576, 4.762500000000001066 ) ) ;
#4681 = DIRECTION ( 'NONE',  ( -1.000000000000000000, 0.000000000000000000, 0.000000000000000000 ) ) ;
#4682 = CARTESIAN_POINT ( 'NONE',  ( 24.15735931288071825, 31.50000000000000711, 0.000000000000000000 ) ) ;
#4683 = ORIENTED_EDGE ( 'NONE', *, *, #5483, .T. ) ;
#4684 = ADVANCED_FACE ( 'NONE', ( #4769 ), #2586, .F. ) ;
#4685 = ORIENTED_EDGE ( 'NONE', *, *, #50, .F. ) ;
#4686 = CARTESIAN_POINT ( 'NONE',  ( 22.91080000000000183, 0.000000000000000000, 0.000000000000000000 ) ) ;
#4687 = DIRECTION ( 'NONE',  ( -1.000000000000000000, 0.000000000000000000, 0.000000000000000000 ) ) ;
#4688 = DIRECTION ( 'NONE',  ( -0.000000000000000000, -0.000000000000000000, 1.000000000000000000 ) ) ;
#4689 = ADVANCED_FACE ( 'NONE', ( #5495 ), #581, .F. ) ;
#4690 = VERTEX_POINT ( 'NONE', #3160 ) ;
#4691 = CARTESIAN_POINT ( 'NONE',  ( 0.000000000000000000, 0.000000000000000000, -8.673617379884035472E-16 ) ) ;
#4692 = CARTESIAN_POINT ( 'NONE',  ( 13.85640646055102110, -7.999999999999996447, -1.347111479062085841E-15 ) ) ;
#4693 = DIRECTION ( 'NONE',  ( -1.000000000000000000, 0.000000000000000000, 0.000000000000000000 ) ) ;
#4694 = ADVANCED_FACE ( 'NONE', ( #4653 ), #2277, .F. ) ;
#4695 = AXIS2_PLACEMENT_3D ( 'NONE', #2835, #4586, #4614 ) ;
#4696 = DIRECTION ( 'NONE',  ( 1.000000000000000000, 0.000000000000000000, 0.000000000000000000 ) ) ;
#4697 = VECTOR ( 'NONE', #1013, 1000.000000000000000 ) ;
#4698 = ADVANCED_FACE ( 'NONE', ( #2410 ), #261, .F. ) ;
#4699 = CYLINDRICAL_SURFACE ( 'NONE', #1789, 2.489199999999993640 ) ;
#4700 = CARTESIAN_POINT ( 'NONE',  ( 0.000000000000000000, 25.39999999999999858, 4.762500000000000178 ) ) ;
#4701 = ORIENTED_EDGE ( 'NONE', *, *, #4798, .T. ) ;
#4702 = AXIS2_PLACEMENT_3D ( 'NONE', #4893, #4460, #564 ) ;
#4703 = EDGE_CURVE ( 'NONE', #3417, #1580, #5361, .T. ) ;
#4704 = FACE_OUTER_BOUND ( 'NONE', #2830, .T. ) ;
#4705 = EDGE_CURVE ( 'NONE', #3561, #5051, #4622, .T. ) ;
#4706 = AXIS2_PLACEMENT_3D ( 'NONE', #4505, #5330, #4218 ) ;
#4707 = CIRCLE ( 'NONE', #2232, 2.999999999999999112 ) ;
#4708 = VECTOR ( 'NONE', #4663, 1000.000000000000000 ) ;
#4709 = LINE ( 'NONE', #4624, #1158 ) ;
#4710 = DIRECTION ( 'NONE',  ( 1.000000000000000000, 0.000000000000000000, 0.000000000000000000 ) ) ;
#4711 = ORIENTED_EDGE ( 'NONE', *, *, #1719, .F. ) ;
#4712 = CARTESIAN_POINT ( 'NONE',  ( -19.04999999999999361, -50.80000000000000426, 4.762500000000000178 ) ) ;
#4713 = AXIS2_PLACEMENT_3D ( 'NONE', #2780, #1897, #5297 ) ;
#4714 = VERTEX_POINT ( 'NONE', #3186 ) ;
#4715 = ORIENTED_EDGE ( 'NONE', *, *, #2185, .F. ) ;
#4716 = PLANE ( 'NONE',  #2509 ) ;
#4717 = DIRECTION ( 'NONE',  ( -0.000000000000000000, -0.000000000000000000, -1.000000000000000000 ) ) ;
#4718 = LINE ( 'NONE', #728, #4544 ) ;
#4719 = AXIS2_PLACEMENT_3D ( 'NONE', #147, #5001, #5414 ) ;
#4720 = VERTEX_POINT ( 'NONE', #1988 ) ;
#4721 = CIRCLE ( 'NONE', #1079, 1.699999999999987965 ) ;
#4722 = VERTEX_POINT ( 'NONE', #971 ) ;
#4723 = CARTESIAN_POINT ( 'NONE',  ( 1.555301434917138433E-15, -63.50000000000000000, 4.762500000000001066 ) ) ;
#4724 = DIRECTION ( 'NONE',  ( 1.000000000000000000, 0.000000000000000000, 0.000000000000000000 ) ) ;
#4725 = CARTESIAN_POINT ( 'NONE',  ( -24.15735931288076088, -73.19999999999998863, 4.762500000000000178 ) ) ;
#4726 = CARTESIAN_POINT ( 'NONE',  ( -12.70000000000025686, -21.99704525612459349, 0.000000000000000000 ) ) ;
#4727 = EDGE_CURVE ( 'NONE', #4741, #4534, #1226, .T. ) ;
#4728 = AXIS2_PLACEMENT_3D ( 'NONE', #277, #3360, #1129 ) ;
#4729 = CARTESIAN_POINT ( 'NONE',  ( 24.15735931288068983, -73.19999999999997442, 4.762500000000000178 ) ) ;
#4730 = LINE ( 'NONE', #813, #3447 ) ;
#4731 = VERTEX_POINT ( 'NONE', #5305 ) ;
#4732 = FACE_BOUND ( 'NONE', #1149, .T. ) ;
#4733 = EDGE_CURVE ( 'NONE', #303, #3381, #1057, .T. ) ;
#4734 = ADVANCED_FACE ( 'NONE', ( #4939 ), #1427, .F. ) ;
#4735 = CARTESIAN_POINT ( 'NONE',  ( 28.75000000000002487, -68.60735931288064648, 0.000000000000000000 ) ) ;
#4736 = FACE_OUTER_BOUND ( 'NONE', #4814, .T. ) ;
#4737 = ORIENTED_EDGE ( 'NONE', *, *, #4733, .F. ) ;
#4738 = CARTESIAN_POINT ( 'NONE',  ( 9.499999999999966249, 12.55736835487438086, 6.735557395310589195E-17 ) ) ;
#4739 = VECTOR ( 'NONE', #3199, 1000.000000000000000 ) ;
#4740 = EDGE_LOOP ( 'NONE', ( #1658, #4181 ) ) ;
#4741 = VERTEX_POINT ( 'NONE', #711 ) ;
#4742 = DIRECTION ( 'NONE',  ( -0.5000000000000002220, 0.5000000000000023315, -0.7071067811865456854 ) ) ;
#4743 = DIRECTION ( 'NONE',  ( -0.7071067811865455743, 0.7071067811865493491, 0.000000000000000000 ) ) ;
#4744 = CARTESIAN_POINT ( 'NONE',  ( -2.489199999999990975, -50.79999999999999716, 4.762500000000000178 ) ) ;
#4745 = ORIENTED_EDGE ( 'NONE', *, *, #3087, .T. ) ;
#4746 = AXIS2_PLACEMENT_3D ( 'NONE', #5043, #1133, #282 ) ;
#4747 = EDGE_LOOP ( 'NONE', ( #4546, #3355, #2347, #1807 ) ) ;
#4748 = DIRECTION ( 'NONE',  ( -1.000000000000000000, 0.000000000000000000, 0.000000000000000000 ) ) ;
#4749 = DIRECTION ( 'NONE',  ( -0.000000000000000000, -0.000000000000000000, 1.000000000000000000 ) ) ;
#4750 = CYLINDRICAL_SURFACE ( 'NONE', #2610, 2.489199999999996749 ) ;
#4751 = DIRECTION ( 'NONE',  ( -0.000000000000000000, -0.000000000000000000, -1.000000000000000000 ) ) ;
#4752 = CIRCLE ( 'NONE', #4291, 1.699999999999987965 ) ;
#4753 = AXIS2_PLACEMENT_3D ( 'NONE', #5447, #5529, #5474 ) ;
#4754 = DIRECTION ( 'NONE',  ( 1.000000000000000000, 0.000000000000000000, 0.000000000000000000 ) ) ;
#4755 = LINE ( 'NONE', #481, #5477 ) ;
#4756 = ORIENTED_EDGE ( 'NONE', *, *, #2607, .F. ) ;
#4757 = DIRECTION ( 'NONE',  ( -1.000000000000000000, 0.000000000000000000, 0.000000000000000000 ) ) ;
#4758 = ADVANCED_FACE ( 'NONE', ( #740 ), #3729, .F. ) ;
#4759 = ADVANCED_FACE ( 'NONE', ( #2443 ), #4912, .F. ) ;
#4760 = FACE_OUTER_BOUND ( 'NONE', #3294, .T. ) ;
#4761 = CARTESIAN_POINT ( 'NONE',  ( -24.48624525612488867, -12.69999999999971685, -1.250462353673376935E-15 ) ) ;
#4762 = ORIENTED_EDGE ( 'NONE', *, *, #3624, .F. ) ;
#4763 = EDGE_CURVE ( 'NONE', #4063, #211, #1396, .T. ) ;
#4764 = DIRECTION ( 'NONE',  ( 0.000000000000000000, -0.7071067811865474617, -0.7071067811865474617 ) ) ;
#4765 = ORIENTED_EDGE ( 'NONE', *, *, #3388, .F. ) ;
#4766 = ORIENTED_EDGE ( 'NONE', *, *, #2696, .T. ) ;
#4767 = DIRECTION ( 'NONE',  ( -0.000000000000000000, -0.000000000000000000, 1.000000000000000000 ) ) ;
#4768 = ORIENTED_EDGE ( 'NONE', *, *, #843, .T. ) ;
#4769 = FACE_OUTER_BOUND ( 'NONE', #1730, .T. ) ;
#4770 = EDGE_LOOP ( 'NONE', ( #2311, #4968, #3511, #5022 ) ) ;
#4771 = DIRECTION ( 'NONE',  ( 1.000000000000000000, 0.000000000000000000, 0.000000000000000000 ) ) ;
#4772 = DIRECTION ( 'NONE',  ( -0.000000000000000000, -0.000000000000000000, -1.000000000000000000 ) ) ;
#4773 = DIRECTION ( 'NONE',  ( -0.000000000000000000, -0.000000000000000000, -1.000000000000000000 ) ) ;
#4774 = CARTESIAN_POINT ( 'NONE',  ( 19.50784525612463938, -12.70000000000018048, 4.762500000000000178 ) ) ;
#4775 = DIRECTION ( 'NONE',  ( 0.000000000000000000, -0.000000000000000000, -1.000000000000000000 ) ) ;
#4776 = AXIS2_PLACEMENT_3D ( 'NONE', #5102, #1193, #2924 ) ;
#4777 = LINE ( 'NONE', #867, #4473 ) ;
#4778 = EDGE_LOOP ( 'NONE', ( #4309, #2461, #4482, #547 ) ) ;
#4779 = CYLINDRICAL_SURFACE ( 'NONE', #4152, 2.489199999999994084 ) ;
#4780 = DIRECTION ( 'NONE',  ( 1.000000000000000000, 0.000000000000000000, 0.000000000000000000 ) ) ;
#4781 = VECTOR ( 'NONE', #5039, 1000.000000000000000 ) ;
#4782 = CARTESIAN_POINT ( 'NONE',  ( 12.70000000000010232, 21.99704525612468586, 0.000000000000000000 ) ) ;
#4783 = EDGE_CURVE ( 'NONE', #2949, #1307, #1961, .T. ) ;
#4784 = CARTESIAN_POINT ( 'NONE',  ( 27.88919999999999888, -38.09999999999999432, -8.673617379884035472E-16 ) ) ;
#4785 = EDGE_LOOP ( 'NONE', ( #1004, #1987, #3365, #2124 ) ) ;
#4786 = AXIS2_PLACEMENT_3D ( 'NONE', #5132, #1221, #4780 ) ;
#4787 = ORIENTED_EDGE ( 'NONE', *, *, #2727, .T. ) ;
#4788 = CIRCLE ( 'NONE', #784, 2.489200000000000301 ) ;
#4789 = AXIS2_PLACEMENT_3D ( 'NONE', #2105, #2053, #4201 ) ;
#4790 = ORIENTED_EDGE ( 'NONE', *, *, #3067, .F. ) ;
#4791 = DIRECTION ( 'NONE',  ( 1.000000000000000000, 2.185478394931409589E-16, 0.000000000000000000 ) ) ;
#4792 = DIRECTION ( 'NONE',  ( -0.000000000000000000, -0.000000000000000000, 1.000000000000000000 ) ) ;
#4793 = ORIENTED_EDGE ( 'NONE', *, *, #1768, .T. ) ;
#4794 = DIRECTION ( 'NONE',  ( -1.000000000000000000, 0.000000000000000000, 0.000000000000000000 ) ) ;
#4795 = AXIS2_PLACEMENT_3D ( 'NONE', #3239, #4594, #4017 ) ;
#4796 = VERTEX_POINT ( 'NONE', #148 ) ;
#4797 = ORIENTED_EDGE ( 'NONE', *, *, #4170, .T. ) ;
#4798 = EDGE_CURVE ( 'NONE', #1854, #140, #1873, .T. ) ;
#4799 = EDGE_CURVE ( 'NONE', #2041, #833, #865, .T. ) ;
#4800 = CARTESIAN_POINT ( 'NONE',  ( -50.62322330470342990, -50.62322330470320964, 0.000000000000000000 ) ) ;
#4801 = VECTOR ( 'NONE', #2986, 1000.000000000000000 ) ;
#4802 = CARTESIAN_POINT ( 'NONE',  ( -12.05890000000000484, 2.155326144693640700, 0.000000000000000000 ) ) ;
#4803 = FACE_BOUND ( 'NONE', #4409, .T. ) ;
#4804 = ADVANCED_FACE ( 'NONE', ( #5052 ), #1142, .F. ) ;
#4805 = ADVANCED_FACE ( 'NONE', ( #2150 ), #3779, .F. ) ;
#4806 = AXIS2_PLACEMENT_3D ( 'NONE', #196, #624, #3228 ) ;
#4807 = CIRCLE ( 'NONE', #4343, 2.749999999999999112 ) ;
#4808 = DIRECTION ( 'NONE',  ( -1.000000000000000000, 0.000000000000000000, 0.000000000000000000 ) ) ;
#4809 = DIRECTION ( 'NONE',  ( -1.000000000000000000, 0.000000000000000000, 0.000000000000000000 ) ) ;
#4810 = EDGE_LOOP ( 'NONE', ( #930, #3985, #1527, #496 ) ) ;
#4811 = CARTESIAN_POINT ( 'NONE',  ( 3.860800000000009558, -50.79999999999999716, 4.762500000000000178 ) ) ;
#4812 = FACE_BOUND ( 'NONE', #5381, .T. ) ;
#4813 = AXIS2_PLACEMENT_3D ( 'NONE', #4946, #1099, #1036 ) ;
#4814 = EDGE_LOOP ( 'NONE', ( #4439, #4208, #1747, #174 ) ) ;
#4815 = EDGE_CURVE ( 'NONE', #4310, #1580, #2951, .T. ) ;
#4816 = CARTESIAN_POINT ( 'NONE',  ( 6.349999999999998757, -38.09999999999999432, 4.762500000000001066 ) ) ;
#4817 = CARTESIAN_POINT ( 'NONE',  ( -12.69999999999994955, 21.99704525612477113, 0.000000000000000000 ) ) ;
#4818 = ORIENTED_EDGE ( 'NONE', *, *, #2994, .F. ) ;
#4819 = VECTOR ( 'NONE', #3296, 1000.000000000000114 ) ;
#4820 = VERTEX_POINT ( 'NONE', #2603 ) ;
#4821 = ORIENTED_EDGE ( 'NONE', *, *, #218, .F. ) ;
#4822 = CARTESIAN_POINT ( 'NONE',  ( 24.15735931288071825, 31.75000000000000711, 0.2500000000000001665 ) ) ;
#4823 = CARTESIAN_POINT ( 'NONE',  ( 24.15735931288071825, 28.75000000000000711, 4.512500000000000178 ) ) ;
#4824 = EDGE_LOOP ( 'NONE', ( #3411, #2149, #5167, #1370 ) ) ;
#4825 = FACE_OUTER_BOUND ( 'NONE', #42, .T. ) ;
#4826 = EDGE_LOOP ( 'NONE', ( #3140, #2771, #23, #5288 ) ) ;
#4827 = ORIENTED_EDGE ( 'NONE', *, *, #2667, .F. ) ;
#4828 = DIRECTION ( 'NONE',  ( -0.000000000000000000, -0.000000000000000000, -1.000000000000000000 ) ) ;
#4829 = DIRECTION ( 'NONE',  ( 0.000000000000000000, 0.000000000000000000, -1.000000000000000000 ) ) ;
#4830 = EDGE_CURVE ( 'NONE', #5357, #4081, #332, .T. ) ;
#4831 = LINE ( 'NONE', #2222, #4508 ) ;
#4832 = CIRCLE ( 'NONE', #378, 2.489200000000000301 ) ;
#4833 = VERTEX_POINT ( 'NONE', #1250 ) ;
#4834 = VECTOR ( 'NONE', #4202, 1000.000000000000114 ) ;
#4835 = DIRECTION ( 'NONE',  ( -0.000000000000000000, -0.000000000000000000, -1.000000000000000000 ) ) ;
#4836 = FACE_OUTER_BOUND ( 'NONE', #2486, .T. ) ;
#4837 = ORIENTED_EDGE ( 'NONE', *, *, #5246, .F. ) ;
#4838 = DIRECTION ( 'NONE',  ( 0.000000000000000000, 0.000000000000000000, -1.000000000000000000 ) ) ;
#4839 = CARTESIAN_POINT ( 'NONE',  ( 12.70000000000000284, -50.79999999999999716, 4.762500000000001066 ) ) ;
#4840 = VERTEX_POINT ( 'NONE', #5636 ) ;
#4841 = DIRECTION ( 'NONE',  ( 0.7071067811865474617, 0.000000000000000000, -0.7071067811865474617 ) ) ;
#4842 = CARTESIAN_POINT ( 'NONE',  ( -27.88919999999999533, -50.80000000000000426, -8.673617379884035472E-16 ) ) ;
#4843 = ORIENTED_EDGE ( 'NONE', *, *, #1078, .F. ) ;
#4844 = EDGE_LOOP ( 'NONE', ( #2752, #590 ) ) ;
#4845 = ADVANCED_FACE ( 'NONE', ( #871 ), #4319, .F. ) ;
#4846 = ADVANCED_FACE ( 'NONE', ( #3033 ), #1769, .T. ) ;
#4847 = ORIENTED_EDGE ( 'NONE', *, *, #1605, .T. ) ;
#4848 = CARTESIAN_POINT ( 'NONE',  ( -8.731250000000072120, 15.12296861358571576, 4.762500000000000178 ) ) ;
#4849 = CARTESIAN_POINT ( 'NONE',  ( 15.18920000000010084, 21.99704525612468586, 4.762500000000000178 ) ) ;
#4850 = AXIS2_PLACEMENT_3D ( 'NONE', #1607, #306, #5099 ) ;
#4851 = ORIENTED_EDGE ( 'NONE', *, *, #98, .T. ) ;
#4852 = FACE_OUTER_BOUND ( 'NONE', #739, .T. ) ;
#4853 = VERTEX_POINT ( 'NONE', #3007 ) ;
#4854 = ORIENTED_EDGE ( 'NONE', *, *, #4383, .T. ) ;
#4855 = CIRCLE ( 'NONE', #4392, 2.489199999999988311 ) ;
#4856 = LINE ( 'NONE', #1460, #2823 ) ;
#4857 = CARTESIAN_POINT ( 'NONE',  ( -28.75000000000001421, -68.60735931288070333, 4.762500000000000178 ) ) ;
#4858 = FACE_BOUND ( 'NONE', #5185, .T. ) ;
#4859 = ORIENTED_EDGE ( 'NONE', *, *, #401, .F. ) ;
#4860 = ADVANCED_FACE ( 'NONE', ( #4704 ), #316, .F. ) ;
#4861 = DIRECTION ( 'NONE',  ( 1.000000000000000000, 0.000000000000000000, 0.000000000000000000 ) ) ;
#4862 = CARTESIAN_POINT ( 'NONE',  ( 30.69454364826302495, -70.55190296114363946, 4.762500000000000178 ) ) ;
#4863 = ORIENTED_EDGE ( 'NONE', *, *, #2365, .F. ) ;
#4864 = DIRECTION ( 'NONE',  ( 1.000000000000000000, 0.000000000000000000, 0.000000000000000000 ) ) ;
#4865 = DIRECTION ( 'NONE',  ( -0.000000000000000000, -0.000000000000000000, 1.000000000000000000 ) ) ;
#4866 = AXIS2_PLACEMENT_3D ( 'NONE', #3693, #2810, #5435 ) ;
#4867 = EDGE_CURVE ( 'NONE', #1332, #3749, #2521, .T. ) ;
#4868 = EDGE_CURVE ( 'NONE', #1818, #3152, #3964, .T. ) ;
#4869 = CARTESIAN_POINT ( 'NONE',  ( 19.50784525612481701, 12.69999999999987139, 0.000000000000000000 ) ) ;
#4870 = CARTESIAN_POINT ( 'NONE',  ( -1.699999999999987965, -16.00000000000000000, -1.347111479062085841E-15 ) ) ;
#4871 = ORIENTED_EDGE ( 'NONE', *, *, #4560, .F. ) ;
#4872 = EDGE_CURVE ( 'NONE', #1054, #1306, #1511, .T. ) ;
#4873 = VECTOR ( 'NONE', #5047, 1000.000000000000000 ) ;
#4874 = ORIENTED_EDGE ( 'NONE', *, *, #1053, .T. ) ;
#4875 = ORIENTED_EDGE ( 'NONE', *, *, #2060, .F. ) ;
#4876 = DIRECTION ( 'NONE',  ( -0.000000000000000000, -0.000000000000000000, 1.000000000000000000 ) ) ;
#4877 = CARTESIAN_POINT ( 'NONE',  ( 27.88920000000000243, -50.79999999999999716, -8.673617379884035472E-16 ) ) ;
#4878 = AXIS2_PLACEMENT_3D ( 'NONE', #986, #2719, #2203 ) ;
#4879 = DIRECTION ( 'NONE',  ( -0.000000000000000000, -0.000000000000000000, -1.000000000000000000 ) ) ;
#4880 = ORIENTED_EDGE ( 'NONE', *, *, #994, .F. ) ;
#4881 = DIRECTION ( 'NONE',  ( -0.000000000000000000, -0.000000000000000000, -1.000000000000000000 ) ) ;
#4882 = AXIS2_PLACEMENT_3D ( 'NONE', #2288, #4031, #4664 ) ;
#4883 = ORIENTED_EDGE ( 'NONE', *, *, #2776, .F. ) ;
#4884 = AXIS2_PLACEMENT_3D ( 'NONE', #4328, #2160, #4791 ) ;
#4885 = AXIS2_PLACEMENT_3D ( 'NONE', #2097, #3892, #1699 ) ;
#4886 = ORIENTED_EDGE ( 'NONE', *, *, #1301, .T. ) ;
#4887 = VECTOR ( 'NONE', #232, 1000.000000000000000 ) ;
#4888 = CARTESIAN_POINT ( 'NONE',  ( -30.87132034355965260, 26.27867965644035309, 4.762500000000000178 ) ) ;
#4889 = CARTESIAN_POINT ( 'NONE',  ( -10.21079999999996168, 21.99704525612477113, -1.250462353673376935E-15 ) ) ;
#4890 = FACE_BOUND ( 'NONE', #1102, .T. ) ;
#4891 = ADVANCED_FACE ( 'NONE', ( #1199, #3835, #2928, #3374, #4732, #3810, #3861, #5553, #791, #3460, #4269, #371, #1669, #2980, #1276, #815, #2548, #4296, #2574, #5605, #399, #2121, #427, #2691, #3574, #904, #509, #3145, #1443, #5237, #3601, #1326, #1019, #3061, #3484, #4898, #4927, #3977, #4348, #4433, #22, #956, #5265, #458, #2178, #4374, #3922, #2233, #1746, #1776, #3116, #2205, #2265, #3175, #4812 ), #2632, .F. ) ;
#4892 = ORIENTED_EDGE ( 'NONE', *, *, #2526, .T. ) ;
#4893 = CARTESIAN_POINT ( 'NONE',  ( 0.000000000000000000, 25.39999999999999858, -1.250462353673376935E-15 ) ) ;
#4894 = DIRECTION ( 'NONE',  ( 1.000000000000000000, 0.000000000000000000, 0.000000000000000000 ) ) ;
#4895 = ORIENTED_EDGE ( 'NONE', *, *, #4907, .F. ) ;
#4896 = EDGE_CURVE ( 'NONE', #2202, #5623, #1355, .T. ) ;
#4897 = DIRECTION ( 'NONE',  ( -0.000000000000000000, -0.000000000000000000, 1.000000000000000000 ) ) ;
#4898 = FACE_BOUND ( 'NONE', #2547, .T. ) ;
#4899 = CIRCLE ( 'NONE', #1526, 2.489200000000000301 ) ;
#4900 = AXIS2_PLACEMENT_3D ( 'NONE', #597, #2321, #4067 ) ;
#4901 = CARTESIAN_POINT ( 'NONE',  ( 21.99704525612481731, 12.69999999999987139, 0.000000000000000000 ) ) ;
#4902 = CARTESIAN_POINT ( 'NONE',  ( 10.21080000000001498, -50.79999999999999716, 4.762500000000001066 ) ) ;
#4904 = VERTEX_POINT ( 'NONE', #3093 ) ;
#4903 = AXIS2_PLACEMENT_3D ( 'NONE', #3477, #419, #3452 ) ;
#4905 = ORIENTED_EDGE ( 'NONE', *, *, #4440, .F. ) ;
#4906 = AXIS2_PLACEMENT_3D ( 'NONE', #3167, #4972, #3219 ) ;
#4907 = EDGE_CURVE ( 'NONE', #4853, #722, #2765, .T. ) ;
#4908 = VERTEX_POINT ( 'NONE', #929 ) ;
#4909 = CARTESIAN_POINT ( 'NONE',  ( 19.04999999999999716, -63.50000000000000000, 4.762500000000000178 ) ) ;
#4910 = FACE_OUTER_BOUND ( 'NONE', #1095, .T. ) ;
#4911 = DIRECTION ( 'NONE',  ( -1.000000000000000000, 0.000000000000000000, 0.000000000000000000 ) ) ;
#4912 = CYLINDRICAL_SURFACE ( 'NONE', #5514, 2.489199999999994084 ) ;
#4913 = AXIS2_PLACEMENT_3D ( 'NONE', #430, #2209, #26 ) ;
#4914 = ORIENTED_EDGE ( 'NONE', *, *, #1938, .T. ) ;
#4915 = ORIENTED_EDGE ( 'NONE', *, *, #99, .T. ) ;
#4916 = DIRECTION ( 'NONE',  ( -0.000000000000000000, -0.000000000000000000, 1.000000000000000000 ) ) ;
#4917 = DIRECTION ( 'NONE',  ( 1.000000000000000000, 0.000000000000000000, 0.000000000000000000 ) ) ;
#4918 = CARTESIAN_POINT ( 'NONE',  ( 26.27867965644033532, -75.32132034355961991, 0.2500000000000002220 ) ) ;
#4919 = FACE_BOUND ( 'NONE', #3041, .T. ) ;
#4920 = VECTOR ( 'NONE', #2572, 1000.000000000000000 ) ;
#4921 =( NAMED_UNIT ( * ) SI_UNIT ( $, .STERADIAN. ) SOLID_ANGLE_UNIT ( ) );
#4922 = ORIENTED_EDGE ( 'NONE', *, *, #3115, .T. ) ;
#4923 = CARTESIAN_POINT ( 'NONE',  ( -1.699999999999987965, 16.00000000000000000, -1.347111479062085841E-15 ) ) ;
#4924 = CARTESIAN_POINT ( 'NONE',  ( -12.69999999999994955, 21.99704525612477113, -1.250462353673376935E-15 ) ) ;
#4925 = ORIENTED_EDGE ( 'NONE', *, *, #3844, .T. ) ;
#4926 = DIRECTION ( 'NONE',  ( 1.000000000000000000, 0.000000000000000000, 0.000000000000000000 ) ) ;
#4927 = FACE_BOUND ( 'NONE', #4023, .T. ) ;
#4928 = LINE ( 'NONE', #1021, #3979 ) ;
#4929 = DIRECTION ( 'NONE',  ( -0.000000000000000000, -0.000000000000000000, 1.000000000000000000 ) ) ;
#4930 = ORIENTED_EDGE ( 'NONE', *, *, #2081, .F. ) ;
#4931 = EDGE_CURVE ( 'NONE', #1363, #162, #4504, .T. ) ;
#4932 = ORIENTED_EDGE ( 'NONE', *, *, #5161, .T. ) ;
#4933 = EDGE_CURVE ( 'NONE', #814, #4995, #596, .T. ) ;
#4934 = ORIENTED_EDGE ( 'NONE', *, *, #3430, .T. ) ;
#4935 = DIRECTION ( 'NONE',  ( -0.000000000000000000, -0.000000000000000000, 1.000000000000000000 ) ) ;
#4936 = DIRECTION ( 'NONE',  ( -1.000000000000000000, 0.000000000000000000, 0.000000000000000000 ) ) ;
#4937 = EDGE_CURVE ( 'NONE', #3534, #5611, #3858, .T. ) ;
#4938 = DIRECTION ( 'NONE',  ( -0.000000000000000000, -0.000000000000000000, 1.000000000000000000 ) ) ;
#4939 = FACE_OUTER_BOUND ( 'NONE', #2824, .T. ) ;
#4940 = ORIENTED_EDGE ( 'NONE', *, *, #3580, .T. ) ;
#4941 = ORIENTED_EDGE ( 'NONE', *, *, #1233, .F. ) ;
#4942 = EDGE_CURVE ( 'NONE', #2899, #27, #1587, .T. ) ;
#4943 = LINE ( 'NONE', #1034, #3409 ) ;
#4944 = EDGE_CURVE ( 'NONE', #5488, #2363, #3128, .T. ) ;
#4945 = DIRECTION ( 'NONE',  ( -0.000000000000000000, -0.000000000000000000, 1.000000000000000000 ) ) ;
#4946 = CARTESIAN_POINT ( 'NONE',  ( 6.350000000000001421, -63.50000000000000000, -8.673617379884035472E-16 ) ) ;
#4947 = DIRECTION ( 'NONE',  ( 1.000000000000000000, 0.000000000000000000, 0.000000000000000000 ) ) ;
#4948 = EDGE_LOOP ( 'NONE', ( #1503, #2218 ) ) ;
#4949 = CIRCLE ( 'NONE', #492, 2.489199999999988311 ) ;
#4950 = SURFACE_SIDE_STYLE ('',( #3628 ) ) ;
#4951 = ORIENTED_EDGE ( 'NONE', *, *, #4211, .F. ) ;
#4952 = CARTESIAN_POINT ( 'NONE',  ( -3.860799999999996679, -50.79999999999999716, -8.673617379884035472E-16 ) ) ;
#4953 = LINE ( 'NONE', #5314, #1454 ) ;
#4954 = ORIENTED_EDGE ( 'NONE', *, *, #4518, .F. ) ;
#4955 = CARTESIAN_POINT ( 'NONE',  ( 28.75000000000002487, -68.60735931288064648, 4.762500000000000178 ) ) ;
#4956 = CARTESIAN_POINT ( 'NONE',  ( -12.70000000000000107, -38.09999999999999432, -8.673617379884035472E-16 ) ) ;
#4957 = CARTESIAN_POINT ( 'NONE',  ( -27.88919999999998822, -50.80000000000000426, 4.762500000000000178 ) ) ;
#4958 = FACE_OUTER_BOUND ( 'NONE', #3517, .T. ) ;
#4959 = ORIENTED_EDGE ( 'NONE', *, *, #4657, .F. ) ;
#4960 = ORIENTED_EDGE ( 'NONE', *, *, #4705, .F. ) ;
#4961 = ORIENTED_EDGE ( 'NONE', *, *, #4029, .F. ) ;
#4962 = CARTESIAN_POINT ( 'NONE',  ( -15.55640646055101328, -8.000000000000007105, 4.762500000000001066 ) ) ;
#4963 = DIRECTION ( 'NONE',  ( 1.000000000000000000, 0.000000000000000000, 0.000000000000000000 ) ) ;
#4964 = DIRECTION ( 'NONE',  ( -0.000000000000000000, -0.000000000000000000, -1.000000000000000000 ) ) ;
#4965 = AXIS2_PLACEMENT_3D ( 'NONE', #5404, #3310, #3661 ) ;
#4966 = ORIENTED_EDGE ( 'NONE', *, *, #2180, .F. ) ;
#4967 = CONICAL_SURFACE ( 'NONE', #2138, 2.749999999999999112, 0.7853981633974500554 ) ;
#4968 = ORIENTED_EDGE ( 'NONE', *, *, #4896, .T. ) ;
#4969 = DIRECTION ( 'NONE',  ( 1.000000000000000000, 0.000000000000000000, 0.000000000000000000 ) ) ;
#4970 = AXIS2_PLACEMENT_3D ( 'NONE', #3111, #2716, #106 ) ;
#4971 = DIRECTION ( 'NONE',  ( 1.000000000000000000, 0.000000000000000000, 0.000000000000000000 ) ) ;
#4972 = DIRECTION ( 'NONE',  ( -0.000000000000000000, -0.000000000000000000, -1.000000000000000000 ) ) ;
#4973 = FACE_BOUND ( 'NONE', #5306, .T. ) ;
#4974 = AXIS2_PLACEMENT_3D ( 'NONE', #2495, #5525, #5212 ) ;
#4975 = ORIENTED_EDGE ( 'NONE', *, *, #4278, .T. ) ;
#4976 = PRESENTATION_LAYER_ASSIGNMENT (  '', '', ( #146 ) ) ;
#4977 = AXIS2_PLACEMENT_3D ( 'NONE', #3076, #4879, #1844 ) ;
#4978 = EDGE_CURVE ( 'NONE', #4641, #3117, #5415, .T. ) ;
#4979 = ORIENTED_EDGE ( 'NONE', *, *, #601, .T. ) ;
#4980 = EDGE_CURVE ( 'NONE', #5267, #3102, #4146, .T. ) ;
#4981 = CIRCLE ( 'NONE', #5333, 2.489199999999986535 ) ;
#4982 = ORIENTED_EDGE ( 'NONE', *, *, #2194, .T. ) ;
#4983 = LINE ( 'NONE', #951, #3230 ) ;
#4984 = CARTESIAN_POINT ( 'NONE',  ( 24.15735931288068983, -73.19999999999997442, 0.000000000000000000 ) ) ;
#4985 = ORIENTED_EDGE ( 'NONE', *, *, #2014, .T. ) ;
#4986 = DIRECTION ( 'NONE',  ( -1.000000000000000000, 0.000000000000000000, 0.000000000000000000 ) ) ;
#4987 = CIRCLE ( 'NONE', #2510, 2.489199999999988311 ) ;
#4988 = CARTESIAN_POINT ( 'NONE',  ( 12.70000000000000107, -63.50000000000000000, 4.762500000000001066 ) ) ;
#4989 = EDGE_CURVE ( 'NONE', #4506, #5409, #3038, .T. ) ;
#4990 = DIRECTION ( 'NONE',  ( 1.000000000000000000, 0.000000000000000000, 0.000000000000000000 ) ) ;
#4991 = LINE ( 'NONE', #629, #3971 ) ;
#4992 = VERTEX_POINT ( 'NONE', #257 ) ;
#4993 = EDGE_CURVE ( 'NONE', #4049, #4654, #5063, .T. ) ;
#4994 = VECTOR ( 'NONE', #5137, 1000.000000000000000 ) ;
#4995 = VERTEX_POINT ( 'NONE', #1136 ) ;
#4996 = VECTOR ( 'NONE', #2015, 1000.000000000000000 ) ;
#4997 = CIRCLE ( 'NONE', #887, 2.489200000000000301 ) ;
#4998 = ORIENTED_EDGE ( 'NONE', *, *, #4514, .T. ) ;
#4999 = CARTESIAN_POINT ( 'NONE',  ( 24.15735931288068983, -75.94999999999997442, 0.000000000000000000 ) ) ;
#5000 = FACE_OUTER_BOUND ( 'NONE', #4565, .T. ) ;
#5001 = DIRECTION ( 'NONE',  ( -0.000000000000000000, -0.000000000000000000, 1.000000000000000000 ) ) ;
#5002 = AXIS2_PLACEMENT_3D ( 'NONE', #87, #1302, #3095 ) ;
#5003 = CIRCLE ( 'NONE', #4813, 2.489200000000000301 ) ;
#5004 = ORIENTED_EDGE ( 'NONE', *, *, #4403, .T. ) ;
#5005 = VERTEX_POINT ( 'NONE', #3751 ) ;
#5006 = LINE ( 'NONE', #1097, #61 ) ;
#5007 = CARTESIAN_POINT ( 'NONE',  ( -19.50784525612472464, 12.70000000000002593, 4.762500000000000178 ) ) ;
#5008 = DIRECTION ( 'NONE',  ( -0.000000000000000000, -0.000000000000000000, 1.000000000000000000 ) ) ;
#5009 = DIRECTION ( 'NONE',  ( 0.000000000000000000, 0.000000000000000000, -1.000000000000000000 ) ) ;
#5010 = EDGE_LOOP ( 'NONE', ( #1258, #4074, #1040, #856 ) ) ;
#5011 = VERTEX_POINT ( 'NONE', #4559 ) ;
#5012 = EDGE_CURVE ( 'NONE', #5472, #1968, #3772, .T. ) ;
#5013 = ORIENTED_EDGE ( 'NONE', *, *, #4014, .F. ) ;
#5014 = EDGE_CURVE ( 'NONE', #2845, #3113, #3635, .T. ) ;
#5015 = DIRECTION ( 'NONE',  ( 1.000000000000000000, 0.000000000000000000, 0.000000000000000000 ) ) ;
#5016 = ORIENTED_EDGE ( 'NONE', *, *, #3915, .T. ) ;
#5017 = LINE ( 'NONE', #4613, #4342 ) ;
#5018 = DIRECTION ( 'NONE',  ( -0.000000000000000000, -0.000000000000000000, 1.000000000000000000 ) ) ;
#5019 = DIRECTION ( 'NONE',  ( 1.000000000000000000, 0.000000000000000000, 0.000000000000000000 ) ) ;
#5020 = CARTESIAN_POINT ( 'NONE',  ( 15.18920000000009551, 21.99704525612468586, 0.000000000000000000 ) ) ;
#5021 = ORIENTED_EDGE ( 'NONE', *, *, #5387, .T. ) ;
#5022 = ORIENTED_EDGE ( 'NONE', *, *, #5181, .T. ) ;
#5023 = CIRCLE ( 'NONE', #3362, 2.489199999999999413 ) ;
#5024 = ORIENTED_EDGE ( 'NONE', *, *, #3719, .T. ) ;
#5025 = LINE ( 'NONE', #3156, #4887 ) ;
#5026 = CYLINDRICAL_SURFACE ( 'NONE', #1474, 1.699999999999993072 ) ;
#5027 = AXIS2_PLACEMENT_3D ( 'NONE', #4576, #2393, #4512 ) ;
#5028 = CARTESIAN_POINT ( 'NONE',  ( 28.39822330470343914, 28.39822330470328282, 0.000000000000000000 ) ) ;
#5029 = EDGE_CURVE ( 'NONE', #3607, #4833, #2952, .T. ) ;
#5030 = VERTEX_POINT ( 'NONE', #4494 ) ;
#5031 = CIRCLE ( 'NONE', #1114, 2.749999999999992006 ) ;
#5032 = VECTOR ( 'NONE', #998, 1000.000000000000000 ) ;
#5033 = EDGE_CURVE ( 'NONE', #4524, #1206, #505, .T. ) ;
#5034 = VERTEX_POINT ( 'NONE', #1107 ) ;
#5035 = FACE_OUTER_BOUND ( 'NONE', #841, .T. ) ;
#5036 = DIRECTION ( 'NONE',  ( -0.000000000000000000, -0.000000000000000000, -1.000000000000000000 ) ) ;
#5037 = CYLINDRICAL_SURFACE ( 'NONE', #4728, 1.699999999999993072 ) ;
#5038 = CARTESIAN_POINT ( 'NONE',  ( 0.000000000000000000, 0.000000000000000000, 0.000000000000000000 ) ) ;
#5039 = DIRECTION ( 'NONE',  ( -0.000000000000000000, -0.000000000000000000, -1.000000000000000000 ) ) ;
#5040 = ORIENTED_EDGE ( 'NONE', *, *, #1622, .T. ) ;
#5041 = EDGE_CURVE ( 'NONE', #563, #140, #3399, .T. ) ;
#5042 = EDGE_LOOP ( 'NONE', ( #2619, #1132, #4163, #1682 ) ) ;
#5043 = CARTESIAN_POINT ( 'NONE',  ( -12.50000000000000000, 0.000000000000000000, 4.762500000000001066 ) ) ;
#5044 = ORIENTED_EDGE ( 'NONE', *, *, #4104, .T. ) ;
#5045 = CARTESIAN_POINT ( 'NONE',  ( 24.15735931288071825, 28.75000000000000711, 4.762500000000000178 ) ) ;
#5046 = CIRCLE ( 'NONE', #4126, 2.489199999999990087 ) ;
#5047 = DIRECTION ( 'NONE',  ( -0.000000000000000000, -0.000000000000000000, -1.000000000000000000 ) ) ;
#5048 = EDGE_CURVE ( 'NONE', #2821, #4182, #5592, .T. ) ;
#5049 = DIRECTION ( 'NONE',  ( -0.000000000000000000, -0.000000000000000000, -1.000000000000000000 ) ) ;
#5050 = FACE_OUTER_BOUND ( 'NONE', #1790, .T. ) ;
#5051 = VERTEX_POINT ( 'NONE', #165 ) ;
#5052 = FACE_OUTER_BOUND ( 'NONE', #5554, .T. ) ;
#5053 = EDGE_CURVE ( 'NONE', #2355, #1927, #1469, .T. ) ;
#5054 = EDGE_CURVE ( 'NONE', #4908, #936, #2861, .T. ) ;
#5055 = ORIENTED_EDGE ( 'NONE', *, *, #2950, .T. ) ;
#5056 = EDGE_CURVE ( 'NONE', #1782, #849, #857, .T. ) ;
#5057 = CARTESIAN_POINT ( 'NONE',  ( -17.96051224213833208, -17.96051224213827169, 0.000000000000000000 ) ) ;
#5058 = DIRECTION ( 'NONE',  ( -0.000000000000000000, -0.000000000000000000, 1.000000000000000000 ) ) ;
#5059 = CARTESIAN_POINT ( 'NONE',  ( -19.04999999999999716, -63.50000000000000000, 4.762500000000000178 ) ) ;
#5060 = ORIENTED_EDGE ( 'NONE', *, *, #2177, .T. ) ;
#5061 = EDGE_LOOP ( 'NONE', ( #4941, #192 ) ) ;
#5062 = DIRECTION ( 'NONE',  ( -0.000000000000000000, -0.000000000000000000, 1.000000000000000000 ) ) ;
#5063 = CIRCLE ( 'NONE', #1762, 2.489199999999988311 ) ;
#5064 = DIRECTION ( 'NONE',  ( 1.000000000000000000, 0.000000000000000000, 0.000000000000000000 ) ) ;
#5065 = FACE_OUTER_BOUND ( 'NONE', #2167, .T. ) ;
#5066 = DIRECTION ( 'NONE',  ( -0.000000000000000000, 0.000000000000000000, 1.000000000000000000 ) ) ;
#5067 = ORIENTED_EDGE ( 'NONE', *, *, #1938, .F. ) ;
#5068 = ORIENTED_EDGE ( 'NONE', *, *, #5012, .F. ) ;
#5069 = DIRECTION ( 'NONE',  ( -0.000000000000000000, -0.000000000000000000, 1.000000000000000000 ) ) ;
#5071 = VERTEX_POINT ( 'NONE', #1891 ) ;
#5070 = AXIS2_PLACEMENT_3D ( 'NONE', #3092, #4838, #3544 ) ;
#5072 = FACE_OUTER_BOUND ( 'NONE', #4226, .T. ) ;
#5073 = CARTESIAN_POINT ( 'NONE',  ( 11.56670000000000442, 2.067353648991859583, -8.673617379884035472E-16 ) ) ;
#5074 = VECTOR ( 'NONE', #1296, 1000.000000000000000 ) ;
#5075 = EDGE_CURVE ( 'NONE', #5493, #5364, #687, .T. ) ;
#5076 = DIRECTION ( 'NONE',  ( -0.000000000000000000, -0.000000000000000000, 1.000000000000000000 ) ) ;
#5077 = DIRECTION ( 'NONE',  ( -1.000000000000000000, 0.000000000000000000, 0.000000000000000000 ) ) ;
#5078 = VERTEX_POINT ( 'NONE', #1981 ) ;
#5079 = VECTOR ( 'NONE', #1027, 1000.000000000000000 ) ;
#5080 = DIRECTION ( 'NONE',  ( -0.000000000000000000, -0.000000000000000000, -1.000000000000000000 ) ) ;
#5081 = ORIENTED_EDGE ( 'NONE', *, *, #5612, .T. ) ;
#5082 = DIRECTION ( 'NONE',  ( -1.000000000000000000, 0.000000000000000000, 0.000000000000000000 ) ) ;
#5083 = CARTESIAN_POINT ( 'NONE',  ( 26.27867965644036730, 30.87132034355964194, 4.512500000000000178 ) ) ;
#5084 = CIRCLE ( 'NONE', #3244, 1.699999999999998401 ) ;
#5085 = EDGE_CURVE ( 'NONE', #5030, #1391, #3202, .T. ) ;
#5086 = DIRECTION ( 'NONE',  ( -1.000000000000000000, 0.000000000000000000, 0.000000000000000000 ) ) ;
#5087 = VERTEX_POINT ( 'NONE', #3724 ) ;
#5088 = AXIS2_PLACEMENT_3D ( 'NONE', #1635, #5516, #4693 ) ;
#5089 = ORIENTED_EDGE ( 'NONE', *, *, #1242, .F. ) ;
#5090 = DIRECTION ( 'NONE',  ( 0.000000000000000000, 0.000000000000000000, -1.000000000000000000 ) ) ;
#5091 = LINE ( 'NONE', #1182, #2681 ) ;
#5092 = DIRECTION ( 'NONE',  ( -0.000000000000000000, -0.000000000000000000, 1.000000000000000000 ) ) ;
#5093 = AXIS2_PLACEMENT_3D ( 'NONE', #16, #1739, #5229 ) ;
#5094 = CARTESIAN_POINT ( 'NONE',  ( 2.489199999999722746, -25.40000000000000213, -1.250462353673376935E-15 ) ) ;
#5095 = AXIS2_PLACEMENT_3D ( 'NONE', #2193, #3934, #5619 ) ;
#5096 = ORIENTED_EDGE ( 'NONE', *, *, #2180, .T. ) ;
#5097 = DIRECTION ( 'NONE',  ( 1.000000000000000000, 0.000000000000000000, 0.000000000000000000 ) ) ;
#5098 = CIRCLE ( 'NONE', #3079, 2.489199999999986535 ) ;
#5099 = DIRECTION ( 'NONE',  ( 1.000000000000000000, 0.000000000000000000, 0.000000000000000000 ) ) ;
#5100 = EDGE_LOOP ( 'NONE', ( #3902, #3016 ) ) ;
#5101 = CYLINDRICAL_SURFACE ( 'NONE', #2154, 2.489199999999996749 ) ;
#5102 = CARTESIAN_POINT ( 'NONE',  ( -12.69999999999999574, -50.79999999999999716, -8.673617379884035472E-16 ) ) ;
#5103 = CARTESIAN_POINT ( 'NONE',  ( 2.489199999999728519, -25.40000000000000213, 0.000000000000000000 ) ) ;
#5104 = DIRECTION ( 'NONE',  ( -1.000000000000000000, 0.000000000000000000, 0.000000000000000000 ) ) ;
#5105 = ORIENTED_EDGE ( 'NONE', *, *, #1985, .T. ) ;
#5106 = CARTESIAN_POINT ( 'NONE',  ( 10.21080000000010912, 21.99704525612468586, 0.000000000000000000 ) ) ;
#5107 = EDGE_CURVE ( 'NONE', #3955, #1800, #4600, .T. ) ;
#5108 = VERTEX_POINT ( 'NONE', #1045 ) ;
#5109 = EDGE_CURVE ( 'NONE', #1619, #5196, #324, .T. ) ;
#5110 = CARTESIAN_POINT ( 'NONE',  ( 12.50000000000000000, 0.000000000000000000, 4.762500000000001066 ) ) ;
#5111 = DIRECTION ( 'NONE',  ( -1.000000000000000000, 0.000000000000000000, 0.000000000000000000 ) ) ;
#5112 = LINE ( 'NONE', #4682, #3798 ) ;
#5113 = AXIS2_PLACEMENT_3D ( 'NONE', #1977, #3284, #1495 ) ;
#5114 = VERTEX_POINT ( 'NONE', #625 ) ;
#5115 = AXIS2_PLACEMENT_3D ( 'NONE', #3276, #1487, #5480 ) ;
#5116 = EDGE_CURVE ( 'NONE', #4833, #3607, #2043, .T. ) ;
#5117 = ORIENTED_EDGE ( 'NONE', *, *, #4980, .T. ) ;
#5118 = DIRECTION ( 'NONE',  ( -0.000000000000000000, -0.000000000000000000, 1.000000000000000000 ) ) ;
#5119 = CARTESIAN_POINT ( 'NONE',  ( -6.350000000000000533, -38.09999999999999432, 4.762500000000001066 ) ) ;
#5120 = CARTESIAN_POINT ( 'NONE',  ( -19.04999999999999716, -63.50000000000000000, -8.673617379884035472E-16 ) ) ;
#5121 = EDGE_CURVE ( 'NONE', #1514, #4164, #4044, .T. ) ;
#5122 = ORIENTED_EDGE ( 'NONE', *, *, #5012, .T. ) ;
#5123 = EDGE_CURVE ( 'NONE', #2033, #4206, #5233, .T. ) ;
#5124 = CYLINDRICAL_SURFACE ( 'NONE', #4212, 2.489199999999993640 ) ;
#5125 = CARTESIAN_POINT ( 'NONE',  ( -3.860800000000009558, -63.50000000000000000, 4.762500000000001066 ) ) ;
#5126 = FACE_OUTER_BOUND ( 'NONE', #3062, .T. ) ;
#5127 = LINE ( 'NONE', #2116, #775 ) ;
#5128 = AXIS2_PLACEMENT_3D ( 'NONE', #1714, #5569, #1237 ) ;
#5129 = CARTESIAN_POINT ( 'NONE',  ( 24.48624525612462577, -12.70000000000018048, -1.250462353673376935E-15 ) ) ;
#5130 = DIRECTION ( 'NONE',  ( -0.000000000000000000, -0.000000000000000000, -1.000000000000000000 ) ) ;
#5131 = ORIENTED_EDGE ( 'NONE', *, *, #4605, .F. ) ;
#5132 = CARTESIAN_POINT ( 'NONE',  ( 12.70000000000000107, -63.50000000000000000, 4.762500000000000178 ) ) ;
#5133 = VECTOR ( 'NONE', #3753, 1000.000000000000000 ) ;
#5134 = LINE ( 'NONE', #3376, #2800 ) ;
#5135 = CARTESIAN_POINT ( 'NONE',  ( 13.85640646055101755, 8.000000000000005329, -1.347111479062085841E-15 ) ) ;
#5136 = ORIENTED_EDGE ( 'NONE', *, *, #3604, .F. ) ;
#5137 = DIRECTION ( 'NONE',  ( -0.000000000000000000, -0.000000000000000000, 1.000000000000000000 ) ) ;
#5138 = ORIENTED_EDGE ( 'NONE', *, *, #2950, .F. ) ;
#5139 = ORIENTED_EDGE ( 'NONE', *, *, #1061, .T. ) ;
#5140 = CARTESIAN_POINT ( 'NONE',  ( -12.69999999999999574, -50.79999999999999716, 4.762500000000001066 ) ) ;
#5141 = CARTESIAN_POINT ( 'NONE',  ( -12.70000000000025686, -21.99704525612459349, 0.000000000000000000 ) ) ;
#5142 = DIRECTION ( 'NONE',  ( 0.000000000000000000, 0.000000000000000000, -1.000000000000000000 ) ) ;
#5143 = ORIENTED_EDGE ( 'NONE', *, *, #474, .T. ) ;
#5144 = AXIS2_PLACEMENT_3D ( 'NONE', #2644, #1758, #4307 ) ;
#5145 = EDGE_LOOP ( 'NONE', ( #790, #2504, #381, #3245 ) ) ;
#5146 = CYLINDRICAL_SURFACE ( 'NONE', #5541, 1.699999999999993072 ) ;
#5147 = LINE ( 'NONE', #2256, #197 ) ;
#5148 = DIRECTION ( 'NONE',  ( -0.000000000000000000, -0.000000000000000000, 1.000000000000000000 ) ) ;
#5149 = AXIS2_PLACEMENT_3D ( 'NONE', #421, #2568, #4696 ) ;
#5150 = CARTESIAN_POINT ( 'NONE',  ( 24.15735931288068983, -75.94999999999998863, 4.762500000000000178 ) ) ;
#5151 = EDGE_CURVE ( 'NONE', #3933, #5291, #391, .T. ) ;
#5152 = EDGE_CURVE ( 'NONE', #4310, #4283, #3773, .T. ) ;
#5153 = VECTOR ( 'NONE', #5292, 1000.000000000000000 ) ;
#5154 = CARTESIAN_POINT ( 'NONE',  ( 12.05890000000000484, -2.155326144693640700, 0.000000000000000000 ) ) ;
#5155 = CARTESIAN_POINT ( 'NONE',  ( 24.15735931288068983, -73.19999999999997442, 4.762500000000000178 ) ) ;
#5156 = ORIENTED_EDGE ( 'NONE', *, *, #1413, .T. ) ;
#5157 = CIRCLE ( 'NONE', #4970, 2.489199999999999413 ) ;
#5158 = DIRECTION ( 'NONE',  ( 0.7071067811865491270, 0.7071067811865460184, 0.000000000000000000 ) ) ;
#5159 = AXIS2_PLACEMENT_3D ( 'NONE', #3442, #4444, #4358 ) ;
#5160 = AXIS2_PLACEMENT_3D ( 'NONE', #3821, #221, #3384 ) ;
#5161 = EDGE_CURVE ( 'NONE', #3224, #2502, #5127, .T. ) ;
#5162 = CARTESIAN_POINT ( 'NONE',  ( -9.555824911305043203E-16, -38.09999999999999432, 4.762500000000000178 ) ) ;
#5163 = CARTESIAN_POINT ( 'NONE',  ( 19.04999999999999716, -38.09999999999999432, 4.762500000000001066 ) ) ;
#5164 = ORIENTED_EDGE ( 'NONE', *, *, #2194, .F. ) ;
#5165 = DIRECTION ( 'NONE',  ( -0.000000000000000000, -0.000000000000000000, 1.000000000000000000 ) ) ;
#5166 = ORIENTED_EDGE ( 'NONE', *, *, #3192, .F. ) ;
#5167 = ORIENTED_EDGE ( 'NONE', *, *, #1719, .T. ) ;
#5168 = CYLINDRICAL_SURFACE ( 'NONE', #4326, 2.489199999999993640 ) ;
#5169 = DIRECTION ( 'NONE',  ( -0.7071067811865490160, -0.7071067811865460184, 0.000000000000000000 ) ) ;
#5170 = CARTESIAN_POINT ( 'NONE',  ( 28.75000000000002487, -68.60735931288064648, 4.512500000000000178 ) ) ;
#5171 = CIRCLE ( 'NONE', #2331, 2.489200000000000301 ) ;
#5172 = EDGE_LOOP ( 'NONE', ( #3268, #184 ) ) ;
#5173 = AXIS2_PLACEMENT_3D ( 'NONE', #5630, #3918, #4808 ) ;
#5174 = VERTEX_POINT ( 'NONE', #2037 ) ;
#5175 = VECTOR ( 'NONE', #3827, 1000.000000000000000 ) ;
#5176 = DIRECTION ( 'NONE',  ( 0.000000000000000000, 0.000000000000000000, -1.000000000000000000 ) ) ;
#5177 = EDGE_CURVE ( 'NONE', #3417, #4283, #3856, .T. ) ;
#5178 = DIRECTION ( 'NONE',  ( -0.000000000000000000, -0.000000000000000000, 1.000000000000000000 ) ) ;
#5179 = DIRECTION ( 'NONE',  ( -0.000000000000000000, -0.000000000000000000, 1.000000000000000000 ) ) ;
#5180 = DIRECTION ( 'NONE',  ( -1.000000000000000000, -1.092739197465705534E-16, 0.000000000000000000 ) ) ;
#5181 = EDGE_CURVE ( 'NONE', #4300, #5560, #2543, .T. ) ;
#5182 = ADVANCED_FACE ( 'NONE', ( #2972 ), #4237, .F. ) ;
#5183 = CARTESIAN_POINT ( 'NONE',  ( -16.56080000000000041, -38.10000000000000142, 4.762500000000000178 ) ) ;
#5184 = DIRECTION ( 'NONE',  ( 1.000000000000000000, 0.000000000000000000, 0.000000000000000000 ) ) ;
#5185 = EDGE_LOOP ( 'NONE', ( #3595, #5277 ) ) ;
#5186 = CIRCLE ( 'NONE', #4913, 0.5000000000000004441 ) ;
#5187 = CARTESIAN_POINT ( 'NONE',  ( 31.75000000000002842, -68.60735931288064648, 0.2500000000000002220 ) ) ;
#5188 = DIRECTION ( 'NONE',  ( 1.000000000000000000, 0.000000000000000000, 0.000000000000000000 ) ) ;
#5189 = DIRECTION ( 'NONE',  ( -1.000000000000000000, 0.000000000000000000, 0.000000000000000000 ) ) ;
#5190 = EDGE_LOOP ( 'NONE', ( #5354, #2376 ) ) ;
#5191 = CARTESIAN_POINT ( 'NONE',  ( -12.69999999999994955, 21.99704525612477113, 0.000000000000000000 ) ) ;
#5192 = VECTOR ( 'NONE', #506, 1000.000000000000000 ) ;
#5193 = ORIENTED_EDGE ( 'NONE', *, *, #3148, .T. ) ;
#5194 = ORIENTED_EDGE ( 'NONE', *, *, #3400, .T. ) ;
#5195 = CYLINDRICAL_SURFACE ( 'NONE', #5429, 2.489199999999987423 ) ;
#5196 = VERTEX_POINT ( 'NONE', #2489 ) ;
#5197 = DIRECTION ( 'NONE',  ( -0.7071067811865490160, -0.7071067811865460184, 0.000000000000000000 ) ) ;
#5198 = ORIENTED_EDGE ( 'NONE', *, *, #4421, .F. ) ;
#5199 = AXIS2_PLACEMENT_3D ( 'NONE', #2007, #3748, #2143 ) ;
#5200 = ORIENTED_EDGE ( 'NONE', *, *, #5467, .F. ) ;
#5201 = EDGE_LOOP ( 'NONE', ( #679, #3364, #632, #307 ) ) ;
#5202 = CARTESIAN_POINT ( 'NONE',  ( 26.10190296114372899, 30.69454364826300719, 0.000000000000000000 ) ) ;
#5203 = DIRECTION ( 'NONE',  ( 1.000000000000000000, 0.000000000000000000, 0.000000000000000000 ) ) ;
#5204 = CARTESIAN_POINT ( 'NONE',  ( 19.04999999999999716, -38.09999999999999432, 4.762500000000001066 ) ) ;
#5205 = EDGE_CURVE ( 'NONE', #685, #4063, #4316, .T. ) ;
#5206 = VECTOR ( 'NONE', #2948, 1000.000000000000000 ) ;
#5207 = CIRCLE ( 'NONE', #3012, 2.249999999999998668 ) ;
#5208 = DIRECTION ( 'NONE',  ( 1.545366593192712690E-16, -0.7071067811865573427, -0.7071067811865378028 ) ) ;
#5209 = CARTESIAN_POINT ( 'NONE',  ( 11.56670000000000442, -2.067353648991859583, 4.762500000000000178 ) ) ;
#5210 = VERTEX_POINT ( 'NONE', #5150 ) ;
#5211 = LINE ( 'NONE', #1410, #2870 ) ;
#5212 = DIRECTION ( 'NONE',  ( 1.000000000000000000, 0.000000000000000000, 0.000000000000000000 ) ) ;
#5213 = DIRECTION ( 'NONE',  ( -1.000000000000000000, 0.000000000000000000, 0.000000000000000000 ) ) ;
#5214 = CARTESIAN_POINT ( 'NONE',  ( -31.75000000000000711, 31.75000000000000000, 4.512500000000000178 ) ) ;
#5215 = ORIENTED_EDGE ( 'NONE', *, *, #3118, .F. ) ;
#5216 = VERTEX_POINT ( 'NONE', #3885 ) ;
#5217 = ADVANCED_FACE ( 'NONE', ( #1243 ), #1610, .F. ) ;
#5218 = EDGE_CURVE ( 'NONE', #1854, #5373, #2310, .T. ) ;
#5219 = ORIENTED_EDGE ( 'NONE', *, *, #4377, .T. ) ;
#5220 = CARTESIAN_POINT ( 'NONE',  ( 25.39999999999999858, -63.50000000000000000, 4.762500000000001066 ) ) ;
#5221 = CARTESIAN_POINT ( 'NONE',  ( 27.88919999999999533, -63.50000000000000000, 4.762500000000000178 ) ) ;
#5222 = ORIENTED_EDGE ( 'NONE', *, *, #5177, .T. ) ;
#5223 = CARTESIAN_POINT ( 'NONE',  ( -21.99704525612472494, 12.70000000000002593, 4.762500000000000178 ) ) ;
#5224 = ADVANCED_FACE ( 'NONE', ( #4673 ), #736, .F. ) ;
#5225 = ORIENTED_EDGE ( 'NONE', *, *, #4271, .F. ) ;
#5226 = ORIENTED_EDGE ( 'NONE', *, *, #2555, .T. ) ;
#5227 = DIRECTION ( 'NONE',  ( 6.427877632151209458E-17, 1.000000000000000000, 0.000000000000000000 ) ) ;
#5228 = DIRECTION ( 'NONE',  ( -0.000000000000000000, -0.000000000000000000, 1.000000000000000000 ) ) ;
#5229 = DIRECTION ( 'NONE',  ( -1.000000000000000000, 0.000000000000000000, 0.000000000000000000 ) ) ;
#5230 = DIRECTION ( 'NONE',  ( -0.000000000000000000, -0.000000000000000000, 1.000000000000000000 ) ) ;
#5231 = EDGE_CURVE ( 'NONE', #2136, #5582, #1664, .T. ) ;
#5232 = DIRECTION ( 'NONE',  ( -1.000000000000000000, 0.000000000000000000, 0.000000000000000000 ) ) ;
#5233 = CIRCLE ( 'NONE', #4236, 2.489199999999988311 ) ;
#5234 = CARTESIAN_POINT ( 'NONE',  ( -12.15915000000000212, 1.665479293626906054, 0.000000000000000000 ) ) ;
#5235 = ORIENTED_EDGE ( 'NONE', *, *, #1003, .F. ) ;
#5236 = CARTESIAN_POINT ( 'NONE',  ( -2.489199999999988311, 25.39999999999999858, -1.250462353673376935E-15 ) ) ;
#5237 = FACE_BOUND ( 'NONE', #4844, .T. ) ;
#5238 = ORIENTED_EDGE ( 'NONE', *, *, #1694, .T. ) ;
#5239 = AXIS2_PLACEMENT_3D ( 'NONE', #2291, #508, #3032 ) ;
#5240 = CIRCLE ( 'NONE', #3500, 2.489199999999998525 ) ;
#5241 = CARTESIAN_POINT ( 'NONE',  ( -15.18919999999994808, 21.99704525612477113, 4.762500000000000178 ) ) ;
#5242 = DIRECTION ( 'NONE',  ( -1.000000000000000000, 0.000000000000000000, 0.000000000000000000 ) ) ;
#5243 = ORIENTED_EDGE ( 'NONE', *, *, #5056, .F. ) ;
#5244 = VERTEX_POINT ( 'NONE', #1271 ) ;
#5245 = AXIS2_PLACEMENT_3D ( 'NONE', #3763, #2191, #1366 ) ;
#5246 = EDGE_CURVE ( 'NONE', #3707, #3815, #5597, .T. ) ;
#5247 = ORIENTED_EDGE ( 'NONE', *, *, #889, .T. ) ;
#5248 = LINE ( 'NONE', #3494, #4418 ) ;
#5249 = DIRECTION ( 'NONE',  ( -0.000000000000000000, -0.000000000000000000, -1.000000000000000000 ) ) ;
#5250 = EDGE_LOOP ( 'NONE', ( #260, #1668, #639, #90 ) ) ;
#5251 = CARTESIAN_POINT ( 'NONE',  ( 25.40000000000000568, 31.75000000000000711, 0.2500000000000002220 ) ) ;
#5252 = ORIENTED_EDGE ( 'NONE', *, *, #2667, .T. ) ;
#5253 = VERTEX_POINT ( 'NONE', #838 ) ;
#5254 = CARTESIAN_POINT ( 'NONE',  ( 31.50000000000002842, -68.60735931288064648, 0.000000000000000000 ) ) ;
#5255 = AXIS2_PLACEMENT_3D ( 'NONE', #5360, #1962, #2300 ) ;
#5256 = CARTESIAN_POINT ( 'NONE',  ( 26.27867965644036730, 30.87132034355964194, 4.762500000000000178 ) ) ;
#5257 = FACE_BOUND ( 'NONE', #1916, .T. ) ;
#5258 = AXIS2_PLACEMENT_3D ( 'NONE', #2171, #1346, #501 ) ;
#5259 = ORIENTED_EDGE ( 'NONE', *, *, #5633, .T. ) ;
#5260 = CIRCLE ( 'NONE', #79, 2.999999999999999112 ) ;
#5261 = CARTESIAN_POINT ( 'NONE',  ( -30.87132034355965970, -70.72867965644033461, 0.000000000000000000 ) ) ;
#5262 = DIRECTION ( 'NONE',  ( 1.000000000000000000, 0.000000000000000000, 0.000000000000000000 ) ) ;
#5263 = ORIENTED_EDGE ( 'NONE', *, *, #3662, .F. ) ;
#5264 = CARTESIAN_POINT ( 'NONE',  ( 12.69999999999999751, -38.09999999999999432, -8.673617379884035472E-16 ) ) ;
#5265 = FACE_BOUND ( 'NONE', #4740, .T. ) ;
#5266 = AXIS2_PLACEMENT_3D ( 'NONE', #2883, #4637, #2057 ) ;
#5267 = VERTEX_POINT ( 'NONE', #2145 ) ;
#5268 = CARTESIAN_POINT ( 'NONE',  ( 27.88919999999999533, 3.048390812437585889E-16, 0.000000000000000000 ) ) ;
#5269 = DIRECTION ( 'NONE',  ( -0.000000000000000000, -0.000000000000000000, -1.000000000000000000 ) ) ;
#5270 = EDGE_CURVE ( 'NONE', #833, #2041, #4604, .T. ) ;
#5271 = ORIENTED_EDGE ( 'NONE', *, *, #1828, .F. ) ;
#5272 = ORIENTED_EDGE ( 'NONE', *, *, #1523, .T. ) ;
#5273 = EDGE_CURVE ( 'NONE', #3283, #5299, #2864, .T. ) ;
#5274 = EDGE_LOOP ( 'NONE', ( #660, #3256 ) ) ;
#5275 = DIRECTION ( 'NONE',  ( 1.000000000000000000, 0.000000000000000000, 0.000000000000000000 ) ) ;
#5276 = CARTESIAN_POINT ( 'NONE',  ( -6.242050000000084253, 15.12296861358571576, 4.762500000000001066 ) ) ;
#5277 = ORIENTED_EDGE ( 'NONE', *, *, #2072, .T. ) ;
#5278 = CYLINDRICAL_SURFACE ( 'NONE', #2947, 2.489199999999996749 ) ;
#5279 = EDGE_LOOP ( 'NONE', ( #1821, #4150 ) ) ;
#5280 = EDGE_CURVE ( 'NONE', #351, #463, #2515, .T. ) ;
#5281 = VERTEX_POINT ( 'NONE', #3393 ) ;
#5282 = FACE_OUTER_BOUND ( 'NONE', #343, .T. ) ;
#5283 = DIRECTION ( 'NONE',  ( -0.000000000000000000, -0.000000000000000000, -1.000000000000000000 ) ) ;
#5284 = DIRECTION ( 'NONE',  ( 1.000000000000000000, 0.000000000000000000, 0.000000000000000000 ) ) ;
#5285 = AXIS2_PLACEMENT_3D ( 'NONE', #5309, #4828, #127 ) ;
#5286 = EDGE_CURVE ( 'NONE', #914, #5078, #3829, .T. ) ;
#5287 = EDGE_CURVE ( 'NONE', #5304, #3234, #1407, .T. ) ;
#5288 = ORIENTED_EDGE ( 'NONE', *, *, #4872, .T. ) ;
#5289 = DIRECTION ( 'NONE',  ( -0.000000000000000000, -0.000000000000000000, 1.000000000000000000 ) ) ;
#5290 = FACE_OUTER_BOUND ( 'NONE', #2929, .T. ) ;
#5291 = VERTEX_POINT ( 'NONE', #949 ) ;
#5292 = DIRECTION ( 'NONE',  ( -0.000000000000000000, -0.000000000000000000, 1.000000000000000000 ) ) ;
#5293 = DIRECTION ( 'NONE',  ( -1.000000000000000000, 0.000000000000000000, 0.000000000000000000 ) ) ;
#5294 = EDGE_LOOP ( 'NONE', ( #1867, #1220, #4362, #3735 ) ) ;
#5295 = CIRCLE ( 'NONE', #385, 2.489199999999999413 ) ;
#5296 = CARTESIAN_POINT ( 'NONE',  ( -21.53919999999997970, -50.80000000000000426, 4.762500000000001066 ) ) ;
#5297 = DIRECTION ( 'NONE',  ( 1.000000000000000000, 0.000000000000000000, 0.000000000000000000 ) ) ;
#5298 = VERTEX_POINT ( 'NONE', #921 ) ;
#5299 = VERTEX_POINT ( 'NONE', #3108 ) ;
#5300 = ORIENTED_EDGE ( 'NONE', *, *, #855, .F. ) ;
#5301 = CARTESIAN_POINT ( 'NONE',  ( -12.69999999999999751, -63.50000000000000000, 4.762500000000001066 ) ) ;
#5302 = CARTESIAN_POINT ( 'NONE',  ( -19.04999999999999716, -38.10000000000000142, -8.673617379884035472E-16 ) ) ;
#5303 = VECTOR ( 'NONE', #1075, 1000.000000000000000 ) ;
#5304 = VERTEX_POINT ( 'NONE', #4395 ) ;
#5305 = CARTESIAN_POINT ( 'NONE',  ( 15.47131224213828204, -17.96051224213833564, -1.250462353673376935E-15 ) ) ;
#5306 = EDGE_LOOP ( 'NONE', ( #4914, #1632 ) ) ;
#5307 = ADVANCED_FACE ( 'NONE', ( #1347 ), #1402, .F. ) ;
#5308 = ORIENTED_EDGE ( 'NONE', *, *, #3706, .T. ) ;
#5309 = CARTESIAN_POINT ( 'NONE',  ( -21.99704525612490258, -12.69999999999971685, -1.250462353673376935E-15 ) ) ;
#5310 = CARTESIAN_POINT ( 'NONE',  ( 50.62322330470330201, -50.62322330470340859, 4.762500000000000178 ) ) ;
#5311 = FACE_BOUND ( 'NONE', #2357, .T. ) ;
#5312 = ORIENTED_EDGE ( 'NONE', *, *, #2354, .T. ) ;
#5313 = DIRECTION ( 'NONE',  ( -1.000000000000000000, 0.000000000000000000, 0.000000000000000000 ) ) ;
#5314 = CARTESIAN_POINT ( 'NONE',  ( 10.21079999999980004, -21.99704525612485639, 0.000000000000000000 ) ) ;
#5315 = ORIENTED_EDGE ( 'NONE', *, *, #2356, .T. ) ;
#5316 = CARTESIAN_POINT ( 'NONE',  ( 8.731250000000072120, -15.12296861358571576, -2.602085213965210642E-15 ) ) ;
#5317 = DIRECTION ( 'NONE',  ( -0.000000000000000000, -0.000000000000000000, -1.000000000000000000 ) ) ;
#5318 = EDGE_CURVE ( 'NONE', #1284, #3504, #3478, .T. ) ;
#5319 = AXIS2_PLACEMENT_3D ( 'NONE', #2438, #1557, #4530 ) ;
#5320 = LINE ( 'NONE', #3663, #3519 ) ;
#5321 = FACE_OUTER_BOUND ( 'NONE', #3638, .T. ) ;
#5322 = ORIENTED_EDGE ( 'NONE', *, *, #957, .T. ) ;
#5323 = AXIS2_PLACEMENT_3D ( 'NONE', #310, #335, #1216 ) ;
#5324 = ORIENTED_EDGE ( 'NONE', *, *, #3086, .F. ) ;
#5325 = EDGE_LOOP ( 'NONE', ( #4417, #2857, #2786, #431 ) ) ;
#5326 = CARTESIAN_POINT ( 'NONE',  ( 13.85640646055102110, -7.999999999999996447, 0.000000000000000000 ) ) ;
#5327 = CARTESIAN_POINT ( 'NONE',  ( 11.22045000000005821, -15.12296861358571576, -2.602085213965210642E-15 ) ) ;
#5328 = AXIS2_PLACEMENT_3D ( 'NONE', #1740, #3539, #5284 ) ;
#5329 = DIRECTION ( 'NONE',  ( -1.000000000000000000, 0.000000000000000000, 0.000000000000000000 ) ) ;
#5330 = DIRECTION ( 'NONE',  ( -0.000000000000000000, -0.000000000000000000, 1.000000000000000000 ) ) ;
#5331 = VECTOR ( 'NONE', #504, 1000.000000000000000 ) ;
#5332 = ORIENTED_EDGE ( 'NONE', *, *, #2082, .F. ) ;
#5333 = AXIS2_PLACEMENT_3D ( 'NONE', #3412, #5062, #3330 ) ;
#5334 = ORIENTED_EDGE ( 'NONE', *, *, #717, .F. ) ;
#5335 = DIRECTION ( 'NONE',  ( 1.000000000000000000, 0.000000000000000000, 0.000000000000000000 ) ) ;
#5336 = DIRECTION ( 'NONE',  ( -1.000000000000000000, 0.000000000000000000, 0.000000000000000000 ) ) ;
#5337 = CARTESIAN_POINT ( 'NONE',  ( 21.53919999999999746, -63.50000000000000000, -8.673617379884035472E-16 ) ) ;
#5338 =( LENGTH_UNIT ( ) NAMED_UNIT ( * ) SI_UNIT ( .MILLI., .METRE. ) );
#5339 = EDGE_CURVE ( 'NONE', #108, #2219, #4457, .T. ) ;
#5340 = CIRCLE ( 'NONE', #3154, 2.489199999999998525 ) ;
#5341 = ORIENTED_EDGE ( 'NONE', *, *, #1901, .T. ) ;
#5342 = CARTESIAN_POINT ( 'NONE',  ( 4.999999999999969802, 12.55736835487438086, 0.000000000000000000 ) ) ;
#5343 = LINE ( 'NONE', #565, #5192 ) ;
#5344 = ORIENTED_EDGE ( 'NONE', *, *, #977, .T. ) ;
#5345 = FACE_OUTER_BOUND ( 'NONE', #5250, .T. ) ;
#5346 = AXIS2_PLACEMENT_3D ( 'NONE', #3926, #1780, #25 ) ;
#5347 = DIRECTION ( 'NONE',  ( 0.000000000000000000, 0.000000000000000000, -1.000000000000000000 ) ) ;
#5348 = VECTOR ( 'NONE', #1215, 1000.000000000000000 ) ;
#5349 = ADVANCED_FACE ( 'NONE', ( #3028 ), #3957, .T. ) ;
#5350 = AXIS2_PLACEMENT_3D ( 'NONE', #5609, #4320, #400 ) ;
#5351 = LINE ( 'NONE', #4957, #4631 ) ;
#5352 = CARTESIAN_POINT ( 'NONE',  ( 12.70000000000000284, -50.79999999999999716, 4.762500000000000178 ) ) ;
#5354 = ORIENTED_EDGE ( 'NONE', *, *, #2362, .F. ) ;
#5353 = CIRCLE ( 'NONE', #447, 2.489199999999999413 ) ;
#5355 = ORIENTED_EDGE ( 'NONE', *, *, #3784, .F. ) ;
#5356 = CIRCLE ( 'NONE', #2614, 2.489199999999999413 ) ;
#5357 = VERTEX_POINT ( 'NONE', #4774 ) ;
#5358 = CYLINDRICAL_SURFACE ( 'NONE', #3878, 2.489199999999993640 ) ;
#5359 = PLANE ( 'NONE',  #5573 ) ;
#5360 = CARTESIAN_POINT ( 'NONE',  ( 25.39999999999999858, -38.09999999999999432, 4.762500000000001066 ) ) ;
#5361 = LINE ( 'NONE', #2301, #3678 ) ;
#5362 = AXIS2_PLACEMENT_3D ( 'NONE', #5639, #3011, #4273 ) ;
#5363 = VERTEX_POINT ( 'NONE', #2286 ) ;
#5364 = VERTEX_POINT ( 'NONE', #502 ) ;
#5365 = DIRECTION ( 'NONE',  ( 1.000000000000000000, 0.000000000000000000, 0.000000000000000000 ) ) ;
#5366 = DIRECTION ( 'NONE',  ( 1.000000000000000000, 0.000000000000000000, 0.000000000000000000 ) ) ;
#5367 = DIRECTION ( 'NONE',  ( 1.000000000000000000, 0.000000000000000000, 0.000000000000000000 ) ) ;
#5368 = DIRECTION ( 'NONE',  ( 0.000000000000000000, 0.000000000000000000, -1.000000000000000000 ) ) ;
#5369 = SURFACE_STYLE_USAGE ( .BOTH. , #4950 ) ;
#5370 = VERTEX_POINT ( 'NONE', #3568 ) ;
#5371 = CYLINDRICAL_SURFACE ( 'NONE', #1686, 2.489199999999993640 ) ;
#5372 = DIRECTION ( 'NONE',  ( -1.000000000000000000, 0.000000000000000000, 0.000000000000000000 ) ) ;
#5373 = VERTEX_POINT ( 'NONE', #3084 ) ;
#5374 = DIRECTION ( 'NONE',  ( -0.000000000000000000, -0.000000000000000000, -1.000000000000000000 ) ) ;
#5375 = DIRECTION ( 'NONE',  ( -1.000000000000000000, 0.000000000000000000, 0.000000000000000000 ) ) ;
#5376 = VECTOR ( 'NONE', #2913, 1000.000000000000000 ) ;
#5377 = DIRECTION ( 'NONE',  ( -0.000000000000000000, -0.000000000000000000, -1.000000000000000000 ) ) ;
#5378 = DIRECTION ( 'NONE',  ( -0.000000000000000000, -0.000000000000000000, 1.000000000000000000 ) ) ;
#5379 = VERTEX_POINT ( 'NONE', #862 ) ;
#5380 = EDGE_LOOP ( 'NONE', ( #2155, #1291, #3941, #2423 ) ) ;
#5381 = EDGE_LOOP ( 'NONE', ( #2666, #742 ) ) ;
#5382 = DIRECTION ( 'NONE',  ( -1.000000000000000000, 0.000000000000000000, 0.000000000000000000 ) ) ;
#5383 = DIRECTION ( 'NONE',  ( -0.000000000000000000, -0.000000000000000000, -1.000000000000000000 ) ) ;
#5384 = CYLINDRICAL_SURFACE ( 'NONE', #2242, 2.489199999999996749 ) ;
#5385 = EDGE_CURVE ( 'NONE', #1552, #2234, #4831, .T. ) ;
#5386 = ORIENTED_EDGE ( 'NONE', *, *, #2863, .F. ) ;
#5387 = EDGE_CURVE ( 'NONE', #746, #2243, #1150, .T. ) ;
#5388 = ORIENTED_EDGE ( 'NONE', *, *, #2207, .F. ) ;
#5389 = DIRECTION ( 'NONE',  ( -1.000000000000000000, 0.000000000000000000, 0.000000000000000000 ) ) ;
#5390 = ADVANCED_FACE ( 'NONE', ( #3970 ), #1799, .F. ) ;
#5391 = UNCERTAINTY_MEASURE_WITH_UNIT (LENGTH_MEASURE( 1.000000000000000082E-05 ), #2963, 'distance_accuracy_value', 'NONE');
#5392 = DIRECTION ( 'NONE',  ( -0.000000000000000000, -0.000000000000000000, 1.000000000000000000 ) ) ;
#5393 = CARTESIAN_POINT ( 'NONE',  ( 24.15735931288068983, -76.19999999999997442, 4.512500000000000178 ) ) ;
#5394 = PLANE ( 'NONE',  #145 ) ;
#5395 = EDGE_LOOP ( 'NONE', ( #445, #5593 ) ) ;
#5396 = CIRCLE ( 'NONE', #3010, 2.999999999999999112 ) ;
#5397 = ADVANCED_FACE ( 'NONE', ( #4858, #3136, #5311, #561, #17, #1318, #2713, #2680, #533, #3055, #2258, #4365, #4890, #4803, #894, #979, #3998, #102, #477, #2198, #1826, #1766, #3509, #5257, #3220, #2338, #5456, #1100, #4919, #1011, #1130, #2741, #2798, #675, #1521, #4179, #644, #2855, #3195, #4578, #4973, #1549, #4603, #1067, #3278, #1972, #701, #4487, #2430, #278, #3683, #4551, #4515, #2828, #2395 ), #5394, .T. ) ;
#5398 = ORIENTED_EDGE ( 'NONE', *, *, #5075, .T. ) ;
#5399 = VERTEX_POINT ( 'NONE', #1941 ) ;
#5400 = CARTESIAN_POINT ( 'NONE',  ( 3.860800000000014887, -50.79999999999999716, 4.762500000000001066 ) ) ;
#5401 = CARTESIAN_POINT ( 'NONE',  ( -12.15640646055102536, 7.999999999999989342, 4.762500000000001066 ) ) ;
#5402 = ORIENTED_EDGE ( 'NONE', *, *, #4621, .T. ) ;
#5403 = DIRECTION ( 'NONE',  ( 6.427877632151209458E-17, 1.000000000000000000, 0.000000000000000000 ) ) ;
#5404 = CARTESIAN_POINT ( 'NONE',  ( 21.99704525612463968, -12.70000000000018048, -1.250462353673376935E-15 ) ) ;
#5405 = EDGE_CURVE ( 'NONE', #4472, #4840, #3313, .T. ) ;
#5406 = CARTESIAN_POINT ( 'NONE',  ( -22.91080000000000894, -50.80000000000000426, 4.762500000000001066 ) ) ;
#5407 = CARTESIAN_POINT ( 'NONE',  ( -20.44971224213832528, -17.96051224213827169, 0.000000000000000000 ) ) ;
#5408 = ORIENTED_EDGE ( 'NONE', *, *, #4060, .F. ) ;
#5409 = VERTEX_POINT ( 'NONE', #4145 ) ;
#5410 = AXIS2_PLACEMENT_3D ( 'NONE', #3023, #2249, #1288 ) ;
#5411 = ORIENTED_EDGE ( 'NONE', *, *, #5465, .T. ) ;
#5412 = CYLINDRICAL_SURFACE ( 'NONE', #3328, 2.489199999999993640 ) ;
#5413 = DIRECTION ( 'NONE',  ( -0.000000000000000000, -0.000000000000000000, -1.000000000000000000 ) ) ;
#5414 = DIRECTION ( 'NONE',  ( 1.000000000000000000, 0.000000000000000000, 0.000000000000000000 ) ) ;
#5415 = CIRCLE ( 'NONE', #3585, 2.489199999999988311 ) ;
#5416 = ORIENTED_EDGE ( 'NONE', *, *, #393, .F. ) ;
#5417 = EDGE_CURVE ( 'NONE', #5291, #463, #4611, .T. ) ;
#5418 = CIRCLE ( 'NONE', #3406, 2.489200000000000301 ) ;
#5419 = VERTEX_POINT ( 'NONE', #5337 ) ;
#5420 = DIRECTION ( 'NONE',  ( -0.000000000000000000, -0.000000000000000000, -1.000000000000000000 ) ) ;
#5421 = STYLED_ITEM ( 'NONE', ( #409 ), #3312 ) ;
#5422 = CARTESIAN_POINT ( 'NONE',  ( 24.15735931288068983, -76.19999999999997442, 0.2500000000000002220 ) ) ;
#5423 = DIRECTION ( 'NONE',  ( -1.000000000000000000, 0.000000000000000000, 0.000000000000000000 ) ) ;
#5424 = DIRECTION ( 'NONE',  ( -1.000000000000000000, 0.000000000000000000, 0.000000000000000000 ) ) ;
#5425 = AXIS2_PLACEMENT_3D ( 'NONE', #3755, #4881, #556 ) ;
#5426 = ORIENTED_EDGE ( 'NONE', *, *, #4377, .F. ) ;
#5427 =( GEOMETRIC_REPRESENTATION_CONTEXT ( 3 ) GLOBAL_UNCERTAINTY_ASSIGNED_CONTEXT ( ( #5391 ) ) GLOBAL_UNIT_ASSIGNED_CONTEXT ( ( #2963, #2132, #2506 ) ) REPRESENTATION_CONTEXT ( 'NONE', 'WORKASPACE' ) );
#5428 = ORIENTED_EDGE ( 'NONE', *, *, #1419, .T. ) ;
#5429 = AXIS2_PLACEMENT_3D ( 'NONE', #4848, #3557, #92 ) ;
#5430 = ORIENTED_EDGE ( 'NONE', *, *, #4325, .T. ) ;
#5431 = DIRECTION ( 'NONE',  ( 0.000000000000000000, 0.000000000000000000, 1.000000000000000000 ) ) ;
#5432 = ORIENTED_EDGE ( 'NONE', *, *, #1371, .F. ) ;
#5433 = LINE ( 'NONE', #3260, #2336 ) ;
#5434 = CIRCLE ( 'NONE', #1517, 2.489200000000000301 ) ;
#5435 = DIRECTION ( 'NONE',  ( 1.000000000000000000, 0.000000000000000000, 0.000000000000000000 ) ) ;
#5436 = CYLINDRICAL_SURFACE ( 'NONE', #4628, 2.489199999999993640 ) ;
#5437 = CARTESIAN_POINT ( 'NONE',  ( 15.18919999999978643, -21.99704525612485639, 0.000000000000000000 ) ) ;
#5438 = EDGE_CURVE ( 'NONE', #5458, #2715, #1434, .T. ) ;
#5439 = ORIENTED_EDGE ( 'NONE', *, *, #1436, .F. ) ;
#5440 = AXIS2_PLACEMENT_3D ( 'NONE', #3759, #377, #2906 ) ;
#5441 = ADVANCED_FACE ( 'NONE', ( #2368 ), #1489, .F. ) ;
#5442 = ORIENTED_EDGE ( 'NONE', *, *, #2060, .T. ) ;
#5443 = CONICAL_SURFACE ( 'NONE', #2793, 2.750000000000002665, 0.7853981633974430610 ) ;
#5444 = CIRCLE ( 'NONE', #1171, 2.489199999999986535 ) ;
#5445 = ORIENTED_EDGE ( 'NONE', *, *, #4470, .F. ) ;
#5446 = FACE_OUTER_BOUND ( 'NONE', #1625, .T. ) ;
#5447 = CARTESIAN_POINT ( 'NONE',  ( -13.85640646055101577, -8.000000000000007105, 4.762500000000001066 ) ) ;
#5448 = CARTESIAN_POINT ( 'NONE',  ( 6.350000000000003197, -50.79999999999999716, -8.673617379884035472E-16 ) ) ;
#5449 = AXIS2_PLACEMENT_3D ( 'NONE', #5120, #3822, #326 ) ;
#5450 = ORIENTED_EDGE ( 'NONE', *, *, #3149, .F. ) ;
#5451 = ORIENTED_EDGE ( 'NONE', *, *, #5438, .T. ) ;
#5452 = CARTESIAN_POINT ( 'NONE',  ( 21.99704525612463968, -12.70000000000018048, 4.762500000000000178 ) ) ;
#5453 = AXIS2_PLACEMENT_3D ( 'NONE', #5163, #1701, #374 ) ;
#5454 = CARTESIAN_POINT ( 'NONE',  ( 1.555301434917138433E-15, -63.50000000000000000, 4.762500000000000178 ) ) ;
#5455 = CYLINDRICAL_SURFACE ( 'NONE', #1444, 2.489199999999993640 ) ;
#5456 = FACE_BOUND ( 'NONE', #78, .T. ) ;
#5457 = ADVANCED_FACE ( 'NONE', ( #4117 ), #2958, .T. ) ;
#5458 = VERTEX_POINT ( 'NONE', #1037 ) ;
#5459 = ORIENTED_EDGE ( 'NONE', *, *, #3034, .T. ) ;
#5460 = DIRECTION ( 'NONE',  ( -1.000000000000000000, 0.000000000000000000, 0.000000000000000000 ) ) ;
#5461 = AXIS2_PLACEMENT_3D ( 'NONE', #953, #4491, #4032 ) ;
#5462 = EDGE_LOOP ( 'NONE', ( #4572, #3876, #1889, #945 ) ) ;
#5463 = DIRECTION ( 'NONE',  ( 1.000000000000000000, 0.000000000000000000, 0.000000000000000000 ) ) ;
#5464 = DIRECTION ( 'NONE',  ( -0.000000000000000000, -0.000000000000000000, 1.000000000000000000 ) ) ;
#5465 = EDGE_CURVE ( 'NONE', #4904, #5561, #3690, .T. ) ;
#5466 = ADVANCED_FACE ( 'NONE', ( #4088 ), #189, .F. ) ;
#5467 = EDGE_CURVE ( 'NONE', #1284, #131, #4048, .T. ) ;
#5468 = CARTESIAN_POINT ( 'NONE',  ( 15.18920000000000314, -50.79999999999999716, -8.673617379884035472E-16 ) ) ;
#5469 = CYLINDRICAL_SURFACE ( 'NONE', #938, 2.489199999999993640 ) ;
#5470 = ORIENTED_EDGE ( 'NONE', *, *, #4980, .F. ) ;
#5471 = DIRECTION ( 'NONE',  ( 1.000000000000000000, 0.000000000000000000, 0.000000000000000000 ) ) ;
#5472 = VERTEX_POINT ( 'NONE', #1156 ) ;
#5473 = DIRECTION ( 'NONE',  ( -1.000000000000000000, 0.000000000000000000, 0.000000000000000000 ) ) ;
#5474 = DIRECTION ( 'NONE',  ( -1.000000000000000000, 0.000000000000000000, 0.000000000000000000 ) ) ;
#5475 = DIRECTION ( 'NONE',  ( -0.000000000000000000, -0.000000000000000000, -1.000000000000000000 ) ) ;
#5476 = ORIENTED_EDGE ( 'NONE', *, *, #2524, .T. ) ;
#5477 = VECTOR ( 'NONE', #840, 1000.000000000000000 ) ;
#5478 = ORIENTED_EDGE ( 'NONE', *, *, #1808, .T. ) ;
#5479 = DIRECTION ( 'NONE',  ( -1.000000000000000000, 0.000000000000000000, 0.000000000000000000 ) ) ;
#5480 = DIRECTION ( 'NONE',  ( 1.000000000000000000, 0.000000000000000000, 0.000000000000000000 ) ) ;
#5481 = LINE ( 'NONE', #1232, #1710 ) ;
#5482 = DIRECTION ( 'NONE',  ( -0.000000000000000000, -0.000000000000000000, -1.000000000000000000 ) ) ;
#5483 = EDGE_CURVE ( 'NONE', #1307, #3737, #2457, .T. ) ;
#5484 = ADVANCED_FACE ( 'NONE', ( #4639 ), #3742, .T. ) ;
#5485 = ORIENTED_EDGE ( 'NONE', *, *, #1679, .T. ) ;
#5486 = EDGE_LOOP ( 'NONE', ( #4737, #3569, #2008, #2734 ) ) ;
#5487 = FACE_OUTER_BOUND ( 'NONE', #3572, .T. ) ;
#5488 = VERTEX_POINT ( 'NONE', #4004 ) ;
#5489 = DIRECTION ( 'NONE',  ( -0.000000000000000000, -0.000000000000000000, -1.000000000000000000 ) ) ;
#5490 = DIRECTION ( 'NONE',  ( 1.000000000000000000, 0.000000000000000000, 0.000000000000000000 ) ) ;
#5491 = FACE_OUTER_BOUND ( 'NONE', #354, .T. ) ;
#5492 = CARTESIAN_POINT ( 'NONE',  ( -15.18919999999999604, -63.50000000000000000, -8.673617379884035472E-16 ) ) ;
#5493 = VERTEX_POINT ( 'NONE', #567 ) ;
#5494 = EDGE_CURVE ( 'NONE', #220, #2483, #2631, .T. ) ;
#5495 = FACE_OUTER_BOUND ( 'NONE', #4747, .T. ) ;
#5496 = EDGE_LOOP ( 'NONE', ( #2271, #5315, #97, #3907 ) ) ;
#5497 = CARTESIAN_POINT ( 'NONE',  ( 1.699999999999987965, -16.00000000000000000, -1.347111479062085841E-15 ) ) ;
#5498 = CARTESIAN_POINT ( 'NONE',  ( 8.731250000000072120, -15.12296861358571576, 4.762500000000000178 ) ) ;
#5499 = CARTESIAN_POINT ( 'NONE',  ( 9.499999999999966249, 12.55736835487438086, 4.762500000000001066 ) ) ;
#5500 = ORIENTED_EDGE ( 'NONE', *, *, #4868, .F. ) ;
#5501 = ORIENTED_EDGE ( 'NONE', *, *, #2356, .F. ) ;
#5502 = DIRECTION ( 'NONE',  ( 0.000000000000000000, 0.000000000000000000, 1.000000000000000000 ) ) ;
#5503 = AXIS2_PLACEMENT_3D ( 'NONE', #568, #541, #4401 ) ;
#5504 = CARTESIAN_POINT ( 'NONE',  ( 12.15640646055101826, 8.000000000000005329, 4.762500000000001066 ) ) ;
#5505 = UNCERTAINTY_MEASURE_WITH_UNIT (LENGTH_MEASURE( 1.000000000000000082E-05 ), #5338, 'distance_accuracy_value', 'NONE');
#5506 = DIRECTION ( 'NONE',  ( 0.7071067811865455743, -0.7071067811865493491, -0.000000000000000000 ) ) ;
#5507 = CARTESIAN_POINT ( 'NONE',  ( 24.48624525612481762, 12.69999999999987139, 4.762500000000000178 ) ) ;
#5508 = AXIS2_PLACEMENT_3D ( 'NONE', #2884, #5066, #926 ) ;
#5509 = ORIENTED_EDGE ( 'NONE', *, *, #2909, .T. ) ;
#5510 = AXIS2_PLACEMENT_3D ( 'NONE', #1273, #3480, #5601 ) ;
#5511 = EDGE_CURVE ( 'NONE', #1773, #1735, #2411, .T. ) ;
#5512 = ORIENTED_EDGE ( 'NONE', *, *, #1523, .F. ) ;
#5513 = LINE ( 'NONE', #732, #3823 ) ;
#5515 = ORIENTED_EDGE ( 'NONE', *, *, #1622, .F. ) ;
#5514 = AXIS2_PLACEMENT_3D ( 'NONE', #1002, #1817, #5471 ) ;
#5516 = DIRECTION ( 'NONE',  ( -0.000000000000000000, -0.000000000000000000, -1.000000000000000000 ) ) ;
#5517 = DIRECTION ( 'NONE',  ( -0.000000000000000000, -0.000000000000000000, 1.000000000000000000 ) ) ;
#5518 = CIRCLE ( 'NONE', #4520, 2.489200000000000301 ) ;
#5519 = EDGE_CURVE ( 'NONE', #1608, #1942, #5599, .T. ) ;
#5520 = VECTOR ( 'NONE', #3622, 1000.000000000000000 ) ;
#5521 = DIRECTION ( 'NONE',  ( -1.000000000000000000, 0.000000000000000000, 0.000000000000000000 ) ) ;
#5522 = DIRECTION ( 'NONE',  ( -0.000000000000000000, -0.000000000000000000, -1.000000000000000000 ) ) ;
#5523 = EDGE_LOOP ( 'NONE', ( #2290, #3760 ) ) ;
#5524 = AXIS2_PLACEMENT_3D ( 'NONE', #2358, #1055, #2787 ) ;
#5525 = DIRECTION ( 'NONE',  ( -0.000000000000000000, -0.000000000000000000, 1.000000000000000000 ) ) ;
#5526 = EDGE_CURVE ( 'NONE', #850, #1014, #955, .T. ) ;
#5527 = ORIENTED_EDGE ( 'NONE', *, *, #4633, .T. ) ;
#5528 = FACE_OUTER_BOUND ( 'NONE', #289, .T. ) ;
#5529 = DIRECTION ( 'NONE',  ( -0.000000000000000000, -0.000000000000000000, -1.000000000000000000 ) ) ;
#5530 = AXIS2_PLACEMENT_3D ( 'NONE', #2474, #3325, #349 ) ;
#5531 = PLANE ( 'NONE',  #1975 ) ;
#5532 = EDGE_CURVE ( 'NONE', #5560, #2502, #2314, .T. ) ;
#5533 = CIRCLE ( 'NONE', #3334, 2.489199999999988311 ) ;
#5534 = EDGE_LOOP ( 'NONE', ( #1569, #340 ) ) ;
#5535 = EDGE_CURVE ( 'NONE', #202, #220, #1412, .T. ) ;
#5536 = AXIS2_PLACEMENT_3D ( 'NONE', #2377, #256, #3286 ) ;
#5537 = ORIENTED_EDGE ( 'NONE', *, *, #1001, .T. ) ;
#5538 = AXIS2_PLACEMENT_3D ( 'NONE', #2152, #3863, #53 ) ;
#5539 = LINE ( 'NONE', #4305, #1515 ) ;
#5540 = CYLINDRICAL_SURFACE ( 'NONE', #1914, 1.699999999999993072 ) ;
#5541 = AXIS2_PLACEMENT_3D ( 'NONE', #3337, #1633, #4260 ) ;
#5542 = AXIS2_PLACEMENT_3D ( 'NONE', #1681, #5565, #2428 ) ;
#5543 = DIRECTION ( 'NONE',  ( 1.000000000000000000, 1.092739197465705534E-16, 0.000000000000000000 ) ) ;
#5544 = EDGE_LOOP ( 'NONE', ( #3936, #4847 ) ) ;
#5545 = ORIENTED_EDGE ( 'NONE', *, *, #5014, .F. ) ;
#5546 = VECTOR ( 'NONE', #489, 1000.000000000000000 ) ;
#5547 = DIRECTION ( 'NONE',  ( -0.4999999999999866218, 0.5000000000000159872, -0.7071067811865456854 ) ) ;
#5548 = DIRECTION ( 'NONE',  ( -0.000000000000000000, -0.000000000000000000, 1.000000000000000000 ) ) ;
#5549 = DIRECTION ( 'NONE',  ( -3.213938816075603989E-16, 1.000000000000000000, 0.000000000000000000 ) ) ;
#5550 = DIRECTION ( 'NONE',  ( -0.000000000000000000, -0.000000000000000000, 1.000000000000000000 ) ) ;
#5551 = DIRECTION ( 'NONE',  ( -0.000000000000000000, -0.000000000000000000, 1.000000000000000000 ) ) ;
#5552 = VERTEX_POINT ( 'NONE', #483 ) ;
#5553 = FACE_BOUND ( 'NONE', #3031, .T. ) ;
#5554 = EDGE_LOOP ( 'NONE', ( #425, #3944, #4932, #4252 ) ) ;
#5555 = CARTESIAN_POINT ( 'NONE',  ( 28.74999999999999645, 24.15735931288070404, 0.000000000000000000 ) ) ;
#5556 = CARTESIAN_POINT ( 'NONE',  ( 12.69999999999999751, -38.09999999999999432, 4.762500000000001066 ) ) ;
#5557 = VERTEX_POINT ( 'NONE', #5236 ) ;
#5558 = LINE ( 'NONE', #3817, #4994 ) ;
#5559 = AXIS2_PLACEMENT_3D ( 'NONE', #4800, #1268, #2513 ) ;
#5560 = VERTEX_POINT ( 'NONE', #1380 ) ;
#5561 = VERTEX_POINT ( 'NONE', #3144 ) ;
#5562 = DIRECTION ( 'NONE',  ( -0.000000000000000000, -0.000000000000000000, 1.000000000000000000 ) ) ;
#5563 = FACE_OUTER_BOUND ( 'NONE', #5462, .T. ) ;
#5564 = ADVANCED_FACE ( 'NONE', ( #2658 ), #4967, .T. ) ;
#5565 = DIRECTION ( 'NONE',  ( -0.000000000000000000, -0.000000000000000000, 1.000000000000000000 ) ) ;
#5566 = EDGE_CURVE ( 'NONE', #849, #1782, #3137, .T. ) ;
#5567 = EDGE_CURVE ( 'NONE', #1, #3588, #5211, .T. ) ;
#5568 = VERTEX_POINT ( 'NONE', #83 ) ;
#5569 = DIRECTION ( 'NONE',  ( -0.000000000000000000, -0.000000000000000000, -1.000000000000000000 ) ) ;
#5570 = DIRECTION ( 'NONE',  ( 1.000000000000000000, 0.000000000000000000, 0.000000000000000000 ) ) ;
#5571 = DIRECTION ( 'NONE',  ( -7.726832965963515380E-17, 0.7071067811865524577, -0.7071067811865425767 ) ) ;
#5572 = CARTESIAN_POINT ( 'NONE',  ( 11.56670000000000442, -2.067353648991859583, -8.673617379884035472E-16 ) ) ;
#5573 = AXIS2_PLACEMENT_3D ( 'NONE', #4445, #604, #5227 ) ;
#5574 = ADVANCED_FACE ( 'NONE', ( #4347 ), #457, .T. ) ;
#5575 = VECTOR ( 'NONE', #2434, 1000.000000000000000 ) ;
#5576 = DIRECTION ( 'NONE',  ( -0.000000000000000000, -0.000000000000000000, -1.000000000000000000 ) ) ;
#5577 = DIRECTION ( 'NONE',  ( -0.000000000000000000, -0.000000000000000000, -1.000000000000000000 ) ) ;
#5578 = ORIENTED_EDGE ( 'NONE', *, *, #2953, .F. ) ;
#5579 = DIRECTION ( 'NONE',  ( -0.000000000000000000, -0.000000000000000000, 1.000000000000000000 ) ) ;
#5580 = CARTESIAN_POINT ( 'NONE',  ( 13.85640646055101755, 8.000000000000005329, 0.000000000000000000 ) ) ;
#5581 = CARTESIAN_POINT ( 'NONE',  ( -6.242050000000086030, 15.12296861358571576, -2.602085213965210642E-15 ) ) ;
#5582 = VERTEX_POINT ( 'NONE', #3921 ) ;
#5583 = DIRECTION ( 'NONE',  ( 1.000000000000000000, 1.092739197465705534E-16, 0.000000000000000000 ) ) ;
#5584 = ORIENTED_EDGE ( 'NONE', *, *, #855, .T. ) ;
#5585 = ORIENTED_EDGE ( 'NONE', *, *, #664, .T. ) ;
#5586 = DIRECTION ( 'NONE',  ( -0.000000000000000000, -0.000000000000000000, 1.000000000000000000 ) ) ;
#5587 = SURFACE_STYLE_FILL_AREA ( #4228 ) ;
#5588 = DIRECTION ( 'NONE',  ( -0.000000000000000000, -0.000000000000000000, -1.000000000000000000 ) ) ;
#5589 = EDGE_CURVE ( 'NONE', #5281, #4820, #4432, .T. ) ;
#5590 = EDGE_LOOP ( 'NONE', ( #3963, #5198, #4609, #2269 ) ) ;
#5591 = EDGE_CURVE ( 'NONE', #1490, #1552, #5418, .T. ) ;
#5592 = CIRCLE ( 'NONE', #4965, 2.489199999999986535 ) ;
#5593 = ORIENTED_EDGE ( 'NONE', *, *, #1656, .F. ) ;
#5594 = CARTESIAN_POINT ( 'NONE',  ( 30.87132034355967036, -70.72867965644029198, 0.2500000000000036637 ) ) ;
#5595 = DIRECTION ( 'NONE',  ( -0.000000000000000000, -0.000000000000000000, 1.000000000000000000 ) ) ;
#5596 = CARTESIAN_POINT ( 'NONE',  ( -8.839199999999991064, -63.50000000000000000, 4.762500000000000178 ) ) ;
#5597 = CIRCLE ( 'NONE', #3132, 2.249999999999998668 ) ;
#5598 = DIRECTION ( 'NONE',  ( 7.726832965963515380E-17, -0.7071067811865524577, -0.7071067811865425767 ) ) ;
#5599 = CIRCLE ( 'NONE', #1319, 2.489199999999998525 ) ;
#5600 = COLOUR_RGB ( '',0.7921568627450980005, 0.8196078431372548767, 0.9333333333333333481 ) ;
#5601 = DIRECTION ( 'NONE',  ( -1.000000000000000000, 0.000000000000000000, 0.000000000000000000 ) ) ;
#5602 = CARTESIAN_POINT ( 'NONE',  ( 22.91080000000000183, -50.79999999999999716, -8.673617379884035472E-16 ) ) ;
#5603 = EDGE_LOOP ( 'NONE', ( #2764, #5402, #4793, #1395 ) ) ;
#5604 = CIRCLE ( 'NONE', #1767, 2.489199999999988311 ) ;
#5605 = FACE_BOUND ( 'NONE', #925, .T. ) ;
#5606 = AXIS2_PLACEMENT_3D ( 'NONE', #5301, #4876, #6 ) ;
#5607 = ADVANCED_FACE ( 'NONE', ( #1724 ), #4779, .F. ) ;
#5608 = VECTOR ( 'NONE', #2244, 1000.000000000000114 ) ;
#5609 = CARTESIAN_POINT ( 'NONE',  ( 6.350000000000003197, -50.79999999999999716, -8.673617379884035472E-16 ) ) ;
#5610 = DIRECTION ( 'NONE',  ( -0.7071067811865574537, 0.000000000000000000, 0.7071067811865376918 ) ) ;
#5611 = VERTEX_POINT ( 'NONE', #4463 ) ;
#5612 = EDGE_CURVE ( 'NONE', #1071, #4480, #1504, .T. ) ;
#5613 = DIRECTION ( 'NONE',  ( -1.000000000000000000, -2.312964634635743450E-15, 0.000000000000000000 ) ) ;
#5614 = EDGE_LOOP ( 'NONE', ( #4140, #3077, #239, #2006 ) ) ;
#5615 = ORIENTED_EDGE ( 'NONE', *, *, #342, .T. ) ;
#5616 = CARTESIAN_POINT ( 'NONE',  ( -22.91080000000000183, -38.10000000000000142, 4.762500000000000178 ) ) ;
#5617 = CYLINDRICAL_SURFACE ( 'NONE', #5160, 2.489199999999993640 ) ;
#5618 = EDGE_LOOP ( 'NONE', ( #1450, #4701, #1068, #4567 ) ) ;
#5619 = DIRECTION ( 'NONE',  ( 1.000000000000000000, 0.000000000000000000, 0.000000000000000000 ) ) ;
#5620 = EDGE_CURVE ( 'NONE', #5419, #162, #3976, .T. ) ;
#5621 = CIRCLE ( 'NONE', #4338, 2.489199999999990087 ) ;
#5622 = CIRCLE ( 'NONE', #3710, 1.699999999999987965 ) ;
#5623 = VERTEX_POINT ( 'NONE', #2602 ) ;
#5624 = DIRECTION ( 'NONE',  ( -0.000000000000000000, -0.000000000000000000, 1.000000000000000000 ) ) ;
#5625 = LINE ( 'NONE', #1716, #3002 ) ;
#5626 = CARTESIAN_POINT ( 'NONE',  ( 12.05890000000000484, 2.155326144693640700, 0.000000000000000000 ) ) ;
#5627 = EDGE_CURVE ( 'NONE', #688, #3102, #1299, .T. ) ;
#5628 = DIRECTION ( 'NONE',  ( -0.000000000000000000, -0.000000000000000000, -1.000000000000000000 ) ) ;
#5629 = VECTOR ( 'NONE', #2109, 1000.000000000000114 ) ;
#5630 = CARTESIAN_POINT ( 'NONE',  ( 24.15735931288068983, -73.19999999999997442, 0.000000000000000000 ) ) ;
#5631 = FACE_OUTER_BOUND ( 'NONE', #4563, .T. ) ;
#5632 = ORIENTED_EDGE ( 'NONE', *, *, #4626, .F. ) ;
#5633 = EDGE_CURVE ( 'NONE', #1898, #850, #4488, .T. ) ;
#5634 = AXIS2_PLACEMENT_3D ( 'NONE', #2552, #3950, #846 ) ;
#5635 = EDGE_CURVE ( 'NONE', #2385, #5557, #3281, .T. ) ;
#5636 = CARTESIAN_POINT ( 'NONE',  ( -22.91079999999999828, -63.50000000000000000, -8.673617379884035472E-16 ) ) ;
#5637 = EDGE_CURVE ( 'NONE', #27, #722, #2742, .T. ) ;
#5638 = CYLINDRICAL_SURFACE ( 'NONE', #890, 2.489199999999994528 ) ;
#5639 = CARTESIAN_POINT ( 'NONE',  ( -2.654126918244514854E-13, -25.40000000000000213, 0.000000000000000000 ) ) ;
ENDSEC;
END-ISO-10303-21;
