ISO-10303-21;
HEADER;
FILE_DESCRIPTION (( 'STEP AP203' ),
    '1' );
FILE_NAME ('REV-21-2807.STEP',
    '2023-09-25T18:21:42',
    ( '' ),
    ( '' ),
    'SwSTEP 2.0',
    'SolidWorks 2022',
    '' );
FILE_SCHEMA (( 'CONFIG_CONTROL_DESIGN' ));
ENDSEC;

DATA;
#1 = CARTESIAN_POINT ( 'NONE',  ( 2.224956175735652408, 6.344999999999999751, 0.3675062130416732464 ) ) ;
#2 = AXIS2_PLACEMENT_3D ( 'NONE', #599, #792, #2053 ) ;
#3 = DIRECTION ( 'NONE',  ( 0.000000000000000000, 0.000000000000000000, 1.000000000000000000 ) ) ;
#4 = CONICAL_SURFACE ( 'NONE', #500, 7.345000000000005969, 0.7853981633974509435 ) ;
#5 = EDGE_LOOP ( 'NONE', ( #1462, #491, #1010, #2067 ) ) ;
#6 = CARTESIAN_POINT ( 'NONE',  ( 0.9999999999999943379, 3.872983346207414801, 69.67441999999998359 ) ) ;
#7 = AXIS2_PLACEMENT_3D ( 'NONE', #397, #1242, #2095 ) ;
#8 = CIRCLE ( 'NONE', #2050, 2.019299999999989659 ) ;
#9 = EDGE_LOOP ( 'NONE', ( #91, #697, #201, #310, #2630 ) ) ;
#10 = PERSON_AND_ORGANIZATION_ROLE ( 'design_owner' ) ;
#11 = VECTOR ( 'NONE', #2509, 999.9999999999998863 ) ;
#12 = ORIENTED_EDGE ( 'NONE', *, *, #2440, .F. ) ;
#13 = CARTESIAN_POINT ( 'NONE',  ( -5.730120001613602021, 2.765141023738649562, 2.144711521389735289E-15 ) ) ;
#14 = EDGE_CURVE ( 'NONE', #1458, #194, #821, .T. ) ;
#15 = AXIS2_PLACEMENT_3D ( 'NONE', #578, #2330, #1063 ) ;
#16 = DIRECTION ( 'NONE',  ( 8.562723968748914288E-17, -0.000000000000000000, -1.000000000000000000 ) ) ;
#17 = FACE_OUTER_BOUND ( 'NONE', #251, .T. ) ;
#18 = CARTESIAN_POINT ( 'NONE',  ( -6.200440754629889639, -1.950521583660307590, -2.500000000000000000 ) ) ;
#19 = CARTESIAN_POINT ( 'NONE',  ( 3.815655849003002142, 1.200320974560208143, -2.500000000000000000 ) ) ;
#20 = EDGE_CURVE ( 'NONE', #642, #660, #1891, .T. ) ;
#21 = VERTEX_POINT ( 'NONE', #1186 ) ;
#22 = CARTESIAN_POINT ( 'NONE',  ( 0.000000000000000000, 0.000000000000000000, -2.500000000000000000 ) ) ;
#23 = ORIENTED_EDGE ( 'NONE', *, *, #1523, .T. ) ;
#24 = APPROVAL_ROLE ( '' ) ;
#25 = ORIENTED_EDGE ( 'NONE', *, *, #2337, .F. ) ;
#26 = CARTESIAN_POINT ( 'NONE',  ( -5.257685633897383859, 3.583421351864676918, -2.144711521389735289E-15 ) ) ;
#27 = DIRECTION ( 'NONE',  ( 8.562723968748914288E-17, -0.000000000000000000, -1.000000000000000000 ) ) ;
#28 = FACE_OUTER_BOUND ( 'NONE', #2146, .T. ) ;
#29 = DIRECTION ( 'NONE',  ( -1.000000000000000000, 0.000000000000000000, 0.000000000000000000 ) ) ;
#30 = DIRECTION ( 'NONE',  ( 0.000000000000000000, 0.000000000000000000, 1.000000000000000000 ) ) ;
#31 = ORIENTED_EDGE ( 'NONE', *, *, #949, .F. ) ;
#32 = DIRECTION ( 'NONE',  ( -0.000000000000000000, -0.000000000000000000, -1.000000000000000000 ) ) ;
#33 = EDGE_CURVE ( 'NONE', #1016, #2161, #948, .T. ) ;
#34 = ORIENTED_EDGE ( 'NONE', *, *, #1358, .F. ) ;
#35 = VERTEX_POINT ( 'NONE', #523 ) ;
#36 = CIRCLE ( 'NONE', #834, 6.875000000000000000 ) ;
#37 = CARTESIAN_POINT ( 'NONE',  ( -3.614195040123318936, 1.740227538230844084, -0.1458048508943740329 ) ) ;
#38 = DIRECTION ( 'NONE',  ( 8.562723968748914288E-17, -0.000000000000000000, -1.000000000000000000 ) ) ;
#39 = FACE_OUTER_BOUND ( 'NONE', #533, .T. ) ;
#40 = DIRECTION ( 'NONE',  ( 0.8660254037844390407, -0.4999999999999993894, 0.000000000000000000 ) ) ;
#41 = FACE_OUTER_BOUND ( 'NONE', #298, .T. ) ;
#42 = CIRCLE ( 'NONE', #1461, 6.875000000000000000 ) ;
#43 = ORIENTED_EDGE ( 'NONE', *, *, #2504, .F. ) ;
#44 = CYLINDRICAL_SURFACE ( 'NONE', #1946, 1.000000000000000888 ) ;
#45 = CARTESIAN_POINT ( 'NONE',  ( -6.529798459626823042E-16, 0.000000000000000000, 13.70026252798339428 ) ) ;
#46 = AXIS2_PLACEMENT_3D ( 'NONE', #159, #950, #537 ) ;
#47 = EDGE_CURVE ( 'NONE', #2431, #1960, #2300, .T. ) ;
#48 = ORIENTED_EDGE ( 'NONE', *, *, #2225, .T. ) ;
#49 = ADVANCED_FACE ( 'NONE', ( #1040 ), #739, .T. ) ;
#50 = CARTESIAN_POINT ( 'NONE',  ( -6.874999999999999112, 0.000000000000000000, 0.5299999999999975842 ) ) ;
#51 = CIRCLE ( 'NONE', #720, 2.500000000000000000 ) ;
#52 = ORIENTED_EDGE ( 'NONE', *, *, #912, .T. ) ;
#53 = EDGE_CURVE ( 'NONE', #1779, #956, #2555, .T. ) ;
#54 = EDGE_CURVE ( 'NONE', #248, #2318, #36, .T. ) ;
#55 = CYLINDRICAL_SURFACE ( 'NONE', #749, 6.344999999999999751 ) ;
#56 = CARTESIAN_POINT ( 'NONE',  ( 3.615344629410442323, 1.737841567990588754, -0.1455350496264004312 ) ) ;
#57 = CONICAL_SURFACE ( 'NONE', #2051, 3.999999999999996447, 0.7853981633974621568 ) ;
#58 = CARTESIAN_POINT ( 'NONE',  ( 0.2894631564319853911, -4.000091792560579229, -2.495181107614601324 ) ) ;
#59 = CIRCLE ( 'NONE', #725, 6.344999999999999751 ) ;
#60 = CARTESIAN_POINT ( 'NONE',  ( -4.384223283087230527, 5.096302521966483923, 0.3661431079108501407 ) ) ;
#61 = CARTESIAN_POINT ( 'NONE',  ( 0.4744911062296803816, 6.345000000000000639, -3.434819494757594546E-18 ) ) ;
#62 = APPROVAL_PERSON_ORGANIZATION ( #2544, #1224, #2113 ) ;
#63 = VERTEX_POINT ( 'NONE', #613 ) ;
#64 = CARTESIAN_POINT ( 'NONE',  ( 0.000000000000000000, 0.000000000000000000, 6.074420000000000819 ) ) ;
#65 = DIRECTION ( 'NONE',  ( 8.562723968748914288E-17, -0.000000000000000000, -1.000000000000000000 ) ) ;
#66 = B_SPLINE_CURVE_WITH_KNOTS ( 'NONE', 3,
 ( #2631, #1834, #388, #1403 ),
 .UNSPECIFIED., .F., .F.,
 ( 4, 4 ),
 ( 0.002699965538895392203, 0.005407525381515193401 ),
 .UNSPECIFIED. ) ;
#67 = ORIENTED_EDGE ( 'NONE', *, *, #1474, .F. ) ;
#68 = CARTESIAN_POINT ( 'NONE',  ( -5.949099321069192037, -2.385857716634640191, 0.05018756514668373109 ) ) ;
#69 = EDGE_LOOP ( 'NONE', ( #569, #2021, #1332, #1518, #1548 ) ) ;
#70 = CARTESIAN_POINT ( 'NONE',  ( -4.249999999999996447, 0.000000000000000000, 44.22442000000000206 ) ) ;
#71 = CYLINDRICAL_SURFACE ( 'NONE', #457, 4.999999999999995559 ) ;
#72 = DIRECTION ( 'NONE',  ( -1.000000000000000000, 0.000000000000000000, 0.000000000000000000 ) ) ;
#73 = EDGE_CURVE ( 'NONE', #718, #1210, #1717, .T. ) ;
#74 = ORIENTED_EDGE ( 'NONE', *, *, #2736, .F. ) ;
#75 = PLANE ( 'NONE',  #410 ) ;
#76 = CARTESIAN_POINT ( 'NONE',  ( 0.8683194678370730335, 3.904615384615382823, 3.469446951953614189E-15 ) ) ;
#77 = EDGE_CURVE ( 'NONE', #138, #637, #358, .T. ) ;
#78 = ORIENTED_EDGE ( 'NONE', *, *, #1474, .T. ) ;
#79 = DIRECTION ( 'NONE',  ( 1.000000000000000000, 0.000000000000000000, 8.856654914789681360E-17 ) ) ;
#80 = CARTESIAN_POINT ( 'NONE',  ( 0.000000000000000000, 0.000000000000000000, 21.07441999999999993 ) ) ;
#81 = ORIENTED_EDGE ( 'NONE', *, *, #427, .T. ) ;
#82 = CARTESIAN_POINT ( 'NONE',  ( 0.000000000000000000, 0.000000000000000000, 43.97442000000000206 ) ) ;
#83 = ORIENTED_EDGE ( 'NONE', *, *, #1038, .F. ) ;
#84 = CARTESIAN_POINT ( 'NONE',  ( -4.789421619394627072, 4.394478416339684834, -2.500000000000000000 ) ) ;
#85 = CARTESIAN_POINT ( 'NONE',  ( 0.000000000000000000, 0.000000000000000000, -31.42558000000000007 ) ) ;
#86 = B_SPLINE_CURVE_WITH_KNOTS ( 'NONE', 3,
 ( #1374, #1360, #2441, #551, #1622, #2200 ),
 .UNSPECIFIED., .F., .F.,
 ( 4, 2, 4 ),
 ( 2.441656103916560760E-07, 0.001350104852252886727, 0.002699965538895381795 ),
 .UNSPECIFIED. ) ;
#87 = CIRCLE ( 'NONE', #532, 2.315826248793697584 ) ;
#88 = EDGE_CURVE ( 'NONE', #1760, #928, #2732, .T. ) ;
#89 = CARTESIAN_POINT ( 'NONE',  ( 9.349619924619685693E-16, -6.345000000000002416, 12.70026252798339428 ) ) ;
#90 = DIRECTION ( 'NONE',  ( -8.562723968748914288E-17, 0.000000000000000000, 1.000000000000000000 ) ) ;
#91 = ORIENTED_EDGE ( 'NONE', *, *, #863, .T. ) ;
#92 = FACE_OUTER_BOUND ( 'NONE', #2265, .T. ) ;
#93 = LINE ( 'NONE', #470, #1508 ) ;
#94 = VECTOR ( 'NONE', #32, 1000.000000000000000 ) ;
#95 = ORIENTED_EDGE ( 'NONE', *, *, #300, .T. ) ;
#96 =( BOUNDED_SURFACE ( )  B_SPLINE_SURFACE ( 3, 2, ( 
 ( #650, #885, #1524 ),
 ( #2378, #2166, #1107 ),
 ( #58, #1292, #1746 ),
 ( #692, #1968, #2342 ),
 ( #2180, #290, #2118 ),
 ( #1125, #1758, #435 ) ),
 .UNSPECIFIED., .F., .F., .F. ) 
 B_SPLINE_SURFACE_WITH_KNOTS ( ( 4, 2, 4 ),
 ( 3, 3 ),
 ( 0.005927730008879125712, 0.007354832692245704719, 0.008781935375612283726 ),
 ( 0.000000000000000000, 1.000000000000000000 ),
 .UNSPECIFIED. ) 
 GEOMETRIC_REPRESENTATION_ITEM ( )  RATIONAL_B_SPLINE_SURFACE ( (
 ( 1.000000000000000000, 0.7071067811865475727, 1.000000000000000000),
 ( 1.000000000000000000, 0.7213458750174562839, 1.000000000000000000),
 ( 1.000000000000000000, 0.7287184259719575730, 1.000000000000000000),
 ( 1.000000000000000000, 0.7286764187678110849, 1.000000000000000000),
 ( 1.000000000000000000, 0.7214321822522322680, 1.000000000000000000),
 ( 1.000000000000000000, 0.7071067811865471286, 1.000000000000000000) ) ) 
 REPRESENTATION_ITEM ( '' )  SURFACE ( )  );
#97 = CARTESIAN_POINT ( 'NONE',  ( 2.947336381165927222, -2.704294410055185338, -2.500000000000000000 ) ) ;
#98 = APPLICATION_CONTEXT ( 'configuration controlled 3d designs of mechanical parts and assemblies' ) ;
#99 = AXIS2_PLACEMENT_3D ( 'NONE', #2483, #2684, #374 ) ;
#100 = VECTOR ( 'NONE', #1359, 1000.000000000000000 ) ;
#101 = EDGE_LOOP ( 'NONE', ( #1928, #1265, #1478, #83, #400 ) ) ;
#102 = CARTESIAN_POINT ( 'NONE',  ( -6.605639090937297730, 1.248697478033501174, 12.33411942007254147 ) ) ;
#103 = CARTESIAN_POINT ( 'NONE',  ( 0.000000000000000000, 0.000000000000000000, -31.42558000000000007 ) ) ;
#104 = B_SPLINE_CURVE_WITH_KNOTS ( 'NONE', 3,
 ( #2167, #1349, #931, #1539 ),
 .UNSPECIFIED., .F., .F.,
 ( 4, 4 ),
 ( 0.002699965538895388734, 0.005407525381515210748 ),
 .UNSPECIFIED. ) ;
#105 = AXIS2_PLACEMENT_3D ( 'NONE', #878, #1975, #1959 ) ;
#106 = AXIS2_PLACEMENT_3D ( 'NONE', #535, #2041, #2255 ) ;
#107 = FACE_OUTER_BOUND ( 'NONE', #1466, .T. ) ;
#108 = CARTESIAN_POINT ( 'NONE',  ( -6.818430336993102969, 0.8801322284589545575, 0.5299999999999990274 ) ) ;
#109 = AXIS2_PLACEMENT_3D ( 'NONE', #564, #131, #2211 ) ;
#110 = DIRECTION ( 'NONE',  ( -1.000000000000000000, 0.000000000000000000, 0.000000000000000000 ) ) ;
#111 = CARTESIAN_POINT ( 'NONE',  ( 2.019299999999988771, 2.472929281518236240E-16, -31.42558000000000007 ) ) ;
#112 = AXIS2_PLACEMENT_3D ( 'NONE', #664, #639, #2685 ) ;
#113 = CARTESIAN_POINT ( 'NONE',  ( 0.9235275341796208570, 6.294623321884310840, -0.004809626501416906265 ) ) ;
#114 = EDGE_CURVE ( 'NONE', #382, #1988, #2026, .T. ) ;
#115 = ORIENTED_EDGE ( 'NONE', *, *, #2029, .T. ) ;
#116 = CARTESIAN_POINT ( 'NONE',  ( 3.146290447606650886, -2.487459824286219146, -2.499999994010546622 ) ) ;
#117 = EDGE_LOOP ( 'NONE', ( #731, #74, #2072, #1701 ) ) ;
#118 = DIRECTION ( 'NONE',  ( 1.000000000000000000, 0.000000000000000000, 0.000000000000000000 ) ) ;
#119 = DIRECTION ( 'NONE',  ( -1.000000000000000000, 0.000000000000000000, 0.000000000000000000 ) ) ;
#120 = CARTESIAN_POINT ( 'NONE',  ( -1.377371755856534374, -6.193696153846158126, -0.004809626501416433553 ) ) ;
#121 = CARTESIAN_POINT ( 'NONE',  ( 5.494931187012273455, -3.172499999999985221, 2.205239265793366139E-15 ) ) ;
#122 = DIRECTION ( 'NONE',  ( 1.000000000000000000, 0.000000000000000000, 0.000000000000000000 ) ) ;
#123 = CARTESIAN_POINT ( 'NONE',  ( -4.249999999999996447, 0.000000000000000000, 43.97442000000000206 ) ) ;
#124 = CARTESIAN_POINT ( 'NONE',  ( 0.8732554457396758396, 3.903854395879670314, 47.16996342279788479 ) ) ;
#125 = EDGE_LOOP ( 'NONE', ( #481, #882, #152, #2009 ) ) ;
#126 = DIRECTION ( 'NONE',  ( -0.000000000000000000, -0.000000000000000000, -1.000000000000000000 ) ) ;
#127 = ORIENTED_EDGE ( 'NONE', *, *, #2143, .F. ) ;
#128 = CARTESIAN_POINT ( 'NONE',  ( -0.9999999999999995559, 7.315826248793691811, 47.67441999999999069 ) ) ;
#129 = VERTEX_POINT ( 'NONE', #565 ) ;
#130 = LINE ( 'NONE', #1372, #100 ) ;
#131 = DIRECTION ( 'NONE',  ( -8.562723968748914288E-17, 0.000000000000000000, 1.000000000000000000 ) ) ;
#132 = DIRECTION ( 'NONE',  ( 8.562723968748914288E-17, -0.000000000000000000, -1.000000000000000000 ) ) ;
#133 = DIRECTION ( 'NONE',  ( 0.000000000000000000, 0.000000000000000000, 1.000000000000000000 ) ) ;
#134 = DIRECTION ( 'NONE',  ( 1.000000000000000000, 0.000000000000000000, 0.000000000000000000 ) ) ;
#135 = ORIENTED_EDGE ( 'NONE', *, *, #1502, .F. ) ;
#136 = FACE_OUTER_BOUND ( 'NONE', #515, .T. ) ;
#137 = EDGE_CURVE ( 'NONE', #868, #759, #1194, .T. ) ;
#138 = VERTEX_POINT ( 'NONE', #1401 ) ;
#139 = DIRECTION ( 'NONE',  ( 0.000000000000000000, 0.000000000000000000, 1.000000000000000000 ) ) ;
#140 = AXIS2_PLACEMENT_3D ( 'NONE', #513, #672, #79 ) ;
#141 = DIRECTION ( 'NONE',  ( -0.8571673007021092250, 0.000000000000000000, -0.5150380749100592626 ) ) ;
#142 = CIRCLE ( 'NONE', #184, 4.999999999999995559 ) ;
#143 = EDGE_CURVE ( 'NONE', #892, #1193, #2122, .T. ) ;
#144 = ORIENTED_EDGE ( 'NONE', *, *, #352, .F. ) ;
#145 = DIRECTION ( 'NONE',  ( 0.000000000000000000, -0.000000000000000000, -1.000000000000000000 ) ) ;
#146 = CARTESIAN_POINT ( 'NONE',  ( -6.052584090481018642, 1.904009145896111255, -0.004809626501416867234 ) ) ;
#147 = TOROIDAL_SURFACE ( 'NONE', #414, 6.499999999999999112, 2.500000000000000000 ) ;
#148 = CARTESIAN_POINT ( 'NONE',  ( 6.344999999999998863, 7.770383940589956273E-16, 12.70026252798339428 ) ) ;
#149 = AXIS2_PLACEMENT_3D ( 'NONE', #710, #30, #1555 ) ;
#150 = ORIENTED_EDGE ( 'NONE', *, *, #1645, .T. ) ;
#151 = CARTESIAN_POINT ( 'NONE',  ( -4.991418926870112571, -3.945062106968525217, -0.004809626501416418808 ) ) ;
#152 = ORIENTED_EDGE ( 'NONE', *, *, #2461, .F. ) ;
#153 =( NAMED_UNIT ( * ) PLANE_ANGLE_UNIT ( ) SI_UNIT ( $, .RADIAN. ) );
#154 = PERSON ( 'UNSPECIFIED', 'UNSPECIFIED', 'UNSPECIFIED', ('UNSPECIFIED'), ('UNSPECIFIED'), ('UNSPECIFIED') ) ;
#155 = ORIENTED_EDGE ( 'NONE', *, *, #1081, .T. ) ;
#156 = CARTESIAN_POINT ( 'NONE',  ( -3.320431942029507422, -2.249223649191945729, -2.495171170258112081 ) ) ;
#157 = EDGE_CURVE ( 'NONE', #1383, #956, #1253, .T. ) ;
#158 = CARTESIAN_POINT ( 'NONE',  ( 0.000000000000000000, 0.000000000000000000, 44.22442000000000206 ) ) ;
#159 = CARTESIAN_POINT ( 'NONE',  ( 0.000000000000000000, 0.000000000000000000, -31.17558000000002139 ) ) ;
#160 = DIRECTION ( 'NONE',  ( -1.000000000000000000, 0.000000000000000000, -8.562723968748915520E-17 ) ) ;
#161 = CARTESIAN_POINT ( 'NONE',  ( 2.947336381165936103, -2.704294410055176012, -2.500000000000000000 ) ) ;
#162 = ORIENTED_EDGE ( 'NONE', *, *, #257, .F. ) ;
#163 = CARTESIAN_POINT ( 'NONE',  ( -3.999999999999996447, 0.000000000000000000, 75.42442000000002622 ) ) ;
#164 = ORIENTED_EDGE ( 'NONE', *, *, #2157, .F. ) ;
#165 = CARTESIAN_POINT ( 'NONE',  ( 0.000000000000000000, 0.000000000000000000, -31.42558000000000007 ) ) ;
#166 = VERTEX_POINT ( 'NONE', #2340 ) ;
#167 = LINE ( 'NONE', #1469, #11 ) ;
#168 = EDGE_CURVE ( 'NONE', #2236, #2696, #655, .T. ) ;
#169 = EDGE_CURVE ( 'NONE', #286, #752, #1938, .T. ) ;
#170 = CARTESIAN_POINT ( 'NONE',  ( 0.000000000000000000, 0.000000000000000000, 21.07441999999999993 ) ) ;
#171 = FACE_OUTER_BOUND ( 'NONE', #2128, .T. ) ;
#172 = VECTOR ( 'NONE', #1579, 1000.000000000000000 ) ;
#173 = ADVANCED_FACE ( 'NONE', ( #1934 ), #1436, .F. ) ;
#174 = EDGE_CURVE ( 'NONE', #1087, #1126, #2611, .T. ) ;
#175 = ORIENTED_EDGE ( 'NONE', *, *, #157, .F. ) ;
#176 = DIRECTION ( 'NONE',  ( -1.000000000000000000, 0.000000000000000000, 1.182766006347823109E-16 ) ) ;
#177 = CARTESIAN_POINT ( 'NONE',  ( 0.1318871429355244207, 3.999970760766718314, 70.67430304302354216 ) ) ;
#178 = ORIENTED_EDGE ( 'NONE', *, *, #2688, .F. ) ;
#179 = APPLICATION_PROTOCOL_DEFINITION ( 'international standard', 'config_control_design', 1994, #98 ) ;
#180 = AXIS2_PLACEMENT_3D ( 'NONE', #2085, #1885, #401 ) ;
#181 = VERTEX_POINT ( 'NONE', #1892 ) ;
#182 = DIRECTION ( 'NONE',  ( -0.3000802436400509254, -0.9539139622507512017, 4.835253969101506366E-17 ) ) ;
#183 = CARTESIAN_POINT ( 'NONE',  ( -4.171432037031422624, 5.464867771541034536, 0.5299999999999978062 ) ) ;
#184 = AXIS2_PLACEMENT_3D ( 'NONE', #1897, #2700, #822 ) ;
#185 = AXIS2_PLACEMENT_3D ( 'NONE', #22, #1262, #2325 ) ;
#186 = DIRECTION ( 'NONE',  ( -0.7368340952914842479, -0.6760736025137943361, 0.000000000000000000 ) ) ;
#187 = DIRECTION ( 'NONE',  ( 1.000000000000000000, 0.000000000000000000, 0.000000000000000000 ) ) ;
#188 = CIRCLE ( 'NONE', #895, 6.345000000000000639 ) ;
#189 = ORIENTED_EDGE ( 'NONE', *, *, #2510, .T. ) ;
#190 = CIRCLE ( 'NONE', #106, 3.999999999999998224 ) ;
#191 = DIRECTION ( 'NONE',  ( -1.000000000000000000, 0.000000000000000000, -1.367000375080226176E-16 ) ) ;
#192 = ADVANCED_FACE ( 'NONE', ( #883 ), #223, .T. ) ;
#193 = CIRCLE ( 'NONE', #2145, 6.875000000000000000 ) ;
#194 = VERTEX_POINT ( 'NONE', #423 ) ;
#195 = PERSON_AND_ORGANIZATION_ROLE ( 'design_supplier' ) ;
#196 = ORIENTED_EDGE ( 'NONE', *, *, #259, .F. ) ;
#197 = VERTEX_POINT ( 'NONE', #2570 ) ;
#198 = CARTESIAN_POINT ( 'NONE',  ( 0.000000000000000000, 0.000000000000000000, -2.500000000000000000 ) ) ;
#199 = CARTESIAN_POINT ( 'NONE',  ( 0.8683194678370634856, 3.904615384615385043, -2.500000000000000000 ) ) ;
#200 = DIRECTION ( 'NONE',  ( 0.000000000000000000, 0.000000000000000000, 1.000000000000000000 ) ) ;
#201 = ORIENTED_EDGE ( 'NONE', *, *, #682, .T. ) ;
#202 = CARTESIAN_POINT ( 'NONE',  ( 0.000000000000000000, 0.000000000000000000, 21.07441999999999993 ) ) ;
#203 = CARTESIAN_POINT ( 'NONE',  ( -1.563091804781868266, -6.345000000000001528, 12.51416729551544726 ) ) ;
#204 = EDGE_CURVE ( 'NONE', #2621, #807, #1397, .T. ) ;
#205 = VERTEX_POINT ( 'NONE', #1907 ) ;
#206 = EDGE_CURVE ( 'NONE', #1876, #2578, #315, .T. ) ;
#207 = APPROVAL_DATE_TIME ( #869, #924 ) ;
#208 = ORIENTED_EDGE ( 'NONE', *, *, #2156, .F. ) ;
#209 = EDGE_CURVE ( 'NONE', #1876, #953, #1712, .T. ) ;
#210 = CARTESIAN_POINT ( 'NONE',  ( -3.728448043075470064, 1.477542635947932892, -2.499999993915741126 ) ) ;
#211 = DIRECTION ( 'NONE',  ( -0.9761538461538458167, 0.2170798669592689245, -2.404489235562360291E-16 ) ) ;
#212 = DIRECTION ( 'NONE',  ( -1.000000000000000000, 0.000000000000000000, 0.000000000000000000 ) ) ;
#213 = CARTESIAN_POINT ( 'NONE',  ( 2.646998299961672796, 6.345000000000002416, 0.5299999999999983613 ) ) ;
#214 = B_SPLINE_CURVE_WITH_KNOTS ( 'NONE', 3,
 ( #2426, #2025, #2657, #1141, #2673, #121 ),
 .UNSPECIFIED., .F., .F.,
 ( 4, 2, 4 ),
 ( 2.441656103930221813E-07, 0.001350104852252895183, 0.002699965538895397407 ),
 .UNSPECIFIED. ) ;
#215 = CARTESIAN_POINT ( 'NONE',  ( 1.000000000000000000, 2.799999999999999822, 47.67441999999999069 ) ) ;
#216 = ORIENTED_EDGE ( 'NONE', *, *, #1355, .T. ) ;
#217 = CARTESIAN_POINT ( 'NONE',  ( -0.1301075486994809072, 4.000029041298547305, 70.67453616523735604 ) ) ;
#218 = AXIS2_PLACEMENT_3D ( 'NONE', #345, #1159, #1453 ) ;
#219 = ORIENTED_EDGE ( 'NONE', *, *, #2223, .F. ) ;
#220 = EDGE_CURVE ( 'NONE', #853, #637, #1411, .T. ) ;
#221 = COORDINATED_UNIVERSAL_TIME_OFFSET ( 6, 0, .BEHIND. ) ;
#222 = EDGE_LOOP ( 'NONE', ( #155, #722, #2464, #164, #385, #2492 ) ) ;
#223 = CYLINDRICAL_SURFACE ( 'NONE', #399, 7.315826248793691811 ) ;
#224 = CARTESIAN_POINT ( 'NONE',  ( -6.875000000000000000, 0.000000000000000000, 21.07441999999999993 ) ) ;
#225 = CARTESIAN_POINT ( 'NONE',  ( 0.000000000000000000, 0.000000000000000000, 22.11916749433803275 ) ) ;
#226 = ADVANCED_FACE ( 'NONE', ( #2365 ), #445, .F. ) ;
#227 = AXIS2_PLACEMENT_3D ( 'NONE', #82, #954, #1798 ) ;
#228 = B_SPLINE_CURVE_WITH_KNOTS ( 'NONE', 3,
 ( #898, #1742, #2579, #1533 ),
 .UNSPECIFIED., .F., .F.,
 ( 4, 4 ),
 ( 0.001383235652293521951, 0.002758215478714159084 ),
 .UNSPECIFIED. ) ;
#229 = FACE_OUTER_BOUND ( 'NONE', #1476, .T. ) ;
#230 = AXIS2_PLACEMENT_3D ( 'NONE', #1201, #1598, #1807 ) ;
#231 = CARTESIAN_POINT ( 'NONE',  ( 0.9441687179160499488, 6.345000000000000639, 0.000000000000000000 ) ) ;
#232 = ORIENTED_EDGE ( 'NONE', *, *, #2036, .T. ) ;
#233 = CARTESIAN_POINT ( 'NONE',  ( 5.494931187012262797, -3.172499999999995435, 21.07441999999999993 ) ) ;
#234 = CARTESIAN_POINT ( 'NONE',  ( -1.381458148778849971E-14, 6.345000000000001528, 1.734723475976805911E-15 ) ) ;
#235 = CIRCLE ( 'NONE', #1996, 0.2500000000000036637 ) ;
#236 = TOROIDAL_SURFACE ( 'NONE', #1862, 7.315826248793691811, 2.315826248793698472 ) ;
#237 = VERTEX_POINT ( 'NONE', #241 ) ;
#238 = CALENDAR_DATE ( 2023, 25, 9 ) ;
#239 = AXIS2_PLACEMENT_3D ( 'NONE', #843, #589, #2536 ) ;
#240 = ORIENTED_EDGE ( 'NONE', *, *, #661, .T. ) ;
#241 = CARTESIAN_POINT ( 'NONE',  ( 1.377371755856559910, 6.193696153846148356, -0.004809626501416433553 ) ) ;
#242 = CIRCLE ( 'NONE', #1516, 2.019299999999989659 ) ;
#243 = CARTESIAN_POINT ( 'NONE',  ( -6.904610135976492202, 0.000000000000000000, 22.61122178136006866 ) ) ;
#244 = FACE_OUTER_BOUND ( 'NONE', #2565, .T. ) ;
#245 = EDGE_CURVE ( 'NONE', #2413, #728, #1505, .T. ) ;
#246 = CARTESIAN_POINT ( 'NONE',  ( -5.019866117454993670, -3.995336837375150552, 0.000000000000000000 ) ) ;
#247 = DIRECTION ( 'NONE',  ( 8.562723968748914288E-17, -0.000000000000000000, -1.000000000000000000 ) ) ;
#248 = VERTEX_POINT ( 'NONE', #1329 ) ;
#249 = LINE ( 'NONE', #607, #94 ) ;
#250 = DIRECTION ( 'NONE',  ( 0.000000000000000000, -1.000000000000000000, 0.000000000000000000 ) ) ;
#251 = EDGE_LOOP ( 'NONE', ( #1764, #2286, #824, #1879 ) ) ;
#252 = EDGE_LOOP ( 'NONE', ( #799, #2479, #2348, #2473 ) ) ;
#253 = CARTESIAN_POINT ( 'NONE',  ( 4.597911503697614144, -4.726183666890312551, 12.49866701474236663 ) ) ;
#254 = CARTESIAN_POINT ( 'NONE',  ( 4.747533802681087321E-16, 0.000000000000000000, 0.5299999999999981393 ) ) ;
#255 = DIRECTION ( 'NONE',  ( -1.000000000000000000, 0.000000000000000000, 0.000000000000000000 ) ) ;
#256 = CARTESIAN_POINT ( 'NONE',  ( -5.259742372411130518, -3.579858976261246717, 6.042188009576470083E-15 ) ) ;
#257 = EDGE_CURVE ( 'NONE', #2169, #2696, #2472, .T. ) ;
#258 = CARTESIAN_POINT ( 'NONE',  ( -6.818430336993101193, -0.8801322284589623290, 0.5299999999999975842 ) ) ;
#259 = EDGE_CURVE ( 'NONE', #2553, #2507, #284, .T. ) ;
#260 = PRODUCT_RELATED_PRODUCT_CATEGORY ( 'detail', '', ( #2455 ) ) ;
#261 = VERTEX_POINT ( 'NONE', #529 ) ;
#262 = DIRECTION ( 'NONE',  ( 8.562723968748914288E-17, -0.000000000000000000, -1.000000000000000000 ) ) ;
#263 = CARTESIAN_POINT ( 'NONE',  ( 5.494931187012273455, -3.172499999999985221, 2.205239265793366139E-15 ) ) ;
#264 = EDGE_CURVE ( 'NONE', #1252, #129, #1345, .T. ) ;
#265 = EDGE_CURVE ( 'NONE', #2578, #261, #87, .T. ) ;
#266 = ORIENTED_EDGE ( 'NONE', *, *, #33, .F. ) ;
#267 = CARTESIAN_POINT ( 'NONE',  ( -1.000000000000005329, 3.872983346207412136, 1.182766006347829272E-16 ) ) ;
#268 = VERTEX_POINT ( 'NONE', #1535 ) ;
#269 = VECTOR ( 'NONE', #2521, 1000.000000000000000 ) ;
#270 = CARTESIAN_POINT ( 'NONE',  ( -3.127589752776047227, 2.507841211984091601, -0.09942128392737860365 ) ) ;
#271 = PLANE ( 'NONE',  #1914 ) ;
#272 = DIRECTION ( 'NONE',  ( 0.000000000000000000, -1.000000000000000000, 0.000000000000000000 ) ) ;
#273 = CARTESIAN_POINT ( 'NONE',  ( 0.000000000000000000, 0.000000000000000000, 0.000000000000000000 ) ) ;
#274 = CARTESIAN_POINT ( 'NONE',  ( -6.818430336993103857, 0.8801322284589538913, 12.17026252798339669 ) ) ;
#275 = AXIS2_PLACEMENT_3D ( 'NONE', #84, #2608, #2626 ) ;
#276 = ORIENTED_EDGE ( 'NONE', *, *, #1784, .T. ) ;
#277 = CARTESIAN_POINT ( 'NONE',  ( -2.019300000000000761, 2.472929281518246593E-16, 60.59697999999999496 ) ) ;
#278 = DIRECTION ( 'NONE',  ( -0.000000000000000000, -0.000000000000000000, -1.000000000000000000 ) ) ;
#279 = CIRCLE ( 'NONE', #2564, 2.500000000000000000 ) ;
#280 = ORIENTED_EDGE ( 'NONE', *, *, #1578, .F. ) ;
#281 = FACE_OUTER_BOUND ( 'NONE', #438, .T. ) ;
#282 = CIRCLE ( 'NONE', #1952, 6.344999999999999751 ) ;
#283 = ADVANCED_FACE ( 'NONE', ( #1590 ), #55, .T. ) ;
#284 = B_SPLINE_CURVE_WITH_KNOTS ( 'NONE', 3,
 ( #2420, #957, #1744, #2582, #1181, #1979 ),
 .UNSPECIFIED., .F., .F.,
 ( 4, 2, 4 ),
 ( 2.441656103918399350E-07, 0.001350104852252889979, 0.002699965538895387866 ),
 .UNSPECIFIED. ) ;
#285 = AXIS2_PLACEMENT_3D ( 'NONE', #1163, #2247, #2271 ) ;
#286 = VERTEX_POINT ( 'NONE', #518 ) ;
#287 = DIRECTION ( 'NONE',  ( 0.000000000000000000, -1.000000000000000000, 0.000000000000000000 ) ) ;
#288 = CARTESIAN_POINT ( 'NONE',  ( 5.967015545970340895, 2.354825904826154392, 4.340007253110684954E-17 ) ) ;
#289 = VECTOR ( 'NONE', #2106, 1000.000000000000114 ) ;
#290 = CARTESIAN_POINT ( 'NONE',  ( -0.6080593218474138473, -3.962492784511569166, -0.09942128392699284278 ) ) ;
#291 = AXIS2_PLACEMENT_3D ( 'NONE', #341, #748, #764 ) ;
#292 = DIRECTION ( 'NONE',  ( -0.000000000000000000, -0.000000000000000000, -1.000000000000000000 ) ) ;
#293 = CARTESIAN_POINT ( 'NONE',  ( 0.3026573690725736232, 3.999901076499907671, -0.1455350496261954840 ) ) ;
#294 = B_SPLINE_CURVE_WITH_KNOTS ( 'NONE', 3,
 ( #1035, #1708, #1437, #2297, #1655, #2074 ),
 .UNSPECIFIED., .F., .F.,
 ( 4, 2, 4 ),
 ( 0.006355812659312944264, 0.007706676676590916084, 0.009057540693868888770 ),
 .UNSPECIFIED. ) ;
#295 = ORIENTED_EDGE ( 'NONE', *, *, #1048, .T. ) ;
#296 = DIRECTION ( 'NONE',  ( 1.000000000000000000, 0.000000000000000000, 0.000000000000000000 ) ) ;
#297 = DIRECTION ( 'NONE',  ( 1.000000000000000000, 0.000000000000000000, 7.885106708985486569E-17 ) ) ;
#298 = EDGE_LOOP ( 'NONE', ( #403, #1409, #1519, #789, #1601, #342 ) ) ;
#299 =( BOUNDED_SURFACE ( )  B_SPLINE_SURFACE ( 3, 2, ( 
 ( #1525, #1295, #1954 ),
 ( #1140, #667, #246 ),
 ( #2398, #2613, #256 ),
 ( #708, #2381, #2573 ),
 ( #1937, #2141, #1127 ),
 ( #1084, #1094, #1748 ) ),
 .UNSPECIFIED., .F., .F., .F. ) 
 B_SPLINE_SURFACE_WITH_KNOTS ( ( 4, 2, 4 ),
 ( 3, 3 ),
 ( 0.005927730008879105762, 0.007354832692245712525, 0.008781935375612320155 ),
 ( 0.000000000000000000, 1.000000000000000000 ),
 .UNSPECIFIED. ) 
 GEOMETRIC_REPRESENTATION_ITEM ( )  RATIONAL_B_SPLINE_SURFACE ( (
 ( 1.000000000000000000, 0.7071067811865475727, 1.000000000000000000),
 ( 1.000000000000000000, 0.7213458750174764900, 1.000000000000000000),
 ( 1.000000000000000000, 0.7287184259719322599, 1.000000000000000000),
 ( 1.000000000000000000, 0.7286764187678381743, 1.000000000000000000),
 ( 1.000000000000000000, 0.7214321822522128391, 1.000000000000000000),
 ( 1.000000000000000000, 0.7071067811865470176, 1.000000000000000000) ) ) 
 REPRESENTATION_ITEM ( '' )  SURFACE ( )  );
#300 = EDGE_CURVE ( 'NONE', #2295, #728, #1100, .T. ) ;
#301 = ORIENTED_EDGE ( 'NONE', *, *, #1407, .T. ) ;
#302 = DIRECTION ( 'NONE',  ( 8.562723968748914288E-17, -0.000000000000000000, -1.000000000000000000 ) ) ;
#303 = CARTESIAN_POINT ( 'NONE',  ( -0.9736645563394442648, 3.880032403268802721, 47.41145707007388665 ) ) ;
#304 = ADVANCED_FACE ( 'NONE', ( #1549 ), #2219, .F. ) ;
#305 = CYLINDRICAL_SURFACE ( 'NONE', #2131, 3.999999999999996447 ) ;
#306 = CARTESIAN_POINT ( 'NONE',  ( -5.953197385062323654, 2.378759661585867047, -1.419216515221486160E-15 ) ) ;
#307 = VERTEX_POINT ( 'NONE', #1136 ) ;
#308 = DIRECTION ( 'NONE',  ( -0.000000000000000000, -0.000000000000000000, -1.000000000000000000 ) ) ;
#309 = DIRECTION ( 'NONE',  ( 1.000000000000000000, 0.000000000000000000, 0.000000000000000000 ) ) ;
#310 = ORIENTED_EDGE ( 'NONE', *, *, #351, .F. ) ;
#311 = CARTESIAN_POINT ( 'NONE',  ( 3.736649403185908103, -1.451471662430780185, -0.09817821215258486223 ) ) ;
#312 = VERTEX_POINT ( 'NONE', #2376 ) ;
#313 = CYLINDRICAL_SURFACE ( 'NONE', #2689, 2.019299999999992767 ) ;
#314 = CARTESIAN_POINT ( 'NONE',  ( 5.494931187012256579, 3.172500000000012754, 2.205239265793364956E-15 ) ) ;
#315 = CIRCLE ( 'NONE', #2428, 0.5000000000000004441 ) ;
#316 = CARTESIAN_POINT ( 'NONE',  ( 0.9999999999999943379, 3.872983346207414801, -1.182766006347816453E-16 ) ) ;
#317 = CARTESIAN_POINT ( 'NONE',  ( 5.494931187012273455, -3.172499999999985221, 2.205239265793366139E-15 ) ) ;
#318 = CARTESIAN_POINT ( 'NONE',  ( 6.200440754629881646, -1.950521583660330460, -2.500000000000000000 ) ) ;
#319 = CARTESIAN_POINT ( 'NONE',  ( 0.000000000000000000, 0.000000000000000000, 6.074420000000000819 ) ) ;
#320 = DIRECTION ( 'NONE',  ( 1.000000000000000000, 0.000000000000000000, -0.000000000000000000 ) ) ;
#321 = CONICAL_SURFACE ( 'NONE', #140, 7.345000000000005969, 0.7853981633974509435 ) ;
#322 = EDGE_LOOP ( 'NONE', ( #678, #1902 ) ) ;
#323 = DIRECTION ( 'NONE',  ( 1.000000000000000000, 0.000000000000000000, 0.000000000000000000 ) ) ;
#324 = AXIS2_PLACEMENT_3D ( 'NONE', #1003, #796, #1392 ) ;
#325 = AXIS2_PLACEMENT_3D ( 'NONE', #80, #498, #2563 ) ;
#326 = ORIENTED_EDGE ( 'NONE', *, *, #818, .T. ) ;
#327 = CARTESIAN_POINT ( 'NONE',  ( 4.345085776149885504E-16, 0.000000000000000000, 1.000000000000001776 ) ) ;
#328 = CYLINDRICAL_SURFACE ( 'NONE', #2280, 2.019299999999988771 ) ;
#329 = CIRCLE ( 'NONE', #2314, 3.999999999999998224 ) ;
#330 = CARTESIAN_POINT ( 'NONE',  ( 0.000000000000000000, 0.000000000000000000, 6.074420000000000819 ) ) ;
#331 = CARTESIAN_POINT ( 'NONE',  ( 5.725761712584885643, -2.772689801770394258, 1.100358161669797526E-13 ) ) ;
#332 = CIRCLE ( 'NONE', #1076, 2.500000000000000444 ) ;
#333 = ADVANCED_FACE ( 'NONE', ( #901 ), #313, .F. ) ;
#334 = CARTESIAN_POINT ( 'NONE',  ( 5.201358173024776809E-16, 0.000000000000000000, 1.734723475976807094E-15 ) ) ;
#335 = CARTESIAN_POINT ( 'NONE',  ( 6.499999999999999112, 0.000000000000000000, -2.500000000000000000 ) ) ;
#336 = CIRCLE ( 'NONE', #636, 2.019299999999996764 ) ;
#337 = DIRECTION ( 'NONE',  ( -0.000000000000000000, -0.000000000000000000, -1.000000000000000000 ) ) ;
#338 = ORIENTED_EDGE ( 'NONE', *, *, #143, .F. ) ;
#339 = DIRECTION ( 'NONE',  ( -1.000000000000000000, 0.000000000000000000, 0.000000000000000000 ) ) ;
#340 = ORIENTED_EDGE ( 'NONE', *, *, #1306, .F. ) ;
#341 = CARTESIAN_POINT ( 'NONE',  ( 5.201358173024776809E-16, 0.000000000000000000, 1.734723475976807094E-15 ) ) ;
#342 = ORIENTED_EDGE ( 'NONE', *, *, #967, .F. ) ;
#343 = DIRECTION ( 'NONE',  ( -1.000000000000000000, 0.000000000000000000, 0.000000000000000000 ) ) ;
#344 = CARTESIAN_POINT ( 'NONE',  ( -5.673526062751931244E-16, 0.000000000000000000, 12.70026252798339428 ) ) ;
#345 = CARTESIAN_POINT ( 'NONE',  ( 0.000000000000000000, 0.000000000000000000, -2.500000000000000000 ) ) ;
#346 = ADVANCED_FACE ( 'NONE', ( #544 ), #712, .T. ) ;
#347 = DIRECTION ( 'NONE',  ( 0.000000000000000000, -1.000000000000000000, 0.000000000000000000 ) ) ;
#348 = CARTESIAN_POINT ( 'NONE',  ( -2.646998299961674128, 6.345000000000000639, 12.17026252798339669 ) ) ;
#349 = VERTEX_POINT ( 'NONE', #1966 ) ;
#350 = CARTESIAN_POINT ( 'NONE',  ( 1.000000000000000000, 3.872983346207414801, 47.67441999999999069 ) ) ;
#351 = EDGE_CURVE ( 'NONE', #807, #349, #1634, .T. ) ;
#352 = EDGE_CURVE ( 'NONE', #921, #286, #758, .T. ) ;
#353 = ORIENTED_EDGE ( 'NONE', *, *, #1277, .T. ) ;
#354 = DIRECTION ( 'NONE',  ( -0.000000000000000000, 0.000000000000000000, 1.000000000000000000 ) ) ;
#355 = ORIENTED_EDGE ( 'NONE', *, *, #1693, .F. ) ;
#356 = CARTESIAN_POINT ( 'NONE',  ( -3.815655849003003919, -1.200320974560200371, -2.500000000000000000 ) ) ;
#357 = CARTESIAN_POINT ( 'NONE',  ( -0.4508262295167524969, 6.344999999999999751, 2.565239280759647788E-15 ) ) ;
#358 = CIRCLE ( 'NONE', #1588, 3.999999999999998224 ) ;
#359 = CARTESIAN_POINT ( 'NONE',  ( 0.4495322074056270489, -6.345000000000003304, 12.70026252798339250 ) ) ;
#360 = CARTESIAN_POINT ( 'NONE',  ( -7.315826248793691811, 8.959303198703381747E-16, 21.07441999999999993 ) ) ;
#361 = CARTESIAN_POINT ( 'NONE',  ( 0.000000000000000000, 0.000000000000000000, -2.500000000000000000 ) ) ;
#362 = ORIENTED_EDGE ( 'NONE', *, *, #14, .F. ) ;
#363 = DIRECTION ( 'NONE',  ( 1.182766006347823109E-16, 0.000000000000000000, 1.000000000000000000 ) ) ;
#364 = B_SPLINE_CURVE_WITH_KNOTS ( 'NONE', 3,
 ( #2274, #1602, #1191, #2691 ),
 .UNSPECIFIED., .F., .F.,
 ( 4, 4 ),
 ( 0.000000000000000000, 0.001383235652293520433 ),
 .UNSPECIFIED. ) ;
#365 = ORIENTED_EDGE ( 'NONE', *, *, #2712, .T. ) ;
#366 = EDGE_CURVE ( 'NONE', #1960, #1020, #1202, .T. ) ;
#367 = AXIS2_PLACEMENT_3D ( 'NONE', #233, #1045, #1654 ) ;
#368 = CIRCLE ( 'NONE', #1857, 2.500000000000000000 ) ;
#369 = ORIENTED_EDGE ( 'NONE', *, *, #2020, .F. ) ;
#370 = DIRECTION ( 'NONE',  ( 0.000000000000000000, -0.000000000000000000, -1.000000000000000000 ) ) ;
#371 = VECTOR ( 'NONE', #1184, 1000.000000000000000 ) ;
#372 = CARTESIAN_POINT ( 'NONE',  ( -4.171432037031416407, -5.464867771541038977, 21.07441999999999993 ) ) ;
#373 = AXIS2_PLACEMENT_3D ( 'NONE', #2108, #823, #1691 ) ;
#374 = DIRECTION ( 'NONE',  ( 1.000000000000000000, 0.000000000000000000, 7.885106708985486569E-17 ) ) ;
#375 = CARTESIAN_POINT ( 'NONE',  ( 4.171432037031427953, -5.464867771541032759, 21.07441999999999993 ) ) ;
#376 = CARTESIAN_POINT ( 'NONE',  ( 0.000000000000000000, 0.000000000000000000, 44.22442000000000206 ) ) ;
#377 = AXIS2_PLACEMENT_3D ( 'NONE', #1939, #1296, #1069 ) ;
#378 = AXIS2_PLACEMENT_3D ( 'NONE', #1967, #736, #1347 ) ;
#379 = ORIENTED_EDGE ( 'NONE', *, *, #845, .T. ) ;
#380 = PLANE ( 'NONE',  #539 ) ;
#381 = LOCAL_TIME ( 13, 21, 42.00000000000000000, #2301 ) ;
#382 = VERTEX_POINT ( 'NONE', #1168 ) ;
#383 = DIRECTION ( 'NONE',  ( 1.000000000000000000, 0.000000000000000000, 7.885106708985486569E-17 ) ) ;
#384 = EDGE_CURVE ( 'NONE', #2488, #428, #944, .T. ) ;
#385 = ORIENTED_EDGE ( 'NONE', *, *, #259, .T. ) ;
#386 = CARTESIAN_POINT ( 'NONE',  ( 5.913067471095611261, 2.347513355248211475, -0.004809626501416526360 ) ) ;
#387 = EDGE_CURVE ( 'NONE', #2696, #2169, #2390, .T. ) ;
#388 = CARTESIAN_POINT ( 'NONE',  ( 4.597911503697612368, 4.726183666890316992, 0.2015955132410281736 ) ) ;
#389 = DIRECTION ( 'NONE',  ( -1.000000000000000000, 0.000000000000000000, 0.000000000000000000 ) ) ;
#390 = ORIENTED_EDGE ( 'NONE', *, *, #204, .T. ) ;
#391 = DIRECTION ( 'NONE',  ( -1.000000000000000000, 0.000000000000000000, 0.000000000000000000 ) ) ;
#392 = FACE_OUTER_BOUND ( 'NONE', #1039, .T. ) ;
#393 = VERTEX_POINT ( 'NONE', #2037 ) ;
#394 = EDGE_LOOP ( 'NONE', ( #2109, #1823, #1647, #1344 ) ) ;
#395 = DIRECTION ( 'NONE',  ( -0.000000000000000000, -0.000000000000000000, -1.000000000000000000 ) ) ;
#396 = EDGE_CURVE ( 'NONE', #1458, #1786, #1818, .T. ) ;
#397 = CARTESIAN_POINT ( 'NONE',  ( -3.794707603699265519E-15, 0.000000000000000000, 75.67441999999999780 ) ) ;
#398 = DIRECTION ( 'NONE',  ( 0.8571673007021092250, 1.049727191138614998E-16, -0.5150380749100592626 ) ) ;
#399 = AXIS2_PLACEMENT_3D ( 'NONE', #871, #1062, #1482 ) ;
#400 = ORIENTED_EDGE ( 'NONE', *, *, #1195, .F. ) ;
#401 = DIRECTION ( 'NONE',  ( -1.000000000000000000, 0.000000000000000000, 0.000000000000000000 ) ) ;
#402 = CARTESIAN_POINT ( 'NONE',  ( -2.646998299961668355, -6.345000000000003304, 21.07441999999999993 ) ) ;
#403 = ORIENTED_EDGE ( 'NONE', *, *, #861, .F. ) ;
#404 = SHAPE_DEFINITION_REPRESENTATION ( #971, #583 ) ;
#405 = CIRCLE ( 'NONE', #1375, 7.315826248793691811 ) ;
#406 = ORIENTED_EDGE ( 'NONE', *, *, #33, .T. ) ;
#407 = CARTESIAN_POINT ( 'NONE',  ( 0.4616610511452330368, -6.344999999999999751, 1.101418059748944713E-13 ) ) ;
#408 = LINE ( 'NONE', #2727, #289 ) ;
#409 = AXIS2_PLACEMENT_3D ( 'NONE', #1431, #2246, #2660 ) ;
#410 = AXIS2_PLACEMENT_3D ( 'NONE', #1981, #1109, #917 ) ;
#411 = DIRECTION ( 'NONE',  ( -0.000000000000000000, -0.000000000000000000, -1.000000000000000000 ) ) ;
#412 = EDGE_CURVE ( 'NONE', #1750, #129, #1618, .T. ) ;
#413 = DIRECTION ( 'NONE',  ( 0.000000000000000000, 1.000000000000000000, 0.000000000000000000 ) ) ;
#414 = AXIS2_PLACEMENT_3D ( 'NONE', #2015, #2233, #134 ) ;
#415 = EDGE_CURVE ( 'NONE', #2206, #1770, #1855, .T. ) ;
#416 = EDGE_LOOP ( 'NONE', ( #876, #1575, #504, #2173 ) ) ;
#417 = CONICAL_SURFACE ( 'NONE', #2354, 7.345000000000005969, 0.7853981633974509435 ) ;
#418 = FACE_OUTER_BOUND ( 'NONE', #2201, .T. ) ;
#419 = CONICAL_SURFACE ( 'NONE', #2003, 6.344999999999999751, 0.7853981633974509435 ) ;
#420 = ORIENTED_EDGE ( 'NONE', *, *, #881, .F. ) ;
#421 = PERSON_AND_ORGANIZATION_ROLE ( 'classification_officer' ) ;
#422 = ORIENTED_EDGE ( 'NONE', *, *, #2674, .F. ) ;
#423 = CARTESIAN_POINT ( 'NONE',  ( 3.999999999999998224, 4.898587196589410857E-16, -31.17558000000002139 ) ) ;
#424 = CARTESIAN_POINT ( 'NONE',  ( 1.315785013939890889E-16, 2.799999999999999822, 46.67441999999999069 ) ) ;
#425 = CARTESIAN_POINT ( 'NONE',  ( 0.000000000000000000, 0.000000000000000000, -2.500000000000000000 ) ) ;
#426 = DIRECTION ( 'NONE',  ( 8.562723968748914288E-17, -0.000000000000000000, -1.000000000000000000 ) ) ;
#427 = EDGE_CURVE ( 'NONE', #1779, #248, #1783, .T. ) ;
#428 = VERTEX_POINT ( 'NONE', #778 ) ;
#429 = FACE_OUTER_BOUND ( 'NONE', #1232, .T. ) ;
#430 = CYLINDRICAL_SURFACE ( 'NONE', #761, 6.345000000000000639 ) ;
#431 = ORIENTED_EDGE ( 'NONE', *, *, #77, .T. ) ;
#432 = ORIENTED_EDGE ( 'NONE', *, *, #1277, .F. ) ;
#433 = CARTESIAN_POINT ( 'NONE',  ( -3.608912688043208750, 1.749363449350350042, -2.495181107614498295 ) ) ;
#434 = CARTESIAN_POINT ( 'NONE',  ( 1.411019135235247912, 6.344999999999997087, -2.500000000000000000 ) ) ;
#435 = CARTESIAN_POINT ( 'NONE',  ( -1.411019135235237254, -6.345000000000002416, 0.000000000000000000 ) ) ;
#436 = DIRECTION ( 'NONE',  ( -0.6760736025137944472, 0.7368340952914842479, -2.556406806004539267E-16 ) ) ;
#437 = CARTESIAN_POINT ( 'NONE',  ( -1.411019135235229927, 6.345000000000000639, 0.000000000000000000 ) ) ;
#438 = EDGE_LOOP ( 'NONE', ( #219, #1956, #1973, #910 ) ) ;
#439 = DIRECTION ( 'NONE',  ( -2.367714103604666796E-16, 1.000000000000000000, 0.000000000000000000 ) ) ;
#440 = DIRECTION ( 'NONE',  ( 8.562723968748914288E-17, -0.000000000000000000, -1.000000000000000000 ) ) ;
#441 = ORIENTED_EDGE ( 'NONE', *, *, #1121, .T. ) ;
#442 = APPROVAL_ROLE ( '' ) ;
#443 = ADVANCED_FACE ( 'NONE', ( #998, #2465 ), #2263, .T. ) ;
#444 = EDGE_LOOP ( 'NONE', ( #762, #1546 ) ) ;
#445 = PLANE ( 'NONE',  #1765 ) ;
#446 = CARTESIAN_POINT ( 'NONE',  ( 4.171432037031423512, 5.464867771541034536, 12.17026252798339669 ) ) ;
#447 = CYLINDRICAL_SURFACE ( 'NONE', #1865, 3.999999999999998224 ) ;
#448 = CIRCLE ( 'NONE', #1248, 4.999999999999995559 ) ;
#449 = DIRECTION ( 'NONE',  ( -0.000000000000000000, -0.000000000000000000, -1.000000000000000000 ) ) ;
#450 = CIRCLE ( 'NONE', #1994, 2.500000000000000444 ) ;
#451 = CARTESIAN_POINT ( 'NONE',  ( 1.411019135235246136, 6.345000000000000639, 0.000000000000000000 ) ) ;
#452 = AXIS2_PLACEMENT_3D ( 'NONE', #2160, #1942, #1353 ) ;
#453 = ORIENTED_EDGE ( 'NONE', *, *, #396, .T. ) ;
#454 = CARTESIAN_POINT ( 'NONE',  ( 0.000000000000000000, 0.000000000000000000, 43.72442000000000206 ) ) ;
#455 = CIRCLE ( 'NONE', #507, 0.2500000000000002220 ) ;
#456 = ORIENTED_EDGE ( 'NONE', *, *, #1064, .F. ) ;
#457 = AXIS2_PLACEMENT_3D ( 'NONE', #1169, #1950, #119 ) ;
#458 = ORIENTED_EDGE ( 'NONE', *, *, #1814, .T. ) ;
#459 = EDGE_CURVE ( 'NONE', #1698, #2161, #42, .T. ) ;
#460 = CARTESIAN_POINT ( 'NONE',  ( -2.947336381165924557, 2.704294410055189335, -2.500000000000000000 ) ) ;
#461 = AXIS2_PLACEMENT_3D ( 'NONE', #254, #2135, #1220 ) ;
#462 = CARTESIAN_POINT ( 'NONE',  ( 2.019299999999992767, 0.000000000000000000, 60.59697999999999496 ) ) ;
#463 = ADVANCED_FACE ( 'NONE', ( #658 ), #1312, .F. ) ;
#464 = CARTESIAN_POINT ( 'NONE',  ( 4.600232578293117491, 4.722163447762748767, 12.46686670383206952 ) ) ;
#465 = CARTESIAN_POINT ( 'NONE',  ( -0.8683194678370640407, 3.904615384615384155, -2.500000000000000000 ) ) ;
#466 = ADVANCED_FACE ( 'NONE', ( #281 ), #622, .T. ) ;
#467 = CARTESIAN_POINT ( 'NONE',  ( 2.947336381165935659, 2.704294410055176900, -2.500000000000000000 ) ) ;
#468 = ORIENTED_EDGE ( 'NONE', *, *, #1639, .F. ) ;
#469 = DIRECTION ( 'NONE',  ( 0.000000000000000000, 0.000000000000000000, -1.000000000000000000 ) ) ;
#470 = CARTESIAN_POINT ( 'NONE',  ( 6.818430336993102969, -0.8801322284589614409, 21.07441999999999993 ) ) ;
#471 = ORIENTED_EDGE ( 'NONE', *, *, #682, .F. ) ;
#472 = CARTESIAN_POINT ( 'NONE',  ( -6.605639090937293290, -1.248697478033511388, 0.3661431079108501407 ) ) ;
#473 = ORIENTED_EDGE ( 'NONE', *, *, #1037, .T. ) ;
#474 = DIRECTION ( 'NONE',  ( 1.224646799147353207E-16, 1.000000000000000000, -0.000000000000000000 ) ) ;
#475 = CARTESIAN_POINT ( 'NONE',  ( 3.125336034131258600, 2.510297476979367559, -0.09817821215242372723 ) ) ;
#476 = FACE_OUTER_BOUND ( 'NONE', #1899, .T. ) ;
#477 = CARTESIAN_POINT ( 'NONE',  ( -5.673526062751931244E-16, 0.000000000000000000, 12.70026252798339428 ) ) ;
#478 = CARTESIAN_POINT ( 'NONE',  ( 1.476175530980618904E-14, -6.345000000000000639, 1.734723475976808278E-15 ) ) ;
#479 = B_SPLINE_CURVE_WITH_KNOTS ( 'NONE', 3,
 ( #2070, #1269, #604, #1912, #1446, #811 ),
 .UNSPECIFIED., .F., .F.,
 ( 4, 2, 4 ),
 ( 0.000000000000000000, 0.0008801577789270213087, 0.001760315557854042617 ),
 .UNSPECIFIED. ) ;
#480 = EDGE_CURVE ( 'NONE', #63, #921, #2175, .T. ) ;
#481 = ORIENTED_EDGE ( 'NONE', *, *, #2190, .F. ) ;
#482 = DIRECTION ( 'NONE',  ( -1.000000000000000000, 0.000000000000000000, 0.000000000000000000 ) ) ;
#483 = DIRECTION ( 'NONE',  ( -0.000000000000000000, -0.000000000000000000, -1.000000000000000000 ) ) ;
#484 = VERTEX_POINT ( 'NONE', #2635 ) ;
#485 = CARTESIAN_POINT ( 'NONE',  ( 0.000000000000000000, 0.000000000000000000, 24.89024624879370506 ) ) ;
#486 = ORIENTED_EDGE ( 'NONE', *, *, #47, .F. ) ;
#487 = DIRECTION ( 'NONE',  ( -0.000000000000000000, -0.000000000000000000, 1.000000000000000000 ) ) ;
#488 = CARTESIAN_POINT ( 'NONE',  ( 5.259742372410928013, 3.579858976261339087, -2.134828058157500947E-15 ) ) ;
#489 = DIRECTION ( 'NONE',  ( -1.000000000000000000, 0.000000000000000000, 0.000000000000000000 ) ) ;
#490 = PRODUCT_DEFINITION ( 'UNKNOWN', '', #2360, #873 ) ;
#491 = ORIENTED_EDGE ( 'NONE', *, *, #2170, .T. ) ;
#492 = CARTESIAN_POINT ( 'NONE',  ( -5.266461435382940870, 3.568221217814622648, -4.653599012215125274E-15 ) ) ;
#493 = DIRECTION ( 'NONE',  ( -1.000000000000000000, 0.000000000000000000, -1.367000375080226176E-16 ) ) ;
#494 = AXIS2_PLACEMENT_3D ( 'NONE', #1130, #1337, #1162 ) ;
#495 = ORIENTED_EDGE ( 'NONE', *, *, #415, .F. ) ;
#496 = EDGE_CURVE ( 'NONE', #1932, #849, #2669, .T. ) ;
#497 = FACE_OUTER_BOUND ( 'NONE', #125, .T. ) ;
#498 = DIRECTION ( 'NONE',  ( -0.000000000000000000, -0.000000000000000000, -1.000000000000000000 ) ) ;
#499 = ADVANCED_FACE ( 'NONE', ( #719 ), #1118, .F. ) ;
#500 = AXIS2_PLACEMENT_3D ( 'NONE', #2257, #566, #2045 ) ;
#501 = EDGE_LOOP ( 'NONE', ( #2254, #1534, #2607, #2678 ) ) ;
#502 = EDGE_CURVE ( 'NONE', #1252, #166, #2374, .T. ) ;
#503 = AXIS2_PLACEMENT_3D ( 'NONE', #2071, #413, #200 ) ;
#504 = ORIENTED_EDGE ( 'NONE', *, *, #2675, .F. ) ;
#505 = CARTESIAN_POINT ( 'NONE',  ( -7.315826248793691811, 0.000000000000000000, 24.89024624879370506 ) ) ;
#506 = DIRECTION ( 'NONE',  ( 0.2170798669592660379, -0.9761538461538463718, 0.000000000000000000 ) ) ;
#507 = AXIS2_PLACEMENT_3D ( 'NONE', #1316, #272, #915 ) ;
#508 = CARTESIAN_POINT ( 'NONE',  ( -5.673526062751931244E-16, 0.000000000000000000, 12.70026252798339428 ) ) ;
#509 = CARTESIAN_POINT ( 'NONE',  ( -4.171432037031422624, 5.464867771541034536, 0.5299999999999978062 ) ) ;
#510 = DIRECTION ( 'NONE',  ( -0.000000000000000000, -0.000000000000000000, 1.000000000000000000 ) ) ;
#511 = MANIFOLD_SOLID_BREP ( 'Cut-Extrude1', #879 ) ;
#512 = ORIENTED_EDGE ( 'NONE', *, *, #1842, .F. ) ;
#513 = CARTESIAN_POINT ( 'NONE',  ( 4.345085776149885504E-16, 0.000000000000000000, 1.000000000000001776 ) ) ;
#514 = DIRECTION ( 'NONE',  ( 0.000000000000000000, 0.000000000000000000, 1.000000000000000000 ) ) ;
#515 = EDGE_LOOP ( 'NONE', ( #595, #1741, #295 ) ) ;
#516 = VERTEX_POINT ( 'NONE', #50 ) ;
#517 = EDGE_CURVE ( 'NONE', #849, #1371, #228, .T. ) ;
#518 = CARTESIAN_POINT ( 'NONE',  ( -3.999999999999996447, 0.000000000000000000, 44.22442000000000206 ) ) ;
#519 = CARTESIAN_POINT ( 'NONE',  ( 4.699724265804114118E-13, 4.000000000001080025, 46.67441999999564928 ) ) ;
#520 = CARTESIAN_POINT ( 'NONE',  ( -3.727488050077169213, -1.480594322102385840, -2.500000000000000444 ) ) ;
#521 = B_SPLINE_CURVE_WITH_KNOTS ( 'NONE', 3,
 ( #1661, #1870, #1268, #2321, #1454, #1229 ),
 .UNSPECIFIED., .F., .F.,
 ( 4, 2, 4 ),
 ( 0.000000000000000000, 0.0008801577789270255371, 0.001760315557854051942 ),
 .UNSPECIFIED. ) ;
#522 = DIRECTION ( 'NONE',  ( -0.000000000000000000, -0.000000000000000000, 1.000000000000000000 ) ) ;
#523 = CARTESIAN_POINT ( 'NONE',  ( 4.999999999999996447, 7.289471349060531401E-16, 24.89024624879370506 ) ) ;
#524 = CYLINDRICAL_SURFACE ( 'NONE', #2391, 6.345000000000000639 ) ;
#525 = CARTESIAN_POINT ( 'NONE',  ( 0.1309314359216609269, 3.999999999999971578, 46.67442000000009728 ) ) ;
#526 = ORIENTED_EDGE ( 'NONE', *, *, #2387, .T. ) ;
#527 = CARTESIAN_POINT ( 'NONE',  ( 2.947336381165928110, -2.704294410055184450, 3.903127820947815962E-15 ) ) ;
#528 = ORIENTED_EDGE ( 'NONE', *, *, #1228, .T. ) ;
#529 = CARTESIAN_POINT ( 'NONE',  ( -4.999999999999995559, 0.000000000000000000, 24.89024624879370506 ) ) ;
#530 = CARTESIAN_POINT ( 'NONE',  ( 4.675212334624468724, 4.289687007950025333, -0.004809626501416433553 ) ) ;
#531 = EDGE_CURVE ( 'NONE', #261, #35, #448, .T. ) ;
#532 = AXIS2_PLACEMENT_3D ( 'NONE', #505, #1368, #929 ) ;
#533 = EDGE_LOOP ( 'NONE', ( #1726, #2462, #458, #870, #2089 ) ) ;
#534 = DIRECTION ( 'NONE',  ( 0.3000802436400520912, -0.9539139622507509797, 0.000000000000000000 ) ) ;
#535 = CARTESIAN_POINT ( 'NONE',  ( 0.000000000000000000, 0.000000000000000000, -2.500000000000000000 ) ) ;
#536 = CARTESIAN_POINT ( 'NONE',  ( 1.794086736706459906, -6.345000000000003304, 12.46574974438529537 ) ) ;
#537 = DIRECTION ( 'NONE',  ( -1.000000000000000000, 0.000000000000000000, 0.000000000000000000 ) ) ;
#538 = LINE ( 'NONE', #2062, #2088 ) ;
#539 = AXIS2_PLACEMENT_3D ( 'NONE', #2449, #176, #363 ) ;
#540 = ORIENTED_EDGE ( 'NONE', *, *, #2281, .F. ) ;
#541 = CONICAL_SURFACE ( 'NONE', #2529, 6.344999999999999751, 0.7853981633974509435 ) ;
#542 = AXIS2_PLACEMENT_3D ( 'NONE', #2243, #737, #343 ) ;
#543 = EDGE_LOOP ( 'NONE', ( #175, #2182, #2004, #1180, #1096, #456, #369 ) ) ;
#544 = FACE_OUTER_BOUND ( 'NONE', #416, .T. ) ;
#545 = DIRECTION ( 'NONE',  ( -0.000000000000000000, -0.000000000000000000, -1.000000000000000000 ) ) ;
#546 = AXIS2_PLACEMENT_3D ( 'NONE', #454, #278, #2577 ) ;
#547 = EDGE_CURVE ( 'NONE', #1586, #1736, #2633, .T. ) ;
#548 = AXIS2_PLACEMENT_3D ( 'NONE', #576, #522, #783 ) ;
#549 = EDGE_CURVE ( 'NONE', #997, #1788, #2237, .T. ) ;
#550 = DIRECTION ( 'NONE',  ( 0.7071067811865574537, 8.659560562355054885E-17, -0.7071067811865376918 ) ) ;
#551 = CARTESIAN_POINT ( 'NONE',  ( 5.949099321069198254, -2.385857716634628201, 12.65007496283670818 ) ) ;
#552 = AXIS2_PLACEMENT_3D ( 'NONE', #705, #1757, #2377 ) ;
#553 = ORIENTED_EDGE ( 'NONE', *, *, #366, .F. ) ;
#554 = EDGE_CURVE ( 'NONE', #853, #849, #1415, .T. ) ;
#555 = EDGE_CURVE ( 'NONE', #2090, #1760, #364, .T. ) ;
#556 = FACE_OUTER_BOUND ( 'NONE', #2476, .T. ) ;
#557 = CC_DESIGN_APPROVAL ( #924, ( #2007 ) ) ;
#558 = CARTESIAN_POINT ( 'NONE',  ( -0.4495322074056274375, 6.345000000000000639, 12.70026252798339605 ) ) ;
#559 = ORIENTED_EDGE ( 'NONE', *, *, #1930, .F. ) ;
#560 = DIRECTION ( 'NONE',  ( -0.000000000000000000, 0.000000000000000000, 1.000000000000000000 ) ) ;
#561 = ORIENTED_EDGE ( 'NONE', *, *, #1541, .F. ) ;
#562 = ORIENTED_EDGE ( 'NONE', *, *, #2423, .F. ) ;
#563 = LINE ( 'NONE', #959, #1905 ) ;
#564 = CARTESIAN_POINT ( 'NONE',  ( 4.747533802681087321E-16, 0.000000000000000000, 0.5299999999999981393 ) ) ;
#565 = CARTESIAN_POINT ( 'NONE',  ( -0.9999999999999967804, 2.799999999999999822, 69.67441999999998359 ) ) ;
#566 = DIRECTION ( 'NONE',  ( -8.562723968748914288E-17, 0.000000000000000000, 1.000000000000000000 ) ) ;
#567 = CARTESIAN_POINT ( 'NONE',  ( -0.9079770403824325431, 6.345000000000000639, 12.65029078789208761 ) ) ;
#568 = ADVANCED_FACE ( 'NONE', ( #2665 ), #380, .T. ) ;
#569 = ORIENTED_EDGE ( 'NONE', *, *, #1154, .T. ) ;
#570 = CARTESIAN_POINT ( 'NONE',  ( 4.675212334624469612, -4.289687007950024444, -0.004809626501416433553 ) ) ;
#571 = ORIENTED_EDGE ( 'NONE', *, *, #459, .F. ) ;
#572 = CARTESIAN_POINT ( 'NONE',  ( 5.953197385062317437, 2.378759661585883478, 12.70026252798339783 ) ) ;
#573 = DIRECTION ( 'NONE',  ( 0.000000000000000000, -1.000000000000000000, 0.000000000000000000 ) ) ;
#574 = EDGE_LOOP ( 'NONE', ( #571, #1710, #2278, #1490 ) ) ;
#575 = DIRECTION ( 'NONE',  ( 1.000000000000000000, 0.000000000000000000, 0.000000000000000000 ) ) ;
#576 = CARTESIAN_POINT ( 'NONE',  ( -3.794707603699265519E-15, 0.000000000000000000, 60.59697999999999496 ) ) ;
#577 = CARTESIAN_POINT ( 'NONE',  ( 0.000000000000000000, 0.000000000000000000, 44.22442000000000206 ) ) ;
#578 = CARTESIAN_POINT ( 'NONE',  ( -6.529798459626823042E-16, 0.000000000000000000, 13.70026252798339428 ) ) ;
#579 = CARTESIAN_POINT ( 'NONE',  ( -2.224956175735655073, 6.344999999999999751, 12.33275631494172053 ) ) ;
#580 = EDGE_CURVE ( 'NONE', #892, #1620, #1824, .T. ) ;
#581 = ORIENTED_EDGE ( 'NONE', *, *, #769, .F. ) ;
#582 = CYLINDRICAL_SURFACE ( 'NONE', #1679, 7.315826248793691811 ) ;
#583 = ADVANCED_BREP_SHAPE_REPRESENTATION ( 'REV-21-2807', ( #511, #1475 ), #2450 ) ;
#584 = ORIENTED_EDGE ( 'NONE', *, *, #1195, .T. ) ;
#585 = ADVANCED_FACE ( 'NONE', ( #1837 ), #2123, .F. ) ;
#586 = APPLICATION_PROTOCOL_DEFINITION ( 'international standard', 'config_control_design', 1994, #1840 ) ;
#587 = CIRCLE ( 'NONE', #1600, 6.345000000000000639 ) ;
#588 = ORIENTED_EDGE ( 'NONE', *, *, #1675, .F. ) ;
#589 = DIRECTION ( 'NONE',  ( 8.562723968748914288E-17, -0.000000000000000000, -1.000000000000000000 ) ) ;
#590 = AXIS2_PLACEMENT_3D ( 'NONE', #1188, #975, #2646 ) ;
#591 = DIRECTION ( 'NONE',  ( -0.000000000000000000, -0.000000000000000000, -1.000000000000000000 ) ) ;
#592 = CARTESIAN_POINT ( 'NONE',  ( -6.344999999999999751, 8.364843569646668024E-16, 13.70026252798339428 ) ) ;
#593 = LINE ( 'NONE', #2729, #1825 ) ;
#594 = TOROIDAL_SURFACE ( 'NONE', #1073, 6.499999999999999112, 2.500000000000000000 ) ;
#595 = ORIENTED_EDGE ( 'NONE', *, *, #2703, .F. ) ;
#596 = CARTESIAN_POINT ( 'NONE',  ( 5.341038784982858445, 0.000000000000000000, 6.074420000000000819 ) ) ;
#597 = FACE_OUTER_BOUND ( 'NONE', #684, .T. ) ;
#598 = ORIENTED_EDGE ( 'NONE', *, *, #1324, .F. ) ;
#599 = CARTESIAN_POINT ( 'NONE',  ( 0.000000000000000000, 0.000000000000000000, -31.42558000000000007 ) ) ;
#600 = DIRECTION ( 'NONE',  ( -0.000000000000000000, -0.000000000000000000, 1.000000000000000000 ) ) ;
#601 = ADVANCED_FACE ( 'NONE', ( #2705 ), #582, .T. ) ;
#602 = VERTEX_POINT ( 'NONE', #570 ) ;
#603 = CYLINDRICAL_SURFACE ( 'NONE', #239, 6.345000000000000639 ) ;
#604 = CARTESIAN_POINT ( 'NONE',  ( -0.2876688479782038010, 4.000190237930824289, -2.495171170258112081 ) ) ;
#605 = DIRECTION ( 'NONE',  ( 0.000000000000000000, -1.000000000000000000, 0.000000000000000000 ) ) ;
#606 = ORIENTED_EDGE ( 'NONE', *, *, #1015, .T. ) ;
#607 = CARTESIAN_POINT ( 'NONE',  ( -4.999999999999995559, 0.000000000000000000, 0.000000000000000000 ) ) ;
#608 = CARTESIAN_POINT ( 'NONE',  ( -0.4508262295167383971, -6.345000000000003304, 12.70026252798339428 ) ) ;
#609 = CC_DESIGN_PERSON_AND_ORGANIZATION_ASSIGNMENT ( #2316, #10, ( #2455 ) ) ;
#610 = EDGE_LOOP ( 'NONE', ( #495, #353, #1032, #755 ) ) ;
#611 = APPROVAL_STATUS ( 'not_yet_approved' ) ;
#612 = ORIENTED_EDGE ( 'NONE', *, *, #2739, .F. ) ;
#613 = CARTESIAN_POINT ( 'NONE',  ( 4.249999999999996447, 5.204748896376247741E-16, 43.97442000000000206 ) ) ;
#614 = EDGE_CURVE ( 'NONE', #2507, #1056, #1513, .T. ) ;
#615 = DIRECTION ( 'NONE',  ( -0.000000000000000000, 0.000000000000000000, 1.000000000000000000 ) ) ;
#616 = DIRECTION ( 'NONE',  ( 0.000000000000000000, 0.000000000000000000, 1.000000000000000000 ) ) ;
#617 = FACE_OUTER_BOUND ( 'NONE', #1656, .T. ) ;
#618 = VERTEX_POINT ( 'NONE', #350 ) ;
#619 = CYLINDRICAL_SURFACE ( 'NONE', #1992, 6.875000000000000000 ) ;
#620 = LINE ( 'NONE', #402, #2349 ) ;
#621 = EDGE_LOOP ( 'NONE', ( #2528, #1438, #1797, #2681, #1174, #431, #584, #232, #1077, #2502 ) ) ;
#622 = CONICAL_SURFACE ( 'NONE', #2080, 3.750000000000031086, 0.7853981633974239651 ) ;
#623 = ORIENTED_EDGE ( 'NONE', *, *, #1759, .F. ) ;
#624 = EDGE_CURVE ( 'NONE', #1383, #1838, #2033, .T. ) ;
#625 = CARTESIAN_POINT ( 'NONE',  ( 2.435947610572414490, 6.345000000000001528, 12.25152082849527702 ) ) ;
#626 = AXIS2_PLACEMENT_3D ( 'NONE', #2429, #1175, #2014 ) ;
#627 = CIRCLE ( 'NONE', #891, 2.500000000000000888 ) ;
#628 = CARTESIAN_POINT ( 'NONE',  ( 1.000000000000002665, 2.799999999999999822, 69.67441999999998359 ) ) ;
#629 = DIRECTION ( 'NONE',  ( -1.000000000000000000, 0.000000000000000000, 0.000000000000000000 ) ) ;
#630 = ADVANCED_FACE ( 'NONE', ( #136 ), #1552, .F. ) ;
#631 = VERTEX_POINT ( 'NONE', #1223 ) ;
#632 = CIRCLE ( 'NONE', #988, 6.875000000000000000 ) ;
#633 = CARTESIAN_POINT ( 'NONE',  ( -6.052584090481021306, -1.904009145896099930, -0.004809626501416433553 ) ) ;
#634 = VECTOR ( 'NONE', #2061, 1000.000000000000000 ) ;
#635 = ORIENTED_EDGE ( 'NONE', *, *, #1402, .T. ) ;
#636 = AXIS2_PLACEMENT_3D ( 'NONE', #1211, #600, #2076 ) ;
#637 = VERTEX_POINT ( 'NONE', #2064 ) ;
#638 = DIRECTION ( 'NONE',  ( -1.000000000000000000, 1.224646799147351482E-16, 0.000000000000000000 ) ) ;
#639 = DIRECTION ( 'NONE',  ( -0.000000000000000000, -0.000000000000000000, -1.000000000000000000 ) ) ;
#640 = CARTESIAN_POINT ( 'NONE',  ( 5.266461435382933765, 3.568221217814638635, 12.70026252798339783 ) ) ;
#641 = CARTESIAN_POINT ( 'NONE',  ( 0.000000000000000000, 0.000000000000000000, 17.57441999999999283 ) ) ;
#642 = VERTEX_POINT ( 'NONE', #163 ) ;
#643 = B_SPLINE_CURVE_WITH_KNOTS ( 'NONE', 3,
 ( #6, #1018, #2720, #1460, #865, #825, #2099, #2126, #177, #217, #1859, #2542, #1057, #1489, #2708, #1477, #1917, #2288 ),
 .UNSPECIFIED., .F., .F.,
 ( 4, 2, 2, 2, 2, 2, 2, 2, 4 ),
 ( 2.168404344971008868E-19, 0.0003922453746967453610, 0.0007844907493934905052, 0.001176736124090235541, 0.001568981498786980794, 0.001961226873483726263, 0.002353472248180470648, 0.002745717622877215901, 0.003137962997573961153 ),
 .UNSPECIFIED. ) ;
#644 = DIRECTION ( 'NONE',  ( -1.000000000000000000, 0.000000000000000000, 0.000000000000000000 ) ) ;
#645 = EDGE_CURVE ( 'NONE', #953, #1838, #405, .T. ) ;
#646 = ORIENTED_EDGE ( 'NONE', *, *, #1592, .T. ) ;
#647 = VERTEX_POINT ( 'NONE', #1246 ) ;
#648 = CARTESIAN_POINT ( 'NONE',  ( -2.947336381165925445, 2.704294410055188447, 4.770489558936219510E-15 ) ) ;
#649 = CARTESIAN_POINT ( 'NONE',  ( -5.673526062751931244E-16, 0.000000000000000000, 12.70026252798339428 ) ) ;
#650 = CARTESIAN_POINT ( 'NONE',  ( 0.8683194678370618202, -3.904615384615385043, -2.500000000000000444 ) ) ;
#651 = DIRECTION ( 'NONE',  ( 8.562723968748914288E-17, -0.000000000000000000, -1.000000000000000000 ) ) ;
#652 = CARTESIAN_POINT ( 'NONE',  ( -5.219701692408240770E-16, 0.000000000000000000, 12.17026252798339669 ) ) ;
#653 = ORIENTED_EDGE ( 'NONE', *, *, #751, .T. ) ;
#654 = DIRECTION ( 'NONE',  ( -1.000000000000000000, 0.000000000000000000, 0.000000000000000000 ) ) ;
#655 = CIRCLE ( 'NONE', #2213, 0.2500000000000002220 ) ;
#656 = EDGE_LOOP ( 'NONE', ( #2388, #925, #441, #178 ) ) ;
#657 = ADVANCED_FACE ( 'NONE', ( #429 ), #1459, .F. ) ;
#658 = FACE_OUTER_BOUND ( 'NONE', #1529, .T. ) ;
#659 = PERSON_AND_ORGANIZATION ( #154, #1260 ) ;
#660 = VERTEX_POINT ( 'NONE', #2125 ) ;
#661 = EDGE_CURVE ( 'NONE', #2236, #261, #249, .T. ) ;
#662 = ADVANCED_FACE ( 'NONE', ( #1900 ), #1284, .F. ) ;
#663 = CARTESIAN_POINT ( 'NONE',  ( -5.969996256569586990, 2.349663162625045043, 0.000000000000000000 ) ) ;
#664 = CARTESIAN_POINT ( 'NONE',  ( 0.000000000000000000, 0.000000000000000000, 43.97442000000000206 ) ) ;
#665 = CARTESIAN_POINT ( 'NONE',  ( 0.000000000000000000, 0.000000000000000000, 0.000000000000000000 ) ) ;
#666 = AXIS2_PLACEMENT_3D ( 'NONE', #1565, #2406, #2162 ) ;
#667 = CARTESIAN_POINT ( 'NONE',  ( -3.125336034131175555, -2.510297476978654352, -0.09817821215088948228 ) ) ;
#668 = VECTOR ( 'NONE', #1854, 1000.000000000000000 ) ;
#669 = DIRECTION ( 'NONE',  ( 8.562723968748914288E-17, -0.000000000000000000, -1.000000000000000000 ) ) ;
#670 = VECTOR ( 'NONE', #1929, 1000.000000000000000 ) ;
#671 = ORIENTED_EDGE ( 'NONE', *, *, #2568, .T. ) ;
#672 = DIRECTION ( 'NONE',  ( -8.562723968748914288E-17, 0.000000000000000000, 1.000000000000000000 ) ) ;
#673 = DIRECTION ( 'NONE',  ( -1.000000000000000000, 0.000000000000000000, 0.000000000000000000 ) ) ;
#674 = AXIS2_PLACEMENT_3D ( 'NONE', #730, #2686, #629 ) ;
#675 = VECTOR ( 'NONE', #2587, 1000.000000000000000 ) ;
#676 = ORIENTED_EDGE ( 'NONE', *, *, #2650, .T. ) ;
#677 = AXIS2_PLACEMENT_3D ( 'NONE', #1483, #1635, #1304 ) ;
#678 = ORIENTED_EDGE ( 'NONE', *, *, #2423, .T. ) ;
#679 = CARTESIAN_POINT ( 'NONE',  ( -4.789421619394631513, 4.394478416339685722, 0.000000000000000000 ) ) ;
#680 = CARTESIAN_POINT ( 'NONE',  ( 3.319449531610840332, 2.250728343210473437, -2.495181107614703020 ) ) ;
#681 = CYLINDRICAL_SURFACE ( 'NONE', #1735, 4.999999999999995559 ) ;
#682 = EDGE_CURVE ( 'NONE', #1760, #349, #1480, .T. ) ;
#683 = DIRECTION ( 'NONE',  ( 0.000000000000000000, 0.000000000000000000, 1.000000000000000000 ) ) ;
#684 = EDGE_LOOP ( 'NONE', ( #1047, #1183, #2032, #2039, #2625, #468 ) ) ;
#685 = FACE_OUTER_BOUND ( 'NONE', #1420, .T. ) ;
#686 = DIRECTION ( 'NONE',  ( 8.562723968748914288E-17, -0.000000000000000000, -1.000000000000000000 ) ) ;
#687 = ORIENTED_EDGE ( 'NONE', *, *, #2407, .F. ) ;
#688 = CARTESIAN_POINT ( 'NONE',  ( 3.127589752776948284, -2.507841211985005536, -0.09942128392788837643 ) ) ;
#689 = EDGE_LOOP ( 'NONE', ( #31, #2714, #780, #365 ) ) ;
#690 = CARTESIAN_POINT ( 'NONE',  ( -0.9999999999999967804, 7.315826248793691811, 69.67441999999998359 ) ) ;
#691 = CARTESIAN_POINT ( 'NONE',  ( -1.411019135235229260, 6.344999999999999751, -2.500000000000000000 ) ) ;
#692 = CARTESIAN_POINT ( 'NONE',  ( -0.2919945269101867358, -3.999907806949626554, -2.495199679809646298 ) ) ;
#693 = EDGE_LOOP ( 'NONE', ( #1044, #2282, #2496, #703 ) ) ;
#694 = EDGE_CURVE ( 'NONE', #349, #1226, #1157, .T. ) ;
#695 = DIRECTION ( 'NONE',  ( -1.000000000000000000, 0.000000000000000000, 0.000000000000000000 ) ) ;
#696 = CARTESIAN_POINT ( 'NONE',  ( 0.5810581749217129666, 3.968497367454782321, -2.499999994010235760 ) ) ;
#697 = ORIENTED_EDGE ( 'NONE', *, *, #555, .T. ) ;
#698 = ADVANCED_FACE ( 'NONE', ( #2719 ), #619, .T. ) ;
#699 = FACE_OUTER_BOUND ( 'NONE', #2592, .T. ) ;
#700 = DIRECTION ( 'NONE',  ( 0.000000000000000000, -0.000000000000000000, -1.000000000000000000 ) ) ;
#701 = ORIENTED_EDGE ( 'NONE', *, *, #2475, .T. ) ;
#702 = AXIS2_PLACEMENT_3D ( 'NONE', #318, #182, #2000 ) ;
#703 = ORIENTED_EDGE ( 'NONE', *, *, #1228, .F. ) ;
#704 = DIRECTION ( 'NONE',  ( -1.000000000000000000, 0.000000000000000000, -1.367000375080226176E-16 ) ) ;
#705 = CARTESIAN_POINT ( 'NONE',  ( 0.000000000000000000, 0.000000000000000000, -2.500000000000000000 ) ) ;
#706 = CYLINDRICAL_SURFACE ( 'NONE', #2447, 3.999999999999998224 ) ;
#707 = B_SPLINE_CURVE_WITH_KNOTS ( 'NONE', 3,
 ( #1817, #357, #1582, #972, #1400, #1199, #738, #2011 ),
 .UNSPECIFIED., .F., .F.,
 ( 4, 2, 2, 4 ),
 ( 0.009057540693868906118, 0.01041229330439706960, 0.01108966960966115307, 0.01176704591492523481 ),
 .UNSPECIFIED. ) ;
#708 = CARTESIAN_POINT ( 'NONE',  ( -3.610019037069570835, -1.747079225403883163, -2.495199679809543269 ) ) ;
#709 = ADVANCED_FACE ( 'NONE', ( #729 ), #2435, .T. ) ;
#710 = CARTESIAN_POINT ( 'NONE',  ( -4.999999999999996447, 0.000000000000000000, 43.97442000000000206 ) ) ;
#711 = B_SPLINE_CURVE_WITH_KNOTS ( 'NONE', 3,
 ( #1610, #306, #1997, #108 ),
 .UNSPECIFIED., .F., .F.,
 ( 4, 4 ),
 ( 0.002699965538895400009, 0.005407525381515207279 ),
 .UNSPECIFIED. ) ;
#712 = CONICAL_SURFACE ( 'NONE', #2220, 7.345000000000005969, 0.7853981633974509435 ) ;
#713 = ORIENTED_EDGE ( 'NONE', *, *, #264, .T. ) ;
#714 = CARTESIAN_POINT ( 'NONE',  ( 0.000000000000000000, 0.000000000000000000, 43.72442000000000206 ) ) ;
#715 = CARTESIAN_POINT ( 'NONE',  ( 6.391950870326913225, -1.618816333109675432, 0.2015955132410268691 ) ) ;
#716 = VECTOR ( 'NONE', #877, 1000.000000000000000 ) ;
#717 = ADVANCED_FACE ( 'NONE', ( #2576 ), #839, .T. ) ;
#718 = VERTEX_POINT ( 'NONE', #1737 ) ;
#719 = FACE_OUTER_BOUND ( 'NONE', #2224, .T. ) ;
#720 = AXIS2_PLACEMENT_3D ( 'NONE', #2682, #534, #2226 ) ;
#721 = AXIS2_PLACEMENT_3D ( 'NONE', #1457, #2121, #389 ) ;
#722 = ORIENTED_EDGE ( 'NONE', *, *, #496, .T. ) ;
#723 = CARTESIAN_POINT ( 'NONE',  ( -5.949099321069198254, 2.385857716634623316, 12.65007496283670463 ) ) ;
#724 = FACE_OUTER_BOUND ( 'NONE', #69, .T. ) ;
#725 = AXIS2_PLACEMENT_3D ( 'NONE', #649, #1494, #2341 ) ;
#726 = FACE_OUTER_BOUND ( 'NONE', #2599, .T. ) ;
#727 = FACE_OUTER_BOUND ( 'NONE', #574, .T. ) ;
#728 = VERTEX_POINT ( 'NONE', #2402 ) ;
#729 = FACE_OUTER_BOUND ( 'NONE', #1245, .T. ) ;
#730 = CARTESIAN_POINT ( 'NONE',  ( 0.000000000000000000, 0.000000000000000000, -0.004809626501416433553 ) ) ;
#731 = ORIENTED_EDGE ( 'NONE', *, *, #2016, .F. ) ;
#732 = CARTESIAN_POINT ( 'NONE',  ( 3.608912688043296235, -1.749363449350200606, -2.495181107614703464 ) ) ;
#733 = ADVANCED_FACE ( 'NONE', ( #2414 ), #44, .F. ) ;
#734 = ORIENTED_EDGE ( 'NONE', *, *, #1373, .F. ) ;
#735 = CARTESIAN_POINT ( 'NONE',  ( 2.646998299961672352, 6.345000000000000639, 21.07441999999999993 ) ) ;
#736 = DIRECTION ( 'NONE',  ( -0.6760736025137941141, -0.7368340952914843589, 0.000000000000000000 ) ) ;
#737 = DIRECTION ( 'NONE',  ( -0.000000000000000000, -0.000000000000000000, -1.000000000000000000 ) ) ;
#738 = CARTESIAN_POINT ( 'NONE',  ( -2.435947610572418487, 6.345000000000000639, 0.4487416994881173737 ) ) ;
#739 = CYLINDRICAL_SURFACE ( 'NONE', #1366, 6.875000000000000000 ) ;
#740 = FACE_OUTER_BOUND ( 'NONE', #2648, .T. ) ;
#741 = DIRECTION ( 'NONE',  ( -0.000000000000000000, -0.000000000000000000, -1.000000000000000000 ) ) ;
#742 = EDGE_LOOP ( 'NONE', ( #1197, #2561, #1669, #734 ) ) ;
#743 = CARTESIAN_POINT ( 'NONE',  ( 3.815655849003004363, -1.200320974560203258, -8.673617379884035472E-16 ) ) ;
#744 = ADVANCED_FACE ( 'NONE', ( #699 ), #2562, .T. ) ;
#745 = ADVANCED_FACE ( 'NONE', ( #497 ), #321, .T. ) ;
#746 = EDGE_LOOP ( 'NONE', ( #1142, #2017, #1940, #338 ) ) ;
#747 = CARTESIAN_POINT ( 'NONE',  ( 0.000000000000000000, 0.000000000000000000, 43.97442000000000206 ) ) ;
#748 = DIRECTION ( 'NONE',  ( 8.562723968748914288E-17, -0.000000000000000000, -1.000000000000000000 ) ) ;
#749 = AXIS2_PLACEMENT_3D ( 'NONE', #2196, #302, #704 ) ;
#750 = ADVANCED_FACE ( 'NONE', ( #937 ), #2649, .T. ) ;
#751 = EDGE_CURVE ( 'NONE', #1117, #2339, #1204, .T. ) ;
#752 = VERTEX_POINT ( 'NONE', #1515 ) ;
#753 = FACE_OUTER_BOUND ( 'NONE', #5, .T. ) ;
#754 = CARTESIAN_POINT ( 'NONE',  ( 4.675212334624469612, -4.289687007950024444, -0.004809626501416433553 ) ) ;
#755 = ORIENTED_EDGE ( 'NONE', *, *, #983, .F. ) ;
#756 = CARTESIAN_POINT ( 'NONE',  ( -3.999999999999996447, 0.000000000000000000, 75.42442000000002622 ) ) ;
#757 = FACE_OUTER_BOUND ( 'NONE', #2735, .T. ) ;
#758 = CIRCLE ( 'NONE', #1108, 0.2500000000000002220 ) ;
#759 = VERTEX_POINT ( 'NONE', #2600 ) ;
#760 = VECTOR ( 'NONE', #1530, 1000.000000000000000 ) ;
#761 = AXIS2_PLACEMENT_3D ( 'NONE', #1234, #1272, #191 ) ;
#762 = ORIENTED_EDGE ( 'NONE', *, *, #1832, .F. ) ;
#763 = CARTESIAN_POINT ( 'NONE',  ( 0.000000000000000000, 0.000000000000000000, 75.67441999999999780 ) ) ;
#764 = DIRECTION ( 'NONE',  ( -1.000000000000000000, 0.000000000000000000, -8.562723968748915520E-17 ) ) ;
#765 = AXIS2_PLACEMENT_3D ( 'NONE', #798, #1486, #1663 ) ;
#766 = ORIENTED_EDGE ( 'NONE', *, *, #1927, .F. ) ;
#767 = CONICAL_SURFACE ( 'NONE', #1215, 7.345000000000005969, 0.7853981633974509435 ) ;
#768 = CARTESIAN_POINT ( 'NONE',  ( 3.999999999999996447, 4.898587196589408884E-16, 75.42442000000002622 ) ) ;
#769 = EDGE_CURVE ( 'NONE', #2163, #1190, #2437, .T. ) ;
#770 = FACE_OUTER_BOUND ( 'NONE', #501, .T. ) ;
#771 = CONICAL_SURFACE ( 'NONE', #1566, 6.344999999999999751, 0.7853981633974509435 ) ;
#772 = DIRECTION ( 'NONE',  ( -0.000000000000000000, -0.000000000000000000, -1.000000000000000000 ) ) ;
#773 = DIRECTION ( 'NONE',  ( -0.3000802436400491491, -0.9539139622507519789, -8.273884721892166100E-17 ) ) ;
#774 = CARTESIAN_POINT ( 'NONE',  ( -1.318509905643772837E-15, 6.345000000000000639, 12.70026252798339428 ) ) ;
#775 = EDGE_LOOP ( 'NONE', ( #1723, #1237, #864, #1298 ) ) ;
#776 = DIRECTION ( 'NONE',  ( 1.000000000000000000, 0.000000000000000000, 0.000000000000000000 ) ) ;
#777 = ORIENTED_EDGE ( 'NONE', *, *, #502, .F. ) ;
#778 = CARTESIAN_POINT ( 'NONE',  ( -6.345000000000000639, 0.000000000000000000, 12.70026252798339428 ) ) ;
#779 = APPROVAL ( #1451, 'UNSPECIFIED' ) ;
#780 = ORIENTED_EDGE ( 'NONE', *, *, #2097, .T. ) ;
#781 = B_SPLINE_CURVE_WITH_KNOTS ( 'NONE', 3,
 ( #467, #1706, #1308, #2155, #1972, #19 ),
 .UNSPECIFIED., .F., .F.,
 ( 4, 2, 4 ),
 ( 0.000000000000000000, 0.0008801577789270244529, 0.001760315557854048038 ),
 .UNSPECIFIED. ) ;
#782 = DIRECTION ( 'NONE',  ( -0.9761538461538469269, 0.2170798669592647334, 0.000000000000000000 ) ) ;
#783 = DIRECTION ( 'NONE',  ( 1.000000000000000000, 0.000000000000000000, 0.000000000000000000 ) ) ;
#784 = ADVANCED_FACE ( 'NONE', ( #685 ), #524, .T. ) ;
#785 = EDGE_CURVE ( 'NONE', #21, #911, #1720, .T. ) ;
#786 = CARTESIAN_POINT ( 'NONE',  ( 6.818430336993101193, 0.8801322284589679912, 21.07441999999999993 ) ) ;
#787 = DIRECTION ( 'NONE',  ( 0.000000000000000000, 0.000000000000000000, 1.000000000000000000 ) ) ;
#788 = EDGE_CURVE ( 'NONE', #21, #2419, #1986, .T. ) ;
#789 = ORIENTED_EDGE ( 'NONE', *, *, #2581, .F. ) ;
#790 = CARTESIAN_POINT ( 'NONE',  ( -6.391950870326910561, -1.618816333109681871, 12.49866701474236841 ) ) ;
#791 = ORIENTED_EDGE ( 'NONE', *, *, #366, .T. ) ;
#792 = DIRECTION ( 'NONE',  ( -0.000000000000000000, 0.000000000000000000, -1.000000000000000000 ) ) ;
#793 = EDGE_LOOP ( 'NONE', ( #2647, #562, #2115, #1434 ) ) ;
#794 = DIRECTION ( 'NONE',  ( -1.224646799147353207E-16, 1.000000000000000000, 0.000000000000000000 ) ) ;
#795 = DIRECTION ( 'NONE',  ( -0.000000000000000000, -0.000000000000000000, -1.000000000000000000 ) ) ;
#796 = DIRECTION ( 'NONE',  ( -0.000000000000000000, -0.000000000000000000, -1.000000000000000000 ) ) ;
#797 = CARTESIAN_POINT ( 'NONE',  ( 4.747533802681087321E-16, 0.000000000000000000, 0.5299999999999981393 ) ) ;
#798 = CARTESIAN_POINT ( 'NONE',  ( -5.673526062751931244E-16, 0.000000000000000000, 12.70026252798339428 ) ) ;
#799 = ORIENTED_EDGE ( 'NONE', *, *, #206, .F. ) ;
#800 = DIRECTION ( 'NONE',  ( -1.000000000000000000, 0.000000000000000000, 0.000000000000000000 ) ) ;
#801 = ADVANCED_FACE ( 'NONE', ( #92 ), #2159, .T. ) ;
#802 = ORIENTED_EDGE ( 'NONE', *, *, #1015, .F. ) ;
#803 = CARTESIAN_POINT ( 'NONE',  ( 6.391950870326909673, 1.618816333109686534, 12.49866701474236663 ) ) ;
#804 = AXIS2_PLACEMENT_3D ( 'NONE', #641, #1068, #1705 ) ;
#805 = CARTESIAN_POINT ( 'NONE',  ( 0.4508262295167521083, -6.345000000000001528, 4.391018798566291380E-15 ) ) ;
#806 = AXIS2_PLACEMENT_3D ( 'NONE', #1831, #1593, #1631 ) ;
#807 = VERTEX_POINT ( 'NONE', #1097 ) ;
#808 = CIRCLE ( 'NONE', #1953, 6.344999999999998863 ) ;
#809 = DIRECTION ( 'NONE',  ( 1.000000000000000000, 0.000000000000000000, 0.000000000000000000 ) ) ;
#810 = CIRCLE ( 'NONE', #1256, 6.345000000000000639 ) ;
#811 = CARTESIAN_POINT ( 'NONE',  ( 0.8683194678370634856, 3.904615384615385043, -2.500000000000000000 ) ) ;
#812 = CARTESIAN_POINT ( 'NONE',  ( 4.999999999999995559, 6.123233995736761352E-16, 43.72442000000000206 ) ) ;
#813 = CIRCLE ( 'NONE', #291, 6.345000000000000639 ) ;
#814 = B_SPLINE_CURVE_WITH_KNOTS ( 'NONE', 3,
 ( #2594, #1569, #303, #945, #2571, #2165, #1521, #2410, #1745, #519 ),
 .UNSPECIFIED., .F., .F.,
 ( 4, 2, 2, 2, 4 ),
 ( 0.000000000000000000, 0.0003924673943509440115, 0.0007849347887018880230, 0.001177402183052832143, 0.001569869577403776046 ),
 .UNSPECIFIED. ) ;
#815 = ORIENTED_EDGE ( 'NONE', *, *, #1031, .T. ) ;
#816 = CARTESIAN_POINT ( 'NONE',  ( -5.264100661439639950, -3.572310198229608602, 1.102130349778673469E-13 ) ) ;
#817 = ORIENTED_EDGE ( 'NONE', *, *, #952, .T. ) ;
#818 = EDGE_CURVE ( 'NONE', #2158, #1876, #1158, .T. ) ;
#819 = PERSON_AND_ORGANIZATION_ROLE ( 'creator' ) ;
#820 = ORIENTED_EDGE ( 'NONE', *, *, #2261, .F. ) ;
#821 = LINE ( 'NONE', #1025, #2644 ) ;
#822 = DIRECTION ( 'NONE',  ( -1.000000000000000000, 0.000000000000000000, 0.000000000000000000 ) ) ;
#823 = DIRECTION ( 'NONE',  ( -0.000000000000000000, -0.000000000000000000, -1.000000000000000000 ) ) ;
#824 = ORIENTED_EDGE ( 'NONE', *, *, #531, .F. ) ;
#825 = CARTESIAN_POINT ( 'NONE',  ( 0.6152951345784859472, 3.953494067334375917, 70.47334136002321259 ) ) ;
#826 = ORIENTED_EDGE ( 'NONE', *, *, #2133, .F. ) ;
#827 = ADVANCED_FACE ( 'NONE', ( #893 ), #2371, .T. ) ;
#828 = CALENDAR_DATE ( 2023, 25, 9 ) ;
#829 = ORIENTED_EDGE ( 'NONE', *, *, #206, .T. ) ;
#830 = DIRECTION ( 'NONE',  ( 0.8660254037844383745, 0.5000000000000004441, -0.000000000000000000 ) ) ;
#831 = CARTESIAN_POINT ( 'NONE',  ( 6.052584090481015977, 1.904009145896131017, -0.004809626501416433553 ) ) ;
#832 = EDGE_CURVE ( 'NONE', #1249, #853, #888, .T. ) ;
#833 = CARTESIAN_POINT ( 'NONE',  ( 0.4495322074056140038, 6.345000000000000639, 6.556035011748288569E-16 ) ) ;
#834 = AXIS2_PLACEMENT_3D ( 'NONE', #2044, #2643, #2212 ) ;
#835 = FACE_OUTER_BOUND ( 'NONE', #1667, .T. ) ;
#836 = VERTEX_POINT ( 'NONE', #1633 ) ;
#837 = CARTESIAN_POINT ( 'NONE',  ( -2.646998299961668355, -6.345000000000003304, 12.17026252798339669 ) ) ;
#838 = ORIENTED_EDGE ( 'NONE', *, *, #53, .T. ) ;
#839 = CONICAL_SURFACE ( 'NONE', #2267, 5.341038784982858445, 0.1308996938995678483 ) ;
#840 = VERTEX_POINT ( 'NONE', #1843 ) ;
#841 = DIRECTION ( 'NONE',  ( -0.000000000000000000, -0.000000000000000000, -1.000000000000000000 ) ) ;
#842 = CARTESIAN_POINT ( 'NONE',  ( -5.036664988962198386, -3.966240338414126931, -3.239669059428511902E-15 ) ) ;
#843 = CARTESIAN_POINT ( 'NONE',  ( 0.000000000000000000, 0.000000000000000000, 6.074420000000000819 ) ) ;
#844 = TOROIDAL_SURFACE ( 'NONE', #806, 6.815826248793690922, 0.5000000000000000000 ) ;
#845 = EDGE_CURVE ( 'NONE', #1442, #1988, #1288, .T. ) ;
#846 = LINE ( 'NONE', #2512, #668 ) ;
#847 = CARTESIAN_POINT ( 'NONE',  ( 2.019299999999987438, 2.472929281518235254E-16, 17.57441999999999283 ) ) ;
#848 = TOROIDAL_SURFACE ( 'NONE', #721, 7.315826248793691811, 2.315826248793698472 ) ;
#849 = VERTEX_POINT ( 'NONE', #1820 ) ;
#850 = CARTESIAN_POINT ( 'NONE',  ( -4.675212334624454513, 4.289687007950051978, -0.004809626501416433553 ) ) ;
#851 = CARTESIAN_POINT ( 'NONE',  ( 0.000000000000000000, 0.000000000000000000, -0.004809626501416433553 ) ) ;
#852 = VECTOR ( 'NONE', #141, 999.9999999999998863 ) ;
#853 = VERTEX_POINT ( 'NONE', #993 ) ;
#854 = PERSON_AND_ORGANIZATION ( #154, #1260 ) ;
#855 = CC_DESIGN_APPROVAL ( #779, ( #490 ) ) ;
#856 = ORIENTED_EDGE ( 'NONE', *, *, #157, .T. ) ;
#857 = CARTESIAN_POINT ( 'NONE',  ( -6.815826248793690922, 8.346979799129705020E-16, 22.11916749433803275 ) ) ;
#858 = DIRECTION ( 'NONE',  ( -1.000000000000000000, 0.000000000000000000, 0.000000000000000000 ) ) ;
#859 = DIRECTION ( 'NONE',  ( 8.562723968748914288E-17, -0.000000000000000000, -1.000000000000000000 ) ) ;
#860 = CARTESIAN_POINT ( 'NONE',  ( 0.000000000000000000, 0.000000000000000000, 75.42442000000002622 ) ) ;
#861 = EDGE_CURVE ( 'NONE', #484, #516, #1554, .T. ) ;
#862 = DIRECTION ( 'NONE',  ( -1.000000000000000000, 0.000000000000000000, -1.367000375080226176E-16 ) ) ;
#863 = EDGE_CURVE ( 'NONE', #2621, #2090, #2268, .T. ) ;
#864 = ORIENTED_EDGE ( 'NONE', *, *, #1407, .F. ) ;
#865 = CARTESIAN_POINT ( 'NONE',  ( 0.7989410090429289735, 3.920509750932081428, 70.28968962074097249 ) ) ;
#866 = EDGE_CURVE ( 'NONE', #194, #393, #2309, .T. ) ;
#867 = ADVANCED_FACE ( 'NONE', ( #740 ), #2083, .F. ) ;
#868 = VERTEX_POINT ( 'NONE', #2284 ) ;
#869 = DATE_AND_TIME ( #828, #2405 ) ;
#870 = ORIENTED_EDGE ( 'NONE', *, *, #1273, .T. ) ;
#871 = CARTESIAN_POINT ( 'NONE',  ( 0.000000000000000000, 0.000000000000000000, 0.000000000000000000 ) ) ;
#872 = DIRECTION ( 'NONE',  ( -8.562723968748914288E-17, 0.000000000000000000, 1.000000000000000000 ) ) ;
#873 = DESIGN_CONTEXT ( 'detailed design', #98, 'design' ) ;
#874 = CARTESIAN_POINT ( 'NONE',  ( -4.600232578293120156, 4.722163447762741662, 0.2333958241513280352 ) ) ;
#875 = LINE ( 'NONE', #2399, #1604 ) ;
#876 = ORIENTED_EDGE ( 'NONE', *, *, #300, .F. ) ;
#877 = DIRECTION ( 'NONE',  ( -0.8571673007021112234, 1.049727191138617340E-16, 0.5150380749100560429 ) ) ;
#878 = CARTESIAN_POINT ( 'NONE',  ( 0.000000000000000000, 0.000000000000000000, 22.61122178136006866 ) ) ;
#879 = CLOSED_SHELL ( 'NONE', ( #733, #1487, #2511, #986, #304, #2119, #1896, #2707, #2305, #1293, #630, #784, #745, #49, #750, #1945, #1658, #2306, #1888, #192, #1240, #1189, #744, #717, #601, #1562, #2598, #2013, #2231, #1724, #283, #1390, #2457, #2539, #1099, #1152, #2310, #991, #662, #918, #657, #698, #226, #2251, #1122, #1491, #499, #2382, #1139, #1441, #1727, #1982, #346, #1761, #2114, #801, #919, #827, #1964, #2172, #1931, #867, #2637, #443, #2356, #2617, #2670, #2142, #1925, #463, #1425, #585, #173, #2326, #1722, #2209, #1138, #1244, #1263, #333, #709, #466, #2241, #1861, #1192, #2248, #568, #2622 ) ) ;
#880 = ORIENTED_EDGE ( 'NONE', *, *, #2504, .T. ) ;
#881 = EDGE_CURVE ( 'NONE', #248, #1586, #1187, .T. ) ;
#882 = ORIENTED_EDGE ( 'NONE', *, *, #1318, .T. ) ;
#883 = FACE_OUTER_BOUND ( 'NONE', #2302, .T. ) ;
#884 = CARTESIAN_POINT ( 'NONE',  ( -6.875000000000001776, 0.000000000000000000, 12.17026252798339669 ) ) ;
#885 = CARTESIAN_POINT ( 'NONE',  ( 0.8683194678370617092, -3.904615384615384599, 0.000000000000000000 ) ) ;
#886 = AXIS2_PLACEMENT_3D ( 'NONE', #2693, #2493, #1410 ) ;
#887 = DIRECTION ( 'NONE',  ( 0.4999999999999993339, 0.8660254037844389297, 0.000000000000000000 ) ) ;
#888 = CIRCLE ( 'NONE', #2127, 6.345000000000000639 ) ;
#889 = CARTESIAN_POINT ( 'NONE',  ( 4.345085776149885504E-16, 0.000000000000000000, 1.000000000000001776 ) ) ;
#890 = B_SPLINE_CURVE_WITH_KNOTS ( 'NONE', 3,
 ( #1775, #1804, #156, #1172, #520, #356 ),
 .UNSPECIFIED., .F., .F.,
 ( 4, 2, 4 ),
 ( 0.000000000000000000, 0.0008801577789270334518, 0.001760315557854066904 ),
 .UNSPECIFIED. ) ;
#891 = AXIS2_PLACEMENT_3D ( 'NONE', #1609, #782, #2010 ) ;
#892 = VERTEX_POINT ( 'NONE', #2444 ) ;
#893 = FACE_OUTER_BOUND ( 'NONE', #1965, .T. ) ;
#894 = DIRECTION ( 'NONE',  ( -0.000000000000000000, -0.000000000000000000, -1.000000000000000000 ) ) ;
#895 = AXIS2_PLACEMENT_3D ( 'NONE', #2550, #669, #1128 ) ;
#896 = CONICAL_SURFACE ( 'NONE', #377, 7.345000000000005969, 0.7853981633974509435 ) ;
#897 = ORIENTED_EDGE ( 'NONE', *, *, #387, .T. ) ;
#898 = CARTESIAN_POINT ( 'NONE',  ( -5.494931187012255691, -3.172500000000013642, 1.264207686160249430E-15 ) ) ;
#899 = EDGE_CURVE ( 'NONE', #2158, #1235, #1207, .T. ) ;
#900 = ORIENTED_EDGE ( 'NONE', *, *, #1693, .T. ) ;
#901 = FACE_OUTER_BOUND ( 'NONE', #117, .T. ) ;
#902 = APPROVAL_PERSON_ORGANIZATION ( #2102, #779, #24 ) ;
#903 = DIRECTION ( 'NONE',  ( 0.000000000000000000, -0.000000000000000000, 1.000000000000000000 ) ) ;
#904 = DIRECTION ( 'NONE',  ( 0.000000000000000000, -1.000000000000000000, 0.000000000000000000 ) ) ;
#905 = CARTESIAN_POINT ( 'NONE',  ( -5.494931187012262797, 3.172499999999994991, 21.07441999999999993 ) ) ;
#906 = CYLINDRICAL_SURFACE ( 'NONE', #2615, 6.345000000000000639 ) ;
#907 = ORIENTED_EDGE ( 'NONE', *, *, #1759, .T. ) ;
#908 = DIRECTION ( 'NONE',  ( 8.562723968748914288E-17, -0.000000000000000000, -1.000000000000000000 ) ) ;
#909 = CARTESIAN_POINT ( 'NONE',  ( 5.953197385062322766, -2.378759661585868823, -2.237966640221307207E-15 ) ) ;
#910 = ORIENTED_EDGE ( 'NONE', *, *, #955, .F. ) ;
#911 = VERTEX_POINT ( 'NONE', #1377 ) ;
#912 = EDGE_CURVE ( 'NONE', #1736, #2295, #66, .T. ) ;
#913 = DIRECTION ( 'NONE',  ( 0.000000000000000000, -1.000000000000000000, 0.000000000000000000 ) ) ;
#914 = CARTESIAN_POINT ( 'NONE',  ( 3.815655849003006139, 1.200320974560195930, -2.500000000000000000 ) ) ;
#915 = DIRECTION ( 'NONE',  ( 0.000000000000000000, 0.000000000000000000, -1.000000000000000000 ) ) ;
#916 = ORIENTED_EDGE ( 'NONE', *, *, #1002, .T. ) ;
#917 = DIRECTION ( 'NONE',  ( -1.182766006347823109E-16, 0.000000000000000000, -1.000000000000000000 ) ) ;
#918 = ADVANCED_FACE ( 'NONE', ( #556 ), #2645, .T. ) ;
#919 = ADVANCED_FACE ( 'NONE', ( #2676 ), #4, .T. ) ;
#920 = DIRECTION ( 'NONE',  ( -8.562723968748914288E-17, 0.000000000000000000, 1.000000000000000000 ) ) ;
#921 = VERTEX_POINT ( 'NONE', #123 ) ;
#922 = DIRECTION ( 'NONE',  ( -0.000000000000000000, -0.000000000000000000, -1.000000000000000000 ) ) ;
#923 = CARTESIAN_POINT ( 'NONE',  ( 2.646998299961670575, -6.345000000000001528, 0.5299999999999983613 ) ) ;
#924 = APPROVAL ( #611, 'UNSPECIFIED' ) ;
#925 = ORIENTED_EDGE ( 'NONE', *, *, #2016, .T. ) ;
#926 = CARTESIAN_POINT ( 'NONE',  ( -6.389629795731405437, -1.622836552237256091, 0.2333958241513275633 ) ) ;
#927 = VECTOR ( 'NONE', #287, 1000.000000000000000 ) ;
#928 = VERTEX_POINT ( 'NONE', #2469 ) ;
#929 = DIRECTION ( 'NONE',  ( 0.000000000000000000, 0.000000000000000000, -1.000000000000000000 ) ) ;
#930 = CC_DESIGN_PERSON_AND_ORGANIZATION_ASSIGNMENT ( #2505, #195, ( #2360 ) ) ;
#931 = CARTESIAN_POINT ( 'NONE',  ( -4.597911503697612368, 4.726183666890315216, 12.49866701474236841 ) ) ;
#932 = CARTESIAN_POINT ( 'NONE',  ( 5.265478370741848657, -3.569923935720133112, -1.090563165395184810E-13 ) ) ;
#933 = AXIS2_PLACEMENT_3D ( 'NONE', #1033, #439, #2110 ) ;
#934 = EDGE_CURVE ( 'NONE', #181, #1210, #368, .T. ) ;
#935 = AXIS2_PLACEMENT_3D ( 'NONE', #2232, #1623, #1613 ) ;
#936 = ORIENTED_EDGE ( 'NONE', *, *, #2568, .F. ) ;
#937 = FACE_OUTER_BOUND ( 'NONE', #1146, .T. ) ;
#938 = DIRECTION ( 'NONE',  ( 1.000000000000000000, 0.000000000000000000, 0.000000000000000000 ) ) ;
#939 = AXIS2_PLACEMENT_3D ( 'NONE', #1666, #440, #644 ) ;
#940 = EDGE_LOOP ( 'NONE', ( #2048, #1320, #623, #1719 ) ) ;
#941 = AXIS2_PLACEMENT_3D ( 'NONE', #2333, #1873, #2294 ) ;
#942 = VECTOR ( 'NONE', #250, 1000.000000000000000 ) ;
#943 = ORIENTED_EDGE ( 'NONE', *, *, #137, .F. ) ;
#944 = LINE ( 'NONE', #1789, #2605 ) ;
#945 = CARTESIAN_POINT ( 'NONE',  ( -0.8730340252258536049, 3.903906467819830528, 47.16946083176461713 ) ) ;
#946 = CIRCLE ( 'NONE', #677, 6.875000000000000000 ) ;
#947 = DIRECTION ( 'NONE',  ( -0.000000000000000000, -0.000000000000000000, 1.000000000000000000 ) ) ;
#948 = LINE ( 'NONE', #1200, #2031 ) ;
#949 = EDGE_CURVE ( 'NONE', #2339, #2163, #1219, .T. ) ;
#950 = DIRECTION ( 'NONE',  ( 0.000000000000000000, 0.000000000000000000, 1.000000000000000000 ) ) ;
#951 = CARTESIAN_POINT ( 'NONE',  ( 0.9735106222711911172, 3.880068464095470571, 47.41111679052160355 ) ) ;
#952 = EDGE_CURVE ( 'NONE', #752, #286, #979, .T. ) ;
#953 = VERTEX_POINT ( 'NONE', #360 ) ;
#954 = DIRECTION ( 'NONE',  ( -0.000000000000000000, -0.000000000000000000, -1.000000000000000000 ) ) ;
#955 = EDGE_CURVE ( 'NONE', #393, #194, #1021, .T. ) ;
#956 = VERTEX_POINT ( 'NONE', #148 ) ;
#957 = CARTESIAN_POINT ( 'NONE',  ( -4.384223283087220757, -5.096302521966491916, 12.33411942007254147 ) ) ;
#958 = DIRECTION ( 'NONE',  ( 1.000000000000000000, 0.000000000000000000, 0.000000000000000000 ) ) ;
#959 = CARTESIAN_POINT ( 'NONE',  ( 7.345000000000006857, 0.000000000000000000, 1.000000000000002442 ) ) ;
#960 = CARTESIAN_POINT ( 'NONE',  ( 5.494931187012273455, -3.172499999999985221, 2.205239265793366139E-15 ) ) ;
#961 = DIRECTION ( 'NONE',  ( 8.562723968748914288E-17, -0.000000000000000000, -1.000000000000000000 ) ) ;
#962 = LINE ( 'NONE', #756, #1066 ) ;
#963 = CARTESIAN_POINT ( 'NONE',  ( -2.646998299961674128, 6.345000000000000639, 0.5299999999999983613 ) ) ;
#964 = ORIENTED_EDGE ( 'NONE', *, *, #555, .F. ) ;
#965 = CARTESIAN_POINT ( 'NONE',  ( 0.000000000000000000, 0.000000000000000000, 0.000000000000000000 ) ) ;
#966 = ORIENTED_EDGE ( 'NONE', *, *, #2143, .T. ) ;
#967 = EDGE_CURVE ( 'NONE', #516, #1932, #1947, .T. ) ;
#968 = CARTESIAN_POINT ( 'NONE',  ( -0.9999999999999995559, 2.799999999999999822, 47.67441999999999069 ) ) ;
#969 = ORIENTED_EDGE ( 'NONE', *, *, #257, .T. ) ;
#970 = DIRECTION ( 'NONE',  ( 0.000000000000000000, 0.000000000000000000, 1.000000000000000000 ) ) ;
#971 = PRODUCT_DEFINITION_SHAPE ( 'NONE', 'NONE',  #490 ) ;
#972 = CARTESIAN_POINT ( 'NONE',  ( -1.563091804781876704, 6.345000000000002416, 0.1860952324679479852 ) ) ;
#973 = CARTESIAN_POINT ( 'NONE',  ( 0.000000000000000000, 0.000000000000000000, 75.42442000000002622 ) ) ;
#974 = DIRECTION ( 'NONE',  ( -1.000000000000000000, 0.000000000000000000, 0.000000000000000000 ) ) ;
#975 = DIRECTION ( 'NONE',  ( 8.562723968748914288E-17, -0.000000000000000000, -1.000000000000000000 ) ) ;
#976 = AXIS2_PLACEMENT_3D ( 'NONE', #714, #1559, #1352 ) ;
#977 = EDGE_LOOP ( 'NONE', ( #1336, #2532, #162, #820 ) ) ;
#978 = CARTESIAN_POINT ( 'NONE',  ( 5.723400938641585611, 2.776778782185371774, -3.515186731105345618E-15 ) ) ;
#979 = CIRCLE ( 'NONE', #1250, 3.999999999999996447 ) ;
#980 = VECTOR ( 'NONE', #1621, 1000.000000000000000 ) ;
#981 = EDGE_LOOP ( 'NONE', ( #1916, #907, #2192, #1638 ) ) ;
#982 = DIRECTION ( 'NONE',  ( 1.000000000000000000, 0.000000000000000000, 0.000000000000000000 ) ) ;
#983 = EDGE_CURVE ( 'NONE', #1770, #642, #962, .T. ) ;
#984 = CARTESIAN_POINT ( 'NONE',  ( 0.000000000000000000, 0.000000000000000000, -2.500000000000000000 ) ) ;
#985 = CIRCLE ( 'NONE', #373, 4.999999999999995559 ) ;
#986 = ADVANCED_FACE ( 'NONE', ( #1690 ), #1422, .T. ) ;
#987 = ORIENTED_EDGE ( 'NONE', *, *, #934, .T. ) ;
#988 = AXIS2_PLACEMENT_3D ( 'NONE', #1649, #2522, #212 ) ;
#989 = DIRECTION ( 'NONE',  ( 1.000000000000000000, 0.000000000000000000, 0.000000000000000000 ) ) ;
#990 = DIRECTION ( 'NONE',  ( -0.000000000000000000, -0.000000000000000000, -1.000000000000000000 ) ) ;
#991 = ADVANCED_FACE ( 'NONE', ( #2524 ), #2728, .T. ) ;
#992 = CIRCLE ( 'NONE', #1648, 6.345000000000000639 ) ;
#993 = CARTESIAN_POINT ( 'NONE',  ( -4.675212334624455401, -4.289687007950038655, -0.004809626501416433553 ) ) ;
#994 = PLANE ( 'NONE',  #1641 ) ;
#995 = ORIENTED_EDGE ( 'NONE', *, *, #2137, .T. ) ;
#996 = DIRECTION ( 'NONE',  ( -0.000000000000000000, -0.000000000000000000, -1.000000000000000000 ) ) ;
#997 = VERTEX_POINT ( 'NONE', #628 ) ;
#998 = FACE_OUTER_BOUND ( 'NONE', #1990, .T. ) ;
#999 = ORIENTED_EDGE ( 'NONE', *, *, #1962, .F. ) ;
#1000 = LINE ( 'NONE', #1901, #1778 ) ;
#1001 = DIRECTION ( 'NONE',  ( -0.000000000000000000, -0.000000000000000000, -1.000000000000000000 ) ) ;
#1002 = EDGE_CURVE ( 'NONE', #728, #928, #1101, .T. ) ;
#1003 = CARTESIAN_POINT ( 'NONE',  ( 0.000000000000000000, 0.000000000000000000, 17.57441999999999283 ) ) ;
#1004 = CARTESIAN_POINT ( 'NONE',  ( -5.494931187012255691, -3.172500000000013642, 1.264207686160249430E-15 ) ) ;
#1005 = DIRECTION ( 'NONE',  ( 0.000000000000000000, -0.000000000000000000, -1.000000000000000000 ) ) ;
#1006 = ORIENTED_EDGE ( 'NONE', *, *, #1177, .T. ) ;
#1007 = CARTESIAN_POINT ( 'NONE',  ( 6.389629795731406325, 1.622836552237258534, 0.2333958241513279241 ) ) ;
#1008 = VERTEX_POINT ( 'NONE', #199 ) ;
#1009 = CARTESIAN_POINT ( 'NONE',  ( 0.000000000000000000, 0.000000000000000000, -0.004809626501416433553 ) ) ;
#1010 = ORIENTED_EDGE ( 'NONE', *, *, #645, .T. ) ;
#1011 = LINE ( 'NONE', #2078, #1512 ) ;
#1012 = AXIS2_PLACEMENT_3D ( 'NONE', #1920, #1091, #2329 ) ;
#1013 = CARTESIAN_POINT ( 'NONE',  ( 1.794086736706455687, 6.345000000000000639, 0.2345127835980987951 ) ) ;
#1014 = DIRECTION ( 'NONE',  ( -0.000000000000000000, -0.000000000000000000, 1.000000000000000000 ) ) ;
#1015 = EDGE_CURVE ( 'NONE', #660, #642, #1774, .T. ) ;
#1016 = VERTEX_POINT ( 'NONE', #2322 ) ;
#1017 = CARTESIAN_POINT ( 'NONE',  ( -4.675212334624455401, -4.289687007950038655, -0.004809626501416433553 ) ) ;
#1018 = CARTESIAN_POINT ( 'NONE',  ( 1.000000000000002887, 3.872983346207411692, 69.80709409007044997 ) ) ;
#1019 = VECTOR ( 'NONE', #996, 1000.000000000000000 ) ;
#1020 = VERTEX_POINT ( 'NONE', #2537 ) ;
#1021 = CIRCLE ( 'NONE', #1903, 3.999999999999998224 ) ;
#1022 = DATE_AND_TIME ( #1864, #381 ) ;
#1023 = CONICAL_SURFACE ( 'NONE', #939, 6.344999999999999751, 0.7853981633974509435 ) ;
#1024 = ORIENTED_EDGE ( 'NONE', *, *, #1810, .T. ) ;
#1025 = CARTESIAN_POINT ( 'NONE',  ( 3.750000000000031086, 0.000000000000000000, -31.42558000000000007 ) ) ;
#1026 = CIRCLE ( 'NONE', #105, 6.904610135976769314 ) ;
#1027 = CARTESIAN_POINT ( 'NONE',  ( 2.019299999999989659, 2.472929281518237226E-16, -31.42558000000000007 ) ) ;
#1028 = CIRCLE ( 'NONE', #1911, 6.875000000000000000 ) ;
#1029 = PLANE ( 'NONE',  #2181 ) ;
#1030 = DIRECTION ( 'NONE',  ( 0.000000000000000000, 0.000000000000000000, -1.000000000000000000 ) ) ;
#1031 = EDGE_CURVE ( 'NONE', #35, #261, #142, .T. ) ;
#1032 = ORIENTED_EDGE ( 'NONE', *, *, #20, .F. ) ;
#1033 = CARTESIAN_POINT ( 'NONE',  ( 1.502314598737161792E-15, -6.345000000000002416, 21.07441999999999993 ) ) ;
#1034 = EDGE_CURVE ( 'NONE', #1918, #35, #846, .T. ) ;
#1035 = CARTESIAN_POINT ( 'NONE',  ( -2.646998299961668355, -6.345000000000003304, 0.5299999999999979172 ) ) ;
#1036 = ORIENTED_EDGE ( 'NONE', *, *, #2422, .T. ) ;
#1037 = EDGE_CURVE ( 'NONE', #1167, #1008, #479, .T. ) ;
#1038 = EDGE_CURVE ( 'NONE', #1504, #1371, #450, .T. ) ;
#1039 = EDGE_LOOP ( 'NONE', ( #1978, #355, #1887, #2634 ) ) ;
#1040 = FACE_OUTER_BOUND ( 'NONE', #1178, .T. ) ;
#1041 = DIRECTION ( 'NONE',  ( -0.000000000000000000, 0.000000000000000000, 1.000000000000000000 ) ) ;
#1042 = DIRECTION ( 'NONE',  ( 1.000000000000000000, 0.000000000000000000, 0.000000000000000000 ) ) ;
#1043 = CARTESIAN_POINT ( 'NONE',  ( 5.494931187012262797, 3.172500000000001208, 12.70026252798339428 ) ) ;
#1044 = ORIENTED_EDGE ( 'NONE', *, *, #1709, .T. ) ;
#1045 = DIRECTION ( 'NONE',  ( -0.8660254037844389297, 0.4999999999999995004, 0.000000000000000000 ) ) ;
#1046 = CARTESIAN_POINT ( 'NONE',  ( -1.785073526766055574, -6.345000000000001528, 12.45722911811156131 ) ) ;
#1047 = ORIENTED_EDGE ( 'NONE', *, *, #2724, .F. ) ;
#1048 = EDGE_CURVE ( 'NONE', #2339, #1117, #1463, .T. ) ;
#1049 = ORIENTED_EDGE ( 'NONE', *, *, #2036, .F. ) ;
#1050 = CARTESIAN_POINT ( 'NONE',  ( 5.494931187012262797, -3.172499999999996323, 12.70026252798339428 ) ) ;
#1051 = LINE ( 'NONE', #375, #634 ) ;
#1052 = FACE_OUTER_BOUND ( 'NONE', #793, .T. ) ;
#1053 = DIRECTION ( 'NONE',  ( -1.000000000000000000, 0.000000000000000000, 0.000000000000000000 ) ) ;
#1054 = VECTOR ( 'NONE', #841, 1000.000000000000000 ) ;
#1055 = FACE_OUTER_BOUND ( 'NONE', #1919, .T. ) ;
#1056 = VERTEX_POINT ( 'NONE', #2498 ) ;
#1057 = CARTESIAN_POINT ( 'NONE',  ( -0.6141375884952813280, 3.953694413429795329, 70.47441745091975918 ) ) ;
#1058 = CC_DESIGN_PERSON_AND_ORGANIZATION_ASSIGNMENT ( #1479, #1878, ( #490 ) ) ;
#1059 = VERTEX_POINT ( 'NONE', #2107 ) ;
#1060 = DATE_AND_TIME ( #2734, #1871 ) ;
#1061 = ORIENTED_EDGE ( 'NONE', *, *, #624, .T. ) ;
#1062 = DIRECTION ( 'NONE',  ( -0.000000000000000000, -0.000000000000000000, -1.000000000000000000 ) ) ;
#1063 = DIRECTION ( 'NONE',  ( -1.000000000000000000, 0.000000000000000000, 0.000000000000000000 ) ) ;
#1064 = EDGE_CURVE ( 'NONE', #1087, #1193, #2698, .T. ) ;
#1065 = DIRECTION ( 'NONE',  ( -0.000000000000000000, -0.000000000000000000, -1.000000000000000000 ) ) ;
#1066 = VECTOR ( 'NONE', #2343, 999.9999999999998863 ) ;
#1067 = CIRCLE ( 'NONE', #2610, 6.345000000000000639 ) ;
#1068 = DIRECTION ( 'NONE',  ( -0.000000000000000000, -0.000000000000000000, -1.000000000000000000 ) ) ;
#1069 = DIRECTION ( 'NONE',  ( 1.000000000000000000, 0.000000000000000000, 8.856654914789681360E-17 ) ) ;
#1070 = AXIS2_PLACEMENT_3D ( 'NONE', #1231, #426, #2096 ) ;
#1071 = ORIENTED_EDGE ( 'NONE', *, *, #861, .T. ) ;
#1072 = CARTESIAN_POINT ( 'NONE',  ( -4.989539936915989848, 3.947109966636114908, -0.004809626501416850754 ) ) ;
#1073 = AXIS2_PLACEMENT_3D ( 'NONE', #425, #615, #809 ) ;
#1074 = B_SPLINE_CURVE_WITH_KNOTS ( 'NONE', 3,
 ( #2227, #1793, #331, #960 ),
 .UNSPECIFIED., .F., .F.,
 ( 4, 4 ),
 ( 6.505218549448107150E-19, 0.001383235652293509591 ),
 .UNSPECIFIED. ) ;
#1075 = DIRECTION ( 'NONE',  ( -0.000000000000000000, -0.000000000000000000, -1.000000000000000000 ) ) ;
#1076 = AXIS2_PLACEMENT_3D ( 'NONE', #691, #1137, #506 ) ;
#1077 = ORIENTED_EDGE ( 'NONE', *, *, #2156, .T. ) ;
#1078 = DATE_AND_TIME ( #238, #2191 ) ;
#1079 = ORIENTED_EDGE ( 'NONE', *, *, #1578, .T. ) ;
#1080 = DIRECTION ( 'NONE',  ( -1.000000000000000000, 1.224646799147353454E-16, 0.000000000000000000 ) ) ;
#1081 = EDGE_CURVE ( 'NONE', #1056, #1932, #1456, .T. ) ;
#1082 = CARTESIAN_POINT ( 'NONE',  ( 5.201358173024776809E-16, 0.000000000000000000, 1.734723475976807094E-15 ) ) ;
#1083 = CARTESIAN_POINT ( 'NONE',  ( 0.000000000000000000, 0.000000000000000000, 21.07441999999999993 ) ) ;
#1084 = CARTESIAN_POINT ( 'NONE',  ( -3.815655849003007916, -1.200320974560191267, -2.500000000000000000 ) ) ;
#1085 = DIRECTION ( 'NONE',  ( 8.562723968748914288E-17, -0.000000000000000000, -1.000000000000000000 ) ) ;
#1086 = EDGE_CURVE ( 'NONE', #1302, #2364, #279, .T. ) ;
#1087 = VERTEX_POINT ( 'NONE', #1281 ) ;
#1088 = LINE ( 'NONE', #1531, #670 ) ;
#1089 = ORIENTED_EDGE ( 'NONE', *, *, #73, .T. ) ;
#1090 = ORIENTED_EDGE ( 'NONE', *, *, #1208, .F. ) ;
#1091 = DIRECTION ( 'NONE',  ( -0.000000000000000000, -0.000000000000000000, -1.000000000000000000 ) ) ;
#1092 = CARTESIAN_POINT ( 'NONE',  ( -4.171432037031416407, -5.464867771541038977, 0.5299999999999973621 ) ) ;
#1093 = CARTESIAN_POINT ( 'NONE',  ( 5.494931187012262797, 3.172500000000001208, 12.70026252798339428 ) ) ;
#1094 = CARTESIAN_POINT ( 'NONE',  ( -3.815655849003007916, -1.200320974560191933, 3.903127820947815962E-15 ) ) ;
#1095 = DIRECTION ( 'NONE',  ( 0.000000000000000000, 1.000000000000000000, 0.000000000000000000 ) ) ;
#1096 = ORIENTED_EDGE ( 'NONE', *, *, #1624, .F. ) ;
#1097 = CARTESIAN_POINT ( 'NONE',  ( -2.947336381165931218, 2.704294410055180897, -2.500000000000000000 ) ) ;
#1098 = CARTESIAN_POINT ( 'NONE',  ( 1.315785013939890889E-16, 7.315826248793691811, 46.67441999999999069 ) ) ;
#1099 = ADVANCED_FACE ( 'NONE', ( #229 ), #541, .T. ) ;
#1100 = CIRCLE ( 'NONE', #1985, 6.875000000000000000 ) ;
#1101 = B_SPLINE_CURVE_WITH_KNOTS ( 'NONE', 3,
 ( #213, #1, #1013, #2549, #833, #1662 ),
 .UNSPECIFIED., .F., .F.,
 ( 4, 2, 4 ),
 ( 0.006355812659312956407, 0.007706676676590931696, 0.009057540693868906118 ),
 .UNSPECIFIED. ) ;
#1102 = EDGE_LOOP ( 'NONE', ( #2514, #1488, #1755, #2718, #1387, #1049 ) ) ;
#1103 = CARTESIAN_POINT ( 'NONE',  ( 5.969996256569585213, -2.349663162625050372, 2.390854395130521756E-17 ) ) ;
#1104 = ORIENTED_EDGE ( 'NONE', *, *, #1502, .T. ) ;
#1105 = CARTESIAN_POINT ( 'NONE',  ( -6.200440754629886086, 1.950521583660319136, 0.000000000000000000 ) ) ;
#1106 = FACE_OUTER_BOUND ( 'NONE', #1412, .T. ) ;
#1107 = CARTESIAN_POINT ( 'NONE',  ( 0.9501301391150037690, -6.345000000000002416, 0.000000000000000000 ) ) ;
#1108 = AXIS2_PLACEMENT_3D ( 'NONE', #70, #913, #2006 ) ;
#1109 = DIRECTION ( 'NONE',  ( 1.000000000000000000, 0.000000000000000000, -1.182766006347823109E-16 ) ) ;
#1110 = CARTESIAN_POINT ( 'NONE',  ( -0.5846345636320604555, 3.967702039967729633, -2.499999993915946295 ) ) ;
#1111 = CIRCLE ( 'NONE', #452, 6.875000000000000000 ) ;
#1112 = ORIENTED_EDGE ( 'NONE', *, *, #73, .F. ) ;
#1113 = DIRECTION ( 'NONE',  ( -1.000000000000000000, 0.000000000000000000, -1.367000375080226176E-16 ) ) ;
#1114 = CARTESIAN_POINT ( 'NONE',  ( 6.818430336993100305, 0.8801322284589675471, 0.5299999999999976952 ) ) ;
#1115 = VECTOR ( 'NONE', #337, 1000.000000000000000 ) ;
#1116 = AXIS2_PLACEMENT_3D ( 'NONE', #344, #1185, #2468 ) ;
#1117 = VERTEX_POINT ( 'NONE', #2293 ) ;
#1118 = PLANE ( 'NONE',  #666 ) ;
#1119 = CIRCLE ( 'NONE', #552, 3.999999999999998224 ) ;
#1120 = ORIENTED_EDGE ( 'NONE', *, *, #2703, .T. ) ;
#1121 = EDGE_CURVE ( 'NONE', #197, #1424, #1725, .T. ) ;
#1122 = ADVANCED_FACE ( 'NONE', ( #2079 ), #1029, .F. ) ;
#1123 = DIRECTION ( 'NONE',  ( 1.000000000000000000, 0.000000000000000000, 8.856654914789681360E-17 ) ) ;
#1124 = FACE_OUTER_BOUND ( 'NONE', #1394, .T. ) ;
#1125 = CARTESIAN_POINT ( 'NONE',  ( -0.8683194678370673714, -3.904615384615384155, -2.500000000000000000 ) ) ;
#1126 = VERTEX_POINT ( 'NONE', #1762 ) ;
#1127 = CARTESIAN_POINT ( 'NONE',  ( -5.967015545970619783, -2.354825904826135297, 4.340007253073175234E-17 ) ) ;
#1128 = DIRECTION ( 'NONE',  ( -1.000000000000000000, 0.000000000000000000, -8.562723968748915520E-17 ) ) ;
#1129 = ORIENTED_EDGE ( 'NONE', *, *, #1086, .T. ) ;
#1130 = CARTESIAN_POINT ( 'NONE',  ( -5.673526062751931244E-16, 0.000000000000000000, 12.70026252798339428 ) ) ;
#1131 = FACE_OUTER_BOUND ( 'NONE', #1264, .T. ) ;
#1132 = CC_DESIGN_PERSON_AND_ORGANIZATION_ASSIGNMENT ( #854, #819, ( #2360 ) ) ;
#1133 = ORIENTED_EDGE ( 'NONE', *, *, #1526, .F. ) ;
#1134 = DIRECTION ( 'NONE',  ( 0.000000000000000000, 0.000000000000000000, 1.000000000000000000 ) ) ;
#1135 = EDGE_LOOP ( 'NONE', ( #969, #897 ) ) ;
#1136 = CARTESIAN_POINT ( 'NONE',  ( -6.344999999999999751, 0.000000000000000000, 1.191418640159688314E-15 ) ) ;
#1137 = DIRECTION ( 'NONE',  ( -0.9761538461538464828, -0.2170798669592660657, -9.353141379174315610E-18 ) ) ;
#1138 = ADVANCED_FACE ( 'NONE', ( #2199 ), #299, .F. ) ;
#1139 = ADVANCED_FACE ( 'NONE', ( #2585 ), #1570, .F. ) ;
#1140 = CARTESIAN_POINT ( 'NONE',  ( -3.143813479443542835, -2.490159404019466116, -2.499999993915843266 ) ) ;
#1141 = CARTESIAN_POINT ( 'NONE',  ( 5.040763052955330892, -3.959142283365355119, 0.05018756514668283597 ) ) ;
#1142 = ORIENTED_EDGE ( 'NONE', *, *, #1969, .F. ) ;
#1143 = DIRECTION ( 'NONE',  ( -1.000000000000000000, 0.000000000000000000, 0.000000000000000000 ) ) ;
#1144 = DIRECTION ( 'NONE',  ( -0.000000000000000000, -0.000000000000000000, -1.000000000000000000 ) ) ;
#1145 = B_SPLINE_CURVE_WITH_KNOTS ( 'NONE', 3,
 ( #2292, #2683, #1894, #1673, #1632, #1881, #625, #1238 ),
 .UNSPECIFIED., .F., .F.,
 ( 4, 2, 2, 4 ),
 ( 0.009057540693868890505, 0.01041229330439706093, 0.01108966960966114614, 0.01176704591492523135 ),
 .UNSPECIFIED. ) ;
#1146 = EDGE_LOOP ( 'NONE', ( #276, #1104, #2148, #2363 ) ) ;
#1147 = CARTESIAN_POINT ( 'NONE',  ( 5.730120001613597580, -2.765141023738657555, 1.720914115627727034E-15 ) ) ;
#1148 = AXIS2_PLACEMENT_3D ( 'NONE', #2393, #2434, #1800 ) ;
#1149 = ORIENTED_EDGE ( 'NONE', *, *, #1672, .F. ) ;
#1150 = CARTESIAN_POINT ( 'NONE',  ( -6.818430336993103857, 0.8801322284589538913, 12.17026252798339669 ) ) ;
#1151 = DIRECTION ( 'NONE',  ( 8.562723968748914288E-17, -0.000000000000000000, -1.000000000000000000 ) ) ;
#1152 = ADVANCED_FACE ( 'NONE', ( #1716 ), #2396, .T. ) ;
#1153 = ORIENTED_EDGE ( 'NONE', *, *, #1213, .F. ) ;
#1154 = EDGE_CURVE ( 'NONE', #1788, #2517, #1251, .T. ) ;
#1155 = CARTESIAN_POINT ( 'NONE',  ( -1.377371755856544366, 6.193696153846157237, -0.004809626501416433553 ) ) ;
#1156 = CARTESIAN_POINT ( 'NONE',  ( 4.989539936916000507, -3.947109966636099809, -0.004809626501416539371 ) ) ;
#1157 = CIRCLE ( 'NONE', #180, 6.345000000000000639 ) ;
#1158 = CIRCLE ( 'NONE', #2527, 7.315826248793691811 ) ;
#1159 = DIRECTION ( 'NONE',  ( 0.000000000000000000, -0.000000000000000000, -1.000000000000000000 ) ) ;
#1160 = EDGE_CURVE ( 'NONE', #2161, #1760, #1227, .T. ) ;
#1161 = EDGE_CURVE ( 'NONE', #1020, #1450, #282, .T. ) ;
#1162 = DIRECTION ( 'NONE',  ( -1.000000000000000000, 0.000000000000000000, 0.000000000000000000 ) ) ;
#1163 = CARTESIAN_POINT ( 'NONE',  ( 5.201358173024776809E-16, 0.000000000000000000, 1.734723475976807094E-15 ) ) ;
#1164 = ORIENTED_EDGE ( 'NONE', *, *, #1241, .T. ) ;
#1165 = CIRCLE ( 'NONE', #2442, 6.875000000000000000 ) ;
#1166 = CIRCLE ( 'NONE', #2317, 6.345000000000000639 ) ;
#1167 = VERTEX_POINT ( 'NONE', #465 ) ;
#1168 = CARTESIAN_POINT ( 'NONE',  ( 1.377371755856535485, -6.193696153846151020, -0.004809626501416433553 ) ) ;
#1169 = CARTESIAN_POINT ( 'NONE',  ( 0.000000000000000000, 0.000000000000000000, 0.000000000000000000 ) ) ;
#1170 = VECTOR ( 'NONE', #1802, 1000.000000000000000 ) ;
#1171 = ORIENTED_EDGE ( 'NONE', *, *, #517, .F. ) ;
#1172 = CARTESIAN_POINT ( 'NONE',  ( -3.610402970105775378, -1.746214677290729211, -2.495209751716289226 ) ) ;
#1173 = DIRECTION ( 'NONE',  ( 0.000000000000000000, -0.000000000000000000, -1.000000000000000000 ) ) ;
#1174 = ORIENTED_EDGE ( 'NONE', *, *, #2101, .T. ) ;
#1175 = DIRECTION ( 'NONE',  ( -8.562723968748914288E-17, 0.000000000000000000, 1.000000000000000000 ) ) ;
#1176 = CARTESIAN_POINT ( 'NONE',  ( 0.6145516293213683090, 3.953627705614822130, 46.87475404733925188 ) ) ;
#1177 = EDGE_CURVE ( 'NONE', #1020, #1016, #104, .T. ) ;
#1178 = EDGE_LOOP ( 'NONE', ( #150, #880, #2098, #1354 ) ) ;
#1179 = FACE_OUTER_BOUND ( 'NONE', #2204, .T. ) ;
#1180 = ORIENTED_EDGE ( 'NONE', *, *, #1784, .F. ) ;
#1181 = CARTESIAN_POINT ( 'NONE',  ( -5.266461435382930212, -3.568221217814638635, 12.70026252798339961 ) ) ;
#1182 = CARTESIAN_POINT ( 'NONE',  ( 2.435947610572416266, -6.345000000000001528, 0.4487416994881177068 ) ) ;
#1183 = ORIENTED_EDGE ( 'NONE', *, *, #2225, .F. ) ;
#1184 = DIRECTION ( 'NONE',  ( -0.000000000000000000, -0.000000000000000000, -1.000000000000000000 ) ) ;
#1185 = DIRECTION ( 'NONE',  ( 8.562723968748914288E-17, -0.000000000000000000, -1.000000000000000000 ) ) ;
#1186 = CARTESIAN_POINT ( 'NONE',  ( -7.784792494547405624E-15, 0.000000000000000000, 59.38366215199764042 ) ) ;
#1187 = LINE ( 'NONE', #786, #2176 ) ;
#1188 = CARTESIAN_POINT ( 'NONE',  ( -5.219701692408240770E-16, 0.000000000000000000, 12.17026252798339669 ) ) ;
#1189 = ADVANCED_FACE ( 'NONE', ( #1307, #2154 ), #305, .T. ) ;
#1190 = VERTEX_POINT ( 'NONE', #1333 ) ;
#1191 = CARTESIAN_POINT ( 'NONE',  ( -5.725761712584885643, 2.772689801770389373, 1.103576786479820710E-13 ) ) ;
#1192 = ADVANCED_FACE ( 'NONE', ( #726 ), #75, .T. ) ;
#1193 = VERTEX_POINT ( 'NONE', #89 ) ;
#1194 = CIRCLE ( 'NONE', #702, 2.500000000000000000 ) ;
#1195 = EDGE_CURVE ( 'NONE', #637, #1504, #890, .T. ) ;
#1196 = DIRECTION ( 'NONE',  ( -1.000000000000000000, 0.000000000000000000, 0.000000000000000000 ) ) ;
#1197 = ORIENTED_EDGE ( 'NONE', *, *, #2418, .T. ) ;
#1198 = DIRECTION ( 'NONE',  ( 0.7071067811865492381, 0.000000000000000000, 0.7071067811865457964 ) ) ;
#1199 = CARTESIAN_POINT ( 'NONE',  ( -2.221640597804972472, 6.345000000000000639, 0.3744779305718136109 ) ) ;
#1200 = CARTESIAN_POINT ( 'NONE',  ( -4.171432037031422624, 5.464867771541034536, 21.07441999999999993 ) ) ;
#1201 = CARTESIAN_POINT ( 'NONE',  ( 5.201358173024776809E-16, 0.000000000000000000, 1.734723475976807094E-15 ) ) ;
#1202 = B_SPLINE_CURVE_WITH_KNOTS ( 'NONE', 3,
 ( #1150, #102, #1756, #723, #2239, #1568 ),
 .UNSPECIFIED., .F., .F.,
 ( 4, 2, 4 ),
 ( 2.441656103931841234E-07, 0.001350104852252890847, 0.002699965538895388734 ),
 .UNSPECIFIED. ) ;
#1203 = LINE ( 'NONE', #2030, #1115 ) ;
#1204 = CIRCLE ( 'NONE', #2308, 2.019299999999987438 ) ;
#1205 = ORIENTED_EDGE ( 'NONE', *, *, #387, .F. ) ;
#1206 = CARTESIAN_POINT ( 'NONE',  ( 5.949099321069193813, 2.385857716634641079, 0.05018756514668502172 ) ) ;
#1207 = CIRCLE ( 'NONE', #409, 0.5000000000000004441 ) ;
#1208 = EDGE_CURVE ( 'NONE', #307, #836, #130, .T. ) ;
#1209 = AXIS2_PLACEMENT_3D ( 'NONE', #2411, #1317, #2596 ) ;
#1210 = VERTEX_POINT ( 'NONE', #1388 ) ;
#1211 = CARTESIAN_POINT ( 'NONE',  ( -3.794707603699265519E-15, 0.000000000000000000, 60.59697999999999496 ) ) ;
#1212 = CIRCLE ( 'NONE', #285, 6.345000000000000639 ) ;
#1213 = EDGE_CURVE ( 'NONE', #1235, #35, #2047, .T. ) ;
#1214 = ORIENTED_EDGE ( 'NONE', *, *, #2056, .T. ) ;
#1215 = AXIS2_PLACEMENT_3D ( 'NONE', #889, #920, #1528 ) ;
#1216 = FACE_OUTER_BOUND ( 'NONE', #394, .T. ) ;
#1217 = CARTESIAN_POINT ( 'NONE',  ( 3.750000000000017319, 4.745506346696002768E-16, 75.67441999999999780 ) ) ;
#1218 = CIRCLE ( 'NONE', #15, 6.344999999999998863 ) ;
#1219 = LINE ( 'NONE', #111, #2606 ) ;
#1220 = DIRECTION ( 'NONE',  ( 1.000000000000000000, 0.000000000000000000, 7.885106708985486569E-17 ) ) ;
#1221 = CARTESIAN_POINT ( 'NONE',  ( -0.9999999999999995559, 2.799999999999999822, 47.67441999999999069 ) ) ;
#1222 = VERTEX_POINT ( 'NONE', #2438 ) ;
#1223 = CARTESIAN_POINT ( 'NONE',  ( -4.171432037031416407, -5.464867771541038977, 0.5299999999999973621 ) ) ;
#1224 = APPROVAL ( #1275, 'UNSPECIFIED' ) ;
#1225 = ORIENTED_EDGE ( 'NONE', *, *, #547, .F. ) ;
#1226 = VERTEX_POINT ( 'NONE', #1155 ) ;
#1227 = B_SPLINE_CURVE_WITH_KNOTS ( 'NONE', 3,
 ( #509, #60, #874, #1733, #492, #2559 ),
 .UNSPECIFIED., .F., .F.,
 ( 4, 2, 4 ),
 ( 2.441656103917960482E-07, 0.001350104852252896051, 0.002699965538895400009 ),
 .UNSPECIFIED. ) ;
#1228 = EDGE_CURVE ( 'NONE', #618, #1059, #2210, .T. ) ;
#1229 = CARTESIAN_POINT ( 'NONE',  ( 2.947336381165936103, -2.704294410055176012, -2.500000000000000000 ) ) ;
#1230 = CARTESIAN_POINT ( 'NONE',  ( -6.200440754629885198, 1.950521583660318692, -2.500000000000000000 ) ) ;
#1231 = CARTESIAN_POINT ( 'NONE',  ( 0.000000000000000000, 0.000000000000000000, 6.074420000000000819 ) ) ;
#1232 = EDGE_LOOP ( 'NONE', ( #301, #1286, #2373, #2186, #2671, #1608 ) ) ;
#1233 = CARTESIAN_POINT ( 'NONE',  ( 5.494931187012256579, 3.172500000000012754, 2.205239265793364956E-15 ) ) ;
#1234 = CARTESIAN_POINT ( 'NONE',  ( 0.000000000000000000, 0.000000000000000000, 6.074420000000000819 ) ) ;
#1235 = VERTEX_POINT ( 'NONE', #1995 ) ;
#1236 = CARTESIAN_POINT ( 'NONE',  ( 0.000000000000000000, 0.000000000000000000, -2.500000000000000000 ) ) ;
#1237 = ORIENTED_EDGE ( 'NONE', *, *, #2523, .T. ) ;
#1238 = CARTESIAN_POINT ( 'NONE',  ( 2.646998299961672352, 6.345000000000000639, 12.17026252798339669 ) ) ;
#1239 = AXIS2_PLACEMENT_3D ( 'NONE', #2593, #2409, #118 ) ;
#1240 = ADVANCED_FACE ( 'NONE', ( #753 ), #2129, .T. ) ;
#1241 = EDGE_CURVE ( 'NONE', #63, #752, #235, .T. ) ;
#1242 = DIRECTION ( 'NONE',  ( -0.000000000000000000, -0.000000000000000000, 1.000000000000000000 ) ) ;
#1243 = DIRECTION ( 'NONE',  ( 1.000000000000000000, 1.776356839400250465E-15, 0.000000000000000000 ) ) ;
#1244 = ADVANCED_FACE ( 'NONE', ( #2425 ), #844, .T. ) ;
#1245 = EDGE_LOOP ( 'NONE', ( #1799, #2370, #2408, #1205 ) ) ;
#1246 = CARTESIAN_POINT ( 'NONE',  ( -2.646998299961668355, -6.345000000000003304, 0.5299999999999979172 ) ) ;
#1247 = CARTESIAN_POINT ( 'NONE',  ( 5.494931187012273455, -3.172499999999985221, 2.205239265793366139E-15 ) ) ;
#1248 = AXIS2_PLACEMENT_3D ( 'NONE', #485, #1326, #2174 ) ;
#1249 = VERTEX_POINT ( 'NONE', #120 ) ;
#1250 = AXIS2_PLACEMENT_3D ( 'NONE', #577, #1416, #2028 ) ;
#1251 = CIRCLE ( 'NONE', #1209, 1.000000000000000888 ) ;
#1252 = VERTEX_POINT ( 'NONE', #1816 ) ;
#1253 = LINE ( 'NONE', #1278, #269 ) ;
#1254 = CIRCLE ( 'NONE', #503, 1.000000000000000888 ) ;
#1255 = CARTESIAN_POINT ( 'NONE',  ( 5.494931187012256579, 3.172500000000012754, 2.205239265793364956E-15 ) ) ;
#1256 = AXIS2_PLACEMENT_3D ( 'NONE', #1429, #2716, #2283 ) ;
#1257 = DIRECTION ( 'NONE',  ( -1.000000000000000000, 0.000000000000000000, 0.000000000000000000 ) ) ;
#1258 = CARTESIAN_POINT ( 'NONE',  ( -0.4589056325408351622, -6.345000000000001528, -1.090520157451814843E-13 ) ) ;
#1259 = AXIS2_PLACEMENT_3D ( 'NONE', #2019, #1551, #2395 ) ;
#1260 = ORGANIZATION ( 'UNSPECIFIED', 'UNSPECIFIED', '' ) ;
#1261 = ORIENTED_EDGE ( 'NONE', *, *, #2586, .T. ) ;
#1262 = DIRECTION ( 'NONE',  ( -0.000000000000000000, 0.000000000000000000, 1.000000000000000000 ) ) ;
#1263 = ADVANCED_FACE ( 'NONE', ( #107 ), #1682, .F. ) ;
#1264 = EDGE_LOOP ( 'NONE', ( #1153, #2124, #1976, #2500 ) ) ;
#1265 = ORIENTED_EDGE ( 'NONE', *, *, #554, .T. ) ;
#1266 = CARTESIAN_POINT ( 'NONE',  ( -3.815655849003006583, 1.200320974560196152, 8.673617379884035472E-16 ) ) ;
#1267 = CARTESIAN_POINT ( 'NONE',  ( -5.673526062751931244E-16, 0.000000000000000000, 12.70026252798339428 ) ) ;
#1268 = CARTESIAN_POINT ( 'NONE',  ( 3.608100790007715108, -1.750966588738880558, -2.495171170258112525 ) ) ;
#1269 = CARTESIAN_POINT ( 'NONE',  ( -0.5814921287836051222, 3.968400863561488467, -2.499999999999999556 ) ) ;
#1270 = CARTESIAN_POINT ( 'NONE',  ( 0.000000000000000000, 0.000000000000000000, -2.500000000000000000 ) ) ;
#1271 = ORIENTED_EDGE ( 'NONE', *, *, #1306, .T. ) ;
#1272 = DIRECTION ( 'NONE',  ( 8.562723968748914288E-17, -0.000000000000000000, -1.000000000000000000 ) ) ;
#1273 = EDGE_CURVE ( 'NONE', #1249, #138, #627, .T. ) ;
#1274 = ORIENTED_EDGE ( 'NONE', *, *, #1624, .T. ) ;
#1275 = APPROVAL_STATUS ( 'not_yet_approved' ) ;
#1276 = ORIENTED_EDGE ( 'NONE', *, *, #2195, .F. ) ;
#1277 = EDGE_CURVE ( 'NONE', #2206, #660, #2467, .T. ) ;
#1278 = CARTESIAN_POINT ( 'NONE',  ( 6.344999999999999751, 7.770383940589956273E-16, 6.074420000000001707 ) ) ;
#1279 = DIRECTION ( 'NONE',  ( -1.000000000000000000, 0.000000000000000000, 0.000000000000000000 ) ) ;
#1280 = DIRECTION ( 'NONE',  ( -0.000000000000000000, -0.000000000000000000, -1.000000000000000000 ) ) ;
#1281 = CARTESIAN_POINT ( 'NONE',  ( 5.494931187012262797, -3.172499999999996323, 12.70026252798339428 ) ) ;
#1282 = CARTESIAN_POINT ( 'NONE',  ( 6.345000000000001528, 0.000000000000000000, 2.278028311793925678E-15 ) ) ;
#1283 = EDGE_LOOP ( 'NONE', ( #23, #2710, #1079, #420, #2692 ) ) ;
#1284 = PLANE ( 'NONE',  #367 ) ;
#1285 = CARTESIAN_POINT ( 'NONE',  ( 2.019299999999985662, 0.000000000000000000, 75.67441999999999780 ) ) ;
#1286 = ORIENTED_EDGE ( 'NONE', *, *, #1444, .T. ) ;
#1287 = VECTOR ( 'NONE', #1406, 999.9999999999998863 ) ;
#1288 = CIRCLE ( 'NONE', #230, 6.345000000000000639 ) ;
#1289 = ORIENTED_EDGE ( 'NONE', *, *, #1031, .F. ) ;
#1290 = CARTESIAN_POINT ( 'NONE',  ( -5.494931187012258356, -3.172500000000000764, 21.07441999999999993 ) ) ;
#1291 = DIRECTION ( 'NONE',  ( 1.000000000000000000, 0.000000000000000000, 7.885106708985486569E-17 ) ) ;
#1292 = CARTESIAN_POINT ( 'NONE',  ( 0.3000162635883231732, -4.000098488094314675, -0.1458048508948822652 ) ) ;
#1293 = ADVANCED_FACE ( 'NONE', ( #1216 ), #2628, .F. ) ;
#1294 = AXIS2_PLACEMENT_3D ( 'NONE', #1545, #65, #2601 ) ;
#1295 = CARTESIAN_POINT ( 'NONE',  ( -2.947336381165927666, -2.704294410055184450, 0.000000000000000000 ) ) ;
#1296 = DIRECTION ( 'NONE',  ( -8.562723968748914288E-17, 0.000000000000000000, 1.000000000000000000 ) ) ;
#1297 = VECTOR ( 'NONE', #990, 1000.000000000000000 ) ;
#1298 = ORIENTED_EDGE ( 'NONE', *, *, #2230, .T. ) ;
#1299 = LINE ( 'NONE', #1098, #942 ) ;
#1300 = CIRCLE ( 'NONE', #2188, 2.500000000000000000 ) ;
#1301 = ORIENTED_EDGE ( 'NONE', *, *, #2223, .T. ) ;
#1302 = VERTEX_POINT ( 'NONE', #2266 ) ;
#1303 = CARTESIAN_POINT ( 'NONE',  ( -4.749999999999995559, 5.817072295949922496E-16, 43.72442000000000206 ) ) ;
#1304 = DIRECTION ( 'NONE',  ( -1.000000000000000000, 0.000000000000000000, 0.000000000000000000 ) ) ;
#1305 = CARTESIAN_POINT ( 'NONE',  ( -3.999999999999998224, 0.000000000000000000, -2.500000000000000000 ) ) ;
#1306 = EDGE_CURVE ( 'NONE', #1960, #484, #2454, .T. ) ;
#1307 = FACE_BOUND ( 'NONE', #2351, .T. ) ;
#1308 = CARTESIAN_POINT ( 'NONE',  ( 3.320431942029509198, 2.249223649191941288, -2.495171170258112081 ) ) ;
#1309 = ORIENTED_EDGE ( 'NONE', *, *, #1930, .T. ) ;
#1310 = DIRECTION ( 'NONE',  ( 8.562723968748914288E-17, -0.000000000000000000, -1.000000000000000000 ) ) ;
#1311 = CARTESIAN_POINT ( 'NONE',  ( 0.000000000000000000, 0.000000000000000000, 24.89024624879370506 ) ) ;
#1312 =( BOUNDED_SURFACE ( )  B_SPLINE_SURFACE ( 3, 2, ( 
 ( #2149, #743, #2205 ),
 ( #1989, #311, #1103 ),
 ( #732, #2389, #1147 ),
 ( #2417, #1576, #1977 ),
 ( #116, #688, #1754 ),
 ( #97, #527, #1365 ) ),
 .UNSPECIFIED., .F., .F., .F. ) 
 B_SPLINE_SURFACE_WITH_KNOTS ( ( 4, 2, 4 ),
 ( 3, 3 ),
 ( 0.005927730008879113568, 0.007354832692245709055, 0.008781935375612304542 ),
 ( 0.000000000000000000, 1.000000000000000000 ),
 .UNSPECIFIED. ) 
 GEOMETRIC_REPRESENTATION_ITEM ( )  RATIONAL_B_SPLINE_SURFACE ( (
 ( 1.000000000000000000, 0.7071067811865476838, 1.000000000000000000),
 ( 1.000000000000000000, 0.7213458750174962519, 1.000000000000000000),
 ( 1.000000000000000000, 0.7287184259719057255, 1.000000000000000000),
 ( 1.000000000000000000, 0.7286764187678640425, 1.000000000000000000),
 ( 1.000000000000000000, 0.7214321822521934102, 1.000000000000000000),
 ( 1.000000000000000000, 0.7071067811865470176, 1.000000000000000000) ) ) 
 REPRESENTATION_ITEM ( '' )  SURFACE ( )  );
#1313 = ORIENTED_EDGE ( 'NONE', *, *, #77, .F. ) ;
#1314 = CARTESIAN_POINT ( 'NONE',  ( -3.608100790007715997, 1.750966588738877672, -2.495171170258111637 ) ) ;
#1315 = DIRECTION ( 'NONE',  ( -1.000000000000000000, 0.000000000000000000, 0.000000000000000000 ) ) ;
#1316 = CARTESIAN_POINT ( 'NONE',  ( 4.749999999999995559, 0.000000000000000000, 43.72442000000000206 ) ) ;
#1317 = DIRECTION ( 'NONE',  ( 0.000000000000000000, 1.000000000000000000, 0.000000000000000000 ) ) ;
#1318 = EDGE_CURVE ( 'NONE', #1836, #205, #563, .T. ) ;
#1319 = FACE_OUTER_BOUND ( 'NONE', #1683, .T. ) ;
#1320 = ORIENTED_EDGE ( 'NONE', *, *, #2650, .F. ) ;
#1321 = AXIS2_PLACEMENT_3D ( 'NONE', #973, #772, #2443 ) ;
#1322 = DIRECTION ( 'NONE',  ( 0.000000000000000000, 0.000000000000000000, 1.000000000000000000 ) ) ;
#1323 = DIRECTION ( 'NONE',  ( -8.562723968748914288E-17, 0.000000000000000000, 1.000000000000000000 ) ) ;
#1324 = EDGE_CURVE ( 'NONE', #2218, #718, #51, .T. ) ;
#1325 = ORIENTED_EDGE ( 'NONE', *, *, #1408, .F. ) ;
#1326 = DIRECTION ( 'NONE',  ( -0.000000000000000000, -0.000000000000000000, -1.000000000000000000 ) ) ;
#1327 = CC_DESIGN_DATE_AND_TIME_ASSIGNMENT ( #1060, #2338, ( #2007 ) ) ;
#1328 = ORIENTED_EDGE ( 'NONE', *, *, #866, .T. ) ;
#1329 = CARTESIAN_POINT ( 'NONE',  ( 6.818430336993100305, 0.8801322284589678802, 12.17026252798339669 ) ) ;
#1330 = CARTESIAN_POINT ( 'NONE',  ( 3.815655849003005695, 1.200320974560196152, 4.770489558936219510E-15 ) ) ;
#1331 = DIRECTION ( 'NONE',  ( -0.000000000000000000, -0.000000000000000000, -1.000000000000000000 ) ) ;
#1332 = ORIENTED_EDGE ( 'NONE', *, *, #412, .T. ) ;
#1333 = CARTESIAN_POINT ( 'NONE',  ( -2.019299999999989659, 0.000000000000000000, -31.42558000000000007 ) ) ;
#1334 = AXIS2_PLACEMENT_3D ( 'NONE', #2202, #308, #1143 ) ;
#1335 = FACE_BOUND ( 'NONE', #322, .T. ) ;
#1336 = ORIENTED_EDGE ( 'NONE', *, *, #1558, .F. ) ;
#1337 = DIRECTION ( 'NONE',  ( 8.562723968748914288E-17, -0.000000000000000000, -1.000000000000000000 ) ) ;
#1338 = CARTESIAN_POINT ( 'NONE',  ( 4.747533802681087321E-16, 0.000000000000000000, 0.5299999999999981393 ) ) ;
#1339 = CIRCLE ( 'NONE', #1782, 6.904610135976769314 ) ;
#1340 = VECTOR ( 'NONE', #795, 1000.000000000000000 ) ;
#1341 = ORIENTED_EDGE ( 'NONE', *, *, #2652, .F. ) ;
#1342 = EDGE_CURVE ( 'NONE', #1753, #268, #2482, .T. ) ;
#1343 = AXIS2_PLACEMENT_3D ( 'NONE', #2117, #38, #160 ) ;
#1344 = ORIENTED_EDGE ( 'NONE', *, *, #2097, .F. ) ;
#1345 = LINE ( 'NONE', #690, #927 ) ;
#1346 = APPROVAL_PERSON_ORGANIZATION ( #659, #924, #442 ) ;
#1347 = DIRECTION ( 'NONE',  ( 0.7368340952914845809, -0.6760736025137940031, 0.000000000000000000 ) ) ;
#1348 = CARTESIAN_POINT ( 'NONE',  ( 4.675212334624468724, 4.289687007950025333, -0.004809626501416433553 ) ) ;
#1349 = CARTESIAN_POINT ( 'NONE',  ( -5.036664988962208156, 3.966240338414114497, 12.70026252798339783 ) ) ;
#1350 = CARTESIAN_POINT ( 'NONE',  ( 0.000000000000000000, 0.000000000000000000, -2.500000000000000000 ) ) ;
#1351 = ORIENTED_EDGE ( 'NONE', *, *, #1444, .F. ) ;
#1352 = DIRECTION ( 'NONE',  ( 1.000000000000000000, 0.000000000000000000, 0.000000000000000000 ) ) ;
#1353 = DIRECTION ( 'NONE',  ( -1.000000000000000000, 0.000000000000000000, 0.000000000000000000 ) ) ;
#1354 = ORIENTED_EDGE ( 'NONE', *, *, #1081, .F. ) ;
#1355 = EDGE_CURVE ( 'NONE', #602, #382, #1067, .T. ) ;
#1356 = ORIENTED_EDGE ( 'NONE', *, *, #2387, .F. ) ;
#1357 = CARTESIAN_POINT ( 'NONE',  ( -3.794707603699265519E-15, 0.000000000000000000, 75.67441999999999780 ) ) ;
#1358 = EDGE_CURVE ( 'NONE', #2052, #1698, #1000, .T. ) ;
#1359 = DIRECTION ( 'NONE',  ( 8.562723968748914288E-17, -0.000000000000000000, -1.000000000000000000 ) ) ;
#1360 = CARTESIAN_POINT ( 'NONE',  ( 6.605639090937295066, -1.248697478033506725, 12.33411942007254147 ) ) ;
#1361 = CARTESIAN_POINT ( 'NONE',  ( -5.219701692408240770E-16, 0.000000000000000000, 12.17026252798339669 ) ) ;
#1362 = CARTESIAN_POINT ( 'NONE',  ( 0.000000000000000000, 0.000000000000000000, 0.000000000000000000 ) ) ;
#1363 = DIRECTION ( 'NONE',  ( 1.000000000000000000, 0.000000000000000000, 8.856654914789681360E-17 ) ) ;
#1364 = ORIENTED_EDGE ( 'NONE', *, *, #2623, .F. ) ;
#1365 = CARTESIAN_POINT ( 'NONE',  ( 4.789421619394635066, -4.394478416339680393, 0.000000000000000000 ) ) ;
#1366 = AXIS2_PLACEMENT_3D ( 'NONE', #1583, #2458, #1819 ) ;
#1367 = ORIENTED_EDGE ( 'NONE', *, *, #459, .T. ) ;
#1368 = DIRECTION ( 'NONE',  ( 0.000000000000000000, -1.000000000000000000, 0.000000000000000000 ) ) ;
#1369 = B_SPLINE_CURVE_WITH_KNOTS ( 'NONE', 3,
 ( #1599, #2445, #113, #2460 ),
 .UNSPECIFIED., .F., .F.,
 ( 4, 4 ),
 ( 0.001383235652293503303, 0.002758215478714121788 ),
 .UNSPECIFIED. ) ;
#1370 = FACE_OUTER_BOUND ( 'NONE', #689, .T. ) ;
#1371 = VERTEX_POINT ( 'NONE', #633 ) ;
#1372 = CARTESIAN_POINT ( 'NONE',  ( -6.345000000000000639, 0.000000000000000000, 6.074419999999999931 ) ) ;
#1373 = EDGE_CURVE ( 'NONE', #1059, #1252, #643, .T. ) ;
#1374 = CARTESIAN_POINT ( 'NONE',  ( 6.818430336993102969, -0.8801322284589614409, 12.17026252798339669 ) ) ;
#1375 = AXIS2_PLACEMENT_3D ( 'NONE', #1435, #2287, #391 ) ;
#1376 = ORIENTED_EDGE ( 'NONE', *, *, #1688, .F. ) ;
#1377 = CARTESIAN_POINT ( 'NONE',  ( -2.019300000000000761, 2.472929281518246593E-16, 60.59697999999999496 ) ) ;
#1378 = DIRECTION ( 'NONE',  ( 0.000000000000000000, -0.000000000000000000, -1.000000000000000000 ) ) ;
#1379 = TOROIDAL_SURFACE ( 'NONE', #185, 6.499999999999999112, 2.500000000000000000 ) ;
#1380 = ORIENTED_EDGE ( 'NONE', *, *, #2440, .T. ) ;
#1381 = AXIS2_PLACEMENT_3D ( 'NONE', #1739, #1987, #938 ) ;
#1382 = CIRCLE ( 'NONE', #2092, 7.315826248793691811 ) ;
#1383 = VERTEX_POINT ( 'NONE', #2086 ) ;
#1384 = DIRECTION ( 'NONE',  ( -8.562723968748914288E-17, 0.000000000000000000, 1.000000000000000000 ) ) ;
#1385 = DIRECTION ( 'NONE',  ( -1.000000000000000000, 0.000000000000000000, 0.000000000000000000 ) ) ;
#1386 = CIRCLE ( 'NONE', #378, 2.500000000000000000 ) ;
#1387 = ORIENTED_EDGE ( 'NONE', *, *, #1670, .F. ) ;
#1388 = CARTESIAN_POINT ( 'NONE',  ( 3.999999999999998224, 4.898587196589410857E-16, -2.500000000000000000 ) ) ;
#1389 = CARTESIAN_POINT ( 'NONE',  ( -0.2929352140578659336, -3.999808028655754466, -2.495209751716290114 ) ) ;
#1390 = ADVANCED_FACE ( 'NONE', ( #392 ), #1023, .T. ) ;
#1391 = DIRECTION ( 'NONE',  ( 8.562723968748914288E-17, -0.000000000000000000, -1.000000000000000000 ) ) ;
#1392 = DIRECTION ( 'NONE',  ( -1.000000000000000000, 0.000000000000000000, 0.000000000000000000 ) ) ;
#1393 = DIRECTION ( 'NONE',  ( 1.000000000000000000, 0.000000000000000000, 0.000000000000000000 ) ) ;
#1394 = EDGE_LOOP ( 'NONE', ( #1129, #676, #48, #1830, #559 ) ) ;
#1395 = CARTESIAN_POINT ( 'NONE',  ( 0.000000000000000000, 0.000000000000000000, -2.500000000000000000 ) ) ;
#1396 = ORIENTED_EDGE ( 'NONE', *, *, #2230, .F. ) ;
#1397 = B_SPLINE_CURVE_WITH_KNOTS ( 'NONE', 3,
 ( #1702, #2104, #1314, #1728, #1949, #2737 ),
 .UNSPECIFIED., .F., .F.,
 ( 4, 2, 4 ),
 ( 0.000000000000000000, 0.0008801577789270338854, 0.001760315557854066904 ),
 .UNSPECIFIED. ) ;
#1398 = ORIENTED_EDGE ( 'NONE', *, *, #88, .T. ) ;
#1399 = DIRECTION ( 'NONE',  ( -1.000000000000000000, -1.224646799147351728E-16, 0.000000000000000000 ) ) ;
#1400 = CARTESIAN_POINT ( 'NONE',  ( -1.785073526766062013, 6.345000000000000639, 0.2430334098718310298 ) ) ;
#1401 = CARTESIAN_POINT ( 'NONE',  ( -0.8683194678370583786, -3.904615384615385931, -2.500000000000000000 ) ) ;
#1402 = EDGE_CURVE ( 'NONE', #1226, #928, #2034, .T. ) ;
#1403 = CARTESIAN_POINT ( 'NONE',  ( 4.171432037031425288, 5.464867771541034536, 0.5299999999999985834 ) ) ;
#1404 = DIRECTION ( 'NONE',  ( 1.000000000000000000, 0.000000000000000000, 0.000000000000000000 ) ) ;
#1405 = ORIENTED_EDGE ( 'NONE', *, *, #2523, .F. ) ;
#1406 = DIRECTION ( 'NONE',  ( 0.1305261922200448010, 0.000000000000000000, 0.9914448613738113814 ) ) ;
#1407 = EDGE_CURVE ( 'NONE', #312, #647, #620, .T. ) ;
#1408 = EDGE_CURVE ( 'NONE', #1371, #836, #587, .T. ) ;
#1409 = ORIENTED_EDGE ( 'NONE', *, *, #2137, .F. ) ;
#1410 = DIRECTION ( 'NONE',  ( -1.000000000000000000, 0.000000000000000000, 0.000000000000000000 ) ) ;
#1411 = CIRCLE ( 'NONE', #1850, 2.500000000000000000 ) ;
#1412 = EDGE_LOOP ( 'NONE', ( #1933, #2554, #240, #1289 ) ) ;
#1413 = CARTESIAN_POINT ( 'NONE',  ( -3.794707603699265519E-15, 0.000000000000000000, 60.59697999999999496 ) ) ;
#1414 = CARTESIAN_POINT ( 'NONE',  ( 7.315826248793691811, 8.959303198703381747E-16, 22.11916749433803275 ) ) ;
#1415 = B_SPLINE_CURVE_WITH_KNOTS ( 'NONE', 3,
 ( #1017, #151, #816, #1847 ),
 .UNSPECIFIED., .F., .F.,
 ( 4, 4 ),
 ( 0.000000000000000000, 0.001383235652293521951 ),
 .UNSPECIFIED. ) ;
#1416 = DIRECTION ( 'NONE',  ( -0.000000000000000000, -0.000000000000000000, -1.000000000000000000 ) ) ;
#1417 = DIRECTION ( 'NONE',  ( 0.000000000000000000, 0.000000000000000000, 1.000000000000000000 ) ) ;
#1418 = CARTESIAN_POINT ( 'NONE',  ( -1.794086736706462792, 6.345000000000000639, 12.46574974438529537 ) ) ;
#1419 = AXIS2_PLACEMENT_3D ( 'NONE', #747, #1849, #2299 ) ;
#1420 = EDGE_LOOP ( 'NONE', ( #1625, #2252, #1325, #1171 ) ) ;
#1421 = DIRECTION ( 'NONE',  ( -1.000000000000000000, 0.000000000000000000, 0.000000000000000000 ) ) ;
#1422 = TOROIDAL_SURFACE ( 'NONE', #2653, 4.749999999999995559, 0.2500000000000000000 ) ;
#1423 = AXIS2_PLACEMENT_3D ( 'NONE', #2641, #794, #1839 ) ;
#1424 = VERTEX_POINT ( 'NONE', #1285 ) ;
#1425 = ADVANCED_FACE ( 'NONE', ( #418 ), #1379, .F. ) ;
#1426 = AXIS2_PLACEMENT_3D ( 'NONE', #1721, #700, #673 ) ;
#1427 = EDGE_LOOP ( 'NONE', ( #2545, #581 ) ) ;
#1428 = TOROIDAL_SURFACE ( 'NONE', #2185, 6.499999999999999112, 2.500000000000000000 ) ;
#1429 = CARTESIAN_POINT ( 'NONE',  ( 0.000000000000000000, 0.000000000000000000, -0.004809626501416433553 ) ) ;
#1430 = VECTOR ( 'NONE', #573, 1000.000000000000000 ) ;
#1431 = CARTESIAN_POINT ( 'NONE',  ( 6.815826248793690922, 0.000000000000000000, 22.11916749433803275 ) ) ;
#1432 = DIRECTION ( 'NONE',  ( -0.000000000000000000, -0.000000000000000000, -1.000000000000000000 ) ) ;
#1433 = CYLINDRICAL_SURFACE ( 'NONE', #1998, 1.000000000000000888 ) ;
#1434 = ORIENTED_EDGE ( 'NONE', *, *, #169, .T. ) ;
#1435 = CARTESIAN_POINT ( 'NONE',  ( 0.000000000000000000, 0.000000000000000000, 21.07441999999999993 ) ) ;
#1436 =( BOUNDED_SURFACE ( )  B_SPLINE_SURFACE ( 3, 2, ( 
 ( #1671, #1266, #1105 ),
 ( #210, #2352, #663 ),
 ( #433, #37, #13 ),
 ( #2116, #2164, #26 ),
 ( #1467, #270, #2556 ),
 ( #460, #648, #679 ) ),
 .UNSPECIFIED., .F., .F., .F. ) 
 B_SPLINE_SURFACE_WITH_KNOTS ( ( 4, 2, 4 ),
 ( 3, 3 ),
 ( 0.005927730008879101425, 0.007354832692245708188, 0.008781935375612314951 ),
 ( 0.000000000000000000, 1.000000000000000000 ),
 .UNSPECIFIED. ) 
 GEOMETRIC_REPRESENTATION_ITEM ( )  RATIONAL_B_SPLINE_SURFACE ( (
 ( 1.000000000000000000, 0.7071067811865473507, 1.000000000000000000),
 ( 1.000000000000000000, 0.7213458750174964740, 1.000000000000000000),
 ( 1.000000000000000000, 0.7287184259719057255, 1.000000000000000000),
 ( 1.000000000000000000, 0.7286764187678640425, 1.000000000000000000),
 ( 1.000000000000000000, 0.7214321822521938543, 1.000000000000000000),
 ( 1.000000000000000000, 0.7071067811865467956, 1.000000000000000000) ) ) 
 REPRESENTATION_ITEM ( '' )  SURFACE ( )  );
#1437 = CARTESIAN_POINT ( 'NONE',  ( -1.794086736706453689, -6.345000000000003304, 0.2345127835981001829 ) ) ;
#1438 = ORIENTED_EDGE ( 'NONE', *, *, #2668, .T. ) ;
#1439 =( NAMED_UNIT ( * ) SI_UNIT ( $, .STERADIAN. ) SOLID_ANGLE_UNIT ( ) );
#1440 = B_SPLINE_CURVE_WITH_KNOTS ( 'NONE', 3,
 ( #2501, #608, #1449, #203, #1046, #1886, #2731, #837 ),
 .UNSPECIFIED., .F., .F.,
 ( 4, 2, 2, 4 ),
 ( 0.009057540693868874893, 0.01041229330439704531, 0.01108966960966113052, 0.01176704591492521400 ),
 .UNSPECIFIED. ) ;
#1441 = ADVANCED_FACE ( 'NONE', ( #597 ), #430, .T. ) ;
#1442 = VERTEX_POINT ( 'NONE', #1247 ) ;
#1443 = DIRECTION ( 'NONE',  ( -1.000000000000000000, 0.000000000000000000, -8.562723968748915520E-17 ) ) ;
#1444 = EDGE_CURVE ( 'NONE', #647, #1988, #294, .T. ) ;
#1445 = EDGE_CURVE ( 'NONE', #1193, #312, #1440, .T. ) ;
#1446 = CARTESIAN_POINT ( 'NONE',  ( 0.5815117293989128244, 3.968396504720943962, -2.500000000000000444 ) ) ;
#1447 = CARTESIAN_POINT ( 'NONE',  ( -0.8683194678370639297, 3.904615384615384155, 0.000000000000000000 ) ) ;
#1448 = ORIENTED_EDGE ( 'NONE', *, *, #169, .F. ) ;
#1449 = CARTESIAN_POINT ( 'NONE',  ( -0.8977958178097411590, -6.345000000000001528, 12.65176910794816223 ) ) ;
#1450 = VERTEX_POINT ( 'NONE', #1678 ) ;
#1451 = APPROVAL_STATUS ( 'not_yet_approved' ) ;
#1452 = ORIENTED_EDGE ( 'NONE', *, *, #2506, .F. ) ;
#1453 = DIRECTION ( 'NONE',  ( 1.000000000000000000, 1.776356839400250465E-15, 0.000000000000000000 ) ) ;
#1454 = CARTESIAN_POINT ( 'NONE',  ( 3.145976320678253835, -2.487802182618553459, -2.500000000000000888 ) ) ;
#1455 = EDGE_CURVE ( 'NONE', #1838, #953, #1731, .T. ) ;
#1456 = LINE ( 'NONE', #2717, #2222 ) ;
#1457 = CARTESIAN_POINT ( 'NONE',  ( 0.000000000000000000, 0.000000000000000000, 24.89024624879370506 ) ) ;
#1458 = VERTEX_POINT ( 'NONE', #1500 ) ;
#1459 = PLANE ( 'NONE',  #933 ) ;
#1460 = CARTESIAN_POINT ( 'NONE',  ( 0.8731734114897043986, 3.903874562692250194, 70.17911976886082925 ) ) ;
#1461 = AXIS2_PLACEMENT_3D ( 'NONE', #1628, #2279, #383 ) ;
#1462 = ORIENTED_EDGE ( 'NONE', *, *, #2510, .F. ) ;
#1463 = CIRCLE ( 'NONE', #804, 2.019299999999987438 ) ;
#1464 = APPROVAL_DATE_TIME ( #1078, #1224 ) ;
#1465 = CONICAL_SURFACE ( 'NONE', #2699, 3.999999999999996447, 0.7853981633974621568 ) ;
#1466 = EDGE_LOOP ( 'NONE', ( #1564, #1659, #2345 ) ) ;
#1467 = CARTESIAN_POINT ( 'NONE',  ( -3.146290447606558960, 2.487459824286320842, -2.499999994010650539 ) ) ;
#1468 = CIRCLE ( 'NONE', #2228, 3.999999999999998224 ) ;
#1469 = CARTESIAN_POINT ( 'NONE',  ( -5.341038784982858445, 6.540886052151126060E-16, 6.074420000000000819 ) ) ;
#1470 = CONICAL_SURFACE ( 'NONE', #548, 2.019299999999996764, 1.029744258676652313 ) ;
#1471 = DIRECTION ( 'NONE',  ( 1.000000000000000000, 0.000000000000000000, 0.000000000000000000 ) ) ;
#1472 = LINE ( 'NONE', #847, #1909 ) ;
#1473 = CIRCLE ( 'NONE', #1692, 3.750000000000031086 ) ;
#1474 = EDGE_CURVE ( 'NONE', #2413, #2433, #1111, .T. ) ;
#1475 = AXIS2_PLACEMENT_3D ( 'NONE', #2066, #2290, #1646 ) ;
#1476 = EDGE_LOOP ( 'NONE', ( #1396, #2636, #1274, #196 ) ) ;
#1477 = CARTESIAN_POINT ( 'NONE',  ( -0.9734814216997453862, 3.880076551358471182, 69.93786889786295546 ) ) ;
#1478 = ORIENTED_EDGE ( 'NONE', *, *, #517, .T. ) ;
#1479 = PERSON_AND_ORGANIZATION ( #154, #1260 ) ;
#1480 = B_SPLINE_CURVE_WITH_KNOTS ( 'NONE', 3,
 ( #2515, #2296, #1072, #850 ),
 .UNSPECIFIED., .F., .F.,
 ( 4, 4 ),
 ( 0.001383235652293520433, 0.002758215478714157350 ),
 .UNSPECIFIED. ) ;
#1481 = VERTEX_POINT ( 'NONE', #2404 ) ;
#1482 = DIRECTION ( 'NONE',  ( -1.000000000000000000, 0.000000000000000000, 0.000000000000000000 ) ) ;
#1483 = CARTESIAN_POINT ( 'NONE',  ( -5.219701692408240770E-16, 0.000000000000000000, 12.17026252798339669 ) ) ;
#1484 = CARTESIAN_POINT ( 'NONE',  ( 0.000000000000000000, 0.000000000000000000, 0.000000000000000000 ) ) ;
#1485 = CARTESIAN_POINT ( 'NONE',  ( 4.789421619394645724, 4.394478416339662630, -2.500000000000000000 ) ) ;
#1486 = DIRECTION ( 'NONE',  ( 8.562723968748914288E-17, -0.000000000000000000, -1.000000000000000000 ) ) ;
#1487 = ADVANCED_FACE ( 'NONE', ( #1560 ), #1465, .T. ) ;
#1488 = ORIENTED_EDGE ( 'NONE', *, *, #1408, .T. ) ;
#1489 = CARTESIAN_POINT ( 'NONE',  ( -0.7994774001775563077, 3.920420944107164019, 70.28923443191116860 ) ) ;
#1490 = ORIENTED_EDGE ( 'NONE', *, *, #1160, .F. ) ;
#1491 = ADVANCED_FACE ( 'NONE', ( #2171 ), #2203, .T. ) ;
#1492 = EDGE_LOOP ( 'NONE', ( #2466, #216, #2336, #1812 ) ) ;
#1493 = DIRECTION ( 'NONE',  ( 0.7368340952914822495, 0.6760736025137964456, -8.673617379884035472E-16 ) ) ;
#1494 = DIRECTION ( 'NONE',  ( 8.562723968748914288E-17, -0.000000000000000000, -1.000000000000000000 ) ) ;
#1495 = CARTESIAN_POINT ( 'NONE',  ( 2.019299999999987438, 2.472929281518235254E-16, 17.57441999999999283 ) ) ;
#1496 = CARTESIAN_POINT ( 'NONE',  ( -5.673526062751931244E-16, 0.000000000000000000, 12.70026252798339428 ) ) ;
#1497 = AXIS2_PLACEMENT_3D ( 'NONE', #334, #132, #2303 ) ;
#1498 = CARTESIAN_POINT ( 'NONE',  ( 0.8683194678370739217, 3.904615384615382823, -2.500000000000000000 ) ) ;
#1499 = ORIENTED_EDGE ( 'NONE', *, *, #2069, .T. ) ;
#1500 = CARTESIAN_POINT ( 'NONE',  ( 3.750000000000031086, 0.000000000000000000, -31.42558000000000007 ) ) ;
#1501 = EDGE_LOOP ( 'NONE', ( #2603, #1617, #52, #512, #2132, #81 ) ) ;
#1502 = EDGE_CURVE ( 'NONE', #428, #2431, #1088, .T. ) ;
#1503 = AXIS2_PLACEMENT_3D ( 'NONE', #170, #1872, #1674 ) ;
#1504 = VERTEX_POINT ( 'NONE', #2362 ) ;
#1505 = LINE ( 'NONE', #735, #172 ) ;
#1506 = FACE_OUTER_BOUND ( 'NONE', #1809, .T. ) ;
#1507 = DIRECTION ( 'NONE',  ( -0.000000000000000000, -0.000000000000000000, -1.000000000000000000 ) ) ;
#1508 = VECTOR ( 'NONE', #1144, 1000.000000000000000 ) ;
#1509 = CIRCLE ( 'NONE', #590, 6.875000000000000000 ) ;
#1510 = CARTESIAN_POINT ( 'NONE',  ( -5.673526062751931244E-16, 0.000000000000000000, 12.70026252798339428 ) ) ;
#1511 = CARTESIAN_POINT ( 'NONE',  ( -0.3000162635887086426, 4.000098488094315563, -0.1458048508948844579 ) ) ;
#1512 = VECTOR ( 'NONE', #395, 1000.000000000000000 ) ;
#1513 = B_SPLINE_CURVE_WITH_KNOTS ( 'NONE', 3,
 ( #2073, #2432, #790, #1626 ),
 .UNSPECIFIED., .F., .F.,
 ( 4, 4 ),
 ( 0.002699965538895387866, 0.005407525381515208146 ),
 .UNSPECIFIED. ) ;
#1514 = ORIENTED_EDGE ( 'NONE', *, *, #2170, .F. ) ;
#1515 = CARTESIAN_POINT ( 'NONE',  ( 3.999999999999996447, 4.898587196589408884E-16, 44.22442000000000206 ) ) ;
#1516 = AXIS2_PLACEMENT_3D ( 'NONE', #165, #545, #1385 ) ;
#1517 = DIRECTION ( 'NONE',  ( -1.000000000000000000, 0.000000000000000000, 0.000000000000000000 ) ) ;
#1518 = ORIENTED_EDGE ( 'NONE', *, *, #1811, .T. ) ;
#1519 = ORIENTED_EDGE ( 'NONE', *, *, #1747, .F. ) ;
#1520 = CARTESIAN_POINT ( 'NONE',  ( -7.315826248793691811, 0.000000000000000000, 0.000000000000000000 ) ) ;
#1521 = CARTESIAN_POINT ( 'NONE',  ( -0.5036793207057208566, 3.970001461835244605, 46.80076625797902068 ) ) ;
#1522 =( BOUNDED_SURFACE ( )  B_SPLINE_SURFACE ( 3, 2, ( 
 ( #2197, #1791, #1536 ),
 ( #2394, #475, #2179 ),
 ( #680, #1773, #488 ),
 ( #2008, #56, #1729 ),
 ( #2627, #1580, #288 ),
 ( #914, #1330, #1980 ) ),
 .UNSPECIFIED., .F., .F., .F. ) 
 B_SPLINE_SURFACE_WITH_KNOTS ( ( 4, 2, 4 ),
 ( 3, 3 ),
 ( 0.005927730008879113568, 0.007354832692245704719, 0.008781935375612295869 ),
 ( 0.000000000000000000, 1.000000000000000000 ),
 .UNSPECIFIED. ) 
 GEOMETRIC_REPRESENTATION_ITEM ( )  RATIONAL_B_SPLINE_SURFACE ( (
 ( 1.000000000000000000, 0.7071067811865475727, 1.000000000000000000),
 ( 1.000000000000000000, 0.7213458750174764900, 1.000000000000000000),
 ( 1.000000000000000000, 0.7287184259719317048, 1.000000000000000000),
 ( 1.000000000000000000, 0.7286764187678376192, 1.000000000000000000),
 ( 1.000000000000000000, 0.7214321822522140604, 1.000000000000000000),
 ( 1.000000000000000000, 0.7071067811865467956, 1.000000000000000000) ) ) 
 REPRESENTATION_ITEM ( '' )  SURFACE ( )  );
#1523 = EDGE_CURVE ( 'NONE', #2318, #1222, #93, .T. ) ;
#1524 = CARTESIAN_POINT ( 'NONE',  ( 1.411019135235222155, -6.345000000000002416, 0.000000000000000000 ) ) ;
#1525 = CARTESIAN_POINT ( 'NONE',  ( -2.947336381165928110, -2.704294410055184450, -2.500000000000000000 ) ) ;
#1526 = EDGE_CURVE ( 'NONE', #1770, #2206, #1860, .T. ) ;
#1527 = EDGE_CURVE ( 'NONE', #911, #2419, #2350, .T. ) ;
#1528 = DIRECTION ( 'NONE',  ( 1.000000000000000000, 0.000000000000000000, 8.856654914789681360E-17 ) ) ;
#1529 = EDGE_LOOP ( 'NONE', ( #943, #1948, #1627, #1261, #1589 ) ) ;
#1530 = DIRECTION ( 'NONE',  ( 0.8571673007021112234, 0.000000000000000000, 0.5150380749100560429 ) ) ;
#1531 = CARTESIAN_POINT ( 'NONE',  ( -6.345000000000000639, 0.000000000000000000, 12.70026252798339428 ) ) ;
#1532 = ORIENTED_EDGE ( 'NONE', *, *, #384, .F. ) ;
#1533 = CARTESIAN_POINT ( 'NONE',  ( -6.052584090481021306, -1.904009145896099930, -0.004809626501416433553 ) ) ;
#1534 = ORIENTED_EDGE ( 'NONE', *, *, #1639, .T. ) ;
#1535 = CARTESIAN_POINT ( 'NONE',  ( 0.8683194678370601549, -3.904615384615385487, -2.500000000000000000 ) ) ;
#1536 = CARTESIAN_POINT ( 'NONE',  ( 4.789421619394645724, 4.394478416339661742, 0.000000000000000000 ) ) ;
#1537 = DIRECTION ( 'NONE',  ( -0.000000000000000000, -0.000000000000000000, -1.000000000000000000 ) ) ;
#1538 = EDGE_LOOP ( 'NONE', ( #2733, #1852, #2664, #1313 ) ) ;
#1539 = CARTESIAN_POINT ( 'NONE',  ( -4.171432037031423512, 5.464867771541035424, 12.17026252798339669 ) ) ;
#1540 = CARTESIAN_POINT ( 'NONE',  ( 1.315785013939890889E-16, 2.799999999999999822, 47.67441999999999069 ) ) ;
#1541 = EDGE_CURVE ( 'NONE', #1383, #2488, #808, .T. ) ;
#1542 = ORIENTED_EDGE ( 'NONE', *, *, #1160, .T. ) ;
#1543 = AXIS2_PLACEMENT_3D ( 'NONE', #1361, #961, #1806 ) ;
#1544 = DIRECTION ( 'NONE',  ( -0.000000000000000000, -0.000000000000000000, -1.000000000000000000 ) ) ;
#1545 = CARTESIAN_POINT ( 'NONE',  ( -5.673526062751931244E-16, 0.000000000000000000, 12.70026252798339428 ) ) ;
#1546 = ORIENTED_EDGE ( 'NONE', *, *, #1121, .F. ) ;
#1547 = CARTESIAN_POINT ( 'NONE',  ( 6.605639090937293290, 1.248697478033515829, 0.3661431079108493636 ) ) ;
#1548 = ORIENTED_EDGE ( 'NONE', *, *, #549, .T. ) ;
#1549 = FACE_OUTER_BOUND ( 'NONE', #656, .T. ) ;
#1550 = FACE_OUTER_BOUND ( 'NONE', #981, .T. ) ;
#1551 = DIRECTION ( 'NONE',  ( -0.000000000000000000, -0.000000000000000000, -1.000000000000000000 ) ) ;
#1552 = CONICAL_SURFACE ( 'NONE', #2695, 2.019299999999987438, 1.029744258676648538 ) ;
#1553 = DIRECTION ( 'NONE',  ( 0.5000000000000001110, -0.8660254037844385966, 0.000000000000000000 ) ) ;
#1554 = CIRCLE ( 'NONE', #99, 6.875000000000000000 ) ;
#1555 = DIRECTION ( 'NONE',  ( 1.000000000000000000, 0.000000000000000000, -0.000000000000000000 ) ) ;
#1556 = VECTOR ( 'NONE', #550, 999.9999999999998863 ) ;
#1557 = ORIENTED_EDGE ( 'NONE', *, *, #1358, .T. ) ;
#1558 = EDGE_CURVE ( 'NONE', #2236, #1918, #2487, .T. ) ;
#1559 = DIRECTION ( 'NONE',  ( 0.000000000000000000, 0.000000000000000000, 1.000000000000000000 ) ) ;
#1560 = FACE_OUTER_BOUND ( 'NONE', #610, .T. ) ;
#1561 = TOROIDAL_SURFACE ( 'NONE', #2136, 4.249999999999996447, 0.2500000000000036637 ) ;
#1562 = ADVANCED_FACE ( 'NONE', ( #1131 ), #236, .F. ) ;
#1563 = CIRCLE ( 'NONE', #2277, 3.999999999999998224 ) ;
#1564 = ORIENTED_EDGE ( 'NONE', *, *, #785, .F. ) ;
#1565 = CARTESIAN_POINT ( 'NONE',  ( -7.511572993685800087E-16, 6.345000000000000639, 21.07441999999999993 ) ) ;
#1566 = AXIS2_PLACEMENT_3D ( 'NONE', #2270, #16, #858 ) ;
#1567 = ORIENTED_EDGE ( 'NONE', *, *, #502, .T. ) ;
#1568 = CARTESIAN_POINT ( 'NONE',  ( -5.494931187012263685, 3.172499999999994991, 12.70026252798339428 ) ) ;
#1569 = CARTESIAN_POINT ( 'NONE',  ( -0.9999999999999995559, 3.872983346207413469, 47.54167081342743728 ) ) ;
#1570 = PLANE ( 'NONE',  #2566 ) ;
#1571 = LINE ( 'NONE', #2642, #1297 ) ;
#1572 = ORIENTED_EDGE ( 'NONE', *, *, #54, .F. ) ;
#1573 = DIRECTION ( 'NONE',  ( 0.000000000000000000, -1.000000000000000000, 0.000000000000000000 ) ) ;
#1574 = CARTESIAN_POINT ( 'NONE',  ( 0.7996926386842451162, 3.920374653440777291, 47.05990309658675841 ) ) ;
#1575 = ORIENTED_EDGE ( 'NONE', *, *, #912, .F. ) ;
#1576 = CARTESIAN_POINT ( 'NONE',  ( 3.312687260337931150, -2.262059508509616901, -0.1455350496267103499 ) ) ;
#1577 = ORIENTED_EDGE ( 'NONE', *, *, #245, .F. ) ;
#1578 = EDGE_CURVE ( 'NONE', #205, #1586, #1165, .T. ) ;
#1579 = DIRECTION ( 'NONE',  ( -0.000000000000000000, -0.000000000000000000, -1.000000000000000000 ) ) ;
#1580 = CARTESIAN_POINT ( 'NONE',  ( 3.735649074625051025, 1.454651572528192771, -0.09942128392876894982 ) ) ;
#1581 = CARTESIAN_POINT ( 'NONE',  ( -6.818430336993102081, 0.8801322284589536693, 21.07441999999999993 ) ) ;
#1582 = CARTESIAN_POINT ( 'NONE',  ( -0.8977958178097510400, 6.344999999999999751, 0.04849342003523429701 ) ) ;
#1583 = CARTESIAN_POINT ( 'NONE',  ( 0.000000000000000000, 0.000000000000000000, 21.07441999999999993 ) ) ;
#1584 = DIRECTION ( 'NONE',  ( 0.000000000000000000, 0.000000000000000000, -1.000000000000000000 ) ) ;
#1585 = CARTESIAN_POINT ( 'NONE',  ( 0.2620914089695183247, 3.993264442605880760, 46.70047928753229627 ) ) ;
#1586 = VERTEX_POINT ( 'NONE', #1114 ) ;
#1587 = CARTESIAN_POINT ( 'NONE',  ( -6.818430336993101193, -0.8801322284589623290, 0.5299999999999975842 ) ) ;
#1588 = AXIS2_PLACEMENT_3D ( 'NONE', #2091, #2027, #122 ) ;
#1589 = ORIENTED_EDGE ( 'NONE', *, *, #2194, .F. ) ;
#1590 = FACE_OUTER_BOUND ( 'NONE', #543, .T. ) ;
#1591 = DIRECTION ( 'NONE',  ( -0.000000000000000000, 0.000000000000000000, 1.000000000000000000 ) ) ;
#1592 = EDGE_CURVE ( 'NONE', #840, #2517, #1299, .T. ) ;
#1593 = DIRECTION ( 'NONE',  ( 0.000000000000000000, 0.000000000000000000, 1.000000000000000000 ) ) ;
#1594 = FACE_OUTER_BOUND ( 'NONE', #2012, .T. ) ;
#1595 = VECTOR ( 'NONE', #1944, 1000.000000000000000 ) ;
#1596 = AXIS2_PLACEMENT_3D ( 'NONE', #319, #262, #1113 ) ;
#1597 = CARTESIAN_POINT ( 'NONE',  ( 2.224956175735651520, -6.345000000000000639, 12.33275631494171876 ) ) ;
#1598 = DIRECTION ( 'NONE',  ( 8.562723968748914288E-17, -0.000000000000000000, -1.000000000000000000 ) ) ;
#1599 = CARTESIAN_POINT ( 'NONE',  ( -1.381458148778849971E-14, 6.345000000000001528, 1.734723475976805911E-15 ) ) ;
#1600 = AXIS2_PLACEMENT_3D ( 'NONE', #851, #1697, #1875 ) ;
#1601 = ORIENTED_EDGE ( 'NONE', *, *, #496, .F. ) ;
#1602 = CARTESIAN_POINT ( 'NONE',  ( -5.912233467577160617, 2.350164538115714574, -0.004809626501416875907 ) ) ;
#1603 = CIRCLE ( 'NONE', #1294, 6.344999999999999751 ) ;
#1604 = VECTOR ( 'NONE', #510, 1000.000000000000000 ) ;
#1605 = ORIENTED_EDGE ( 'NONE', *, *, #1801, .F. ) ;
#1606 = CIRCLE ( 'NONE', #112, 4.249999999999996447 ) ;
#1607 = CC_DESIGN_APPROVAL ( #1224, ( #2360 ) ) ;
#1608 = ORIENTED_EDGE ( 'NONE', *, *, #1445, .T. ) ;
#1609 = CARTESIAN_POINT ( 'NONE',  ( -1.411019135235220157, -6.345000000000002416, -2.500000000000000000 ) ) ;
#1610 = CARTESIAN_POINT ( 'NONE',  ( -5.494931187012272567, 3.172499999999983888, 1.264207686160247853E-15 ) ) ;
#1611 = CARTESIAN_POINT ( 'NONE',  ( -5.673526062751931244E-16, 0.000000000000000000, 12.70026252798339428 ) ) ;
#1612 = EDGE_CURVE ( 'NONE', #1235, #2578, #1026, .T. ) ;
#1613 = DIRECTION ( 'NONE',  ( -1.000000000000000000, 0.000000000000000000, 0.000000000000000000 ) ) ;
#1614 = CARTESIAN_POINT ( 'NONE',  ( 4.345085776149885504E-16, 0.000000000000000000, 1.000000000000001776 ) ) ;
#1615 = ORIENTED_EDGE ( 'NONE', *, *, #2724, .T. ) ;
#1616 = CARTESIAN_POINT ( 'NONE',  ( 2.646998299961670575, -6.345000000000001528, 21.07441999999999993 ) ) ;
#1617 = ORIENTED_EDGE ( 'NONE', *, *, #547, .T. ) ;
#1618 = LINE ( 'NONE', #968, #2478 ) ;
#1619 = CARTESIAN_POINT ( 'NONE',  ( 0.8977958178097504849, -6.344999999999999751, 0.04849342003523556682 ) ) ;
#1620 = VERTEX_POINT ( 'NONE', #923 ) ;
#1621 = DIRECTION ( 'NONE',  ( 0.000000000000000000, 0.000000000000000000, 1.000000000000000000 ) ) ;
#1622 = CARTESIAN_POINT ( 'NONE',  ( 5.723400938641591829, -2.776778782185358008, 12.70026252798339783 ) ) ;
#1623 = DIRECTION ( 'NONE',  ( -0.000000000000000000, -0.000000000000000000, -1.000000000000000000 ) ) ;
#1624 = EDGE_CURVE ( 'NONE', #1193, #2507, #1603, .T. ) ;
#1625 = ORIENTED_EDGE ( 'NONE', *, *, #2581, .T. ) ;
#1626 = CARTESIAN_POINT ( 'NONE',  ( -6.818430336993101193, -0.8801322284589623290, 12.17026252798339669 ) ) ;
#1627 = ORIENTED_EDGE ( 'NONE', *, *, #2082, .T. ) ;
#1628 = CARTESIAN_POINT ( 'NONE',  ( 4.747533802681087321E-16, 0.000000000000000000, 0.5299999999999981393 ) ) ;
#1629 = DIRECTION ( 'NONE',  ( -0.000000000000000000, -0.000000000000000000, -1.000000000000000000 ) ) ;
#1630 = EDGE_LOOP ( 'NONE', ( #1036, #2543, #1890, #2324 ) ) ;
#1631 = DIRECTION ( 'NONE',  ( 1.000000000000000000, 0.000000000000000000, 0.000000000000000000 ) ) ;
#1632 = CARTESIAN_POINT ( 'NONE',  ( 1.785073526766056906, 6.345000000000001528, 12.45722911811156663 ) ) ;
#1633 = CARTESIAN_POINT ( 'NONE',  ( -6.345000000000001528, 0.000000000000000000, -0.004809626501416433553 ) ) ;
#1634 = CIRCLE ( 'NONE', #275, 2.500000000000000000 ) ;
#1635 = DIRECTION ( 'NONE',  ( 8.562723968748914288E-17, -0.000000000000000000, -1.000000000000000000 ) ) ;
#1636 = CARTESIAN_POINT ( 'NONE',  ( -3.750000000000031086, 4.745506346696011643E-16, -31.42558000000000007 ) ) ;
#1637 = EDGE_CURVE ( 'NONE', #1442, #1222, #2655, .T. ) ;
#1638 = ORIENTED_EDGE ( 'NONE', *, *, #1810, .F. ) ;
#1639 = EDGE_CURVE ( 'NONE', #181, #868, #2702, .T. ) ;
#1640 = AXIS2_PLACEMENT_3D ( 'NONE', #1413, #947, #1792 ) ;
#1641 = AXIS2_PLACEMENT_3D ( 'NONE', #1835, #787, #320 ) ;
#1642 = ORIENTED_EDGE ( 'NONE', *, *, #415, .T. ) ;
#1643 = CARTESIAN_POINT ( 'NONE',  ( 6.818430336993100305, 0.8801322284589678802, 12.17026252798339669 ) ) ;
#1644 = EDGE_CURVE ( 'NONE', #2578, #1235, #1339, .T. ) ;
#1645 = EDGE_CURVE ( 'NONE', #1056, #2431, #1509, .T. ) ;
#1646 = DIRECTION ( 'NONE',  ( 1.000000000000000000, 0.000000000000000000, 0.000000000000000000 ) ) ;
#1647 = ORIENTED_EDGE ( 'NONE', *, *, #769, .T. ) ;
#1648 = AXIS2_PLACEMENT_3D ( 'NONE', #1082, #1151, #2421 ) ;
#1649 = CARTESIAN_POINT ( 'NONE',  ( -5.219701692408240770E-16, 0.000000000000000000, 12.17026252798339669 ) ) ;
#1650 = CONICAL_SURFACE ( 'NONE', #1958, 3.750000000000031086, 0.7853981633974239651 ) ;
#1651 = DIRECTION ( 'NONE',  ( 8.562723968748914288E-17, -0.000000000000000000, -1.000000000000000000 ) ) ;
#1652 = CARTESIAN_POINT ( 'NONE',  ( -0.8683194678370639297, 3.904615384615384599, -2.500000000000000444 ) ) ;
#1653 = ORIENTED_EDGE ( 'NONE', *, *, #952, .F. ) ;
#1654 = DIRECTION ( 'NONE',  ( -0.4999999999999995004, -0.8660254037844389297, 0.000000000000000000 ) ) ;
#1655 = CARTESIAN_POINT ( 'NONE',  ( -0.4495322074056130046, -6.345000000000003304, 2.559733566602496019E-15 ) ) ;
#1656 = EDGE_LOOP ( 'NONE', ( #2065, #1364, #2575, #999 ) ) ;
#1657 = DATE_AND_TIME ( #2713, #1915 ) ;
#1658 = ADVANCED_FACE ( 'NONE', ( #2415 ), #1561, .F. ) ;
#1659 = ORIENTED_EDGE ( 'NONE', *, *, #788, .T. ) ;
#1660 = ORIENTED_EDGE ( 'NONE', *, *, #1670, .T. ) ;
#1661 = CARTESIAN_POINT ( 'NONE',  ( 3.815655849003003031, -1.200320974560203258, -2.500000000000000000 ) ) ;
#1662 = CARTESIAN_POINT ( 'NONE',  ( -1.381458148778849971E-14, 6.345000000000001528, 1.734723475976805911E-15 ) ) ;
#1663 = DIRECTION ( 'NONE',  ( -1.000000000000000000, 0.000000000000000000, 0.000000000000000000 ) ) ;
#1664 = ORIENTED_EDGE ( 'NONE', *, *, #2020, .T. ) ;
#1665 = B_SPLINE_CURVE_WITH_KNOTS ( 'NONE', 3,
 ( #1676, #1258, #1845, #2499 ),
 .UNSPECIFIED., .F., .F.,
 ( 4, 4 ),
 ( 0.001383235652293494629, 0.002758215478714086660 ),
 .UNSPECIFIED. ) ;
#1666 = CARTESIAN_POINT ( 'NONE',  ( -5.673526062751931244E-16, 0.000000000000000000, 12.70026252798339428 ) ) ;
#1667 = EDGE_LOOP ( 'NONE', ( #1398, #2238, #2520, #471 ) ) ;
#1668 = SECURITY_CLASSIFICATION_LEVEL ( 'unclassified' ) ;
#1669 = ORIENTED_EDGE ( 'NONE', *, *, #264, .F. ) ;
#1670 = EDGE_CURVE ( 'NONE', #2273, #2621, #329, .T. ) ;
#1671 = CARTESIAN_POINT ( 'NONE',  ( -3.815655849003006583, 1.200320974560196374, -2.500000000000000000 ) ) ;
#1672 = EDGE_CURVE ( 'NONE', #660, #752, #538, .T. ) ;
#1673 = CARTESIAN_POINT ( 'NONE',  ( 1.563091804781869154, 6.344999999999998863, 12.51416729551544371 ) ) ;
#1674 = DIRECTION ( 'NONE',  ( -1.000000000000000000, 0.000000000000000000, 0.000000000000000000 ) ) ;
#1675 = EDGE_CURVE ( 'NONE', #2158, #1838, #1203, .T. ) ;
#1676 = CARTESIAN_POINT ( 'NONE',  ( 1.476175530980618904E-14, -6.345000000000000639, 1.734723475976808278E-15 ) ) ;
#1677 = ORIENTED_EDGE ( 'NONE', *, *, #1523, .F. ) ;
#1678 = CARTESIAN_POINT ( 'NONE',  ( -1.318509905643772837E-15, 6.345000000000000639, 12.70026252798339428 ) ) ;
#1679 = AXIS2_PLACEMENT_3D ( 'NONE', #2250, #2489, #800 ) ;
#1680 = ORIENTED_EDGE ( 'NONE', *, *, #2506, .T. ) ;
#1681 = COORDINATED_UNIVERSAL_TIME_OFFSET ( 6, 0, .BEHIND. ) ;
#1682 = CONICAL_SURFACE ( 'NONE', #1640, 2.019299999999996764, 1.029744258676652313 ) ;
#1683 = EDGE_LOOP ( 'NONE', ( #1405, #687, #2715, #1351 ) ) ;
#1684 = CARTESIAN_POINT ( 'NONE',  ( -4.789421619394634178, -4.394478416339675952, -2.500000000000000000 ) ) ;
#1685 = LINE ( 'NONE', #1844, #1787 ) ;
#1686 = CIRCLE ( 'NONE', #674, 6.345000000000000639 ) ;
#1687 = DIRECTION ( 'NONE',  ( 1.000000000000000000, 0.000000000000000000, 0.000000000000000000 ) ) ;
#1688 = EDGE_CURVE ( 'NONE', #840, #618, #2721, .T. ) ;
#1689 = AXIS2_PLACEMENT_3D ( 'NONE', #1730, #904, #2139 ) ;
#1690 = FACE_OUTER_BOUND ( 'NONE', #977, .T. ) ;
#1691 = DIRECTION ( 'NONE',  ( 1.000000000000000000, 0.000000000000000000, 0.000000000000000000 ) ) ;
#1692 = AXIS2_PLACEMENT_3D ( 'NONE', #103, #1629, #2639 ) ;
#1693 = EDGE_CURVE ( 'NONE', #2052, #1450, #1803, .T. ) ;
#1694 = CIRCLE ( 'NONE', #2094, 6.345000000000000639 ) ;
#1695 = EDGE_LOOP ( 'NONE', ( #1826, #1164, #817, #144 ) ) ;
#1696 = DIRECTION ( 'NONE',  ( -0.000000000000000000, -0.000000000000000000, -1.000000000000000000 ) ) ;
#1697 = DIRECTION ( 'NONE',  ( 0.000000000000000000, -0.000000000000000000, -1.000000000000000000 ) ) ;
#1698 = VERTEX_POINT ( 'NONE', #963 ) ;
#1699 = COORDINATED_UNIVERSAL_TIME_OFFSET ( 6, 0, .BEHIND. ) ;
#1700 = B_SPLINE_CURVE_WITH_KNOTS ( 'NONE', 3,
 ( #530, #2583, #2208, #314 ),
 .UNSPECIFIED., .F., .F.,
 ( 4, 4 ),
 ( 0.000000000000000000, 0.001383235652293506339 ),
 .UNSPECIFIED. ) ;
#1701 = ORIENTED_EDGE ( 'NONE', *, *, #1832, .T. ) ;
#1702 = CARTESIAN_POINT ( 'NONE',  ( -3.815655849003006139, 1.200320974560195930, -2.500000000000000000 ) ) ;
#1703 = CARTESIAN_POINT ( 'NONE',  ( -4.171432037031417295, -5.464867771541039865, 12.17026252798339669 ) ) ;
#1704 = DIRECTION ( 'NONE',  ( 1.000000000000000000, 0.000000000000000000, 0.000000000000000000 ) ) ;
#1705 = DIRECTION ( 'NONE',  ( -1.000000000000000000, 0.000000000000000000, 0.000000000000000000 ) ) ;
#1706 = CARTESIAN_POINT ( 'NONE',  ( 3.145989895852550511, 2.487787387408041617, -2.500000000000001776 ) ) ;
#1707 = ORIENTED_EDGE ( 'NONE', *, *, #2018, .T. ) ;
#1708 = CARTESIAN_POINT ( 'NONE',  ( -2.224956175735647079, -6.345000000000002416, 0.3675062130416736905 ) ) ;
#1709 = EDGE_CURVE ( 'NONE', #618, #1788, #1821, .T. ) ;
#1710 = ORIENTED_EDGE ( 'NONE', *, *, #2056, .F. ) ;
#1711 = ORIENTED_EDGE ( 'NONE', *, *, #1373, .T. ) ;
#1712 = LINE ( 'NONE', #1520, #1054 ) ;
#1713 = CARTESIAN_POINT ( 'NONE',  ( -3.999999999999996447, 0.000000000000000000, 0.000000000000000000 ) ) ;
#1714 =( BOUNDED_SURFACE ( )  B_SPLINE_SURFACE ( 3, 2, ( 
 ( #1652, #1447, #437 ),
 ( #1110, #1913, #2184 ),
 ( #1734, #1511, #2344 ),
 ( #2560, #293, #61 ),
 ( #696, #2359, #231 ),
 ( #1498, #76, #451 ) ),
 .UNSPECIFIED., .F., .F., .F. ) 
 B_SPLINE_SURFACE_WITH_KNOTS ( ( 4, 2, 4 ),
 ( 3, 3 ),
 ( 0.005927730008879117905, 0.007354832692245705586, 0.008781935375612294134 ),
 ( 0.000000000000000000, 1.000000000000000000 ),
 .UNSPECIFIED. ) 
 GEOMETRIC_REPRESENTATION_ITEM ( )  RATIONAL_B_SPLINE_SURFACE ( (
 ( 1.000000000000000000, 0.7071067811865475727, 1.000000000000000000),
 ( 1.000000000000000000, 0.7213458750174369660, 1.000000000000000000),
 ( 1.000000000000000000, 0.7287184259719839963, 1.000000000000000000),
 ( 1.000000000000000000, 0.7286764187677851057, 1.000000000000000000),
 ( 1.000000000000000000, 0.7214321822522522520, 1.000000000000000000),
 ( 1.000000000000000000, 0.7071067811865471286, 1.000000000000000000) ) ) 
 REPRESENTATION_ITEM ( '' )  SURFACE ( )  );
#1715 = FACE_OUTER_BOUND ( 'NONE', #2084, .T. ) ;
#1716 = FACE_OUTER_BOUND ( 'NONE', #746, .T. ) ;
#1717 = CIRCLE ( 'NONE', #218, 3.999999999999998224 ) ;
#1718 = DIRECTION ( 'NONE',  ( 8.562723968748914288E-17, -0.000000000000000000, -1.000000000000000000 ) ) ;
#1719 = ORIENTED_EDGE ( 'NONE', *, *, #1740, .F. ) ;
#1720 = LINE ( 'NONE', #277, #716 ) ;
#1721 = CARTESIAN_POINT ( 'NONE',  ( 0.000000000000000000, 0.000000000000000000, -0.004809626501416433553 ) ) ;
#1722 = ADVANCED_FACE ( 'NONE', ( #2430 ), #147, .F. ) ;
#1723 = ORIENTED_EDGE ( 'NONE', *, *, #2157, .T. ) ;
#1724 = ADVANCED_FACE ( 'NONE', ( #757, #1796 ), #994, .T. ) ;
#1725 = CIRCLE ( 'NONE', #7, 2.019299999999989659 ) ;
#1726 = ORIENTED_EDGE ( 'NONE', *, *, #1895, .F. ) ;
#1727 = ADVANCED_FACE ( 'NONE', ( #2661 ), #2490, .T. ) ;
#1728 = CARTESIAN_POINT ( 'NONE',  ( -3.317467756047904892, 2.253593351365024589, -2.495209751716289226 ) ) ;
#1729 = CARTESIAN_POINT ( 'NONE',  ( 5.732176740127140846, 2.761578648135320169, 2.134828058157500947E-15 ) ) ;
#1730 = CARTESIAN_POINT ( 'NONE',  ( 3.035766082959412415E-15, 7.315826248793691811, 69.67441999999998359 ) ) ;
#1731 = CIRCLE ( 'NONE', #2313, 7.315826248793691811 ) ;
#1732 = AXIS2_PLACEMENT_3D ( 'NONE', #2189, #514, #309 ) ;
#1733 = CARTESIAN_POINT ( 'NONE',  ( -5.040763052955329115, 3.959142283365355119, 0.05018756514668426538 ) ) ;
#1734 = CARTESIAN_POINT ( 'NONE',  ( -0.2894631564324062767, 4.000091792560579229, -2.495181107614703020 ) ) ;
#1735 = AXIS2_PLACEMENT_3D ( 'NONE', #1484, #1280, #1936 ) ;
#1736 = VERTEX_POINT ( 'NONE', #1781 ) ;
#1737 = CARTESIAN_POINT ( 'NONE',  ( 3.815655849003002142, 1.200320974560208143, -2.500000000000000000 ) ) ;
#1738 = VECTOR ( 'NONE', #2152, 1000.000000000000000 ) ;
#1739 = CARTESIAN_POINT ( 'NONE',  ( -3.794707603699265519E-15, 0.000000000000000000, 60.59697999999999496 ) ) ;
#1740 = EDGE_CURVE ( 'NONE', #928, #237, #1369, .T. ) ;
#1741 = ORIENTED_EDGE ( 'NONE', *, *, #1801, .T. ) ;
#1742 = CARTESIAN_POINT ( 'NONE',  ( -5.724384003282689370, -2.775076064279859533, -1.088950977967488084E-13 ) ) ;
#1743 = ORIENTED_EDGE ( 'NONE', *, *, #866, .F. ) ;
#1744 = CARTESIAN_POINT ( 'NONE',  ( -4.600232578293109498, -4.722163447762751431, 12.46686670383206419 ) ) ;
#1745 = CARTESIAN_POINT ( 'NONE',  ( -0.1310797401053209188, 4.000000000000022204, 46.67441999999987701 ) ) ;
#1746 = CARTESIAN_POINT ( 'NONE',  ( 0.4703776292025983463, -6.345000000000002416, 6.949518512649054222E-18 ) ) ;
#1747 = EDGE_CURVE ( 'NONE', #307, #1760, #1212, .T. ) ;
#1748 = CARTESIAN_POINT ( 'NONE',  ( -6.200440754629892304, -1.950521583660310920, 0.000000000000000000 ) ) ;
#1749 = CARTESIAN_POINT ( 'NONE',  ( 3.999999999999998224, 4.898587196589410857E-16, 0.000000000000000000 ) ) ;
#1750 = VERTEX_POINT ( 'NONE', #1221 ) ;
#1751 = DIRECTION ( 'NONE',  ( -1.000000000000000000, 0.000000000000000000, -1.367000375080226176E-16 ) ) ;
#1752 = CARTESIAN_POINT ( 'NONE',  ( 6.818430336993102969, -0.8801322284589614409, 0.5299999999999986944 ) ) ;
#1753 = VERTEX_POINT ( 'NONE', #161 ) ;
#1754 = CARTESIAN_POINT ( 'NONE',  ( 5.022846828054340129, -3.990174095173932844, -4.340007253138524348E-17 ) ) ;
#1755 = ORIENTED_EDGE ( 'NONE', *, *, #2195, .T. ) ;
#1756 = CARTESIAN_POINT ( 'NONE',  ( -6.389629795731409878, 1.622836552237243213, 12.46686670383206419 ) ) ;
#1757 = DIRECTION ( 'NONE',  ( 0.000000000000000000, -0.000000000000000000, -1.000000000000000000 ) ) ;
#1758 = CARTESIAN_POINT ( 'NONE',  ( -0.8683194678370664832, -3.904615384615384155, 3.469446951953614189E-15 ) ) ;
#1759 = EDGE_CURVE ( 'NONE', #237, #2364, #1686, .T. ) ;
#1760 = VERTEX_POINT ( 'NONE', #2526 ) ;
#1761 = ADVANCED_FACE ( 'NONE', ( #835 ), #2701, .T. ) ;
#1762 = CARTESIAN_POINT ( 'NONE',  ( 4.171432037031425288, -5.464867771541031871, 12.17026252798339847 ) ) ;
#1763 = FACE_OUTER_BOUND ( 'NONE', #940, .T. ) ;
#1764 = ORIENTED_EDGE ( 'NONE', *, *, #1558, .T. ) ;
#1765 = AXIS2_PLACEMENT_3D ( 'NONE', #1290, #830, #2134 ) ;
#1766 = DIRECTION ( 'NONE',  ( 1.000000000000000000, 0.000000000000000000, 0.000000000000000000 ) ) ;
#1767 = CARTESIAN_POINT ( 'NONE',  ( 0.000000000000000000, 0.000000000000000000, 21.07441999999999993 ) ) ;
#1768 = ORIENTED_EDGE ( 'NONE', *, *, #1675, .T. ) ;
#1769 = CARTESIAN_POINT ( 'NONE',  ( -5.723400938641582947, -2.776778782185371774, -6.256185348420261515E-15 ) ) ;
#1770 = VERTEX_POINT ( 'NONE', #2081 ) ;
#1771 = DIRECTION ( 'NONE',  ( 1.000000000000000000, 0.000000000000000000, 7.885106708985486569E-17 ) ) ;
#1772 = AXIS2_PLACEMENT_3D ( 'NONE', #763, #139, #982 ) ;
#1773 = CARTESIAN_POINT ( 'NONE',  ( 3.314178776534517645, 2.259870949863455714, -0.1458048508946795663 ) ) ;
#1774 = CIRCLE ( 'NONE', #2481, 3.999999999999996447 ) ;
#1775 = CARTESIAN_POINT ( 'NONE',  ( -2.947336381165927666, -2.704294410055184450, -2.500000000000000000 ) ) ;
#1776 = AXIS2_PLACEMENT_3D ( 'NONE', #64, #908, #1751 ) ;
#1777 = CARTESIAN_POINT ( 'NONE',  ( -2.646998299961674128, 6.345000000000000639, 12.17026252798339669 ) ) ;
#1778 = VECTOR ( 'NONE', #1075, 1000.000000000000000 ) ;
#1779 = VERTEX_POINT ( 'NONE', #1043 ) ;
#1780 = CARTESIAN_POINT ( 'NONE',  ( 0.000000000000000000, 0.000000000000000000, 6.074420000000000819 ) ) ;
#1781 = CARTESIAN_POINT ( 'NONE',  ( 5.494931187012256579, 3.172500000000012754, 2.205239265793364956E-15 ) ) ;
#1782 = AXIS2_PLACEMENT_3D ( 'NONE', #2590, #2386, #1404 ) ;
#1783 = B_SPLINE_CURVE_WITH_KNOTS ( 'NONE', 3,
 ( #1827, #572, #803, #1643 ),
 .UNSPECIFIED., .F., .F.,
 ( 4, 4 ),
 ( 0.002699965538895379626, 0.005407525381515193401 ),
 .UNSPECIFIED. ) ;
#1784 = EDGE_CURVE ( 'NONE', #2507, #428, #2658, .T. ) ;
#1785 = CIRCLE ( 'NONE', #109, 6.875000000000000000 ) ;
#1786 = VERTEX_POINT ( 'NONE', #1636 ) ;
#1787 = VECTOR ( 'NONE', #2320, 1000.000000000000000 ) ;
#1788 = VERTEX_POINT ( 'NONE', #215 ) ;
#1789 = CARTESIAN_POINT ( 'NONE',  ( -6.344999999999999751, 0.000000000000000000, 6.074419999999999931 ) ) ;
#1790 = CC_DESIGN_SECURITY_CLASSIFICATION ( #2007, ( #2360 ) ) ;
#1791 = CARTESIAN_POINT ( 'NONE',  ( 2.947336381165936547, 2.704294410055176900, 0.000000000000000000 ) ) ;
#1792 = DIRECTION ( 'NONE',  ( 1.000000000000000000, 0.000000000000000000, 0.000000000000000000 ) ) ;
#1793 = CARTESIAN_POINT ( 'NONE',  ( 5.912233467577160617, -2.350164538115723012, -0.004809626501416450033 ) ) ;
#1794 = ORIENTED_EDGE ( 'NONE', *, *, #1455, .F. ) ;
#1795 = DIRECTION ( 'NONE',  ( -0.000000000000000000, -0.000000000000000000, -1.000000000000000000 ) ) ;
#1796 = FACE_BOUND ( 'NONE', #444, .T. ) ;
#1797 = ORIENTED_EDGE ( 'NONE', *, *, #2194, .T. ) ;
#1798 = DIRECTION ( 'NONE',  ( -1.000000000000000000, 0.000000000000000000, 0.000000000000000000 ) ) ;
#1799 = ORIENTED_EDGE ( 'NONE', *, *, #168, .F. ) ;
#1800 = DIRECTION ( 'NONE',  ( 1.000000000000000000, 0.000000000000000000, 0.000000000000000000 ) ) ;
#1801 = EDGE_CURVE ( 'NONE', #2725, #2339, #1472, .T. ) ;
#1802 = DIRECTION ( 'NONE',  ( -0.000000000000000000, -0.000000000000000000, 1.000000000000000000 ) ) ;
#1803 = B_SPLINE_CURVE_WITH_KNOTS ( 'NONE', 3,
 ( #348, #579, #1418, #567, #558, #774 ),
 .UNSPECIFIED., .F., .F.,
 ( 4, 2, 4 ),
 ( 0.006355812659312953805, 0.007706676676590922155, 0.009057540693868890505 ),
 .UNSPECIFIED. ) ;
#1804 = CARTESIAN_POINT ( 'NONE',  ( -3.145989895852544738, -2.487787387408046502, -2.499999999999999556 ) ) ;
#1805 = CARTESIAN_POINT ( 'NONE',  ( 0.8683194678370601549, -3.904615384615385487, -2.500000000000000000 ) ) ;
#1806 = DIRECTION ( 'NONE',  ( -1.000000000000000000, 0.000000000000000000, 0.000000000000000000 ) ) ;
#1807 = DIRECTION ( 'NONE',  ( -1.000000000000000000, 0.000000000000000000, -8.562723968748915520E-17 ) ) ;
#1808 = CARTESIAN_POINT ( 'NONE',  ( 1.000000000000000000, 7.315826248793691811, 47.67441999999999069 ) ) ;
#1809 = EDGE_LOOP ( 'NONE', ( #135, #526, #553, #486 ) ) ;
#1810 = EDGE_CURVE ( 'NONE', #1008, #1302, #1468, .T. ) ;
#1811 = EDGE_CURVE ( 'NONE', #129, #997, #1254, .T. ) ;
#1812 = ORIENTED_EDGE ( 'NONE', *, *, #1342, .F. ) ;
#1813 = LINE ( 'NONE', #2038, #1170 ) ;
#1814 = EDGE_CURVE ( 'NONE', #1988, #1249, #1665, .T. ) ;
#1815 = ORIENTED_EDGE ( 'NONE', *, *, #1709, .F. ) ;
#1816 = CARTESIAN_POINT ( 'NONE',  ( -0.9999999999999967804, 3.872983346207414357, 69.67441999999998359 ) ) ;
#1817 = CARTESIAN_POINT ( 'NONE',  ( -1.381458148778849971E-14, 6.345000000000001528, 1.734723475976805911E-15 ) ) ;
#1818 = CIRCLE ( 'NONE', #886, 3.750000000000031086 ) ;
#1819 = DIRECTION ( 'NONE',  ( -1.000000000000000000, 0.000000000000000000, 0.000000000000000000 ) ) ;
#1820 = CARTESIAN_POINT ( 'NONE',  ( -5.494931187012255691, -3.172500000000013642, 1.264207686160249430E-15 ) ) ;
#1821 = LINE ( 'NONE', #1808, #2530 ) ;
#1822 = AXIS2_PLACEMENT_3D ( 'NONE', #477, #2183, #29 ) ;
#1823 = ORIENTED_EDGE ( 'NONE', *, *, #949, .T. ) ;
#1824 = LINE ( 'NONE', #1616, #1019 ) ;
#1825 = VECTOR ( 'NONE', #2513, 1000.000000000000000 ) ;
#1826 = ORIENTED_EDGE ( 'NONE', *, *, #480, .F. ) ;
#1827 = CARTESIAN_POINT ( 'NONE',  ( 5.494931187012262797, 3.172500000000001208, 12.70026252798339428 ) ) ;
#1828 = CARTESIAN_POINT ( 'NONE',  ( -1.229871579542495026E-14, 0.000000000000000000, 18.78773784800234736 ) ) ;
#1829 = AXIS2_PLACEMENT_3D ( 'NONE', #1267, #27, #2535 ) ;
#1830 = ORIENTED_EDGE ( 'NONE', *, *, #1324, .T. ) ;
#1831 = CARTESIAN_POINT ( 'NONE',  ( 0.000000000000000000, 0.000000000000000000, 22.11916749433803275 ) ) ;
#1832 = EDGE_CURVE ( 'NONE', #1424, #197, #8, .T. ) ;
#1833 = CARTESIAN_POINT ( 'NONE',  ( 4.345085776149885504E-16, 0.000000000000000000, 1.000000000000001776 ) ) ;
#1834 = CARTESIAN_POINT ( 'NONE',  ( 5.036664988962202827, 3.966240338414124267, -6.054567022322406736E-16 ) ) ;
#1835 = CARTESIAN_POINT ( 'NONE',  ( 4.013708854691099133E-15, 0.000000000000000000, 75.67441999999999780 ) ) ;
#1836 = VERTEX_POINT ( 'NONE', #1282 ) ;
#1837 = FACE_OUTER_BOUND ( 'NONE', #1492, .T. ) ;
#1838 = VERTEX_POINT ( 'NONE', #2486 ) ;
#1839 = DIRECTION ( 'NONE',  ( -1.000000000000000000, -1.224646799147353454E-16, 0.000000000000000000 ) ) ;
#1840 = APPLICATION_CONTEXT ( 'configuration controlled 3d designs of mechanical parts and assemblies' ) ;
#1841 = DIRECTION ( 'NONE',  ( -1.000000000000000000, 0.000000000000000000, 0.000000000000000000 ) ) ;
#1842 = EDGE_CURVE ( 'NONE', #2433, #2295, #593, .T. ) ;
#1843 = CARTESIAN_POINT ( 'NONE',  ( 4.699724265804114118E-13, 4.000000000001080025, 46.67441999999564928 ) ) ;
#1844 = CARTESIAN_POINT ( 'NONE',  ( 1.000000000000002665, 7.315826248793691811, 69.67441999999998359 ) ) ;
#1845 = CARTESIAN_POINT ( 'NONE',  ( -0.9235275341796024273, -6.294623321884312617, -0.004809626501416589678 ) ) ;
#1846 = ORIENTED_EDGE ( 'NONE', *, *, #1999, .T. ) ;
#1847 = CARTESIAN_POINT ( 'NONE',  ( -5.494931187012255691, -3.172500000000013642, 1.264207686160249430E-15 ) ) ;
#1848 = ORIENTED_EDGE ( 'NONE', *, *, #1612, .F. ) ;
#1849 = DIRECTION ( 'NONE',  ( 0.000000000000000000, 0.000000000000000000, 1.000000000000000000 ) ) ;
#1850 = AXIS2_PLACEMENT_3D ( 'NONE', #1684, #2533, #1493 ) ;
#1851 = DIRECTION ( 'NONE',  ( 0.000000000000000000, -0.000000000000000000, -1.000000000000000000 ) ) ;
#1852 = ORIENTED_EDGE ( 'NONE', *, *, #832, .T. ) ;
#1853 = CARTESIAN_POINT ( 'NONE',  ( 4.749999999999995559, 0.000000000000000000, 43.97442000000000206 ) ) ;
#1854 = DIRECTION ( 'NONE',  ( -0.000000000000000000, -0.000000000000000000, -1.000000000000000000 ) ) ;
#1855 = CIRCLE ( 'NONE', #1772, 3.750000000000017319 ) ;
#1856 = DIRECTION ( 'NONE',  ( 1.000000000000000000, 0.000000000000000000, 0.000000000000000000 ) ) ;
#1857 = AXIS2_PLACEMENT_3D ( 'NONE', #335, #347, #1584 ) ;
#1858 = ORIENTED_EDGE ( 'NONE', *, *, #2082, .F. ) ;
#1859 = CARTESIAN_POINT ( 'NONE',  ( -0.2613801224150743563, 3.993313856645298365, 70.64856048735447303 ) ) ;
#1860 = CIRCLE ( 'NONE', #1732, 3.750000000000017319 ) ;
#1861 = ADVANCED_FACE ( 'NONE', ( #617 ), #1433, .F. ) ;
#1862 = AXIS2_PLACEMENT_3D ( 'NONE', #1311, #483, #2346 ) ;
#1863 = ORIENTED_EDGE ( 'NONE', *, *, #1526, .T. ) ;
#1864 = CALENDAR_DATE ( 2023, 25, 9 ) ;
#1865 = AXIS2_PLACEMENT_3D ( 'NONE', #665, #1507, #72 ) ;
#1866 = B_SPLINE_CURVE_WITH_KNOTS ( 'NONE', 3,
 ( #2054, #805, #1619, #2680, #2264, #2694, #1182, #2022 ),
 .UNSPECIFIED., .F., .F.,
 ( 4, 2, 2, 4 ),
 ( 0.009057540693868888770, 0.01041229330439705225, 0.01108966960966113399, 0.01176704591492521573 ),
 .UNSPECIFIED. ) ;
#1867 = ORIENTED_EDGE ( 'NONE', *, *, #1161, .F. ) ;
#1868 = CARTESIAN_POINT ( 'NONE',  ( 9.349619924619685693E-16, -6.345000000000002416, 12.70026252798339428 ) ) ;
#1869 = CIRCLE ( 'NONE', #2495, 6.344999999999999751 ) ;
#1870 = CARTESIAN_POINT ( 'NONE',  ( 3.727482024636157742, -1.480613476153445296, -2.500000000000000000 ) ) ;
#1871 = LOCAL_TIME ( 13, 21, 42.00000000000000000, #221 ) ;
#1872 = DIRECTION ( 'NONE',  ( -0.000000000000000000, -0.000000000000000000, -1.000000000000000000 ) ) ;
#1873 = DIRECTION ( 'NONE',  ( -0.9761538461538468159, -0.2170798669592650110, 1.043243057363037264E-16 ) ) ;
#1874 = ORIENTED_EDGE ( 'NONE', *, *, #1644, .T. ) ;
#1875 = DIRECTION ( 'NONE',  ( -1.000000000000000000, 0.000000000000000000, 0.000000000000000000 ) ) ;
#1876 = VERTEX_POINT ( 'NONE', #2285 ) ;
#1877 = EDGE_CURVE ( 'NONE', #1918, #2236, #985, .T. ) ;
#1878 = PERSON_AND_ORGANIZATION_ROLE ( 'creator' ) ;
#1879 = ORIENTED_EDGE ( 'NONE', *, *, #661, .F. ) ;
#1880 = CARTESIAN_POINT ( 'NONE',  ( 1.377371755856535485, -6.193696153846151020, -0.004809626501416433553 ) ) ;
#1881 = CARTESIAN_POINT ( 'NONE',  ( 2.221640597804970252, 6.345000000000000639, 12.32578459741158561 ) ) ;
#1882 = DIRECTION ( 'NONE',  ( 0.3000802436400474282, -0.9539139622507525340, -1.840993373219921510E-16 ) ) ;
#1883 = CARTESIAN_POINT ( 'NONE',  ( 1.315785013939890889E-16, 7.315826248793691811, 47.67441999999999069 ) ) ;
#1884 = ORIENTED_EDGE ( 'NONE', *, *, #785, .T. ) ;
#1885 = DIRECTION ( 'NONE',  ( 0.000000000000000000, -0.000000000000000000, -1.000000000000000000 ) ) ;
#1886 = CARTESIAN_POINT ( 'NONE',  ( -2.221640597804967143, -6.345000000000002416, 12.32578459741158028 ) ) ;
#1887 = ORIENTED_EDGE ( 'NONE', *, *, #2475, .F. ) ;
#1888 = ADVANCED_FACE ( 'NONE', ( #1055 ), #848, .F. ) ;
#1889 = DATE_TIME_ROLE ( 'creation_date' ) ;
#1890 = ORIENTED_EDGE ( 'NONE', *, *, #832, .F. ) ;
#1891 = CIRCLE ( 'NONE', #1321, 3.999999999999996447 ) ;
#1892 = CARTESIAN_POINT ( 'NONE',  ( 6.345000000000000639, 0.000000000000000000, -0.004809626501416433553 ) ) ;
#1893 = CARTESIAN_POINT ( 'NONE',  ( 0.000000000000000000, 0.000000000000000000, -31.42558000000000007 ) ) ;
#1894 = CARTESIAN_POINT ( 'NONE',  ( 0.8977958178097410480, 6.345000000000000639, 12.65176910794815868 ) ) ;
#1895 = EDGE_CURVE ( 'NONE', #382, #268, #2275, .T. ) ;
#1896 = ADVANCED_FACE ( 'NONE', ( #171 ), #2612, .T. ) ;
#1897 = CARTESIAN_POINT ( 'NONE',  ( 0.000000000000000000, 0.000000000000000000, 24.89024624879370506 ) ) ;
#1898 = CARTESIAN_POINT ( 'NONE',  ( 0.000000000000000000, 0.000000000000000000, 22.11916749433803275 ) ) ;
#1899 = EDGE_LOOP ( 'NONE', ( #1089, #1846, #1328, #208, #1660, #390, #1707, #473, #1024, #1309 ) ) ;
#1900 = FACE_OUTER_BOUND ( 'NONE', #2112, .T. ) ;
#1901 = CARTESIAN_POINT ( 'NONE',  ( -2.646998299961674128, 6.345000000000000639, 21.07441999999999993 ) ) ;
#1902 = ORIENTED_EDGE ( 'NONE', *, *, #480, .T. ) ;
#1903 = AXIS2_PLACEMENT_3D ( 'NONE', #2269, #133, #974 ) ;
#1904 = CC_DESIGN_DATE_AND_TIME_ASSIGNMENT ( #1657, #1889, ( #490 ) ) ;
#1905 = VECTOR ( 'NONE', #1198, 1000.000000000000000 ) ;
#1906 = ORIENTED_EDGE ( 'NONE', *, *, #2652, .T. ) ;
#1907 = CARTESIAN_POINT ( 'NONE',  ( 6.875000000000000888, 0.000000000000000000, 0.5299999999999986944 ) ) ;
#1908 = LINE ( 'NONE', #224, #1738 ) ;
#1909 = VECTOR ( 'NONE', #398, 999.9999999999998863 ) ;
#1910 = CARTESIAN_POINT ( 'NONE',  ( 5.040763052955325563, 3.959142283365367998, 12.65007496283670818 ) ) ;
#1911 = AXIS2_PLACEMENT_3D ( 'NONE', #652, #1085, #2369 ) ;
#1912 = CARTESIAN_POINT ( 'NONE',  ( 0.2929352140578684316, 3.999808028655755354, -2.495209751716289226 ) ) ;
#1913 = CARTESIAN_POINT ( 'NONE',  ( -0.6113133690546305177, 3.961769139411048357, -0.09817821215161305626 ) ) ;
#1914 = AXIS2_PLACEMENT_3D ( 'NONE', #2221, #1993, #903 ) ;
#1915 = LOCAL_TIME ( 13, 21, 42.00000000000000000, #1699 ) ;
#1916 = ORIENTED_EDGE ( 'NONE', *, *, #2519, .T. ) ;
#1917 = CARTESIAN_POINT ( 'NONE',  ( -0.9999999999999967804, 3.872983346207414801, 69.80709754965188552 ) ) ;
#1918 = VERTEX_POINT ( 'NONE', #812 ) ;
#1919 = EDGE_LOOP ( 'NONE', ( #1874, #2150, #815, #2416 ) ) ;
#1920 = CARTESIAN_POINT ( 'NONE',  ( 0.000000000000000000, 0.000000000000000000, 44.22442000000000206 ) ) ;
#1921 = DIRECTION ( 'NONE',  ( 8.562723968748914288E-17, -0.000000000000000000, -1.000000000000000000 ) ) ;
#1922 = CARTESIAN_POINT ( 'NONE',  ( 4.384223283087229639, 5.096302521966486587, 12.33411942007254147 ) ) ;
#1923 = UNCERTAINTY_MEASURE_WITH_UNIT (LENGTH_MEASURE( 1.000000000000000082E-05 ), #2651, 'distance_accuracy_value', 'NONE');
#1924 = DIRECTION ( 'NONE',  ( -0.8660254037844385966, -0.5000000000000001110, 0.000000000000000000 ) ) ;
#1925 = ADVANCED_FACE ( 'NONE', ( #2538 ), #1714, .F. ) ;
#1926 = LINE ( 'NONE', #1749, #675 ) ;
#1927 = EDGE_CURVE ( 'NONE', #1736, #1836, #188, .T. ) ;
#1928 = ORIENTED_EDGE ( 'NONE', *, *, #220, .F. ) ;
#1929 = DIRECTION ( 'NONE',  ( -0.7071067811865492381, 0.000000000000000000, -0.7071067811865457964 ) ) ;
#1930 = EDGE_CURVE ( 'NONE', #1302, #718, #781, .T. ) ;
#1931 = ADVANCED_FACE ( 'NONE', ( #1319 ), #896, .T. ) ;
#1932 = VERTEX_POINT ( 'NONE', #258 ) ;
#1933 = ORIENTED_EDGE ( 'NONE', *, *, #1034, .F. ) ;
#1934 = FACE_OUTER_BOUND ( 'NONE', #9, .T. ) ;
#1935 = FACE_OUTER_BOUND ( 'NONE', #2005, .T. ) ;
#1936 = DIRECTION ( 'NONE',  ( -1.000000000000000000, 0.000000000000000000, 0.000000000000000000 ) ) ;
#1937 = CARTESIAN_POINT ( 'NONE',  ( -3.727348622528287692, -1.481037543168818083, -2.499999994010650539 ) ) ;
#1938 = CIRCLE ( 'NONE', #1012, 3.999999999999996447 ) ;
#1939 = CARTESIAN_POINT ( 'NONE',  ( 4.345085776149885504E-16, 0.000000000000000000, 1.000000000000001776 ) ) ;
#1940 = ORIENTED_EDGE ( 'NONE', *, *, #1064, .T. ) ;
#1941 = DIRECTION ( 'NONE',  ( -0.000000000000000000, -0.000000000000000000, -1.000000000000000000 ) ) ;
#1942 = DIRECTION ( 'NONE',  ( 8.562723968748914288E-17, -0.000000000000000000, -1.000000000000000000 ) ) ;
#1943 = ORIENTED_EDGE ( 'NONE', *, *, #694, .T. ) ;
#1944 = DIRECTION ( 'NONE',  ( -0.000000000000000000, -0.000000000000000000, -1.000000000000000000 ) ) ;
#1945 = ADVANCED_FACE ( 'NONE', ( #2168 ), #2574, .T. ) ;
#1946 = AXIS2_PLACEMENT_3D ( 'NONE', #2618, #1573, #469 ) ;
#1947 = CIRCLE ( 'NONE', #626, 6.875000000000000000 ) ;
#1948 = ORIENTED_EDGE ( 'NONE', *, *, #2087, .T. ) ;
#1949 = CARTESIAN_POINT ( 'NONE',  ( -3.145976320678249394, 2.487802182618555680, -2.499999999999999556 ) ) ;
#1950 = DIRECTION ( 'NONE',  ( -0.000000000000000000, -0.000000000000000000, -1.000000000000000000 ) ) ;
#1951 = CARTESIAN_POINT ( 'NONE',  ( 4.171432037031423512, 5.464867771541034536, 12.17026252798339669 ) ) ;
#1952 = AXIS2_PLACEMENT_3D ( 'NONE', #1510, #2358, #695 ) ;
#1953 = AXIS2_PLACEMENT_3D ( 'NONE', #45, #686, #2552 ) ;
#1954 = CARTESIAN_POINT ( 'NONE',  ( -4.789421619394634178, -4.394478416339675952, 0.000000000000000000 ) ) ;
#1955 = CARTESIAN_POINT ( 'NONE',  ( 0.000000000000000000, 0.000000000000000000, 6.074420000000000819 ) ) ;
#1956 = ORIENTED_EDGE ( 'NONE', *, *, #396, .F. ) ;
#1957 = CARTESIAN_POINT ( 'NONE',  ( 0.000000000000000000, 0.000000000000000000, 22.11916749433803275 ) ) ;
#1958 = AXIS2_PLACEMENT_3D ( 'NONE', #1893, #1417, #2557 ) ;
#1959 = DIRECTION ( 'NONE',  ( 1.000000000000000000, 0.000000000000000000, 0.000000000000000000 ) ) ;
#1960 = VERTEX_POINT ( 'NONE', #274 ) ;
#1961 = CARTESIAN_POINT ( 'NONE',  ( 6.818430336993100305, 0.8801322284589675471, 0.5299999999999976952 ) ) ;
#1962 = EDGE_CURVE ( 'NONE', #2517, #1750, #2706, .T. ) ;
#1963 = B_SPLINE_CURVE_WITH_KNOTS ( 'NONE', 3,
 ( #317, #932, #1156, #754 ),
 .UNSPECIFIED., .F., .F.,
 ( 4, 4 ),
 ( 0.001383235652293509591, 0.002758215478714117017 ),
 .UNSPECIFIED. ) ;
#1964 = ADVANCED_FACE ( 'NONE', ( #41 ), #767, .T. ) ;
#1965 = EDGE_LOOP ( 'NONE', ( #1090, #2315, #964, #1276 ) ) ;
#1966 = CARTESIAN_POINT ( 'NONE',  ( -4.675212334624454513, 4.289687007950051978, -0.004809626501416433553 ) ) ;
#1967 = CARTESIAN_POINT ( 'NONE',  ( 4.789421619394648388, -4.394478416339662630, -2.500000000000000000 ) ) ;
#1968 = CARTESIAN_POINT ( 'NONE',  ( -0.3026573690721653942, -3.999901076499907226, -0.1455350496261933468 ) ) ;
#1969 = EDGE_CURVE ( 'NONE', #1126, #892, #1028, .T. ) ;
#1970 = ORIENTED_EDGE ( 'NONE', *, *, #1842, .T. ) ;
#1971 = DIRECTION ( 'NONE',  ( -1.000000000000000000, 0.000000000000000000, 0.000000000000000000 ) ) ;
#1972 = CARTESIAN_POINT ( 'NONE',  ( 3.727488050077166548, 1.480594322102389393, -2.499999999999999556 ) ) ;
#1973 = ORIENTED_EDGE ( 'NONE', *, *, #14, .T. ) ;
#1974 = DIRECTION ( 'NONE',  ( 0.000000000000000000, -0.000000000000000000, -1.000000000000000000 ) ) ;
#1975 = DIRECTION ( 'NONE',  ( 0.000000000000000000, 0.000000000000000000, 1.000000000000000000 ) ) ;
#1976 = ORIENTED_EDGE ( 'NONE', *, *, #265, .T. ) ;
#1977 = CARTESIAN_POINT ( 'NONE',  ( 5.257685633897382971, -3.583421351864678694, -2.588275853616130384E-15 ) ) ;
#1978 = ORIENTED_EDGE ( 'NONE', *, *, #1161, .T. ) ;
#1979 = CARTESIAN_POINT ( 'NONE',  ( -5.494931187012258356, -3.172500000000000320, 12.70026252798339428 ) ) ;
#1980 = CARTESIAN_POINT ( 'NONE',  ( 6.200440754629889639, 1.950521583660320024, 0.000000000000000000 ) ) ;
#1981 = CARTESIAN_POINT ( 'NONE',  ( -0.9999999999999995559, 7.315826248793691811, 47.67441999999999069 ) ) ;
#1982 = ADVANCED_FACE ( 'NONE', ( #1763 ), #906, .T. ) ;
#1983 = CARTESIAN_POINT ( 'NONE',  ( -0.5815117293989089386, -3.968396504720944407, -2.499999999999999556 ) ) ;
#1984 = ORIENTED_EDGE ( 'NONE', *, *, #20, .T. ) ;
#1985 = AXIS2_PLACEMENT_3D ( 'NONE', #2207, #1991, #1771 ) ;
#1986 = LINE ( 'NONE', #2214, #760 ) ;
#1987 = DIRECTION ( 'NONE',  ( -0.000000000000000000, -0.000000000000000000, 1.000000000000000000 ) ) ;
#1988 = VERTEX_POINT ( 'NONE', #478 ) ;
#1989 = CARTESIAN_POINT ( 'NONE',  ( 3.728448043075430096, -1.477542635948056571, -2.499999993916560026 ) ) ;
#1990 = EDGE_LOOP ( 'NONE', ( #453, #2077 ) ) ;
#1991 = DIRECTION ( 'NONE',  ( -8.562723968748914288E-17, 0.000000000000000000, 1.000000000000000000 ) ) ;
#1992 = AXIS2_PLACEMENT_3D ( 'NONE', #202, #1696, #2541 ) ;
#1993 = DIRECTION ( 'NONE',  ( 0.000000000000000000, 1.000000000000000000, 0.000000000000000000 ) ) ;
#1994 = AXIS2_PLACEMENT_3D ( 'NONE', #18, #1882, #2332 ) ;
#1995 = CARTESIAN_POINT ( 'NONE',  ( 6.904610135976492202, 8.455708702383981961E-16, 22.61122178136006866 ) ) ;
#1996 = AXIS2_PLACEMENT_3D ( 'NONE', #2024, #2656, #1399 ) ;
#1997 = CARTESIAN_POINT ( 'NONE',  ( -6.391950870326914114, 1.618816333109671657, 0.2015955132410286732 ) ) ;
#1998 = AXIS2_PLACEMENT_3D ( 'NONE', #1883, #605, #1030 ) ;
#1999 = EDGE_CURVE ( 'NONE', #1210, #194, #1926, .T. ) ;
#2000 = DIRECTION ( 'NONE',  ( -0.9539139622507513128, 0.3000802436400508699, 0.000000000000000000 ) ) ;
#2001 = DIRECTION ( 'NONE',  ( -1.000000000000000000, 0.000000000000000000, -1.367000375080226176E-16 ) ) ;
#2002 = DIRECTION ( 'NONE',  ( -1.000000000000000000, 0.000000000000000000, 0.000000000000000000 ) ) ;
#2003 = AXIS2_PLACEMENT_3D ( 'NONE', #2331, #859, #2153 ) ;
#2004 = ORIENTED_EDGE ( 'NONE', *, *, #384, .T. ) ;
#2005 = EDGE_LOOP ( 'NONE', ( #671, #540, #67, #127 ) ) ;
#2006 = DIRECTION ( 'NONE',  ( 0.000000000000000000, 0.000000000000000000, -1.000000000000000000 ) ) ;
#2007 = SECURITY_CLASSIFICATION ( '', '', #1668 ) ;
#2008 = CARTESIAN_POINT ( 'NONE',  ( 3.610019037069438053, 1.747079225404113201, -2.495199679809543269 ) ) ;
#2009 = ORIENTED_EDGE ( 'NONE', *, *, #1637, .F. ) ;
#2010 = DIRECTION ( 'NONE',  ( -0.2170798669592645946, -0.9761538461538468159, 0.000000000000000000 ) ) ;
#2011 = CARTESIAN_POINT ( 'NONE',  ( -2.646998299961674128, 6.345000000000000639, 0.5299999999999983613 ) ) ;
#2012 = EDGE_LOOP ( 'NONE', ( #2291, #1884, #2591 ) ) ;
#2013 = ADVANCED_FACE ( 'NONE', ( #2383, #1335 ), #2597, .T. ) ;
#2014 = DIRECTION ( 'NONE',  ( 1.000000000000000000, 0.000000000000000000, 7.885106708985486569E-17 ) ) ;
#2015 = CARTESIAN_POINT ( 'NONE',  ( 0.000000000000000000, 0.000000000000000000, -2.500000000000000000 ) ) ;
#2016 = EDGE_CURVE ( 'NONE', #911, #197, #875, .T. ) ;
#2017 = ORIENTED_EDGE ( 'NONE', *, *, #174, .F. ) ;
#2018 = EDGE_CURVE ( 'NONE', #807, #1167, #1563, .T. ) ;
#2019 = CARTESIAN_POINT ( 'NONE',  ( 0.000000000000000000, 0.000000000000000000, 21.07441999999999993 ) ) ;
#2020 = EDGE_CURVE ( 'NONE', #956, #1087, #2234, .T. ) ;
#2021 = ORIENTED_EDGE ( 'NONE', *, *, #1962, .T. ) ;
#2022 = CARTESIAN_POINT ( 'NONE',  ( 2.646998299961670575, -6.345000000000001528, 0.5299999999999983613 ) ) ;
#2023 = ORIENTED_EDGE ( 'NONE', *, *, #1355, .F. ) ;
#2024 = CARTESIAN_POINT ( 'NONE',  ( 4.249999999999996447, 5.204748896376247741E-16, 44.22442000000000206 ) ) ;
#2025 = CARTESIAN_POINT ( 'NONE',  ( 4.384223283087232304, -5.096302521966483923, 0.3661431079108491971 ) ) ;
#2026 = B_SPLINE_CURVE_WITH_KNOTS ( 'NONE', 3,
 ( #1880, #2726, #407, #2659 ),
 .UNSPECIFIED., .F., .F.,
 ( 4, 4 ),
 ( 4.336816961740254657E-19, 0.001383235652293494629 ),
 .UNSPECIFIED. ) ;
#2027 = DIRECTION ( 'NONE',  ( 0.000000000000000000, -0.000000000000000000, -1.000000000000000000 ) ) ;
#2028 = DIRECTION ( 'NONE',  ( -1.000000000000000000, 0.000000000000000000, 0.000000000000000000 ) ) ;
#2029 = EDGE_CURVE ( 'NONE', #1620, #1481, #1785, .T. ) ;
#2030 = CARTESIAN_POINT ( 'NONE',  ( 7.315826248793691811, 8.959303198703381747E-16, 0.000000000000000000 ) ) ;
#2031 = VECTOR ( 'NONE', #2229, 1000.000000000000000 ) ;
#2032 = ORIENTED_EDGE ( 'NONE', *, *, #1927, .T. ) ;
#2033 = LINE ( 'NONE', #596, #1287 ) ;
#2034 = B_SPLINE_CURVE_WITH_KNOTS ( 'NONE', 3,
 ( #2335, #2516, #2111, #234 ),
 .UNSPECIFIED., .F., .F.,
 ( 4, 4 ),
 ( 0.000000000000000000, 0.001383235652293503303 ),
 .UNSPECIFIED. ) ;
#2035 = EDGE_LOOP ( 'NONE', ( #422, #1301, #1743, #362 ) ) ;
#2036 = EDGE_CURVE ( 'NONE', #1504, #2273, #190, .T. ) ;
#2037 = CARTESIAN_POINT ( 'NONE',  ( -3.999999999999998224, 0.000000000000000000, -31.17558000000002139 ) ) ;
#2038 = CARTESIAN_POINT ( 'NONE',  ( 2.019299999999989215, 0.000000000000000000, 75.67441999999999780 ) ) ;
#2039 = ORIENTED_EDGE ( 'NONE', *, *, #2190, .T. ) ;
#2040 = CARTESIAN_POINT ( 'NONE',  ( 0.000000000000000000, 0.000000000000000000, -2.500000000000000000 ) ) ;
#2041 = DIRECTION ( 'NONE',  ( 0.000000000000000000, -0.000000000000000000, -1.000000000000000000 ) ) ;
#2042 = VECTOR ( 'NONE', #2049, 1000.000000000000000 ) ;
#2043 = AXIS2_PLACEMENT_3D ( 'NONE', #1230, #773, #2459 ) ;
#2044 = CARTESIAN_POINT ( 'NONE',  ( -5.219701692408240770E-16, 0.000000000000000000, 12.17026252798339669 ) ) ;
#2045 = DIRECTION ( 'NONE',  ( 1.000000000000000000, 0.000000000000000000, 8.856654914789681360E-17 ) ) ;
#2046 = DIRECTION ( 'NONE',  ( 0.000000000000000000, -1.000000000000000000, 0.000000000000000000 ) ) ;
#2047 = CIRCLE ( 'NONE', #1423, 2.315826248793698472 ) ;
#2048 = ORIENTED_EDGE ( 'NONE', *, *, #2675, .T. ) ;
#2049 = DIRECTION ( 'NONE',  ( -1.182766006347823109E-16, -0.000000000000000000, -1.000000000000000000 ) ) ;
#2050 = AXIS2_PLACEMENT_3D ( 'NONE', #2323, #1014, #187 ) ;
#2051 = AXIS2_PLACEMENT_3D ( 'NONE', #2548, #1537, #489 ) ;
#2052 = VERTEX_POINT ( 'NONE', #1777 ) ;
#2053 = DIRECTION ( 'NONE',  ( -1.000000000000000000, 0.000000000000000000, 0.000000000000000000 ) ) ;
#2054 = CARTESIAN_POINT ( 'NONE',  ( 1.476175530980618904E-14, -6.345000000000000639, 1.734723475976808278E-15 ) ) ;
#2055 = TOROIDAL_SURFACE ( 'NONE', #2663, 6.499999999999999112, 2.500000000000000000 ) ;
#2056 = EDGE_CURVE ( 'NONE', #928, #1698, #707, .T. ) ;
#2057 = ORIENTED_EDGE ( 'NONE', *, *, #983, .T. ) ;
#2058 = DIRECTION ( 'NONE',  ( -1.000000000000000000, 0.000000000000000000, 0.000000000000000000 ) ) ;
#2059 = CARTESIAN_POINT ( 'NONE',  ( -4.999999999999995559, 0.000000000000000000, 43.72442000000000206 ) ) ;
#2060 = DIRECTION ( 'NONE',  ( -1.000000000000000000, 0.000000000000000000, 0.000000000000000000 ) ) ;
#2061 = DIRECTION ( 'NONE',  ( -0.000000000000000000, -0.000000000000000000, -1.000000000000000000 ) ) ;
#2062 = CARTESIAN_POINT ( 'NONE',  ( 3.999999999999996447, 4.898587196589408884E-16, 0.000000000000000000 ) ) ;
#2063 = ORIENTED_EDGE ( 'NONE', *, *, #412, .F. ) ;
#2064 = CARTESIAN_POINT ( 'NONE',  ( -2.947336381165927666, -2.704294410055184450, -2.500000000000000000 ) ) ;
#2065 = ORIENTED_EDGE ( 'NONE', *, *, #1592, .F. ) ;
#2066 = CARTESIAN_POINT ( 'NONE',  ( 0.000000000000000000, 0.000000000000000000, 0.000000000000000000 ) ) ;
#2067 = ORIENTED_EDGE ( 'NONE', *, *, #624, .F. ) ;
#2068 = CARTESIAN_POINT ( 'NONE',  ( 6.052584090481015977, 1.904009145896131017, -0.004809626501416433553 ) ) ;
#2069 = EDGE_CURVE ( 'NONE', #1481, #1442, #214, .T. ) ;
#2070 = CARTESIAN_POINT ( 'NONE',  ( -0.8683194678370640407, 3.904615384615384155, -2.500000000000000000 ) ) ;
#2071 = CARTESIAN_POINT ( 'NONE',  ( 3.035766082959412415E-15, 2.799999999999999822, 69.67441999999998359 ) ) ;
#2072 = ORIENTED_EDGE ( 'NONE', *, *, #2688, .T. ) ;
#2073 = CARTESIAN_POINT ( 'NONE',  ( -5.494931187012258356, -3.172500000000000320, 12.70026252798339428 ) ) ;
#2074 = CARTESIAN_POINT ( 'NONE',  ( 1.476175530980618904E-14, -6.345000000000000639, 1.734723475976808278E-15 ) ) ;
#2075 = ORIENTED_EDGE ( 'NONE', *, *, #114, .F. ) ;
#2076 = DIRECTION ( 'NONE',  ( 1.000000000000000000, 0.000000000000000000, 0.000000000000000000 ) ) ;
#2077 = ORIENTED_EDGE ( 'NONE', *, *, #2674, .T. ) ;
#2078 = CARTESIAN_POINT ( 'NONE',  ( -3.999999999999998224, 0.000000000000000000, 0.000000000000000000 ) ) ;
#2079 = FACE_OUTER_BOUND ( 'NONE', #2298, .T. ) ;
#2080 = AXIS2_PLACEMENT_3D ( 'NONE', #2217, #1134, #323 ) ;
#2081 = CARTESIAN_POINT ( 'NONE',  ( -3.750000000000017319, 0.000000000000000000, 75.67441999999999780 ) ) ;
#2082 = EDGE_CURVE ( 'NONE', #1442, #602, #1963, .T. ) ;
#2083 = CONICAL_SURFACE ( 'NONE', #324, 2.019299999999987438, 1.029744258676648538 ) ;
#2084 = EDGE_LOOP ( 'NONE', ( #432, #1133, #2057, #802 ) ) ;
#2085 = CARTESIAN_POINT ( 'NONE',  ( 0.000000000000000000, 0.000000000000000000, -0.004809626501416433553 ) ) ;
#2086 = CARTESIAN_POINT ( 'NONE',  ( 6.344999999999997975, 0.000000000000000000, 13.70026252798339428 ) ) ;
#2087 = EDGE_CURVE ( 'NONE', #868, #1442, #1074, .T. ) ;
#2088 = VECTOR ( 'NONE', #2258, 1000.000000000000000 ) ;
#2089 = ORIENTED_EDGE ( 'NONE', *, *, #2101, .F. ) ;
#2090 = VERTEX_POINT ( 'NONE', #146 ) ;
#2091 = CARTESIAN_POINT ( 'NONE',  ( 0.000000000000000000, 0.000000000000000000, -2.500000000000000000 ) ) ;
#2092 = AXIS2_PLACEMENT_3D ( 'NONE', #225, #1065, #1704 ) ;
#2093 = CARTESIAN_POINT ( 'NONE',  ( 5.724384003282685818, 2.775076064279867527, -1.091435816106510372E-13 ) ) ;
#2094 = AXIS2_PLACEMENT_3D ( 'NONE', #1009, #1851, #1196 ) ;
#2095 = DIRECTION ( 'NONE',  ( 1.000000000000000000, 0.000000000000000000, 0.000000000000000000 ) ) ;
#2096 = DIRECTION ( 'NONE',  ( -1.000000000000000000, 0.000000000000000000, -1.367000375080226176E-16 ) ) ;
#2097 = EDGE_CURVE ( 'NONE', #1117, #1190, #1571, .T. ) ;
#2098 = ORIENTED_EDGE ( 'NONE', *, *, #967, .T. ) ;
#2099 = CARTESIAN_POINT ( 'NONE',  ( 0.5041883754722322752, 3.969933740806946165, 70.54776873448844299 ) ) ;
#2100 = ORIENTED_EDGE ( 'NONE', *, *, #174, .T. ) ;
#2101 = EDGE_CURVE ( 'NONE', #268, #138, #2687, .T. ) ;
#2102 = PERSON_AND_ORGANIZATION ( #154, #1260 ) ;
#2103 = ORIENTED_EDGE ( 'NONE', *, *, #2519, .F. ) ;
#2104 = CARTESIAN_POINT ( 'NONE',  ( -3.727482024636161739, 1.480613476153440411, -2.500000000000000444 ) ) ;
#2105 = CARTESIAN_POINT ( 'NONE',  ( -5.494931187012258356, -3.172500000000000320, 12.70026252798339428 ) ) ;
#2106 = DIRECTION ( 'NONE',  ( -0.7071067811865302533, 8.659560562354723317E-17, 0.7071067811865647812 ) ) ;
#2107 = CARTESIAN_POINT ( 'NONE',  ( 0.9999999999999943379, 3.872983346207414801, 69.67441999999998359 ) ) ;
#2108 = CARTESIAN_POINT ( 'NONE',  ( 0.000000000000000000, 0.000000000000000000, 43.72442000000000206 ) ) ;
#2109 = ORIENTED_EDGE ( 'NONE', *, *, #1048, .F. ) ;
#2110 = DIRECTION ( 'NONE',  ( -1.000000000000000000, -2.367714103604666796E-16, 0.000000000000000000 ) ) ;
#2111 = CARTESIAN_POINT ( 'NONE',  ( -0.4616610511452355903, 6.344999999999999751, 1.103697662339172058E-13 ) ) ;
#2112 = EDGE_LOOP ( 'NONE', ( #1380, #1499, #2569, #1677, #2259, #2100 ) ) ;
#2113 = APPROVAL_ROLE ( '' ) ;
#2114 = ADVANCED_FACE ( 'NONE', ( #727 ), #417, .T. ) ;
#2115 = ORIENTED_EDGE ( 'NONE', *, *, #352, .T. ) ;
#2116 = CARTESIAN_POINT ( 'NONE',  ( -3.318024510158864793, 2.252828581545263109, -2.495199679809747995 ) ) ;
#2117 = CARTESIAN_POINT ( 'NONE',  ( 5.201358173024776809E-16, 0.000000000000000000, 1.734723475976807094E-15 ) ) ;
#2118 = CARTESIAN_POINT ( 'NONE',  ( -0.9441687179160458410, -6.345000000000002416, 0.000000000000000000 ) ) ;
#2119 = ADVANCED_FACE ( 'NONE', ( #1594 ), #1470, .F. ) ;
#2120 = CARTESIAN_POINT ( 'NONE',  ( 0.000000000000000000, 0.000000000000000000, 43.72442000000000206 ) ) ;
#2121 = DIRECTION ( 'NONE',  ( -0.000000000000000000, -0.000000000000000000, -1.000000000000000000 ) ) ;
#2122 = B_SPLINE_CURVE_WITH_KNOTS ( 'NONE', 3,
 ( #2427, #1597, #536, #2256, #359, #1868 ),
 .UNSPECIFIED., .F., .F.,
 ( 4, 2, 4 ),
 ( 0.006355812659312943397, 0.007706676676590909145, 0.009057540693868874893 ),
 .UNSPECIFIED. ) ;
#2123 = TOROIDAL_SURFACE ( 'NONE', #2602, 6.499999999999999112, 2.500000000000000000 ) ;
#2124 = ORIENTED_EDGE ( 'NONE', *, *, #1612, .T. ) ;
#2125 = CARTESIAN_POINT ( 'NONE',  ( 3.999999999999996447, 4.898587196589408884E-16, 75.42442000000002622 ) ) ;
#2126 = CARTESIAN_POINT ( 'NONE',  ( 0.2638098630059202421, 3.993117100779736361, 70.64773818341930678 ) ) ;
#2127 = AXIS2_PLACEMENT_3D ( 'NONE', #2589, #1974, #2060 ) ;
#2128 = EDGE_LOOP ( 'NONE', ( #25, #829, #1848, #2245 ) ) ;
#2129 = CONICAL_SURFACE ( 'NONE', #2439, 5.341038784982858445, 0.1308996938995678483 ) ;
#2130 = COORDINATED_UNIVERSAL_TIME_OFFSET ( 6, 0, .BEHIND. ) ;
#2131 = AXIS2_PLACEMENT_3D ( 'NONE', #273, #292, #1971 ) ;
#2132 = ORIENTED_EDGE ( 'NONE', *, *, #2281, .T. ) ;
#2133 = EDGE_CURVE ( 'NONE', #2318, #1087, #86, .T. ) ;
#2134 = DIRECTION ( 'NONE',  ( -0.5000000000000004441, 0.8660254037844383745, 0.000000000000000000 ) ) ;
#2135 = DIRECTION ( 'NONE',  ( -8.562723968748914288E-17, 0.000000000000000000, 1.000000000000000000 ) ) ;
#2136 = AXIS2_PLACEMENT_3D ( 'NONE', #376, #741, #2002 ) ;
#2137 = EDGE_CURVE ( 'NONE', #1760, #484, #711, .T. ) ;
#2138 = B_SPLINE_CURVE_WITH_KNOTS ( 'NONE', 3,
 ( #1255, #2093, #386, #2068 ),
 .UNSPECIFIED., .F., .F.,
 ( 4, 4 ),
 ( 0.001383235652293506339, 0.002758215478714110512 ),
 .UNSPECIFIED. ) ;
#2139 = DIRECTION ( 'NONE',  ( 0.000000000000000000, 0.000000000000000000, -1.000000000000000000 ) ) ;
#2140 = TOROIDAL_SURFACE ( 'NONE', #2400, 4.249999999999996447, 0.2500000000000036637 ) ;
#2141 = CARTESIAN_POINT ( 'NONE',  ( -3.735649074623887067, -1.454651572528166348, -0.09942128392788769642 ) ) ;
#2142 = ADVANCED_FACE ( 'NONE', ( #770 ), #1428, .F. ) ;
#2143 = EDGE_CURVE ( 'NONE', #1450, #2413, #1145, .T. ) ;
#2144 = CARTESIAN_POINT ( 'NONE',  ( 0.000000000000000000, 0.000000000000000000, 6.074420000000000819 ) ) ;
#2145 = AXIS2_PLACEMENT_3D ( 'NONE', #797, #872, #1291 ) ;
#2146 = EDGE_LOOP ( 'NONE', ( #43, #2448, #1271, #1071 ) ) ;
#2147 = CARTESIAN_POINT ( 'NONE',  ( 0.000000000000000000, 0.000000000000000000, 75.42442000000002622 ) ) ;
#2148 = ORIENTED_EDGE ( 'NONE', *, *, #1645, .F. ) ;
#2149 = CARTESIAN_POINT ( 'NONE',  ( 3.815655849003003919, -1.200320974560203258, -2.499999999999999556 ) ) ;
#2150 = ORIENTED_EDGE ( 'NONE', *, *, #1213, .T. ) ;
#2151 = CARTESIAN_POINT ( 'NONE',  ( 5.036664988962208156, -3.966240338414113609, 12.70026252798339783 ) ) ;
#2152 = DIRECTION ( 'NONE',  ( -0.000000000000000000, -0.000000000000000000, -1.000000000000000000 ) ) ;
#2153 = DIRECTION ( 'NONE',  ( -1.000000000000000000, 0.000000000000000000, 0.000000000000000000 ) ) ;
#2154 = FACE_OUTER_BOUND ( 'NONE', #2380, .T. ) ;
#2155 = CARTESIAN_POINT ( 'NONE',  ( 3.610402970105773601, 1.746214677290730766, -2.495209751716289226 ) ) ;
#2156 = EDGE_CURVE ( 'NONE', #2273, #393, #1011, .T. ) ;
#2157 = EDGE_CURVE ( 'NONE', #2553, #631, #2497, .T. ) ;
#2158 = VERTEX_POINT ( 'NONE', #1414 ) ;
#2159 = CYLINDRICAL_SURFACE ( 'NONE', #1596, 6.345000000000000639 ) ;
#2160 = CARTESIAN_POINT ( 'NONE',  ( -5.219701692408240770E-16, 0.000000000000000000, 12.17026252798339669 ) ) ;
#2161 = VERTEX_POINT ( 'NONE', #183 ) ;
#2162 = DIRECTION ( 'NONE',  ( 1.000000000000000000, 1.183857051802332166E-16, 0.000000000000000000 ) ) ;
#2163 = VERTEX_POINT ( 'NONE', #1027 ) ;
#2164 = CARTESIAN_POINT ( 'NONE',  ( -3.312687260337828121, 2.262059508509309147, -0.1455350496267094618 ) ) ;
#2165 = CARTESIAN_POINT ( 'NONE',  ( -0.6148924121437815415, 3.953558870245115653, 46.87517707987076676 ) ) ;
#2166 = CARTESIAN_POINT ( 'NONE',  ( 0.6113133690543668397, -3.961769139409689444, -0.09817821215091819542 ) ) ;
#2167 = CARTESIAN_POINT ( 'NONE',  ( -5.494931187012263685, 3.172499999999994991, 12.70026252798339428 ) ) ;
#2168 = FACE_OUTER_BOUND ( 'NONE', #2262, .T. ) ;
#2169 = VERTEX_POINT ( 'NONE', #1853 ) ;
#2170 = EDGE_CURVE ( 'NONE', #2488, #953, #167, .T. ) ;
#2171 = FACE_OUTER_BOUND ( 'NONE', #2249, .T. ) ;
#2172 = ADVANCED_FACE ( 'NONE', ( #2480 ), #603, .T. ) ;
#2173 = ORIENTED_EDGE ( 'NONE', *, *, #1002, .F. ) ;
#2174 = DIRECTION ( 'NONE',  ( -1.000000000000000000, 0.000000000000000000, 0.000000000000000000 ) ) ;
#2175 = CIRCLE ( 'NONE', #227, 4.249999999999996447 ) ;
#2176 = VECTOR ( 'NONE', #591, 1000.000000000000000 ) ;
#2177 = ORIENTED_EDGE ( 'NONE', *, *, #427, .F. ) ;
#2178 = DIRECTION ( 'NONE',  ( 1.000000000000000000, 0.000000000000000000, 0.000000000000000000 ) ) ;
#2179 = CARTESIAN_POINT ( 'NONE',  ( 5.019866117454721000, 3.995336837374812156, 0.000000000000000000 ) ) ;
#2180 = CARTESIAN_POINT ( 'NONE',  ( -0.5810581749220083969, -3.968497367454716596, -2.499999994010235760 ) ) ;
#2181 = AXIS2_PLACEMENT_3D ( 'NONE', #905, #40, #887 ) ;
#2182 = ORIENTED_EDGE ( 'NONE', *, *, #1541, .T. ) ;
#2183 = DIRECTION ( 'NONE',  ( 8.562723968748914288E-17, -0.000000000000000000, -1.000000000000000000 ) ) ;
#2184 = CARTESIAN_POINT ( 'NONE',  ( -0.9501301391150062114, 6.345000000000000639, 0.000000000000000000 ) ) ;
#2185 = AXIS2_PLACEMENT_3D ( 'NONE', #198, #1041, #1687 ) ;
#2186 = ORIENTED_EDGE ( 'NONE', *, *, #580, .F. ) ;
#2187 = DIRECTION ( 'NONE',  ( -1.000000000000000000, 0.000000000000000000, 0.000000000000000000 ) ) ;
#2188 = AXIS2_PLACEMENT_3D ( 'NONE', #434, #211, #2738 ) ;
#2189 = CARTESIAN_POINT ( 'NONE',  ( 0.000000000000000000, 0.000000000000000000, 75.67441999999999780 ) ) ;
#2190 = EDGE_CURVE ( 'NONE', #1836, #1442, #1166, .T. ) ;
#2191 = LOCAL_TIME ( 13, 21, 42.00000000000000000, #2130 ) ;
#2192 = ORIENTED_EDGE ( 'NONE', *, *, #1086, .F. ) ;
#2193 = ORIENTED_EDGE ( 'NONE', *, *, #1318, .F. ) ;
#2194 = EDGE_CURVE ( 'NONE', #759, #1753, #521, .T. ) ;
#2195 = EDGE_CURVE ( 'NONE', #836, #2090, #810, .T. ) ;
#2196 = CARTESIAN_POINT ( 'NONE',  ( 0.000000000000000000, 0.000000000000000000, 6.074420000000000819 ) ) ;
#2197 = CARTESIAN_POINT ( 'NONE',  ( 2.947336381165936103, 2.704294410055176456, -2.499999999999999556 ) ) ;
#2198 = CYLINDRICAL_SURFACE ( 'NONE', #1259, 6.875000000000000000 ) ;
#2199 = FACE_OUTER_BOUND ( 'NONE', #101, .T. ) ;
#2200 = CARTESIAN_POINT ( 'NONE',  ( 5.494931187012262797, -3.172499999999996323, 12.70026252798339428 ) ) ;
#2201 = EDGE_LOOP ( 'NONE', ( #2640, #1943, #1341, #2392 ) ) ;
#2202 = CARTESIAN_POINT ( 'NONE',  ( 0.000000000000000000, 0.000000000000000000, -31.42558000000000007 ) ) ;
#2203 = CYLINDRICAL_SURFACE ( 'NONE', #325, 6.875000000000000000 ) ;
#2204 = EDGE_LOOP ( 'NONE', ( #1970, #95, #1577, #78 ) ) ;
#2205 = CARTESIAN_POINT ( 'NONE',  ( 6.200440754629880757, -1.950521583660329794, 0.000000000000000000 ) ) ;
#2206 = VERTEX_POINT ( 'NONE', #1217 ) ;
#2207 = CARTESIAN_POINT ( 'NONE',  ( 4.747533802681087321E-16, 0.000000000000000000, 0.5299999999999981393 ) ) ;
#2208 = CARTESIAN_POINT ( 'NONE',  ( 5.264100661439646167, 3.572310198229602385, 1.100061513410592618E-13 ) ) ;
#2209 = ADVANCED_FACE ( 'NONE', ( #2740 ), #594, .F. ) ;
#2210 = LINE ( 'NONE', #316, #980 ) ;
#2211 = DIRECTION ( 'NONE',  ( 1.000000000000000000, 0.000000000000000000, 7.885106708985486569E-17 ) ) ;
#2212 = DIRECTION ( 'NONE',  ( -1.000000000000000000, 0.000000000000000000, 0.000000000000000000 ) ) ;
#2213 = AXIS2_PLACEMENT_3D ( 'NONE', #1303, #474, #1080 ) ;
#2214 = CARTESIAN_POINT ( 'NONE',  ( 2.019299999999992767, 0.000000000000000000, 60.59697999999999496 ) ) ;
#2215 = CARTESIAN_POINT ( 'NONE',  ( 0.5047133981367872835, 3.969901409478238108, 46.80119791839709364 ) ) ;
#2216 = EDGE_LOOP ( 'NONE', ( #1615, #987, #1112, #598 ) ) ;
#2217 = CARTESIAN_POINT ( 'NONE',  ( 0.000000000000000000, 0.000000000000000000, -31.42558000000000007 ) ) ;
#2218 = VERTEX_POINT ( 'NONE', #831 ) ;
#2219 = CYLINDRICAL_SURFACE ( 'NONE', #1148, 2.019299999999992767 ) ;
#2220 = AXIS2_PLACEMENT_3D ( 'NONE', #327, #1384, #1123 ) ;
#2221 = CARTESIAN_POINT ( 'NONE',  ( 1.315785013939890889E-16, 2.799999999999999822, 47.67441999999999069 ) ) ;
#2222 = VECTOR ( 'NONE', #411, 1000.000000000000000 ) ;
#2223 = EDGE_CURVE ( 'NONE', #1786, #393, #408, .T. ) ;
#2224 = EDGE_LOOP ( 'NONE', ( #2401, #916, #1214, #34, #900, #966 ) ) ;
#2225 = EDGE_CURVE ( 'NONE', #1736, #2218, #2138, .T. ) ;
#2226 = DIRECTION ( 'NONE',  ( 0.9539139622507508687, 0.3000802436400521467, 0.000000000000000000 ) ) ;
#2227 = CARTESIAN_POINT ( 'NONE',  ( 6.052584090481014201, -1.904009145896122135, -0.004809626501416433553 ) ) ;
#2228 = AXIS2_PLACEMENT_3D ( 'NONE', #1270, #1005, #1243 ) ;
#2229 = DIRECTION ( 'NONE',  ( -0.000000000000000000, -0.000000000000000000, -1.000000000000000000 ) ) ;
#2230 = EDGE_CURVE ( 'NONE', #312, #2553, #632, .T. ) ;
#2231 = ADVANCED_FACE ( 'NONE', ( #1052 ), #2140, .F. ) ;
#2232 = CARTESIAN_POINT ( 'NONE',  ( 0.000000000000000000, 0.000000000000000000, 21.07441999999999993 ) ) ;
#2233 = DIRECTION ( 'NONE',  ( -0.000000000000000000, 0.000000000000000000, 1.000000000000000000 ) ) ;
#2234 = CIRCLE ( 'NONE', #1116, 6.344999999999999751 ) ;
#2235 = CIRCLE ( 'NONE', #461, 6.875000000000000000 ) ;
#2236 = VERTEX_POINT ( 'NONE', #2059 ) ;
#2237 = LINE ( 'NONE', #2463, #2042 ) ;
#2238 = ORIENTED_EDGE ( 'NONE', *, *, #1402, .F. ) ;
#2239 = CARTESIAN_POINT ( 'NONE',  ( -5.723400938641592717, 2.776778782185355343, 12.70026252798339961 ) ) ;
#2240 = DIRECTION ( 'NONE',  ( 1.000000000000000000, 0.000000000000000000, 0.000000000000000000 ) ) ;
#2241 = ADVANCED_FACE ( 'NONE', ( #1715 ), #57, .T. ) ;
#2242 = ORIENTED_EDGE ( 'NONE', *, *, #1740, .T. ) ;
#2243 = CARTESIAN_POINT ( 'NONE',  ( 0.000000000000000000, 0.000000000000000000, -31.42558000000000007 ) ) ;
#2244 = CARTESIAN_POINT ( 'NONE',  ( -0.8683194678370583786, -3.904615384615385931, -2.500000000000000000 ) ) ;
#2245 = ORIENTED_EDGE ( 'NONE', *, *, #899, .F. ) ;
#2246 = DIRECTION ( 'NONE',  ( 0.000000000000000000, -1.000000000000000000, 0.000000000000000000 ) ) ;
#2247 = DIRECTION ( 'NONE',  ( 8.562723968748914288E-17, -0.000000000000000000, -1.000000000000000000 ) ) ;
#2248 = ADVANCED_FACE ( 'NONE', ( #2558 ), #2572, .F. ) ;
#2249 = EDGE_LOOP ( 'NONE', ( #1557, #1367, #266, #701 ) ) ;
#2250 = CARTESIAN_POINT ( 'NONE',  ( 0.000000000000000000, 0.000000000000000000, 0.000000000000000000 ) ) ;
#2251 = ADVANCED_FACE ( 'NONE', ( #28 ), #2355, .T. ) ;
#2252 = ORIENTED_EDGE ( 'NONE', *, *, #1208, .T. ) ;
#2253 = CARTESIAN_POINT ( 'NONE',  ( -2.019299999999987438, 0.000000000000000000, 17.57441999999999283 ) ) ;
#2254 = ORIENTED_EDGE ( 'NONE', *, *, #934, .F. ) ;
#2255 = DIRECTION ( 'NONE',  ( 1.000000000000000000, 5.329070518200751394E-15, 0.000000000000000000 ) ) ;
#2256 = CARTESIAN_POINT ( 'NONE',  ( 0.9079770403824303227, -6.345000000000002416, 12.65029078789208405 ) ) ;
#2257 = CARTESIAN_POINT ( 'NONE',  ( 4.345085776149885504E-16, 0.000000000000000000, 1.000000000000001776 ) ) ;
#2258 = DIRECTION ( 'NONE',  ( -0.000000000000000000, -0.000000000000000000, -1.000000000000000000 ) ) ;
#2259 = ORIENTED_EDGE ( 'NONE', *, *, #2133, .T. ) ;
#2260 = CARTESIAN_POINT ( 'NONE',  ( 0.000000000000000000, 0.000000000000000000, 17.57441999999999283 ) ) ;
#2261 = EDGE_CURVE ( 'NONE', #1918, #2169, #455, .T. ) ;
#2262 = EDGE_LOOP ( 'NONE', ( #189, #856, #2730, #936, #1867, #1356, #1532 ) ) ;
#2263 = PLANE ( 'NONE',  #2 ) ;
#2264 = CARTESIAN_POINT ( 'NONE',  ( 1.785073526766060681, -6.345000000000001528, 0.2430334098718328062 ) ) ;
#2265 = EDGE_LOOP ( 'NONE', ( #2023, #1858, #379, #2075 ) ) ;
#2266 = CARTESIAN_POINT ( 'NONE',  ( 2.947336381165935659, 2.704294410055176900, -2.500000000000000000 ) ) ;
#2267 = AXIS2_PLACEMENT_3D ( 'NONE', #1780, #1322, #1766 ) ;
#2268 = CIRCLE ( 'NONE', #2043, 2.500000000000000444 ) ;
#2269 = CARTESIAN_POINT ( 'NONE',  ( 0.000000000000000000, 0.000000000000000000, -31.17558000000002139 ) ) ;
#2270 = CARTESIAN_POINT ( 'NONE',  ( -5.673526062751931244E-16, 0.000000000000000000, 12.70026252798339428 ) ) ;
#2271 = DIRECTION ( 'NONE',  ( -1.000000000000000000, 0.000000000000000000, -8.562723968748915520E-17 ) ) ;
#2272 = AXIS2_PLACEMENT_3D ( 'NONE', #2040, #145, #989 ) ;
#2273 = VERTEX_POINT ( 'NONE', #1305 ) ;
#2274 = CARTESIAN_POINT ( 'NONE',  ( -6.052584090481018642, 1.904009145896111255, -0.004809626501416867234 ) ) ;
#2275 = CIRCLE ( 'NONE', #941, 2.500000000000000444 ) ;
#2276 = B_SPLINE_CURVE_WITH_KNOTS ( 'NONE', 3,
 ( #1004, #842, #2353, #1092 ),
 .UNSPECIFIED., .F., .F.,
 ( 4, 4 ),
 ( 0.002699965538895400443, 0.005407525381515209013 ),
 .UNSPECIFIED. ) ;
#2277 = AXIS2_PLACEMENT_3D ( 'NONE', #1350, #1173, #2456 ) ;
#2278 = ORIENTED_EDGE ( 'NONE', *, *, #88, .F. ) ;
#2279 = DIRECTION ( 'NONE',  ( -8.562723968748914288E-17, 0.000000000000000000, 1.000000000000000000 ) ) ;
#2280 = AXIS2_PLACEMENT_3D ( 'NONE', #85, #2366, #1315 ) ;
#2281 = EDGE_CURVE ( 'NONE', #2433, #1779, #2624, .T. ) ;
#2282 = ORIENTED_EDGE ( 'NONE', *, *, #549, .F. ) ;
#2283 = DIRECTION ( 'NONE',  ( -1.000000000000000000, 0.000000000000000000, 0.000000000000000000 ) ) ;
#2284 = CARTESIAN_POINT ( 'NONE',  ( 6.052584090481014201, -1.904009145896122135, -0.004809626501416433553 ) ) ;
#2285 = CARTESIAN_POINT ( 'NONE',  ( -7.315826248793691811, 0.000000000000000000, 22.11916749433803275 ) ) ;
#2286 = ORIENTED_EDGE ( 'NONE', *, *, #1034, .T. ) ;
#2287 = DIRECTION ( 'NONE',  ( -0.000000000000000000, -0.000000000000000000, -1.000000000000000000 ) ) ;
#2288 = CARTESIAN_POINT ( 'NONE',  ( -0.9999999999999967804, 3.872983346207414357, 69.67441999999998359 ) ) ;
#2289 = ORIENTED_EDGE ( 'NONE', *, *, #1688, .T. ) ;
#2290 = DIRECTION ( 'NONE',  ( 0.000000000000000000, 0.000000000000000000, 1.000000000000000000 ) ) ;
#2291 = ORIENTED_EDGE ( 'NONE', *, *, #788, .F. ) ;
#2292 = CARTESIAN_POINT ( 'NONE',  ( -1.318509905643772837E-15, 6.345000000000000639, 12.70026252798339428 ) ) ;
#2293 = CARTESIAN_POINT ( 'NONE',  ( -2.019299999999987438, 0.000000000000000000, 17.57441999999999283 ) ) ;
#2294 = DIRECTION ( 'NONE',  ( -0.2170798669592649832, 0.9761538461538468159, 1.734723475976806700E-15 ) ) ;
#2295 = VERTEX_POINT ( 'NONE', #2584 ) ;
#2296 = CARTESIAN_POINT ( 'NONE',  ( -5.265478370741841552, 3.569923935720140218, -1.087856542764860374E-13 ) ) ;
#2297 = CARTESIAN_POINT ( 'NONE',  ( -0.9079770403824192204, -6.345000000000002416, 0.04997174009130682382 ) ) ;
#2298 = EDGE_LOOP ( 'NONE', ( #406, #1542, #995, #340, #791, #1006 ) ) ;
#2299 = DIRECTION ( 'NONE',  ( 1.000000000000000000, 0.000000000000000000, 0.000000000000000000 ) ) ;
#2300 = CIRCLE ( 'NONE', #1543, 6.875000000000000000 ) ;
#2301 = COORDINATED_UNIVERSAL_TIME_OFFSET ( 6, 0, .BEHIND. ) ;
#2302 = EDGE_LOOP ( 'NONE', ( #2580, #1768, #2722, #2679 ) ) ;
#2303 = DIRECTION ( 'NONE',  ( -1.000000000000000000, 0.000000000000000000, -8.562723968748915520E-17 ) ) ;
#2304 = CARTESIAN_POINT ( 'NONE',  ( 5.201358173024776809E-16, 0.000000000000000000, 1.734723475976807094E-15 ) ) ;
#2305 = ADVANCED_FACE ( 'NONE', ( #476 ), #447, .T. ) ;
#2306 = ADVANCED_FACE ( 'NONE', ( #17 ), #681, .T. ) ;
#2307 = CARTESIAN_POINT ( 'NONE',  ( -5.673526062751931244E-16, 0.000000000000000000, 12.70026252798339428 ) ) ;
#2308 = AXIS2_PLACEMENT_3D ( 'NONE', #2385, #922, #2187 ) ;
#2309 = CIRCLE ( 'NONE', #46, 3.999999999999998224 ) ;
#2310 = ADVANCED_FACE ( 'NONE', ( #244 ), #419, .T. ) ;
#2311 = ORIENTED_EDGE ( 'NONE', *, *, #1154, .F. ) ;
#2312 = DIRECTION ( 'NONE',  ( -0.000000000000000000, -0.000000000000000000, -1.000000000000000000 ) ) ;
#2313 = AXIS2_PLACEMENT_3D ( 'NONE', #1767, #2372, #1517 ) ;
#2314 = AXIS2_PLACEMENT_3D ( 'NONE', #361, #1378, #1393 ) ;
#2315 = ORIENTED_EDGE ( 'NONE', *, *, #1747, .T. ) ;
#2316 = PERSON_AND_ORGANIZATION ( #154, #1260 ) ;
#2317 = AXIS2_PLACEMENT_3D ( 'NONE', #2304, #2697, #1443 ) ;
#2318 = VERTEX_POINT ( 'NONE', #2367 ) ;
#2319 = CARTESIAN_POINT ( 'NONE',  ( 4.171432037031425288, -5.464867771541031871, 12.17026252798339847 ) ) ;
#2320 = DIRECTION ( 'NONE',  ( 0.000000000000000000, -1.000000000000000000, 0.000000000000000000 ) ) ;
#2321 = CARTESIAN_POINT ( 'NONE',  ( 3.317467756047904448, -2.253593351365022812, -2.495209751716289226 ) ) ;
#2322 = CARTESIAN_POINT ( 'NONE',  ( -4.171432037031423512, 5.464867771541035424, 12.17026252798339669 ) ) ;
#2323 = CARTESIAN_POINT ( 'NONE',  ( -3.794707603699265519E-15, 0.000000000000000000, 75.67441999999999780 ) ) ;
#2324 = ORIENTED_EDGE ( 'NONE', *, *, #1814, .F. ) ;
#2325 = DIRECTION ( 'NONE',  ( 1.000000000000000000, 0.000000000000000000, 0.000000000000000000 ) ) ;
#2326 = ADVANCED_FACE ( 'NONE', ( #39 ), #96, .F. ) ;
#2327 = ORIENTED_EDGE ( 'NONE', *, *, #2711, .F. ) ;
#2328 = EDGE_LOOP ( 'NONE', ( #588, #326, #2453, #1794 ) ) ;
#2329 = DIRECTION ( 'NONE',  ( -1.000000000000000000, 0.000000000000000000, 0.000000000000000000 ) ) ;
#2330 = DIRECTION ( 'NONE',  ( 8.562723968748914288E-17, -0.000000000000000000, -1.000000000000000000 ) ) ;
#2331 = CARTESIAN_POINT ( 'NONE',  ( -5.673526062751931244E-16, 0.000000000000000000, 12.70026252798339428 ) ) ;
#2332 = DIRECTION ( 'NONE',  ( 0.9539139622507523120, 0.3000802436400473727, 0.000000000000000000 ) ) ;
#2333 = CARTESIAN_POINT ( 'NONE',  ( 1.411019135235222155, -6.345000000000002416, -2.500000000000000000 ) ) ;
#2334 = EDGE_LOOP ( 'NONE', ( #2193, #766, #1225, #280 ) ) ;
#2335 = CARTESIAN_POINT ( 'NONE',  ( -1.377371755856544366, 6.193696153846157237, -0.004809626501416433553 ) ) ;
#2336 = ORIENTED_EDGE ( 'NONE', *, *, #1895, .T. ) ;
#2337 = EDGE_CURVE ( 'NONE', #1876, #2158, #1382, .T. ) ;
#2338 = DATE_TIME_ROLE ( 'classification_date' ) ;
#2339 = VERTEX_POINT ( 'NONE', #1495 ) ;
#2340 = CARTESIAN_POINT ( 'NONE',  ( -0.9999999999999995559, 3.872983346207412136, 47.67441999999999069 ) ) ;
#2341 = DIRECTION ( 'NONE',  ( -1.000000000000000000, 0.000000000000000000, 0.000000000000000000 ) ) ;
#2342 = CARTESIAN_POINT ( 'NONE',  ( -0.4744911062296789939, -6.345000000000002416, -6.949518512649054222E-18 ) ) ;
#2343 = DIRECTION ( 'NONE',  ( -0.7071067811865574537, 0.000000000000000000, -0.7071067811865376918 ) ) ;
#2344 = CARTESIAN_POINT ( 'NONE',  ( -0.4703776292026014549, 6.345000000000000639, 3.434819494757593391E-18 ) ) ;
#2345 = ORIENTED_EDGE ( 'NONE', *, *, #2736, .T. ) ;
#2346 = DIRECTION ( 'NONE',  ( -1.000000000000000000, 0.000000000000000000, 0.000000000000000000 ) ) ;
#2347 = AXIS2_PLACEMENT_3D ( 'NONE', #2307, #651, #1053 ) ;
#2348 = ORIENTED_EDGE ( 'NONE', *, *, #899, .T. ) ;
#2349 = VECTOR ( 'NONE', #2312, 1000.000000000000000 ) ;
#2350 = CIRCLE ( 'NONE', #1381, 2.019299999999996764 ) ;
#2351 = EDGE_LOOP ( 'NONE', ( #1567, #2616, #2289, #528, #1711 ) ) ;
#2352 = CARTESIAN_POINT ( 'NONE',  ( -3.736649403185144269, 1.451471662430989573, -0.09817821215090540010 ) ) ;
#2353 = CARTESIAN_POINT ( 'NONE',  ( -4.597911503697605262, -4.726183666890322321, 0.2015955132410274797 ) ) ;
#2354 = AXIS2_PLACEMENT_3D ( 'NONE', #1833, #90, #2412 ) ;
#2355 = CYLINDRICAL_SURFACE ( 'NONE', #2491, 6.875000000000000000 ) ;
#2356 = ADVANCED_FACE ( 'NONE', ( #2595 ), #706, .T. ) ;
#2357 = CONICAL_SURFACE ( 'NONE', #1829, 6.344999999999999751, 0.7853981633974509435 ) ;
#2358 = DIRECTION ( 'NONE',  ( 8.562723968748914288E-17, -0.000000000000000000, -1.000000000000000000 ) ) ;
#2359 = CARTESIAN_POINT ( 'NONE',  ( 0.6080593218473480110, 3.962492784512024357, -0.09942128392728225017 ) ) ;
#2360 = PRODUCT_DEFINITION_FORMATION_WITH_SPECIFIED_SOURCE ( 'ANY', '', #2455, .NOT_KNOWN. ) ;
#2361 = CARTESIAN_POINT ( 'NONE',  ( 0.000000000000000000, 0.000000000000000000, 6.074420000000000819 ) ) ;
#2362 = CARTESIAN_POINT ( 'NONE',  ( -3.815655849003003919, -1.200320974560200371, -2.500000000000000000 ) ) ;
#2363 = ORIENTED_EDGE ( 'NONE', *, *, #614, .F. ) ;
#2364 = VERTEX_POINT ( 'NONE', #1348 ) ;
#2365 = FACE_OUTER_BOUND ( 'NONE', #222, .T. ) ;
#2366 = DIRECTION ( 'NONE',  ( -0.000000000000000000, -0.000000000000000000, -1.000000000000000000 ) ) ;
#2367 = CARTESIAN_POINT ( 'NONE',  ( 6.818430336993102969, -0.8801322284589614409, 12.17026252798339669 ) ) ;
#2368 = CARTESIAN_POINT ( 'NONE',  ( 5.494931187012261908, 3.172500000000000320, 21.07441999999999993 ) ) ;
#2369 = DIRECTION ( 'NONE',  ( -1.000000000000000000, 0.000000000000000000, 0.000000000000000000 ) ) ;
#2370 = ORIENTED_EDGE ( 'NONE', *, *, #1877, .F. ) ;
#2371 = CYLINDRICAL_SURFACE ( 'NONE', #1776, 6.345000000000000639 ) ;
#2372 = DIRECTION ( 'NONE',  ( -0.000000000000000000, -0.000000000000000000, -1.000000000000000000 ) ) ;
#2373 = ORIENTED_EDGE ( 'NONE', *, *, #2739, .T. ) ;
#2374 = LINE ( 'NONE', #267, #1595 ) ;
#2375 = ORIENTED_EDGE ( 'NONE', *, *, #1969, .T. ) ;
#2376 = CARTESIAN_POINT ( 'NONE',  ( -2.646998299961668355, -6.345000000000003304, 12.17026252798339669 ) ) ;
#2377 = DIRECTION ( 'NONE',  ( 1.000000000000000000, 0.000000000000000000, 0.000000000000000000 ) ) ;
#2378 = CARTESIAN_POINT ( 'NONE',  ( 0.5846345636323598827, -3.967702039967663019, -2.499999993915946295 ) ) ;
#2379 = AXIS2_PLACEMENT_3D ( 'NONE', #1611, #1391, #110 ) ;
#2380 = EDGE_LOOP ( 'NONE', ( #1984, #2531, #1448, #1452 ) ) ;
#2381 = CARTESIAN_POINT ( 'NONE',  ( -3.615344629410134125, -1.737841567990486835, -0.1455350496264038729 ) ) ;
#2382 = ADVANCED_FACE ( 'NONE', ( #1179 ), #2198, .T. ) ;
#2383 = FACE_OUTER_BOUND ( 'NONE', #1135, .T. ) ;
#2384 = ORIENTED_EDGE ( 'NONE', *, *, #580, .T. ) ;
#2385 = CARTESIAN_POINT ( 'NONE',  ( 0.000000000000000000, 0.000000000000000000, 17.57441999999999283 ) ) ;
#2386 = DIRECTION ( 'NONE',  ( 0.000000000000000000, 0.000000000000000000, 1.000000000000000000 ) ) ;
#2387 = EDGE_CURVE ( 'NONE', #428, #1020, #1869, .T. ) ;
#2388 = ORIENTED_EDGE ( 'NONE', *, *, #1527, .F. ) ;
#2389 = CARTESIAN_POINT ( 'NONE',  ( 3.614195040123214575, -1.740227538230541215, -0.1458048508943748656 ) ) ;
#2390 = CIRCLE ( 'NONE', #1419, 4.749999999999995559 ) ;
#2391 = AXIS2_PLACEMENT_3D ( 'NONE', #2361, #1310, #2001 ) ;
#2392 = ORIENTED_EDGE ( 'NONE', *, *, #2018, .F. ) ;
#2393 = CARTESIAN_POINT ( 'NONE',  ( -3.794707603699265519E-15, 0.000000000000000000, 75.67441999999999780 ) ) ;
#2394 = CARTESIAN_POINT ( 'NONE',  ( 3.143813479443413161, 2.490159404019606448, -2.499999993916560026 ) ) ;
#2395 = DIRECTION ( 'NONE',  ( -1.000000000000000000, 0.000000000000000000, 0.000000000000000000 ) ) ;
#2396 = CONICAL_SURFACE ( 'NONE', #1822, 6.344999999999999751, 0.7853981633974509435 ) ;
#2397 = AXIS2_PLACEMENT_3D ( 'NONE', #1614, #2620, #1363 ) ;
#2398 = CARTESIAN_POINT ( 'NONE',  ( -3.319449531610703108, -2.250728343210710136, -2.495181107614703020 ) ) ;
#2399 = CARTESIAN_POINT ( 'NONE',  ( -2.019299999999996764, 2.472929281518241663E-16, 75.67441999999999780 ) ) ;
#2400 = AXIS2_PLACEMENT_3D ( 'NONE', #158, #1001, #1841 ) ;
#2401 = ORIENTED_EDGE ( 'NONE', *, *, #245, .T. ) ;
#2402 = CARTESIAN_POINT ( 'NONE',  ( 2.646998299961672796, 6.345000000000002416, 0.5299999999999983613 ) ) ;
#2403 = VECTOR ( 'NONE', #1432, 1000.000000000000000 ) ;
#2404 = CARTESIAN_POINT ( 'NONE',  ( 4.171432037031425288, -5.464867771541031871, 0.5299999999999971401 ) ) ;
#2405 = LOCAL_TIME ( 13, 21, 42.00000000000000000, #1681 ) ;
#2406 = DIRECTION ( 'NONE',  ( 1.183857051802332166E-16, -1.000000000000000000, 0.000000000000000000 ) ) ;
#2407 = EDGE_CURVE ( 'NONE', #849, #631, #2276, .T. ) ;
#2408 = ORIENTED_EDGE ( 'NONE', *, *, #2261, .T. ) ;
#2409 = DIRECTION ( 'NONE',  ( 0.000000000000000000, 0.000000000000000000, 1.000000000000000000 ) ) ;
#2410 = CARTESIAN_POINT ( 'NONE',  ( -0.2630942016618432744, 3.993167402718358350, 46.70089796116074865 ) ) ;
#2411 = CARTESIAN_POINT ( 'NONE',  ( 1.315785013939890889E-16, 2.799999999999999822, 47.67441999999999069 ) ) ;
#2412 = DIRECTION ( 'NONE',  ( 1.000000000000000000, 0.000000000000000000, 8.856654914789681360E-17 ) ) ;
#2413 = VERTEX_POINT ( 'NONE', #2484 ) ;
#2414 = FACE_OUTER_BOUND ( 'NONE', #2451, .T. ) ;
#2415 = FACE_OUTER_BOUND ( 'NONE', #1695, .T. ) ;
#2416 = ORIENTED_EDGE ( 'NONE', *, *, #265, .F. ) ;
#2417 = CARTESIAN_POINT ( 'NONE',  ( 3.318024510158775975, -2.252828581545416764, -2.495199679809543714 ) ) ;
#2418 = EDGE_CURVE ( 'NONE', #1059, #997, #1685, .T. ) ;
#2419 = VERTEX_POINT ( 'NONE', #462 ) ;
#2420 = CARTESIAN_POINT ( 'NONE',  ( -4.171432037031417295, -5.464867771541039865, 12.17026252798339669 ) ) ;
#2421 = DIRECTION ( 'NONE',  ( -1.000000000000000000, 0.000000000000000000, -8.562723968748915520E-17 ) ) ;
#2422 = EDGE_CURVE ( 'NONE', #1988, #849, #2534, .T. ) ;
#2423 = EDGE_CURVE ( 'NONE', #921, #63, #1606, .T. ) ;
#2424 = ORIENTED_EDGE ( 'NONE', *, *, #1037, .F. ) ;
#2425 = FACE_OUTER_BOUND ( 'NONE', #252, .T. ) ;
#2426 = CARTESIAN_POINT ( 'NONE',  ( 4.171432037031425288, -5.464867771541031871, 0.5299999999999971401 ) ) ;
#2427 = CARTESIAN_POINT ( 'NONE',  ( 2.646998299961670575, -6.345000000000001528, 12.17026252798339669 ) ) ;
#2428 = AXIS2_PLACEMENT_3D ( 'NONE', #857, #2546, #638 ) ;
#2429 = CARTESIAN_POINT ( 'NONE',  ( 4.747533802681087321E-16, 0.000000000000000000, 0.5299999999999981393 ) ) ;
#2430 = FACE_OUTER_BOUND ( 'NONE', #1102, .T. ) ;
#2431 = VERTEX_POINT ( 'NONE', #884 ) ;
#2432 = CARTESIAN_POINT ( 'NONE',  ( -5.953197385062315661, -2.378759661585880814, 12.70026252798339783 ) ) ;
#2433 = VERTEX_POINT ( 'NONE', #446 ) ;
#2434 = DIRECTION ( 'NONE',  ( -0.000000000000000000, -0.000000000000000000, 1.000000000000000000 ) ) ;
#2435 = TOROIDAL_SURFACE ( 'NONE', #976, 4.749999999999995559, 0.2500000000000000000 ) ;
#2436 = LINE ( 'NONE', #128, #1430 ) ;
#2437 = CIRCLE ( 'NONE', #1334, 2.019299999999989659 ) ;
#2438 = CARTESIAN_POINT ( 'NONE',  ( 6.818430336993102969, -0.8801322284589614409, 0.5299999999999986944 ) ) ;
#2439 = AXIS2_PLACEMENT_3D ( 'NONE', #330, #970, #575 ) ;
#2440 = EDGE_CURVE ( 'NONE', #1126, #1481, #1051, .T. ) ;
#2441 = CARTESIAN_POINT ( 'NONE',  ( 6.389629795731408990, -1.622836552237248764, 12.46686670383206419 ) ) ;
#2442 = AXIS2_PLACEMENT_3D ( 'NONE', #1338, #1323, #297 ) ;
#2443 = DIRECTION ( 'NONE',  ( 1.000000000000000000, 0.000000000000000000, 0.000000000000000000 ) ) ;
#2444 = CARTESIAN_POINT ( 'NONE',  ( 2.646998299961670575, -6.345000000000001528, 12.17026252798339669 ) ) ;
#2445 = CARTESIAN_POINT ( 'NONE',  ( 0.4589056325408444881, 6.345000000000001528, -1.088117096168587785E-13 ) ) ;
#2446 = AXIS2_PLACEMENT_3D ( 'NONE', #1955, #247, #862 ) ;
#2447 = AXIS2_PLACEMENT_3D ( 'NONE', #965, #126, #339 ) ;
#2448 = ORIENTED_EDGE ( 'NONE', *, *, #47, .T. ) ;
#2449 = CARTESIAN_POINT ( 'NONE',  ( 1.000000000000000000, 7.315826248793691811, 47.67441999999999069 ) ) ;
#2450 =( GEOMETRIC_REPRESENTATION_CONTEXT ( 3 ) GLOBAL_UNCERTAINTY_ASSIGNED_CONTEXT ( ( #1923 ) ) GLOBAL_UNIT_ASSIGNED_CONTEXT ( ( #2651, #153, #1439 ) ) REPRESENTATION_CONTEXT ( 'NONE', 'WORKASPACE' ) );
#2451 = EDGE_LOOP ( 'NONE', ( #1376, #646, #2311, #1815 ) ) ;
#2452 = LINE ( 'NONE', #2253, #852 ) ;
#2453 = ORIENTED_EDGE ( 'NONE', *, *, #209, .T. ) ;
#2454 = LINE ( 'NONE', #1581, #371 ) ;
#2455 = PRODUCT ( 'REV-21-2807', 'REV-21-2807', '', ( #2494 ) ) ;
#2456 = DIRECTION ( 'NONE',  ( 1.000000000000000000, 0.000000000000000000, 0.000000000000000000 ) ) ;
#2457 = ADVANCED_FACE ( 'NONE', ( #1506 ), #2357, .T. ) ;
#2458 = DIRECTION ( 'NONE',  ( -0.000000000000000000, -0.000000000000000000, -1.000000000000000000 ) ) ;
#2459 = DIRECTION ( 'NONE',  ( 0.9539139622507517569, -0.3000802436400490936, 0.000000000000000000 ) ) ;
#2460 = CARTESIAN_POINT ( 'NONE',  ( 1.377371755856559910, 6.193696153846148356, -0.004809626501416433553 ) ) ;
#2461 = EDGE_CURVE ( 'NONE', #1222, #205, #193, .T. ) ;
#2462 = ORIENTED_EDGE ( 'NONE', *, *, #114, .T. ) ;
#2463 = CARTESIAN_POINT ( 'NONE',  ( 1.000000000000000000, 2.799999999999999822, 47.67441999999999069 ) ) ;
#2464 = ORIENTED_EDGE ( 'NONE', *, *, #2407, .T. ) ;
#2465 = FACE_BOUND ( 'NONE', #1427, .T. ) ;
#2466 = ORIENTED_EDGE ( 'NONE', *, *, #2586, .F. ) ;
#2467 = LINE ( 'NONE', #768, #1556 ) ;
#2468 = DIRECTION ( 'NONE',  ( -1.000000000000000000, 0.000000000000000000, 0.000000000000000000 ) ) ;
#2469 = CARTESIAN_POINT ( 'NONE',  ( -1.381458148778849971E-14, 6.345000000000001528, 1.734723475976805911E-15 ) ) ;
#2470 = LINE ( 'NONE', #1713, #2403 ) ;
#2471 = CARTESIAN_POINT ( 'NONE',  ( 1.000000000000000000, 3.872983346207414801, 47.67441999999999069 ) ) ;
#2472 = CIRCLE ( 'NONE', #1239, 4.749999999999995559 ) ;
#2473 = ORIENTED_EDGE ( 'NONE', *, *, #1644, .F. ) ;
#2474 = DIRECTION ( 'NONE',  ( -0.000000000000000000, -0.000000000000000000, -1.000000000000000000 ) ) ;
#2475 = EDGE_CURVE ( 'NONE', #1016, #2052, #946, .T. ) ;
#2476 = EDGE_LOOP ( 'NONE', ( #2384, #115, #12, #2375 ) ) ;
#2477 = CARTESIAN_POINT ( 'NONE',  ( -4.749999999999995559, 5.970153145843341431E-16, 43.97442000000000206 ) ) ;
#2478 = VECTOR ( 'NONE', #2503, 1000.000000000000000 ) ;
#2479 = ORIENTED_EDGE ( 'NONE', *, *, #818, .F. ) ;
#2480 = FACE_OUTER_BOUND ( 'NONE', #1630, .T. ) ;
#2481 = AXIS2_PLACEMENT_3D ( 'NONE', #860, #449, #1471 ) ;
#2482 = CIRCLE ( 'NONE', #2272, 3.999999999999998224 ) ;
#2483 = CARTESIAN_POINT ( 'NONE',  ( 4.747533802681087321E-16, 0.000000000000000000, 0.5299999999999981393 ) ) ;
#2484 = CARTESIAN_POINT ( 'NONE',  ( 2.646998299961672352, 6.345000000000000639, 12.17026252798339669 ) ) ;
#2485 = CC_DESIGN_PERSON_AND_ORGANIZATION_ASSIGNMENT ( #2518, #421, ( #2007 ) ) ;
#2486 = CARTESIAN_POINT ( 'NONE',  ( 7.315826248793691811, 0.000000000000000000, 21.07441999999999993 ) ) ;
#2487 = CIRCLE ( 'NONE', #546, 4.999999999999995559 ) ;
#2488 = VERTEX_POINT ( 'NONE', #592 ) ;
#2489 = DIRECTION ( 'NONE',  ( -0.000000000000000000, -0.000000000000000000, -1.000000000000000000 ) ) ;
#2490 = CONICAL_SURFACE ( 'NONE', #2397, 7.345000000000005969, 0.7853981633974509435 ) ;
#2491 = AXIS2_PLACEMENT_3D ( 'NONE', #1083, #1331, #255 ) ;
#2492 = ORIENTED_EDGE ( 'NONE', *, *, #614, .T. ) ;
#2493 = DIRECTION ( 'NONE',  ( -0.000000000000000000, -0.000000000000000000, -1.000000000000000000 ) ) ;
#2494 = MECHANICAL_CONTEXT ( 'NONE', #1840, 'mechanical' ) ;
#2495 = AXIS2_PLACEMENT_3D ( 'NONE', #508, #1921, #1279 ) ;
#2496 = ORIENTED_EDGE ( 'NONE', *, *, #2418, .F. ) ;
#2497 = LINE ( 'NONE', #372, #1340 ) ;
#2498 = CARTESIAN_POINT ( 'NONE',  ( -6.818430336993101193, -0.8801322284589623290, 12.17026252798339669 ) ) ;
#2499 = CARTESIAN_POINT ( 'NONE',  ( -1.377371755856534374, -6.193696153846158126, -0.004809626501416433553 ) ) ;
#2500 = ORIENTED_EDGE ( 'NONE', *, *, #531, .T. ) ;
#2501 = CARTESIAN_POINT ( 'NONE',  ( 9.349619924619685693E-16, -6.345000000000002416, 12.70026252798339428 ) ) ;
#2502 = ORIENTED_EDGE ( 'NONE', *, *, #955, .T. ) ;
#2503 = DIRECTION ( 'NONE',  ( 1.182766006347823109E-16, 0.000000000000000000, 1.000000000000000000 ) ) ;
#2504 = EDGE_CURVE ( 'NONE', #2431, #516, #1908, .T. ) ;
#2505 = PERSON_AND_ORGANIZATION ( #154, #1260 ) ;
#2506 = EDGE_CURVE ( 'NONE', #642, #286, #2470, .T. ) ;
#2507 = VERTEX_POINT ( 'NONE', #2105 ) ;
#2508 = DIRECTION ( 'NONE',  ( 0.7071067811865302533, 0.000000000000000000, 0.7071067811865647812 ) ) ;
#2509 = DIRECTION ( 'NONE',  ( -0.1305261922200448010, 1.598484835071699775E-17, 0.9914448613738113814 ) ) ;
#2510 = EDGE_CURVE ( 'NONE', #2488, #1383, #1218, .T. ) ;
#2511 = ADVANCED_FACE ( 'NONE', ( #2547 ), #1650, .T. ) ;
#2512 = CARTESIAN_POINT ( 'NONE',  ( 4.999999999999995559, 6.123233995736761352E-16, 0.000000000000000000 ) ) ;
#2513 = DIRECTION ( 'NONE',  ( -0.000000000000000000, -0.000000000000000000, -1.000000000000000000 ) ) ;
#2514 = ORIENTED_EDGE ( 'NONE', *, *, #1038, .T. ) ;
#2515 = CARTESIAN_POINT ( 'NONE',  ( -5.494931187012272567, 3.172499999999983888, 1.264207686160247853E-15 ) ) ;
#2516 = CARTESIAN_POINT ( 'NONE',  ( -0.9208145407070340571, 6.295226645084245121, -0.004809626501416371970 ) ) ;
#2517 = VERTEX_POINT ( 'NONE', #424 ) ;
#2518 = PERSON_AND_ORGANIZATION ( #154, #1260 ) ;
#2519 = EDGE_CURVE ( 'NONE', #1008, #237, #1300, .T. ) ;
#2520 = ORIENTED_EDGE ( 'NONE', *, *, #694, .F. ) ;
#2521 = DIRECTION ( 'NONE',  ( 8.562723968748914288E-17, -0.000000000000000000, -1.000000000000000000 ) ) ;
#2522 = DIRECTION ( 'NONE',  ( 8.562723968748914288E-17, -0.000000000000000000, -1.000000000000000000 ) ) ;
#2523 = EDGE_CURVE ( 'NONE', #631, #647, #2235, .T. ) ;
#2524 = FACE_OUTER_BOUND ( 'NONE', #1283, .T. ) ;
#2525 = AXIS2_PLACEMENT_3D ( 'NONE', #1362, #1544, #482 ) ;
#2526 = CARTESIAN_POINT ( 'NONE',  ( -5.494931187012272567, 3.172499999999983888, 1.264207686160247853E-15 ) ) ;
#2527 = AXIS2_PLACEMENT_3D ( 'NONE', #1957, #1941, #296 ) ;
#2528 = ORIENTED_EDGE ( 'NONE', *, *, #1999, .F. ) ;
#2529 = AXIS2_PLACEMENT_3D ( 'NONE', #1496, #1651, #1257 ) ;
#2530 = VECTOR ( 'NONE', #2046, 1000.000000000000000 ) ;
#2531 = ORIENTED_EDGE ( 'NONE', *, *, #1672, .T. ) ;
#2532 = ORIENTED_EDGE ( 'NONE', *, *, #168, .T. ) ;
#2533 = DIRECTION ( 'NONE',  ( -0.6760736025137964456, 0.7368340952914822495, 1.067398096535523888E-16 ) ) ;
#2534 = CIRCLE ( 'NONE', #1343, 6.345000000000000639 ) ;
#2535 = DIRECTION ( 'NONE',  ( -1.000000000000000000, 0.000000000000000000, 0.000000000000000000 ) ) ;
#2536 = DIRECTION ( 'NONE',  ( -1.000000000000000000, 0.000000000000000000, -1.367000375080226176E-16 ) ) ;
#2537 = CARTESIAN_POINT ( 'NONE',  ( -5.494931187012263685, 3.172499999999994991, 12.70026252798339428 ) ) ;
#2538 = FACE_OUTER_BOUND ( 'NONE', #2666, .T. ) ;
#2539 = ADVANCED_FACE ( 'NONE', ( #1935 ), #771, .T. ) ;
#2540 = EDGE_LOOP ( 'NONE', ( #1514, #561, #1061, #2551 ) ) ;
#2541 = DIRECTION ( 'NONE',  ( -1.000000000000000000, 0.000000000000000000, 0.000000000000000000 ) ) ;
#2542 = CARTESIAN_POINT ( 'NONE',  ( -0.5041878962383367080, 3.969970993767564682, 70.54795524415659713 ) ) ;
#2543 = ORIENTED_EDGE ( 'NONE', *, *, #554, .F. ) ;
#2544 = PERSON_AND_ORGANIZATION ( #154, #1260 ) ;
#2545 = ORIENTED_EDGE ( 'NONE', *, *, #2712, .F. ) ;
#2546 = DIRECTION ( 'NONE',  ( 1.224646799147353207E-16, 1.000000000000000000, -0.000000000000000000 ) ) ;
#2547 = FACE_OUTER_BOUND ( 'NONE', #2035, .T. ) ;
#2548 = CARTESIAN_POINT ( 'NONE',  ( 0.000000000000000000, 0.000000000000000000, 75.42442000000002622 ) ) ;
#2549 = CARTESIAN_POINT ( 'NONE',  ( 0.9079770403824203306, 6.345000000000000639, 0.04997174009130499889 ) ) ;
#2550 = CARTESIAN_POINT ( 'NONE',  ( 5.201358173024776809E-16, 0.000000000000000000, 1.734723475976807094E-15 ) ) ;
#2551 = ORIENTED_EDGE ( 'NONE', *, *, #1455, .T. ) ;
#2552 = DIRECTION ( 'NONE',  ( -1.000000000000000000, 0.000000000000000000, 0.000000000000000000 ) ) ;
#2553 = VERTEX_POINT ( 'NONE', #1703 ) ;
#2554 = ORIENTED_EDGE ( 'NONE', *, *, #1877, .T. ) ;
#2555 = CIRCLE ( 'NONE', #2379, 6.344999999999999751 ) ;
#2556 = CARTESIAN_POINT ( 'NONE',  ( -5.022846828054064794, 3.990174095173788071, 1.588552907290642359E-17 ) ) ;
#2557 = DIRECTION ( 'NONE',  ( 1.000000000000000000, 0.000000000000000000, 0.000000000000000000 ) ) ;
#2558 = FACE_OUTER_BOUND ( 'NONE', #742, .T. ) ;
#2559 = CARTESIAN_POINT ( 'NONE',  ( -5.494931187012272567, 3.172499999999983888, 1.264207686160247853E-15 ) ) ;
#2560 = CARTESIAN_POINT ( 'NONE',  ( 0.2919945269106087316, 3.999907806949626554, -2.495199679809543269 ) ) ;
#2561 = ORIENTED_EDGE ( 'NONE', *, *, #1811, .F. ) ;
#2562 = CYLINDRICAL_SURFACE ( 'NONE', #2525, 3.999999999999996447 ) ;
#2563 = DIRECTION ( 'NONE',  ( -1.000000000000000000, 0.000000000000000000, 0.000000000000000000 ) ) ;
#2564 = AXIS2_PLACEMENT_3D ( 'NONE', #1485, #436, #186 ) ;
#2565 = EDGE_LOOP ( 'NONE', ( #838, #1664, #826, #1572, #2177 ) ) ;
#2566 = AXIS2_PLACEMENT_3D ( 'NONE', #2368, #1924, #1553 ) ;
#2567 = AXIS2_PLACEMENT_3D ( 'NONE', #1898, #3, #1856 ) ;
#2568 = EDGE_CURVE ( 'NONE', #1450, #1779, #59, .T. ) ;
#2569 = ORIENTED_EDGE ( 'NONE', *, *, #1637, .T. ) ;
#2570 = CARTESIAN_POINT ( 'NONE',  ( -2.019299999999993211, 2.472929281518239198E-16, 75.67441999999999780 ) ) ;
#2571 = CARTESIAN_POINT ( 'NONE',  ( -0.7987199136149353285, 3.920556965355915580, 47.05884837664197562 ) ) ;
#2572 = CYLINDRICAL_SURFACE ( 'NONE', #1689, 1.000000000000000888 ) ;
#2573 = CARTESIAN_POINT ( 'NONE',  ( -5.732176740126927683, -2.761578648135417424, -6.042188009576473239E-15 ) ) ;
#2574 = CYLINDRICAL_SURFACE ( 'NONE', #2446, 6.344999999999999751 ) ;
#2575 = ORIENTED_EDGE ( 'NONE', *, *, #2711, .T. ) ;
#2576 = FACE_OUTER_BOUND ( 'NONE', #2540, .T. ) ;
#2577 = DIRECTION ( 'NONE',  ( 1.000000000000000000, 0.000000000000000000, 0.000000000000000000 ) ) ;
#2578 = VERTEX_POINT ( 'NONE', #243 ) ;
#2579 = CARTESIAN_POINT ( 'NONE',  ( -5.913067471095617478, -2.347513355248192823, -0.004809626501416655597 ) ) ;
#2580 = ORIENTED_EDGE ( 'NONE', *, *, #2337, .T. ) ;
#2581 = EDGE_CURVE ( 'NONE', #849, #307, #992, .T. ) ;
#2582 = CARTESIAN_POINT ( 'NONE',  ( -5.040763052955321122, -3.959142283365368886, 12.65007496283670463 ) ) ;
#2583 = CARTESIAN_POINT ( 'NONE',  ( 4.991418926870121453, 3.945062106968515891, -0.004809626501416379776 ) ) ;
#2584 = CARTESIAN_POINT ( 'NONE',  ( 4.171432037031425288, 5.464867771541034536, 0.5299999999999985834 ) ) ;
#2585 = FACE_OUTER_BOUND ( 'NONE', #1501, .T. ) ;
#2586 = EDGE_CURVE ( 'NONE', #602, #1753, #1386, .T. ) ;
#2587 = DIRECTION ( 'NONE',  ( -0.000000000000000000, -0.000000000000000000, -1.000000000000000000 ) ) ;
#2588 = ORIENTED_EDGE ( 'NONE', *, *, #2029, .F. ) ;
#2589 = CARTESIAN_POINT ( 'NONE',  ( 0.000000000000000000, 0.000000000000000000, -0.004809626501416433553 ) ) ;
#2590 = CARTESIAN_POINT ( 'NONE',  ( 0.000000000000000000, 0.000000000000000000, 22.61122178136006866 ) ) ;
#2591 = ORIENTED_EDGE ( 'NONE', *, *, #1527, .T. ) ;
#2592 = EDGE_LOOP ( 'NONE', ( #1149, #606, #1680, #1653 ) ) ;
#2593 = CARTESIAN_POINT ( 'NONE',  ( 0.000000000000000000, 0.000000000000000000, 43.97442000000000206 ) ) ;
#2594 = CARTESIAN_POINT ( 'NONE',  ( -0.9999999999999995559, 3.872983346207412136, 47.67441999999999069 ) ) ;
#2595 = FACE_OUTER_BOUND ( 'NONE', #621, .T. ) ;
#2596 = DIRECTION ( 'NONE',  ( 0.000000000000000000, 0.000000000000000000, 1.000000000000000000 ) ) ;
#2597 = PLANE ( 'NONE',  #149 ) ;
#2598 = ADVANCED_FACE ( 'NONE', ( #1106 ), #71, .T. ) ;
#2599 = EDGE_LOOP ( 'NONE', ( #713, #2063, #2327, #777 ) ) ;
#2600 = CARTESIAN_POINT ( 'NONE',  ( 3.815655849003003031, -1.200320974560203258, -2.500000000000000000 ) ) ;
#2601 = DIRECTION ( 'NONE',  ( -1.000000000000000000, 0.000000000000000000, 0.000000000000000000 ) ) ;
#2602 = AXIS2_PLACEMENT_3D ( 'NONE', #1395, #560, #776 ) ;
#2603 = ORIENTED_EDGE ( 'NONE', *, *, #881, .T. ) ;
#2604 = CARTESIAN_POINT ( 'NONE',  ( -5.494931187012255691, -3.172500000000013642, 1.264207686160249430E-15 ) ) ;
#2605 = VECTOR ( 'NONE', #2638, 1000.000000000000000 ) ;
#2606 = VECTOR ( 'NONE', #1795, 1000.000000000000000 ) ;
#2607 = ORIENTED_EDGE ( 'NONE', *, *, #137, .T. ) ;
#2608 = DIRECTION ( 'NONE',  ( -0.6760736025137976668, -0.7368340952914810282, -3.044090309756541720E-16 ) ) ;
#2609 = CARTESIAN_POINT ( 'NONE',  ( -3.815655849003006139, 1.200320974560195930, -2.500000000000000000 ) ) ;
#2610 = AXIS2_PLACEMENT_3D ( 'NONE', #2672, #370, #2058 ) ;
#2611 = B_SPLINE_CURVE_WITH_KNOTS ( 'NONE', 3,
 ( #1050, #2151, #253, #2319 ),
 .UNSPECIFIED., .F., .F.,
 ( 4, 4 ),
 ( 0.002699965538895381795, 0.005407525381515196003 ),
 .UNSPECIFIED. ) ;
#2612 = TOROIDAL_SURFACE ( 'NONE', #2567, 6.815826248793690922, 0.5000000000000000000 ) ;
#2613 = CARTESIAN_POINT ( 'NONE',  ( -3.314178776534820514, -2.259870949863564515, -0.1458048508946830357 ) ) ;
#2614 = CARTESIAN_POINT ( 'NONE',  ( 0.5814921287836029018, -3.968400863561489356, -2.499999999999999556 ) ) ;
#2615 = AXIS2_PLACEMENT_3D ( 'NONE', #2144, #1718, #493 ) ;
#2616 = ORIENTED_EDGE ( 'NONE', *, *, #2623, .T. ) ;
#2617 = ADVANCED_FACE ( 'NONE', ( #1124 ), #1522, .F. ) ;
#2618 = CARTESIAN_POINT ( 'NONE',  ( 1.315785013939890889E-16, 7.315826248793691811, 47.67441999999999069 ) ) ;
#2619 = AXIS2_PLACEMENT_3D ( 'NONE', #984, #1591, #2240 ) ;
#2620 = DIRECTION ( 'NONE',  ( -8.562723968748914288E-17, 0.000000000000000000, 1.000000000000000000 ) ) ;
#2621 = VERTEX_POINT ( 'NONE', #2609 ) ;
#2622 = ADVANCED_FACE ( 'NONE', ( #724 ), #271, .T. ) ;
#2623 = EDGE_CURVE ( 'NONE', #166, #840, #814, .T. ) ;
#2624 = B_SPLINE_CURVE_WITH_KNOTS ( 'NONE', 3,
 ( #1951, #1922, #464, #1910, #640, #1093 ),
 .UNSPECIFIED., .F., .F.,
 ( 4, 2, 4 ),
 ( 2.441656103918399350E-07, 0.001350104852252885859, 0.002699965538895379626 ),
 .UNSPECIFIED. ) ;
#2625 = ORIENTED_EDGE ( 'NONE', *, *, #2087, .F. ) ;
#2626 = DIRECTION ( 'NONE',  ( 0.7368340952914811393, -0.6760736025137976668, 0.000000000000000000 ) ) ;
#2627 = CARTESIAN_POINT ( 'NONE',  ( 3.727348622528343647, 1.481037543168638226, -2.499999994010650539 ) ) ;
#2628 = CYLINDRICAL_SURFACE ( 'NONE', #542, 2.019299999999988771 ) ;
#2629 = CARTESIAN_POINT ( 'NONE',  ( 0.2876688479782031349, -4.000190237930824289, -2.495171170258112525 ) ) ;
#2630 = ORIENTED_EDGE ( 'NONE', *, *, #204, .F. ) ;
#2631 = CARTESIAN_POINT ( 'NONE',  ( 5.494931187012256579, 3.172500000000012754, 2.205239265793364956E-15 ) ) ;
#2632 = CARTESIAN_POINT ( 'NONE',  ( 4.699724265804114118E-13, 4.000000000001080025, 46.67441999999564928 ) ) ;
#2633 = B_SPLINE_CURVE_WITH_KNOTS ( 'NONE', 3,
 ( #1961, #1547, #1007, #1206, #978, #1233 ),
 .UNSPECIFIED., .F., .F.,
 ( 4, 2, 4 ),
 ( 2.441656103926104703E-07, 0.001350104852252892364, 0.002699965538895392203 ),
 .UNSPECIFIED. ) ;
#2634 = ORIENTED_EDGE ( 'NONE', *, *, #1177, .F. ) ;
#2635 = CARTESIAN_POINT ( 'NONE',  ( -6.818430336993102969, 0.8801322284589545575, 0.5299999999999990274 ) ) ;
#2636 = ORIENTED_EDGE ( 'NONE', *, *, #1445, .F. ) ;
#2637 = ADVANCED_FACE ( 'NONE', ( #1370 ), #328, .F. ) ;
#2638 = DIRECTION ( 'NONE',  ( 8.562723968748914288E-17, -0.000000000000000000, -1.000000000000000000 ) ) ;
#2639 = DIRECTION ( 'NONE',  ( -1.000000000000000000, 0.000000000000000000, 0.000000000000000000 ) ) ;
#2640 = ORIENTED_EDGE ( 'NONE', *, *, #351, .T. ) ;
#2641 = CARTESIAN_POINT ( 'NONE',  ( 7.315826248793691811, 8.959303198703381747E-16, 24.89024624879370506 ) ) ;
#2642 = CARTESIAN_POINT ( 'NONE',  ( -2.019299999999988771, 0.000000000000000000, -31.42558000000000007 ) ) ;
#2643 = DIRECTION ( 'NONE',  ( 8.562723968748914288E-17, -0.000000000000000000, -1.000000000000000000 ) ) ;
#2644 = VECTOR ( 'NONE', #2508, 1000.000000000000114 ) ;
#2645 = CYLINDRICAL_SURFACE ( 'NONE', #935, 6.875000000000000000 ) ;
#2646 = DIRECTION ( 'NONE',  ( -1.000000000000000000, 0.000000000000000000, 0.000000000000000000 ) ) ;
#2647 = ORIENTED_EDGE ( 'NONE', *, *, #1241, .F. ) ;
#2648 = EDGE_LOOP ( 'NONE', ( #1605, #1120, #653 ) ) ;
#2649 = CONICAL_SURFACE ( 'NONE', #494, 6.344999999999999751, 0.7853981633974509435 ) ;
#2650 = EDGE_CURVE ( 'NONE', #2364, #1736, #1700, .T. ) ;
#2651 =( LENGTH_UNIT ( ) NAMED_UNIT ( * ) SI_UNIT ( .MILLI., .METRE. ) );
#2652 = EDGE_CURVE ( 'NONE', #1167, #1226, #332, .T. ) ;
#2653 = AXIS2_PLACEMENT_3D ( 'NONE', #2120, #616, #1042 ) ;
#2654 = EDGE_LOOP ( 'NONE', ( #2704, #2690, #2588, #612 ) ) ;
#2655 = B_SPLINE_CURVE_WITH_KNOTS ( 'NONE', 3,
 ( #263, #909, #715, #1752 ),
 .UNSPECIFIED., .F., .F.,
 ( 4, 4 ),
 ( 0.002699965538895397407, 0.005407525381515199472 ),
 .UNSPECIFIED. ) ;
#2656 = DIRECTION ( 'NONE',  ( -1.224646799147353207E-16, 1.000000000000000000, 0.000000000000000000 ) ) ;
#2657 = CARTESIAN_POINT ( 'NONE',  ( 4.600232578293121932, -4.722163447762739885, 0.2333958241513260923 ) ) ;
#2658 = CIRCLE ( 'NONE', #765, 6.344999999999999751 ) ;
#2659 = CARTESIAN_POINT ( 'NONE',  ( 1.476175530980618904E-14, -6.345000000000000639, 1.734723475976808278E-15 ) ) ;
#2660 = DIRECTION ( 'NONE',  ( 0.000000000000000000, 0.000000000000000000, -1.000000000000000000 ) ) ;
#2661 = FACE_OUTER_BOUND ( 'NONE', #2334, .T. ) ;
#2662 = AXIS2_PLACEMENT_3D ( 'NONE', #1540, #1095, #683 ) ;
#2663 = AXIS2_PLACEMENT_3D ( 'NONE', #1236, #354, #958 ) ;
#2664 = ORIENTED_EDGE ( 'NONE', *, *, #220, .T. ) ;
#2665 = FACE_OUTER_BOUND ( 'NONE', #693, .T. ) ;
#2666 = EDGE_LOOP ( 'NONE', ( #1906, #635, #2242, #2103, #2424 ) ) ;
#2667 = FACE_OUTER_BOUND ( 'NONE', #2216, .T. ) ;
#2668 = EDGE_CURVE ( 'NONE', #1210, #759, #1119, .T. ) ;
#2669 = B_SPLINE_CURVE_WITH_KNOTS ( 'NONE', 3,
 ( #1587, #472, #926, #68, #1769, #2604 ),
 .UNSPECIFIED., .F., .F.,
 ( 4, 2, 4 ),
 ( 2.441656103930002114E-07, 0.001350104852252896701, 0.002699965538895400443 ),
 .UNSPECIFIED. ) ;
#2670 = ADVANCED_FACE ( 'NONE', ( #1550 ), #2055, .F. ) ;
#2671 = ORIENTED_EDGE ( 'NONE', *, *, #143, .T. ) ;
#2672 = CARTESIAN_POINT ( 'NONE',  ( 0.000000000000000000, 0.000000000000000000, -0.004809626501416433553 ) ) ;
#2673 = CARTESIAN_POINT ( 'NONE',  ( 5.266461435382941758, -3.568221217814622648, -5.688673273759881077E-15 ) ) ;
#2674 = EDGE_CURVE ( 'NONE', #1786, #1458, #1473, .T. ) ;
#2675 = EDGE_CURVE ( 'NONE', #928, #1736, #813, .T. ) ;
#2676 = FACE_OUTER_BOUND ( 'NONE', #2654, .T. ) ;
#2677 = CARTESIAN_POINT ( 'NONE',  ( 1.000000000000000888, 3.872983346207412580, 47.54181754880838184 ) ) ;
#2678 = ORIENTED_EDGE ( 'NONE', *, *, #2668, .F. ) ;
#2679 = ORIENTED_EDGE ( 'NONE', *, *, #209, .F. ) ;
#2680 = CARTESIAN_POINT ( 'NONE',  ( 1.563091804781875815, -6.345000000000003304, 0.1860952324679489844 ) ) ;
#2681 = ORIENTED_EDGE ( 'NONE', *, *, #1342, .T. ) ;
#2682 = CARTESIAN_POINT ( 'NONE',  ( 6.200440754629879869, 1.950521583660338454, -2.500000000000000000 ) ) ;
#2683 = CARTESIAN_POINT ( 'NONE',  ( 0.4508262295167395073, 6.345000000000001528, 12.70026252798339783 ) ) ;
#2684 = DIRECTION ( 'NONE',  ( -8.562723968748914288E-17, 0.000000000000000000, 1.000000000000000000 ) ) ;
#2685 = DIRECTION ( 'NONE',  ( -1.000000000000000000, 0.000000000000000000, 0.000000000000000000 ) ) ;
#2686 = DIRECTION ( 'NONE',  ( 0.000000000000000000, -0.000000000000000000, -1.000000000000000000 ) ) ;
#2687 = B_SPLINE_CURVE_WITH_KNOTS ( 'NONE', 3,
 ( #1805, #2614, #2629, #1389, #1983, #2244 ),
 .UNSPECIFIED., .F., .F.,
 ( 4, 2, 4 ),
 ( 0.000000000000000000, 0.0008801577789270166466, 0.001760315557854033293 ),
 .UNSPECIFIED. ) ;
#2688 = EDGE_CURVE ( 'NONE', #2419, #1424, #1813, .T. ) ;
#2689 = AXIS2_PLACEMENT_3D ( 'NONE', #1357, #487, #2178 ) ;
#2690 = ORIENTED_EDGE ( 'NONE', *, *, #2069, .F. ) ;
#2691 = CARTESIAN_POINT ( 'NONE',  ( -5.494931187012272567, 3.172499999999983888, 1.264207686160247853E-15 ) ) ;
#2692 = ORIENTED_EDGE ( 'NONE', *, *, #54, .T. ) ;
#2693 = CARTESIAN_POINT ( 'NONE',  ( 0.000000000000000000, 0.000000000000000000, -31.42558000000000007 ) ) ;
#2694 = CARTESIAN_POINT ( 'NONE',  ( 2.221640597804971140, -6.345000000000000639, 0.3744779305718151097 ) ) ;
#2695 = AXIS2_PLACEMENT_3D ( 'NONE', #2260, #2474, #1421 ) ;
#2696 = VERTEX_POINT ( 'NONE', #2477 ) ;
#2697 = DIRECTION ( 'NONE',  ( 8.562723968748914288E-17, -0.000000000000000000, -1.000000000000000000 ) ) ;
#2698 = CIRCLE ( 'NONE', #2347, 6.344999999999999751 ) ;
#2699 = AXIS2_PLACEMENT_3D ( 'NONE', #2147, #894, #654 ) ;
#2700 = DIRECTION ( 'NONE',  ( -0.000000000000000000, -0.000000000000000000, -1.000000000000000000 ) ) ;
#2701 = CYLINDRICAL_SURFACE ( 'NONE', #1070, 6.345000000000000639 ) ;
#2702 = CIRCLE ( 'NONE', #1426, 6.345000000000000639 ) ;
#2703 = EDGE_CURVE ( 'NONE', #2725, #1117, #2452, .T. ) ;
#2704 = ORIENTED_EDGE ( 'NONE', *, *, #845, .F. ) ;
#2705 = FACE_OUTER_BOUND ( 'NONE', #2328, .T. ) ;
#2706 = CIRCLE ( 'NONE', #2662, 1.000000000000000888 ) ;
#2707 = ADVANCED_FACE ( 'NONE', ( #2667 ), #2709, .F. ) ;
#2708 = CARTESIAN_POINT ( 'NONE',  ( -0.8731142630117685322, 3.903886730749475120, 70.17914059984229880 ) ) ;
#2709 = TOROIDAL_SURFACE ( 'NONE', #2619, 6.499999999999999112, 2.500000000000000000 ) ;
#2710 = ORIENTED_EDGE ( 'NONE', *, *, #2461, .T. ) ;
#2711 = EDGE_CURVE ( 'NONE', #166, #1750, #2436, .T. ) ;
#2712 = EDGE_CURVE ( 'NONE', #1190, #2163, #242, .T. ) ;
#2713 = CALENDAR_DATE ( 2023, 25, 9 ) ;
#2714 = ORIENTED_EDGE ( 'NONE', *, *, #751, .F. ) ;
#2715 = ORIENTED_EDGE ( 'NONE', *, *, #2422, .F. ) ;
#2716 = DIRECTION ( 'NONE',  ( 0.000000000000000000, -0.000000000000000000, -1.000000000000000000 ) ) ;
#2717 = CARTESIAN_POINT ( 'NONE',  ( -6.818430336993101193, -0.8801322284589623290, 21.07441999999999993 ) ) ;
#2718 = ORIENTED_EDGE ( 'NONE', *, *, #863, .F. ) ;
#2719 = FACE_OUTER_BOUND ( 'NONE', #775, .T. ) ;
#2720 = CARTESIAN_POINT ( 'NONE',  ( 0.9736959074110834722, 3.880023799883074886, 69.93723161144758649 ) ) ;
#2721 = B_SPLINE_CURVE_WITH_KNOTS ( 'NONE', 3,
 ( #2632, #525, #1585, #2215, #1176, #1574, #124, #951, #2677, #2471 ),
 .UNSPECIFIED., .F., .F.,
 ( 4, 2, 2, 2, 4 ),
 ( 0.001569869577403776046, 0.001961892932446323082, 0.002353916287488869684, 0.002745939642531416720, 0.003137962997573963322 ),
 .UNSPECIFIED. ) ;
#2722 = ORIENTED_EDGE ( 'NONE', *, *, #645, .F. ) ;
#2723 = APPROVAL_DATE_TIME ( #1022, #779 ) ;
#2724 = EDGE_CURVE ( 'NONE', #2218, #181, #1694, .T. ) ;
#2725 = VERTEX_POINT ( 'NONE', #1828 ) ;
#2726 = CARTESIAN_POINT ( 'NONE',  ( 0.9208145407070289501, -6.295226645084243344, -0.004809626501416853356 ) ) ;
#2727 = CARTESIAN_POINT ( 'NONE',  ( -3.750000000000031086, 4.592425496802612429E-16, -31.42558000000000007 ) ) ;
#2728 = CYLINDRICAL_SURFACE ( 'NONE', #1503, 6.875000000000000000 ) ;
#2729 = CARTESIAN_POINT ( 'NONE',  ( 4.171432037031425288, 5.464867771541034536, 21.07441999999999993 ) ) ;
#2730 = ORIENTED_EDGE ( 'NONE', *, *, #53, .F. ) ;
#2731 = CARTESIAN_POINT ( 'NONE',  ( -2.435947610572410937, -6.345000000000001528, 12.25152082849527346 ) ) ;
#2732 = CIRCLE ( 'NONE', #1497, 6.345000000000000639 ) ;
#2733 = ORIENTED_EDGE ( 'NONE', *, *, #1273, .F. ) ;
#2734 = CALENDAR_DATE ( 2023, 25, 9 ) ;
#2735 = EDGE_LOOP ( 'NONE', ( #1863, #1642 ) ) ;
#2736 = EDGE_CURVE ( 'NONE', #2419, #911, #336, .T. ) ;
#2737 = CARTESIAN_POINT ( 'NONE',  ( -2.947336381165931218, 2.704294410055180897, -2.500000000000000000 ) ) ;
#2738 = DIRECTION ( 'NONE',  ( -0.2170798669592689245, -0.9761538461538459277, 0.000000000000000000 ) ) ;
#2739 = EDGE_CURVE ( 'NONE', #1988, #1620, #1866, .T. ) ;
#2740 = FACE_OUTER_BOUND ( 'NONE', #1538, .T. ) ;
ENDSEC;
END-ISO-10303-21;
